gene_symbol,ensembl_id,gene_type,mean_counts,n_cells,pct_dropout_by_counts,annotation_source
AL627309.1,ENSG00000238009,lncRNA,0.0007202304737516005,18,99.92797695262485,GENCODE_v32_ensembl_crossref
AL627309.5,ENSG00000241860,lncRNA,0.0035611395646606915,85,99.64788732394366,GENCODE_v32_ensembl_crossref
LINC01409,ENSG00000237491,lncRNA,0.029969590268886043,721,97.1070742637644,GENCODE_v32_ensembl_crossref
LINC01128,ENSG00000228794,lncRNA,0.030089628681177975,726,97.09507042253522,GENCODE_v32_ensembl_crossref
LINC00115,ENSG00000225880,lncRNA,0.007522407170294494,184,99.26376440460947,GENCODE_v32_ensembl_crossref
FAM41C,ENSG00000230368,lncRNA,0.005241677336747759,131,99.47583226632523,GENCODE_v32_ensembl_crossref
AL645608.1,ENSG00000224969,lncRNA,0.0020806658130601793,52,99.79193341869397,GENCODE_v32_ensembl_crossref
AL162741.1,ENSG00000260179,lncRNA,0.000600192061459667,15,99.93998079385403,GENCODE_v32_ensembl_crossref
MRPL20-AS1,ENSG00000224870,lncRNA,0.02176696542893726,529,97.87532010243278,GENCODE_v32_ensembl_crossref
AL645728.1,ENSG00000215014,lncRNA,0.0161651728553137,388,98.44750320102433,GENCODE_v32_ensembl_crossref
AL691432.4,ENSG00000286989,lncRNA,0.0009603072983354673,24,99.90396927016644,GENCODE_v32_ensembl_crossref
AL691432.2,ENSG00000272106,lncRNA,0.015524967989756722,378,98.48751600512163,GENCODE_v32_ensembl_crossref
FO704657.1,ENSG00000272004,lncRNA,0.002040653008962868,51,99.79593469910371,GENCODE_v32_ensembl_crossref
AL109917.1,ENSG00000231050,lncRNA,0.001200384122919334,28,99.88796414852753,GENCODE_v32_ensembl_crossref
AL139246.5,ENSG00000272449,lncRNA,0.07554417413572344,1725,93.08978873239437,GENCODE_v32_ensembl_crossref
TNFRSF14-AS1,ENSG00000238164,lncRNA,0.01232394366197183,302,98.7916133162612,GENCODE_v32_ensembl_crossref
AL139246.3,ENSG00000228037,lncRNA,0.0030009603072983356,72,99.71190781049935,GENCODE_v32_ensembl_crossref
AL031848.2,ENSG00000271746,lncRNA,0.004481434058898848,111,99.55585787451984,GENCODE_v32_ensembl_crossref
CAMTA1-DT,ENSG00000237436,lncRNA,0.004321382842509603,106,99.57186299615877,GENCODE_v32_ensembl_crossref
Z98884.1,ENSG00000236266,lncRNA,0.0013604353393085787,33,99.86395646606914,GENCODE_v32_ensembl_crossref
RERE-AS1,ENSG00000232912,lncRNA,0.0024407810499359793,59,99.76392445582587,GENCODE_v32_ensembl_crossref
ENO1-AS1,ENSG00000230679,lncRNA,0.002400768245838668,60,99.75992317541613,GENCODE_v32_ensembl_crossref
PIK3CD-AS1,ENSG00000179840,lncRNA,0.0018005761843790013,44,99.82394366197182,GENCODE_v32_ensembl_crossref
PIK3CD-AS2,ENSG00000231789,lncRNA,0.002600832266325224,58,99.7679257362356,GENCODE_v32_ensembl_crossref
AL139423.1,ENSG00000272078,lncRNA,0.0023607554417413574,57,99.77192701664532,GENCODE_v32_ensembl_crossref
AL109811.2,ENSG00000271895,lncRNA,0.005161651728553137,127,99.49183738796414,GENCODE_v32_ensembl_crossref
AL109811.1,ENSG00000226849,lncRNA,0.000560179257362356,14,99.94398207426376,GENCODE_v32_ensembl_crossref
AL021155.5,ENSG00000285646,lncRNA,0.046574903969270165,1045,95.79865556978233,GENCODE_v32_ensembl_crossref
AL031283.1,ENSG00000228140,lncRNA,0.0025208066581306017,63,99.74791933418695,GENCODE_v32_ensembl_crossref
AL450998.2,ENSG00000179743,lncRNA,0.05469750320102433,1284,94.85035211267605,GENCODE_v32_ensembl_crossref
LINC01772,ENSG00000226029,lncRNA,0.002000640204865557,50,99.79993597951345,GENCODE_v32_ensembl_crossref
AL137802.2,ENSG00000261135,lncRNA,0.00316101152368758,76,99.69590268886044,GENCODE_v32_ensembl_crossref
BX284668.5,ENSG00000238142,lncRNA,0.030809859154929578,738,97.04705505761844,GENCODE_v32_ensembl_crossref
BX284668.6,ENSG00000272426,lncRNA,0.01264404609475032,293,98.82762483994878,GENCODE_v32_ensembl_crossref
EMC1-AS1,ENSG00000230424,lncRNA,0.0029209346991037133,73,99.70790653008963,GENCODE_v32_ensembl_crossref
UBXN10-AS1,ENSG00000225986,lncRNA,0.007082266325224072,164,99.3437900128041,GENCODE_v32_ensembl_crossref
PINK1-AS,ENSG00000117242,lncRNA,0.001960627400768246,49,99.80393725992317,GENCODE_v32_ensembl_crossref
AL031728.1,ENSG00000231105,lncRNA,0.002840909090909091,70,99.71991037131882,GENCODE_v32_ensembl_crossref
LINC01635,ENSG00000228397,lncRNA,0.0015604993597951344,39,99.84395006402048,GENCODE_v32_ensembl_crossref
LINC00339,ENSG00000218510,lncRNA,0.03585147247119078,865,96.53889244558259,GENCODE_v32_ensembl_crossref
CDC42-AS1,ENSG00000285752,lncRNA,0.0029209346991037133,73,99.70790653008963,GENCODE_v32_ensembl_crossref
CDC42-IT1,ENSG00000230068,lncRNA,0.0008002560819462228,20,99.91997439180538,GENCODE_v32_ensembl_crossref
ZNF436-AS1,ENSG00000249087,lncRNA,0.0009202944942381563,23,99.90797055057618,GENCODE_v32_ensembl_crossref
MDS2,ENSG00000197880,lncRNA,0.0316101152368758,743,97.02704865556979,GENCODE_v32_ensembl_crossref
ELOA-AS1,ENSG00000236810,lncRNA,0.00952304737516005,231,99.07570422535211,GENCODE_v32_ensembl_crossref
RCAN3AS,ENSG00000286061,lncRNA,0.005201664532650448,130,99.47983354673495,GENCODE_v32_ensembl_crossref
NCMAP-DT,ENSG00000264443,lncRNA,0.0190460947503201,458,98.16741357234315,GENCODE_v32_ensembl_crossref
AL050344.1,ENSG00000233755,lncRNA,0.0010403329065300896,24,99.90396927016644,GENCODE_v32_ensembl_crossref
AL031432.4,ENSG00000284602,lncRNA,0.0036011523687580027,90,99.6398847631242,GENCODE_v32_ensembl_crossref
AL031432.5,ENSG00000284657,lncRNA,0.00048015364916773366,12,99.95198463508322,GENCODE_v32_ensembl_crossref
AL031432.3,ENSG00000272432,lncRNA,0.0008802816901408451,22,99.91197183098592,GENCODE_v32_ensembl_crossref
AL606491.1,ENSG00000225643,lncRNA,0.0007202304737516005,18,99.92797695262485,GENCODE_v32_ensembl_crossref
AL031280.1,ENSG00000233478,lncRNA,0.0009603072983354673,24,99.90396927016644,GENCODE_v32_ensembl_crossref
AL020996.1,ENSG00000228172,lncRNA,0.003201024327784891,80,99.6798975672215,GENCODE_v32_ensembl_crossref
AL033528.2,ENSG00000236528,lncRNA,0.0036011523687580027,88,99.64388604353394,GENCODE_v32_ensembl_crossref
BX293535.1,ENSG00000237429,lncRNA,0.006362035851472471,155,99.37980153649167,GENCODE_v32_ensembl_crossref
AL020997.5,ENSG00000287244,lncRNA,0.0010803457106274008,27,99.89196542893725,GENCODE_v32_ensembl_crossref
AL353622.1,ENSG00000270605,lncRNA,0.004801536491677336,115,99.53985275288092,GENCODE_v32_ensembl_crossref
AL353622.2,ENSG00000271398,lncRNA,0.0007202304737516005,18,99.92797695262485,GENCODE_v32_ensembl_crossref
SNHG3,ENSG00000242125,lncRNA,0.30077624839948786,6061,75.72423175416134,GENCODE_v32_ensembl_crossref
SNHG12,ENSG00000197989,lncRNA,0.10103233034571063,2316,90.71702944942382,GENCODE_v32_ensembl_crossref
LINC01715,ENSG00000229388,lncRNA,0.0058018565941101155,143,99.42781690140845,GENCODE_v32_ensembl_crossref
AL360012.1,ENSG00000270103,lncRNA,0.0008802816901408451,22,99.91197183098592,GENCODE_v32_ensembl_crossref
MATN1-AS1,ENSG00000186056,lncRNA,0.014084507042253521,344,98.6235595390525,GENCODE_v32_ensembl_crossref
AL137857.1,ENSG00000287510,lncRNA,0.009042893725992318,225,99.09571062740076,GENCODE_v32_ensembl_crossref
LINC01226,ENSG00000284543,lncRNA,0.0019206145966709346,47,99.81193982074264,GENCODE_v32_ensembl_crossref
AC114488.2,ENSG00000235790,lncRNA,0.001200384122919334,29,99.88396286811779,GENCODE_v32_ensembl_crossref
AC114488.3,ENSG00000264078,lncRNA,0.001120358514724712,28,99.88796414852753,GENCODE_v32_ensembl_crossref
ZMYM4-AS1,ENSG00000227409,lncRNA,0.01300416133162612,322,98.71158770806659,GENCODE_v32_ensembl_crossref
AC004865.2,ENSG00000239636,lncRNA,0.018846030729833547,454,98.17941741357234,GENCODE_v32_ensembl_crossref
LINC01137,ENSG00000233621,lncRNA,0.009362996158770807,230,99.07970550576184,GENCODE_v32_ensembl_crossref
AL139260.1,ENSG00000228436,lncRNA,0.005881882202304738,145,99.41981434058899,GENCODE_v32_ensembl_crossref
PABPC4-AS1,ENSG00000228060,lncRNA,0.0016405249679897567,41,99.83594750320103,GENCODE_v32_ensembl_crossref
AL033527.4,ENSG00000284719,lncRNA,0.0032810499359795134,81,99.67589628681178,GENCODE_v32_ensembl_crossref
AL033527.2,ENSG00000236546,lncRNA,0.0012403969270166453,30,99.87996158770807,GENCODE_v32_ensembl_crossref
AL050341.2,ENSG00000259943,lncRNA,0.012403969270166453,301,98.7916133162612,GENCODE_v32_ensembl_crossref
AL603839.3,ENSG00000238287,lncRNA,0.001200384122919334,29,99.88396286811779,GENCODE_v32_ensembl_crossref
NFYC-AS1,ENSG00000272145,lncRNA,0.00632202304737516,157,99.36779769526248,GENCODE_v32_ensembl_crossref
AC098484.4,ENSG00000285728,lncRNA,0.0032810499359795134,82,99.67189500640204,GENCODE_v32_ensembl_crossref
AL512353.1,ENSG00000228192,lncRNA,0.0018005761843790013,44,99.82394366197182,GENCODE_v32_ensembl_crossref
SLC2A1-AS1,ENSG00000227533,lncRNA,0.002240717029449424,55,99.77992957746478,GENCODE_v32_ensembl_crossref
AL139289.2,ENSG00000234694,lncRNA,0.003040973111395647,74,99.7039052496799,GENCODE_v32_ensembl_crossref
AL139289.1,ENSG00000229431,lncRNA,0.0008002560819462228,20,99.91997439180538,GENCODE_v32_ensembl_crossref
KDM4A-AS1,ENSG00000236200,lncRNA,0.0019206145966709346,47,99.80793854033291,GENCODE_v32_ensembl_crossref
LINC01144,ENSG00000281912,lncRNA,0.0010403329065300896,26,99.895966709347,GENCODE_v32_ensembl_crossref
LINC00853,ENSG00000224805,lncRNA,0.0008002560819462228,19,99.91997439180538,GENCODE_v32_ensembl_crossref
AL050343.2,ENSG00000266993,lncRNA,0.0010003201024327785,25,99.89996798975672,GENCODE_v32_ensembl_crossref
AL445685.1,ENSG00000223390,lncRNA,0.0006402048655569782,16,99.93597951344431,GENCODE_v32_ensembl_crossref
AL606760.2,ENSG00000236723,lncRNA,0.0007602432778489117,19,99.92397567221511,GENCODE_v32_ensembl_crossref
AL606760.3,ENSG00000259818,lncRNA,0.0033610755441741357,83,99.66789372599231,GENCODE_v32_ensembl_crossref
AL606760.1,ENSG00000226754,lncRNA,0.0008402688860435339,21,99.91597311139564,GENCODE_v32_ensembl_crossref
LINC01771,ENSG00000225675,lncRNA,0.001720550576184379,42,99.83194622279129,GENCODE_v32_ensembl_crossref
LINC02812,ENSG00000230138,lncRNA,0.0055617797695262485,127,99.49183738796414,GENCODE_v32_ensembl_crossref
MIR4422HG,ENSG00000231090,lncRNA,0.0011603713188220231,29,99.88396286811779,GENCODE_v32_ensembl_crossref
LINC01135,ENSG00000234807,lncRNA,0.002640845070422535,65,99.73991677336748,GENCODE_v32_ensembl_crossref
LINC02777,ENSG00000232453,lncRNA,0.000600192061459667,15,99.93998079385403,GENCODE_v32_ensembl_crossref
LINC01358,ENSG00000237352,lncRNA,0.0011603713188220231,27,99.88796414852753,GENCODE_v32_ensembl_crossref
AC093425.1,ENSG00000224609,lncRNA,0.0015204865556978234,38,99.84795134443021,GENCODE_v32_ensembl_crossref
DLEU2L,ENSG00000116652,lncRNA,0.002240717029449424,55,99.77992957746478,GENCODE_v32_ensembl_crossref
LINC01359,ENSG00000226891,lncRNA,0.0006802176696542894,17,99.93197823303457,GENCODE_v32_ensembl_crossref
AL357078.2,ENSG00000272506,lncRNA,0.0013204225352112676,32,99.8719590268886,GENCODE_v32_ensembl_crossref
AC119800.1,ENSG00000237852,lncRNA,0.0012403969270166453,29,99.88396286811779,GENCODE_v32_ensembl_crossref
AL513493.1,ENSG00000285079,lncRNA,0.0006802176696542894,16,99.93597951344431,GENCODE_v32_ensembl_crossref
ZRANB2-AS2,ENSG00000229956,lncRNA,0.0007202304737516005,17,99.93197823303457,GENCODE_v32_ensembl_crossref
AC103591.3,ENSG00000273338,lncRNA,0.022607234314980795,534,97.84330985915493,GENCODE_v32_ensembl_crossref
LINC01781,ENSG00000234184,lncRNA,0.02532810499359795,376,98.4955185659411,GENCODE_v32_ensembl_crossref
LINC01725,ENSG00000233008,lncRNA,0.004361395646606914,109,99.56386043533931,GENCODE_v32_ensembl_crossref
AL359504.2,ENSG00000271576,lncRNA,0.003721190781049936,90,99.6398847631242,GENCODE_v32_ensembl_crossref
AL359762.1,ENSG00000284882,lncRNA,0.009002880921895006,211,99.1397247119078,GENCODE_v32_ensembl_crossref
AL078459.1,ENSG00000223653,lncRNA,0.0036011523687580027,88,99.64788732394366,GENCODE_v32_ensembl_crossref
AL049597.2,ENSG00000261737,lncRNA,0.0038812419974391804,96,99.61587708066581,GENCODE_v32_ensembl_crossref
AC099063.4,ENSG00000284734,lncRNA,0.006081946222791294,149,99.40380921895007,GENCODE_v32_ensembl_crossref
AC099063.1,ENSG00000237568,lncRNA,0.0015204865556978234,38,99.84795134443021,GENCODE_v32_ensembl_crossref
AL596214.1,ENSG00000286548,lncRNA,0.0015204865556978234,37,99.85195262483995,GENCODE_v32_ensembl_crossref
LRRC8C-DT,ENSG00000231999,lncRNA,0.01860595390524968,450,98.19542253521126,GENCODE_v32_ensembl_crossref
AC099568.2,ENSG00000272931,lncRNA,0.0006402048655569782,16,99.93597951344431,GENCODE_v32_ensembl_crossref
CCDC18-AS1,ENSG00000223745,lncRNA,0.18593950064020487,4024,83.87884122919334,GENCODE_v32_ensembl_crossref
AL049796.1,ENSG00000260464,lncRNA,0.0007602432778489117,19,99.92397567221511,GENCODE_v32_ensembl_crossref
AC105942.1,ENSG00000235501,lncRNA,0.000600192061459667,15,99.93998079385403,GENCODE_v32_ensembl_crossref
AC118553.1,ENSG00000228084,lncRNA,0.0026808578745198463,67,99.731914212548,GENCODE_v32_ensembl_crossref
RTCA-AS1,ENSG00000224616,lncRNA,0.00808258642765685,198,99.20774647887323,GENCODE_v32_ensembl_crossref
AC104506.1,ENSG00000273204,lncRNA,0.0030009603072983356,75,99.69990396927017,GENCODE_v32_ensembl_crossref
AC093157.2,ENSG00000235795,lncRNA,0.0007202304737516005,18,99.92797695262485,GENCODE_v32_ensembl_crossref
AC093157.1,ENSG00000233184,lncRNA,0.023207426376440462,559,97.75928297055057,GENCODE_v32_ensembl_crossref
AL109741.1,ENSG00000225938,lncRNA,0.015604993597951344,368,98.52752880921895,GENCODE_v32_ensembl_crossref
VAV3-AS1,ENSG00000230489,lncRNA,0.0012804097311139564,32,99.8719590268886,GENCODE_v32_ensembl_crossref
LINC02785,ENSG00000226822,lncRNA,0.007082266325224072,168,99.32378361075544,GENCODE_v32_ensembl_crossref
AL359258.2,ENSG00000260879,lncRNA,0.002400768245838668,58,99.76392445582587,GENCODE_v32_ensembl_crossref
AL160171.1,ENSG00000285923,lncRNA,0.004041293213828425,101,99.59587067861716,GENCODE_v32_ensembl_crossref
AL356488.3,ENSG00000273382,lncRNA,0.005361715749039693,134,99.46382842509604,GENCODE_v32_ensembl_crossref
AL356488.2,ENSG00000270066,lncRNA,0.0030809859154929575,76,99.69590268886044,GENCODE_v32_ensembl_crossref
AL160006.1,ENSG00000258634,lncRNA,0.0017605633802816902,42,99.83194622279129,GENCODE_v32_ensembl_crossref
RBM15-AS1,ENSG00000227963,lncRNA,0.0026808578745198463,67,99.731914212548,GENCODE_v32_ensembl_crossref
LAMTOR5-AS1,ENSG00000224699,lncRNA,0.0027608834827144687,67,99.72791293213828,GENCODE_v32_ensembl_crossref
AL355488.1,ENSG00000273373,lncRNA,0.0023207426376440463,56,99.77192701664532,GENCODE_v32_ensembl_crossref
AL365361.1,ENSG00000259834,lncRNA,0.03821222791293214,908,96.36283610755441,GENCODE_v32_ensembl_crossref
AL360270.2,ENSG00000261654,lncRNA,0.0031209987195902687,76,99.69590268886044,GENCODE_v32_ensembl_crossref
AL360270.1,ENSG00000232811,lncRNA,0.006602112676056338,164,99.3437900128041,GENCODE_v32_ensembl_crossref
AL360270.3,ENSG00000273010,lncRNA,0.0027608834827144687,69,99.72391165172856,GENCODE_v32_ensembl_crossref
AL355816.2,ENSG00000273221,lncRNA,0.007282330345710628,180,99.2797695262484,GENCODE_v32_ensembl_crossref
INKA2-AS1,ENSG00000227811,lncRNA,0.001200384122919334,29,99.88396286811779,GENCODE_v32_ensembl_crossref
AL049557.1,ENSG00000284830,lncRNA,0.0027608834827144687,68,99.72791293213828,GENCODE_v32_ensembl_crossref
SLC16A1-AS1,ENSG00000226419,lncRNA,0.018005761843790012,430,98.26744558258643,GENCODE_v32_ensembl_crossref
AL137856.1,ENSG00000231128,lncRNA,0.0015204865556978234,38,99.84795134443021,GENCODE_v32_ensembl_crossref
AP4B1-AS1,ENSG00000226167,lncRNA,0.0005201664532650448,13,99.9479833546735,GENCODE_v32_ensembl_crossref
HIPK1-AS1,ENSG00000235527,lncRNA,0.021246798975672214,499,97.99535851472471,GENCODE_v32_ensembl_crossref
LINC01765,ENSG00000233730,lncRNA,0.001200384122919334,30,99.87996158770807,GENCODE_v32_ensembl_crossref
ATP1A1-AS1,ENSG00000203865,lncRNA,0.03221030729833547,771,96.91501280409732,GENCODE_v32_ensembl_crossref
WARS2-AS1,ENSG00000231365,lncRNA,0.020886683738796416,512,97.94734314980793,GENCODE_v32_ensembl_crossref
AC253572.2,ENSG00000287979,lncRNA,0.15472951344430216,2720,89.04049295774648,GENCODE_v32_ensembl_crossref
LINC00623,ENSG00000226067,lncRNA,0.11139564660691421,2568,89.72071062740076,GENCODE_v32_ensembl_crossref
AL592494.2,ENSG00000272583,lncRNA,0.0008402688860435339,21,99.91597311139564,GENCODE_v32_ensembl_crossref
LINC02591,ENSG00000263590,lncRNA,0.018405889884763126,450,98.199423815621,GENCODE_v32_ensembl_crossref
LINC02802,ENSG00000232527,lncRNA,0.004881562099871959,118,99.52784891165173,GENCODE_v32_ensembl_crossref
AC246785.3,ENSG00000237343,lncRNA,0.008882842509603073,219,99.12371959026889,GENCODE_v32_ensembl_crossref
AC245014.3,ENSG00000276216,lncRNA,0.10723431498079386,2083,91.61331626120358,GENCODE_v32_ensembl_crossref
LIX1L-AS1,ENSG00000234222,lncRNA,0.01124359795134443,277,98.89164532650449,GENCODE_v32_ensembl_crossref
AC243547.2,ENSG00000278431,lncRNA,0.0020806658130601793,52,99.79193341869397,GENCODE_v32_ensembl_crossref
AC239799.2,ENSG00000287190,lncRNA,0.031810179257362355,656,97.351152368758,GENCODE_v32_ensembl_crossref
LINC01719,ENSG00000233396,lncRNA,0.002000640204865557,49,99.80393725992317,GENCODE_v32_ensembl_crossref
AC245407.2,ENSG00000287978,lncRNA,0.11463668373879642,2592,89.62868117797696,GENCODE_v32_ensembl_crossref
AC242426.2,ENSG00000237188,lncRNA,0.0070022407170294496,173,99.30777848911652,GENCODE_v32_ensembl_crossref
LINC00624,ENSG00000278811,lncRNA,0.003441101152368758,86,99.65588988476313,GENCODE_v32_ensembl_crossref
LINC01138,ENSG00000274020,lncRNA,0.13704385403329064,3123,87.47999359795135,GENCODE_v32_ensembl_crossref
AC245297.3,ENSG00000274265,lncRNA,0.17729673495518566,3820,84.69910371318822,GENCODE_v32_ensembl_crossref
AC245297.2,ENSG00000272755,lncRNA,0.004881562099871959,121,99.51584507042254,GENCODE_v32_ensembl_crossref
AC242842.1,ENSG00000275557,lncRNA,0.011603713188220231,289,98.84362996158771,GENCODE_v32_ensembl_crossref
AC239868.1,ENSG00000264207,lncRNA,0.002280729833546735,57,99.77192701664532,GENCODE_v32_ensembl_crossref
AC244033.2,ENSG00000285184,lncRNA,0.004481434058898848,109,99.55985915492957,GENCODE_v32_ensembl_crossref
AC242988.2,ENSG00000285554,lncRNA,0.0016805377720870679,42,99.83194622279129,GENCODE_v32_ensembl_crossref
FALEC,ENSG00000228126,lncRNA,0.0020806658130601793,52,99.79193341869397,GENCODE_v32_ensembl_crossref
ADAMTSL4-AS1,ENSG00000203804,lncRNA,0.012443982074263765,301,98.77960947503202,GENCODE_v32_ensembl_crossref
ZNF687-AS1,ENSG00000232671,lncRNA,0.006081946222791294,150,99.39980793854033,GENCODE_v32_ensembl_crossref
AL391069.2,ENSG00000237976,lncRNA,0.006922215108834827,169,99.32378361075544,GENCODE_v32_ensembl_crossref
AL365436.2,ENSG00000232536,lncRNA,0.00048015364916773366,12,99.95198463508322,GENCODE_v32_ensembl_crossref
AL391335.1,ENSG00000250734,lncRNA,0.0012804097311139564,32,99.8719590268886,GENCODE_v32_ensembl_crossref
AL589765.7,ENSG00000269621,lncRNA,0.003961267605633803,98,99.60387323943662,GENCODE_v32_ensembl_crossref
TDRKH-AS1,ENSG00000203288,lncRNA,0.003721190781049936,93,99.62788092189501,GENCODE_v32_ensembl_crossref
C2CD4D-AS1,ENSG00000234614,lncRNA,0.0011603713188220231,29,99.88396286811779,GENCODE_v32_ensembl_crossref
AL450992.2,ENSG00000285651,lncRNA,0.0018405889884763125,45,99.8199423815621,GENCODE_v32_ensembl_crossref
AL162258.2,ENSG00000272030,lncRNA,0.008682778489116517,216,99.13572343149808,GENCODE_v32_ensembl_crossref
AL358472.5,ENSG00000284738,lncRNA,0.0012403969270166453,31,99.87596030729834,GENCODE_v32_ensembl_crossref
AL358472.2,ENSG00000272654,lncRNA,0.001720550576184379,43,99.82794494238156,GENCODE_v32_ensembl_crossref
IL6R-AS1,ENSG00000228013,lncRNA,0.00140044814340589,34,99.86395646606914,GENCODE_v32_ensembl_crossref
AL451085.1,ENSG00000270361,lncRNA,0.00808258642765685,196,99.2157490396927,GENCODE_v32_ensembl_crossref
AL451085.2,ENSG00000271380,lncRNA,0.011123559539052497,273,98.9076504481434,GENCODE_v32_ensembl_crossref
AC234582.1,ENSG00000231064,lncRNA,0.0018806017925736235,45,99.8199423815621,GENCODE_v32_ensembl_crossref
RUSC1-AS1,ENSG00000225855,lncRNA,0.003681177976952625,92,99.63188220230474,GENCODE_v32_ensembl_crossref
ASH1L-AS1,ENSG00000235919,lncRNA,0.0308898847631242,751,96.98703585147247,GENCODE_v32_ensembl_crossref
AL353807.5,ENSG00000287839,lncRNA,0.03501120358514725,852,96.58690781049935,GENCODE_v32_ensembl_crossref
AL355388.2,ENSG00000273002,lncRNA,0.00140044814340589,34,99.86395646606914,GENCODE_v32_ensembl_crossref
AL355388.3,ENSG00000285677,lncRNA,0.003921254801536492,98,99.60787451984635,GENCODE_v32_ensembl_crossref
AL590666.5,ENSG00000287624,lncRNA,0.00560179257362356,139,99.44382202304737,GENCODE_v32_ensembl_crossref
AL121987.2,ENSG00000227741,lncRNA,0.001440460947503201,36,99.85595390524968,GENCODE_v32_ensembl_crossref
AL139011.1,ENSG00000228606,lncRNA,0.008202624839948783,203,99.18774007682458,GENCODE_v32_ensembl_crossref
AL121985.1,ENSG00000228863,lncRNA,0.00596190781049936,148,99.4078104993598,GENCODE_v32_ensembl_crossref
AL590714.1,ENSG00000224985,lncRNA,0.0012403969270166453,31,99.87596030729834,GENCODE_v32_ensembl_crossref
AL592295.4,ENSG00000283696,lncRNA,0.007122279129321383,178,99.28777208706786,GENCODE_v32_ensembl_crossref
AL592295.5,ENSG00000288093,lncRNA,0.006762163892445583,161,99.3557938540333,GENCODE_v32_ensembl_crossref
AL359541.1,ENSG00000226889,lncRNA,0.001120358514724712,24,99.90396927016644,GENCODE_v32_ensembl_crossref
AL596325.1,ENSG00000259788,lncRNA,0.005361715749039693,132,99.47183098591549,GENCODE_v32_ensembl_crossref
AL592435.1,ENSG00000232995,lncRNA,0.005041613316261203,123,99.50784250960308,GENCODE_v32_ensembl_crossref
TMCO1-AS1,ENSG00000224358,lncRNA,0.002640845070422535,66,99.73591549295774,GENCODE_v32_ensembl_crossref
AL451050.2,ENSG00000272205,lncRNA,0.0008802816901408451,21,99.91197183098592,GENCODE_v32_ensembl_crossref
AL136984.1,ENSG00000272033,lncRNA,0.0012804097311139564,30,99.87596030729834,GENCODE_v32_ensembl_crossref
AL359962.3,ENSG00000287218,lncRNA,0.0012804097311139564,32,99.8719590268886,GENCODE_v32_ensembl_crossref
AL359962.2,ENSG00000273160,lncRNA,0.0024407810499359793,59,99.75992317541613,GENCODE_v32_ensembl_crossref
AL031733.2,ENSG00000241666,lncRNA,0.0006402048655569782,16,99.93597951344431,GENCODE_v32_ensembl_crossref
Z99572.1,ENSG00000213062,lncRNA,0.0017605633802816902,44,99.82394366197182,GENCODE_v32_ensembl_crossref
AL645568.1,ENSG00000203739,lncRNA,0.02316741357234315,564,97.74327784891165,GENCODE_v32_ensembl_crossref
GAS5,ENSG00000234741,lncRNA,1.123439500640205,14275,42.86971830985915,GENCODE_v32_ensembl_crossref
GAS5-AS1,ENSG00000270084,lncRNA,0.0015204865556978234,38,99.84795134443021,GENCODE_v32_ensembl_crossref
LINC02776,ENSG00000224977,lncRNA,0.003040973111395647,76,99.69590268886044,GENCODE_v32_ensembl_crossref
RABGAP1L-DT,ENSG00000227373,lncRNA,0.003641165172855314,89,99.64388604353394,GENCODE_v32_ensembl_crossref
RABGAP1L-IT1,ENSG00000223525,lncRNA,0.0013604353393085787,33,99.86795774647888,GENCODE_v32_ensembl_crossref
Z99127.4,ENSG00000287697,lncRNA,0.02600832266325224,628,97.47519206145967,GENCODE_v32_ensembl_crossref
LINC02803,ENSG00000227740,lncRNA,0.0004001280409731114,10,99.95998719590268,GENCODE_v32_ensembl_crossref
AL591043.2,ENSG00000236021,lncRNA,0.00280089628681178,69,99.72391165172856,GENCODE_v32_ensembl_crossref
AL353708.3,ENSG00000272906,lncRNA,0.00840268886043534,207,99.16773367477593,GENCODE_v32_ensembl_crossref
AL353708.1,ENSG00000260360,lncRNA,0.005521766965428937,134,99.4598271446863,GENCODE_v32_ensembl_crossref
AL355999.1,ENSG00000287808,lncRNA,0.005721830985915493,139,99.44382202304737,GENCODE_v32_ensembl_crossref
SMG7-AS1,ENSG00000232860,lncRNA,0.0018405889884763125,45,99.8199423815621,GENCODE_v32_ensembl_crossref
AL445228.2,ENSG00000271387,lncRNA,0.000600192061459667,15,99.93998079385403,GENCODE_v32_ensembl_crossref
AL078644.2,ENSG00000273004,lncRNA,0.0010803457106274008,27,99.89196542893725,GENCODE_v32_ensembl_crossref
AL096803.2,ENSG00000229739,lncRNA,0.0009202944942381563,23,99.90797055057618,GENCODE_v32_ensembl_crossref
PACERR,ENSG00000273129,lncRNA,0.002600832266325224,63,99.74391805377721,GENCODE_v32_ensembl_crossref
ERVMER61-1,ENSG00000230426,lncRNA,0.003921254801536492,97,99.61187580025607,GENCODE_v32_ensembl_crossref
AL390957.1,ENSG00000285280,lncRNA,0.0027208706786171575,67,99.731914212548,GENCODE_v32_ensembl_crossref
AL136987.1,ENSG00000236069,lncRNA,0.0038412291933418692,90,99.63188220230474,GENCODE_v32_ensembl_crossref
AL138778.1,ENSG00000286285,lncRNA,0.001720550576184379,43,99.82794494238156,GENCODE_v32_ensembl_crossref
AL450352.1,ENSG00000287989,lncRNA,0.00528169014084507,128,99.48783610755441,GENCODE_v32_ensembl_crossref
AL157402.2,ENSG00000261573,lncRNA,0.008202624839948783,202,99.19174135723432,GENCODE_v32_ensembl_crossref
MIR181A1HG,ENSG00000229989,lncRNA,0.025048015364916774,577,97.66725352112677,GENCODE_v32_ensembl_crossref
AC096677.1,ENSG00000224536,lncRNA,0.00420134443021767,104,99.58386683738797,GENCODE_v32_ensembl_crossref
IPO9-AS1,ENSG00000231871,lncRNA,0.004321382842509603,105,99.57586427656851,GENCODE_v32_ensembl_crossref
ELF3-AS1,ENSG00000234678,lncRNA,0.01512483994878361,369,98.52352752880921,GENCODE_v32_ensembl_crossref
PCAT6,ENSG00000228288,lncRNA,0.0022007042253521128,52,99.79193341869397,GENCODE_v32_ensembl_crossref
LINC01353,ENSG00000231507,lncRNA,0.004481434058898848,109,99.55985915492957,GENCODE_v32_ensembl_crossref
LINC01136,ENSG00000233791,lncRNA,0.008802816901408451,215,99.1397247119078,GENCODE_v32_ensembl_crossref
AL512306.2,ENSG00000240219,lncRNA,0.001120358514724712,28,99.88796414852753,GENCODE_v32_ensembl_crossref
MIR29B2CHG,ENSG00000203709,lncRNA,0.028489116517285532,677,97.2871318822023,GENCODE_v32_ensembl_crossref
HSD11B1-AS1,ENSG00000227591,lncRNA,0.0013604353393085787,33,99.86795774647888,GENCODE_v32_ensembl_crossref
LINC00467,ENSG00000153363,lncRNA,0.013564340588988477,319,98.71558898847631,GENCODE_v32_ensembl_crossref
AL360091.3,ENSG00000234915,lncRNA,0.000600192061459667,15,99.93998079385403,GENCODE_v32_ensembl_crossref
AC092803.1,ENSG00000260805,lncRNA,0.008162612035851472,196,99.21174775928297,GENCODE_v32_ensembl_crossref
AC092803.4,ENSG00000288007,lncRNA,0.0007602432778489117,19,99.92397567221511,GENCODE_v32_ensembl_crossref
LINC02773,ENSG00000237980,lncRNA,0.002640845070422535,61,99.75592189500641,GENCODE_v32_ensembl_crossref
FLVCR1-DT,ENSG00000198468,lncRNA,0.011363636363636364,280,98.87964148527529,GENCODE_v32_ensembl_crossref
LYPLAL1-DT,ENSG00000228063,lncRNA,0.002600832266325224,63,99.74791933418695,GENCODE_v32_ensembl_crossref
HLX-AS1,ENSG00000257551,lncRNA,0.0016005121638924455,40,99.83994878361075,GENCODE_v32_ensembl_crossref
AL513314.2,ENSG00000276997,lncRNA,0.001200384122919334,30,99.87996158770807,GENCODE_v32_ensembl_crossref
TAF1A-AS1,ENSG00000225265,lncRNA,0.00280089628681178,69,99.72391165172856,GENCODE_v32_ensembl_crossref
AL592148.3,ENSG00000272750,lncRNA,0.003961267605633803,99,99.60387323943662,GENCODE_v32_ensembl_crossref
AL392172.1,ENSG00000228106,lncRNA,0.031490076824583865,764,96.93902048655569,GENCODE_v32_ensembl_crossref
AC092809.2,ENSG00000232628,lncRNA,0.001200384122919334,27,99.89196542893725,GENCODE_v32_ensembl_crossref
AL591895.1,ENSG00000242861,lncRNA,0.005481754161331626,137,99.45182458386684,GENCODE_v32_ensembl_crossref
AL512343.2,ENSG00000272562,lncRNA,0.0012403969270166453,31,99.87596030729834,GENCODE_v32_ensembl_crossref
ACBD3-AS1,ENSG00000234478,lncRNA,0.006001920614596671,150,99.39980793854033,GENCODE_v32_ensembl_crossref
ITPKB-IT1,ENSG00000228382,lncRNA,0.0024407810499359793,61,99.75592189500641,GENCODE_v32_ensembl_crossref
OBSCN-AS1,ENSG00000162913,lncRNA,0.002240717029449424,54,99.78393085787451,GENCODE_v32_ensembl_crossref
AL353593.1,ENSG00000269934,lncRNA,0.0024807938540332905,61,99.75592189500641,GENCODE_v32_ensembl_crossref
AL670729.1,ENSG00000270094,lncRNA,0.0009603072983354673,24,99.90396927016644,GENCODE_v32_ensembl_crossref
AL139288.1,ENSG00000231563,lncRNA,0.0006402048655569782,16,99.93597951344431,GENCODE_v32_ensembl_crossref
AL158214.2,ENSG00000286859,lncRNA,0.0007202304737516005,18,99.92797695262485,GENCODE_v32_ensembl_crossref
AL445524.1,ENSG00000233461,lncRNA,0.017605633802816902,405,98.37548015364916,GENCODE_v32_ensembl_crossref
AL136171.2,ENSG00000286071,lncRNA,0.00280089628681178,67,99.731914212548,GENCODE_v32_ensembl_crossref
AL355472.3,ENSG00000273367,lncRNA,0.00280089628681178,70,99.71991037131882,GENCODE_v32_ensembl_crossref
COA6-AS1,ENSG00000231663,lncRNA,0.04085307298335467,978,96.08274647887323,GENCODE_v32_ensembl_crossref
AL160408.2,ENSG00000228830,lncRNA,0.004761523687580025,118,99.52784891165173,GENCODE_v32_ensembl_crossref
LINC01132,ENSG00000227630,lncRNA,0.0018005761843790013,43,99.82794494238156,GENCODE_v32_ensembl_crossref
AL391832.2,ENSG00000238005,lncRNA,0.005361715749039693,127,99.48783610755441,GENCODE_v32_ensembl_crossref
AL391832.3,ENSG00000258082,lncRNA,0.0011603713188220231,29,99.88396286811779,GENCODE_v32_ensembl_crossref
LGALS8-AS1,ENSG00000223776,lncRNA,0.0005201664532650448,13,99.9479833546735,GENCODE_v32_ensembl_crossref
AL359921.2,ENSG00000273058,lncRNA,0.0010403329065300896,25,99.89996798975672,GENCODE_v32_ensembl_crossref
CHRM3-AS2,ENSG00000233355,lncRNA,0.08846830985915492,1923,92.2975352112676,GENCODE_v32_ensembl_crossref
BX323046.2,ENSG00000287601,lncRNA,0.002040653008962868,49,99.80393725992317,GENCODE_v32_ensembl_crossref
BX323046.1,ENSG00000273175,lncRNA,0.005481754161331626,137,99.45182458386684,GENCODE_v32_ensembl_crossref
AL356512.1,ENSG00000272195,lncRNA,0.0190460947503201,459,98.1474071702945,GENCODE_v32_ensembl_crossref
AL591623.1,ENSG00000225300,lncRNA,0.000560179257362356,13,99.94398207426376,GENCODE_v32_ensembl_crossref
AL390728.6,ENSG00000259865,lncRNA,0.01896606914212548,459,98.15941101152369,GENCODE_v32_ensembl_crossref
AL390728.5,ENSG00000232347,lncRNA,0.00944302176696543,232,99.07170294494239,GENCODE_v32_ensembl_crossref
AC079779.1,ENSG00000227061,lncRNA,0.0023207426376440463,54,99.78393085787451,GENCODE_v32_ensembl_crossref
AC092159.2,ENSG00000233296,lncRNA,0.0007602432778489117,19,99.92397567221511,GENCODE_v32_ensembl_crossref
LINC01115,ENSG00000237667,lncRNA,0.002600832266325224,62,99.75192061459667,GENCODE_v32_ensembl_crossref
AC231981.1,ENSG00000235078,lncRNA,0.003721190781049936,90,99.6398847631242,GENCODE_v32_ensembl_crossref
AC108488.1,ENSG00000242282,lncRNA,0.0035211267605633804,86,99.65588988476313,GENCODE_v32_ensembl_crossref
RNASEH1-AS1,ENSG00000234171,lncRNA,0.012844110115236876,310,98.75560179257363,GENCODE_v32_ensembl_crossref
AC108488.3,ENSG00000287126,lncRNA,0.0015204865556978234,37,99.85195262483995,GENCODE_v32_ensembl_crossref
LINC01871,ENSG00000235576,lncRNA,0.04573463508322663,1031,95.8706786171575,GENCODE_v32_ensembl_crossref
LINC00299,ENSG00000236790,lncRNA,0.02560819462227913,577,97.68325864276568,GENCODE_v32_ensembl_crossref
LINC01814,ENSG00000236008,lncRNA,0.0005201664532650448,13,99.9479833546735,GENCODE_v32_ensembl_crossref
ID2-AS1,ENSG00000235092,lncRNA,0.0007602432778489117,19,99.92397567221511,GENCODE_v32_ensembl_crossref
AC073195.1,ENSG00000271855,lncRNA,0.005121638924455826,126,99.49583866837388,GENCODE_v32_ensembl_crossref
AC010969.2,ENSG00000269973,lncRNA,0.003721190781049936,92,99.63188220230474,GENCODE_v32_ensembl_crossref
AC104794.3,ENSG00000260077,lncRNA,0.012443982074263765,291,98.83562740076825,GENCODE_v32_ensembl_crossref
ODC1-DT,ENSG00000257135,lncRNA,0.0032810499359795134,80,99.6798975672215,GENCODE_v32_ensembl_crossref
AC009486.2,ENSG00000286427,lncRNA,0.001200384122919334,30,99.87996158770807,GENCODE_v32_ensembl_crossref
LINC00954,ENSG00000228784,lncRNA,0.0154449423815621,377,98.47951344430219,GENCODE_v32_ensembl_crossref
AC013400.1,ENSG00000271991,lncRNA,0.00528169014084507,131,99.47583226632523,GENCODE_v32_ensembl_crossref
AC009228.1,ENSG00000242628,lncRNA,0.0016005121638924455,40,99.83994878361075,GENCODE_v32_ensembl_crossref
DNAJC27-AS1,ENSG00000224165,lncRNA,0.006282010243277849,151,99.39580665813061,GENCODE_v32_ensembl_crossref
AC104699.1,ENSG00000224220,lncRNA,0.0018005761843790013,32,99.8719590268886,GENCODE_v32_ensembl_crossref
AC010896.1,ENSG00000286707,lncRNA,0.0016805377720870679,41,99.83594750320103,GENCODE_v32_ensembl_crossref
GTF3C2-AS1,ENSG00000234945,lncRNA,0.0023207426376440463,58,99.7679257362356,GENCODE_v32_ensembl_crossref
AC074117.1,ENSG00000234072,lncRNA,0.004721510883482715,115,99.5358514724712,GENCODE_v32_ensembl_crossref
AC093690.1,ENSG00000223522,lncRNA,0.003040973111395647,75,99.69990396927017,GENCODE_v32_ensembl_crossref
AC104695.2,ENSG00000229951,lncRNA,0.0008002560819462228,20,99.91997439180538,GENCODE_v32_ensembl_crossref
AC104695.4,ENSG00000270640,lncRNA,0.024327784891165175,553,97.78329065300896,GENCODE_v32_ensembl_crossref
AC104695.3,ENSG00000270210,lncRNA,0.0009603072983354673,23,99.90797055057618,GENCODE_v32_ensembl_crossref
AC092164.1,ENSG00000226833,lncRNA,0.017805697823303455,423,98.30345710627401,GENCODE_v32_ensembl_crossref
AC016907.2,ENSG00000233862,lncRNA,0.0007602432778489117,19,99.92397567221511,GENCODE_v32_ensembl_crossref
AL121658.1,ENSG00000272716,lncRNA,0.005721830985915493,139,99.43982074263764,GENCODE_v32_ensembl_crossref
AL133245.1,ENSG00000272754,lncRNA,0.0021606914212548016,52,99.78393085787451,GENCODE_v32_ensembl_crossref
AL133243.2,ENSG00000276334,lncRNA,0.007762483994878361,189,99.23175416133164,GENCODE_v32_ensembl_crossref
AL133243.3,ENSG00000276517,lncRNA,0.013284250960307298,325,98.69158130601792,GENCODE_v32_ensembl_crossref
AC007390.2,ENSG00000272054,lncRNA,0.00280089628681178,70,99.71991037131882,GENCODE_v32_ensembl_crossref
AC006369.1,ENSG00000236213,lncRNA,0.027968950064020486,654,97.38316261203586,GENCODE_v32_ensembl_crossref
LINC00211,ENSG00000237803,lncRNA,0.0023207426376440463,56,99.77192701664532,GENCODE_v32_ensembl_crossref
CYP1B1-AS1,ENSG00000232973,lncRNA,0.004521446862996159,106,99.57186299615877,GENCODE_v32_ensembl_crossref
MAP4K3-DT,ENSG00000231312,lncRNA,0.02248719590268886,536,97.85531370038413,GENCODE_v32_ensembl_crossref
SLC8A1-AS1,ENSG00000227028,lncRNA,0.0029609475032010245,72,99.70790653008963,GENCODE_v32_ensembl_crossref
AC083949.1,ENSG00000224875,lncRNA,0.006121959026888604,148,99.40380921895007,GENCODE_v32_ensembl_crossref
LINC02580,ENSG00000230587,lncRNA,0.005921895006402049,141,99.43581946222791,GENCODE_v32_ensembl_crossref
AC010883.2,ENSG00000286796,lncRNA,0.0021606914212548016,51,99.79593469910371,GENCODE_v32_ensembl_crossref
AC010883.3,ENSG00000287387,lncRNA,0.03245038412291933,784,96.86299615877081,GENCODE_v32_ensembl_crossref
LINC01126,ENSG00000279873,lncRNA,0.00140044814340589,35,99.85995518565942,GENCODE_v32_ensembl_crossref
AC010883.1,ENSG00000234936,lncRNA,0.00280089628681178,69,99.72391165172856,GENCODE_v32_ensembl_crossref
AC019129.2,ENSG00000273106,lncRNA,0.00140044814340589,35,99.85995518565942,GENCODE_v32_ensembl_crossref
AC018682.1,ENSG00000250116,lncRNA,0.0038412291933418692,95,99.61987836107554,GENCODE_v32_ensembl_crossref
AC079807.1,ENSG00000233230,lncRNA,0.005881882202304738,144,99.42381562099872,GENCODE_v32_ensembl_crossref
AC092650.1,ENSG00000230773,lncRNA,0.0029209346991037133,69,99.71991037131882,GENCODE_v32_ensembl_crossref
AC093635.1,ENSG00000272663,lncRNA,0.009403008962868118,225,99.09571062740076,GENCODE_v32_ensembl_crossref
AC012358.3,ENSG00000240401,lncRNA,0.002640845070422535,65,99.73591549295774,GENCODE_v32_ensembl_crossref
AC015982.2,ENSG00000272606,lncRNA,0.02500800256081946,612,97.54721510883483,GENCODE_v32_ensembl_crossref
AC068193.1,ENSG00000287875,lncRNA,0.002400768245838668,60,99.75992317541613,GENCODE_v32_ensembl_crossref
AC007381.1,ENSG00000228590,lncRNA,0.0032810499359795134,62,99.75192061459667,GENCODE_v32_ensembl_crossref
AC016747.1,ENSG00000212978,lncRNA,0.01052336747759283,257,98.9716709346991,GENCODE_v32_ensembl_crossref
AC016727.1,ENSG00000270820,lncRNA,0.012964148527528809,320,98.71558898847631,GENCODE_v32_ensembl_crossref
AC107081.2,ENSG00000236498,lncRNA,0.001960627400768246,49,99.80393725992317,GENCODE_v32_ensembl_crossref
AC007098.1,ENSG00000231609,lncRNA,0.0007202304737516005,18,99.92797695262485,GENCODE_v32_ensembl_crossref
AC012368.1,ENSG00000225889,lncRNA,0.019206145966709345,457,98.15540973111395,GENCODE_v32_ensembl_crossref
LINC00309,ENSG00000230923,lncRNA,0.003241037131882202,79,99.68389884763124,GENCODE_v32_ensembl_crossref
AC114752.2,ENSG00000238201,lncRNA,0.003721190781049936,87,99.65188860435339,GENCODE_v32_ensembl_crossref
AC008074.2,ENSG00000260101,lncRNA,0.00492157490396927,118,99.523847631242,GENCODE_v32_ensembl_crossref
AC007365.1,ENSG00000226756,lncRNA,0.0022007042253521128,54,99.77992957746478,GENCODE_v32_ensembl_crossref
LINC02245,ENSG00000237638,lncRNA,0.03725192061459667,867,96.52288732394366,GENCODE_v32_ensembl_crossref
LINC02576,ENSG00000232613,lncRNA,0.0008402688860435339,21,99.91597311139564,GENCODE_v32_ensembl_crossref
AC017083.2,ENSG00000273275,lncRNA,0.021246798975672214,521,97.91133162612036,GENCODE_v32_ensembl_crossref
AC017083.1,ENSG00000273064,lncRNA,0.007162291933418694,173,99.30377720870679,GENCODE_v32_ensembl_crossref
LINC01888,ENSG00000237576,lncRNA,0.0008402688860435339,19,99.92397567221511,GENCODE_v32_ensembl_crossref
PCBP1-AS1,ENSG00000179818,lncRNA,0.1465268886043534,3240,87.00784250960308,GENCODE_v32_ensembl_crossref
LINC01816,ENSG00000231327,lncRNA,0.0018806017925736235,46,99.81594110115238,GENCODE_v32_ensembl_crossref
AC022201.2,ENSG00000233849,lncRNA,0.0007602432778489117,19,99.92397567221511,GENCODE_v32_ensembl_crossref
AC007881.3,ENSG00000272735,lncRNA,0.0012403969270166453,31,99.87596030729834,GENCODE_v32_ensembl_crossref
AC007878.1,ENSG00000281195,lncRNA,0.0018005761843790013,45,99.8199423815621,GENCODE_v32_ensembl_crossref
ALMS1-IT1,ENSG00000230002,lncRNA,0.001120358514724712,28,99.88796414852753,GENCODE_v32_ensembl_crossref
DGUOK-AS1,ENSG00000237883,lncRNA,0.002840909090909091,70,99.71991037131882,GENCODE_v32_ensembl_crossref
AC073046.1,ENSG00000235499,lncRNA,0.0053217029449423815,131,99.47583226632523,GENCODE_v32_ensembl_crossref
BOLA3-AS1,ENSG00000225439,lncRNA,0.005201664532650448,123,99.50784250960308,GENCODE_v32_ensembl_crossref
AC005041.4,ENSG00000286623,lncRNA,0.001120358514724712,28,99.88796414852753,GENCODE_v32_ensembl_crossref
AC005041.5,ENSG00000286883,lncRNA,0.0010403329065300896,25,99.895966709347,GENCODE_v32_ensembl_crossref
LBX2-AS1,ENSG00000257702,lncRNA,0.00528169014084507,130,99.47983354673495,GENCODE_v32_ensembl_crossref
AC005034.6,ENSG00000286045,lncRNA,0.0010803457106274008,27,99.89196542893725,GENCODE_v32_ensembl_crossref
AC022210.2,ENSG00000287625,lncRNA,0.0032810499359795134,82,99.67189500640204,GENCODE_v32_ensembl_crossref
PARTICL,ENSG00000286532,lncRNA,0.003721190781049936,90,99.63188220230474,GENCODE_v32_ensembl_crossref
ST3GAL5-AS1,ENSG00000232504,lncRNA,0.001720550576184379,42,99.83194622279129,GENCODE_v32_ensembl_crossref
AC009309.1,ENSG00000273080,lncRNA,0.003761203585147247,92,99.63188220230474,GENCODE_v32_ensembl_crossref
AC015971.1,ENSG00000228363,lncRNA,0.0018806017925736235,46,99.81193982074264,GENCODE_v32_ensembl_crossref
LINC01943,ENSG00000280721,lncRNA,0.00984314980793854,229,99.07970550576184,GENCODE_v32_ensembl_crossref
CYTOR,ENSG00000222041,lncRNA,0.15028809218950065,3011,87.93213828425095,GENCODE_v32_ensembl_crossref
AC133644.2,ENSG00000273445,lncRNA,0.007802496798975672,182,99.27176696542894,GENCODE_v32_ensembl_crossref
AC108479.3,ENSG00000287670,lncRNA,0.003481113956466069,84,99.66389244558259,GENCODE_v32_ensembl_crossref
AC104134.1,ENSG00000225420,lncRNA,0.0012403969270166453,31,99.87596030729834,GENCODE_v32_ensembl_crossref
EIF2AK3-DT,ENSG00000234028,lncRNA,0.004681498079385404,114,99.53985275288092,GENCODE_v32_ensembl_crossref
AC062029.1,ENSG00000287686,lncRNA,0.0008802816901408451,22,99.91197183098592,GENCODE_v32_ensembl_crossref
AC103563.7,ENSG00000233850,lncRNA,0.003241037131882202,78,99.68790012804098,GENCODE_v32_ensembl_crossref
LINC00342,ENSG00000232931,lncRNA,0.038452304737516006,905,96.37083866837388,GENCODE_v32_ensembl_crossref
STARD7-AS1,ENSG00000204685,lncRNA,0.010283290653008963,252,98.98767605633803,GENCODE_v32_ensembl_crossref
AC021188.1,ENSG00000230747,lncRNA,0.007482394366197183,185,99.25576184379001,GENCODE_v32_ensembl_crossref
CNNM3-DT,ENSG00000273265,lncRNA,0.0005201664532650448,13,99.9479833546735,GENCODE_v32_ensembl_crossref
AC159540.2,ENSG00000277701,lncRNA,0.0038812419974391804,95,99.61587708066581,GENCODE_v32_ensembl_crossref
AC092683.1,ENSG00000230606,lncRNA,0.016685339308578746,407,98.36747759282972,GENCODE_v32_ensembl_crossref
LINC02611,ENSG00000226791,lncRNA,0.011323623559539052,272,98.91165172855314,GENCODE_v32_ensembl_crossref
AC018690.1,ENSG00000273306,lncRNA,0.0005201664532650448,13,99.9479833546735,GENCODE_v32_ensembl_crossref
TBC1D8-AS1,ENSG00000272902,lncRNA,0.000560179257362356,14,99.94398207426376,GENCODE_v32_ensembl_crossref
LINC01127,ENSG00000281162,lncRNA,0.001200384122919334,29,99.88396286811779,GENCODE_v32_ensembl_crossref
AC007278.1,ENSG00000234389,lncRNA,0.0008802816901408451,21,99.91597311139564,GENCODE_v32_ensembl_crossref
LINC01918,ENSG00000226508,lncRNA,0.0012403969270166453,30,99.87996158770807,GENCODE_v32_ensembl_crossref
AC012360.1,ENSG00000235319,lncRNA,0.0013604353393085787,34,99.86395646606914,GENCODE_v32_ensembl_crossref
AC012360.3,ENSG00000272994,lncRNA,0.013244238156209988,325,98.69558258642766,GENCODE_v32_ensembl_crossref
AC010978.1,ENSG00000235522,lncRNA,0.0032810499359795134,82,99.67189500640204,GENCODE_v32_ensembl_crossref
GCC2-AS1,ENSG00000214184,lncRNA,0.003401088348271447,84,99.66389244558259,GENCODE_v32_ensembl_crossref
MIR4435-2HG,ENSG00000172965,lncRNA,0.06514084507042253,1470,94.11411651728552,GENCODE_v32_ensembl_crossref
AC017002.3,ENSG00000240350,lncRNA,0.0010403329065300896,26,99.895966709347,GENCODE_v32_ensembl_crossref
AC092645.2,ENSG00000286545,lncRNA,0.0011603713188220231,27,99.89196542893725,GENCODE_v32_ensembl_crossref
AC079922.2,ENSG00000237753,lncRNA,0.02136683738796415,510,97.95934699103714,GENCODE_v32_ensembl_crossref
PAX8-AS1,ENSG00000189223,lncRNA,0.025488156209987196,611,97.5432138284251,GENCODE_v32_ensembl_crossref
AC016745.1,ENSG00000234997,lncRNA,0.0010003201024327785,25,99.89996798975672,GENCODE_v32_ensembl_crossref
AC016745.2,ENSG00000272563,lncRNA,0.0013604353393085787,32,99.8719590268886,GENCODE_v32_ensembl_crossref
AC104653.1,ENSG00000228857,lncRNA,0.002000640204865557,50,99.79993597951345,GENCODE_v32_ensembl_crossref
AC110769.2,ENSG00000270019,lncRNA,0.005001600512163892,125,99.4998399487836,GENCODE_v32_ensembl_crossref
AC009404.1,ENSG00000236255,lncRNA,0.005921895006402049,138,99.4478233034571,GENCODE_v32_ensembl_crossref
AC009303.2,ENSG00000235066,lncRNA,0.0007602432778489117,19,99.92397567221511,GENCODE_v32_ensembl_crossref
NIFK-AS1,ENSG00000236859,lncRNA,0.022727272727272728,551,97.79529449423816,GENCODE_v32_ensembl_crossref
AC068282.1,ENSG00000286145,lncRNA,0.001960627400768246,49,99.80393725992317,GENCODE_v32_ensembl_crossref
MAP3K2-DT,ENSG00000236682,lncRNA,0.008362676056338027,207,99.17173495518567,GENCODE_v32_ensembl_crossref
AC012306.2,ENSG00000272667,lncRNA,0.0050816261203585145,127,99.49183738796414,GENCODE_v32_ensembl_crossref
C2orf27A,ENSG00000287151,lncRNA,0.009723111395646607,237,99.047695262484,GENCODE_v32_ensembl_crossref
AC103564.1,ENSG00000229203,lncRNA,0.0008002560819462228,20,99.91997439180538,GENCODE_v32_ensembl_crossref
CCNT2-AS1,ENSG00000224043,lncRNA,0.004041293213828425,98,99.60787451984635,GENCODE_v32_ensembl_crossref
DARS-AS1,ENSG00000231890,lncRNA,0.00456145966709347,111,99.55585787451984,GENCODE_v32_ensembl_crossref
AC114763.1,ENSG00000228043,lncRNA,0.0032810499359795134,81,99.67589628681178,GENCODE_v32_ensembl_crossref
AC092620.1,ENSG00000241772,lncRNA,0.003241037131882202,80,99.6798975672215,GENCODE_v32_ensembl_crossref
LINC02631,ENSG00000237772,lncRNA,0.001200384122919334,30,99.87996158770807,GENCODE_v32_ensembl_crossref
AC079793.1,ENSG00000228655,lncRNA,0.0010803457106274008,27,99.89196542893725,GENCODE_v32_ensembl_crossref
AC092652.1,ENSG00000231758,lncRNA,0.0010003201024327785,25,99.89996798975672,GENCODE_v32_ensembl_crossref
ZEB2-AS1,ENSG00000238057,lncRNA,0.04173335467349552,934,96.24279769526248,GENCODE_v32_ensembl_crossref
AC009951.6,ENSG00000287115,lncRNA,0.007082266325224072,172,99.31177976952625,GENCODE_v32_ensembl_crossref
AC105402.4,ENSG00000286167,lncRNA,0.0014804737516005122,37,99.85195262483995,GENCODE_v32_ensembl_crossref
AC007364.1,ENSG00000231969,lncRNA,0.0015604993597951344,39,99.84395006402048,GENCODE_v32_ensembl_crossref
AC079790.2,ENSG00000286234,lncRNA,0.00048015364916773366,12,99.95198463508322,GENCODE_v32_ensembl_crossref
LINC01876,ENSG00000226383,lncRNA,0.0016805377720870679,42,99.83194622279129,GENCODE_v32_ensembl_crossref
AC009506.1,ENSG00000224152,lncRNA,0.0024807938540332905,61,99.75592189500641,GENCODE_v32_ensembl_crossref
AC009961.1,ENSG00000226266,lncRNA,0.008002560819462228,196,99.21174775928297,GENCODE_v32_ensembl_crossref
AC009961.4,ENSG00000287091,lncRNA,0.003040973111395647,74,99.69990396927017,GENCODE_v32_ensembl_crossref
AC009299.3,ENSG00000235724,lncRNA,0.001200384122919334,30,99.87996158770807,GENCODE_v32_ensembl_crossref
LINC01806,ENSG00000227403,lncRNA,0.00916293213828425,226,99.09170934699104,GENCODE_v32_ensembl_crossref
AC008063.1,ENSG00000230918,lncRNA,0.001960627400768246,49,99.80393725992317,GENCODE_v32_ensembl_crossref
AC009495.3,ENSG00000235192,lncRNA,0.006562099871959027,161,99.3557938540333,GENCODE_v32_ensembl_crossref
TTC21B-AS1,ENSG00000224490,lncRNA,0.007402368758002561,183,99.2677656850192,GENCODE_v32_ensembl_crossref
CERS6-AS1,ENSG00000227617,lncRNA,0.004081306017925736,100,99.59987195902688,GENCODE_v32_ensembl_crossref
AC007405.3,ENSG00000239467,lncRNA,0.0008402688860435339,21,99.91597311139564,GENCODE_v32_ensembl_crossref
AC078883.2,ENSG00000226963,lncRNA,0.0016405249679897567,41,99.83594750320103,GENCODE_v32_ensembl_crossref
ITGA6-AS1,ENSG00000232788,lncRNA,0.0012804097311139564,30,99.87996158770807,GENCODE_v32_ensembl_crossref
AC078883.1,ENSG00000225205,lncRNA,0.025488156209987196,623,97.50720230473752,GENCODE_v32_ensembl_crossref
AC010894.2,ENSG00000226853,lncRNA,0.001120358514724712,28,99.88796414852753,GENCODE_v32_ensembl_crossref
AC010894.4,ENSG00000237798,lncRNA,0.008722791293213829,213,99.14372599231754,GENCODE_v32_ensembl_crossref
AC079305.3,ENSG00000229337,lncRNA,0.014324583866837388,348,98.59955185659412,GENCODE_v32_ensembl_crossref
AC079305.1,ENSG00000222043,lncRNA,0.0018005761843790013,45,99.8199423815621,GENCODE_v32_ensembl_crossref
AC019080.1,ENSG00000213963,lncRNA,0.002040653008962868,50,99.79993597951345,GENCODE_v32_ensembl_crossref
AC073834.1,ENSG00000237655,lncRNA,0.0014804737516005122,37,99.85195262483995,GENCODE_v32_ensembl_crossref
CHROMR,ENSG00000223960,lncRNA,0.011683738796414853,287,98.84763124199743,GENCODE_v32_ensembl_crossref
TTN-AS1,ENSG00000237298,lncRNA,0.03141005121638924,754,96.98303457106275,GENCODE_v32_ensembl_crossref
AC009948.3,ENSG00000270956,lncRNA,0.0009202944942381563,23,99.90797055057618,GENCODE_v32_ensembl_crossref
AC009948.2,ENSG00000270277,lncRNA,0.000560179257362356,14,99.94398207426376,GENCODE_v32_ensembl_crossref
AC010680.2,ENSG00000270574,lncRNA,0.0015204865556978234,38,99.84795134443021,GENCODE_v32_ensembl_crossref
LINC01934,ENSG00000234663,lncRNA,0.025408130601792575,595,97.61923815620999,GENCODE_v32_ensembl_crossref
AC096667.1,ENSG00000283839,lncRNA,0.02916933418693982,647,97.40717029449424,GENCODE_v32_ensembl_crossref
AC009315.1,ENSG00000286797,lncRNA,0.0009202944942381563,23,99.90797055057618,GENCODE_v32_ensembl_crossref
LINC01473,ENSG00000237877,lncRNA,0.001720550576184379,43,99.82794494238156,GENCODE_v32_ensembl_crossref
OSGEPL1-AS1,ENSG00000253559,lncRNA,0.0011603713188220231,28,99.88796414852753,GENCODE_v32_ensembl_crossref
AC108047.1,ENSG00000233654,lncRNA,0.0031209987195902687,73,99.7039052496799,GENCODE_v32_ensembl_crossref
AC006460.2,ENSG00000284052,lncRNA,0.007882522407170295,193,99.22375160051217,GENCODE_v32_ensembl_crossref
AC005540.1,ENSG00000235852,lncRNA,0.003721190781049936,92,99.63188220230474,GENCODE_v32_ensembl_crossref
AC067945.4,ENSG00000288064,lncRNA,0.0038812419974391804,96,99.61587708066581,GENCODE_v32_ensembl_crossref
LINC01825,ENSG00000223466,lncRNA,0.0033610755441741357,81,99.67589628681178,GENCODE_v32_ensembl_crossref
AC114760.2,ENSG00000272211,lncRNA,0.00844270166453265,208,99.1637323943662,GENCODE_v32_ensembl_crossref
HECW2-AS1,ENSG00000229056,lncRNA,0.0055617797695262485,133,99.46782970550576,GENCODE_v32_ensembl_crossref
AC013264.1,ENSG00000231621,lncRNA,0.017405569782330346,416,98.33546734955185,GENCODE_v32_ensembl_crossref
ANKRD44-IT1,ENSG00000236977,lncRNA,0.004681498079385404,115,99.5358514724712,GENCODE_v32_ensembl_crossref
LINC01792,ENSG00000237166,lncRNA,0.0020806658130601793,52,99.79193341869397,GENCODE_v32_ensembl_crossref
AC007163.1,ENSG00000230408,lncRNA,0.0008002560819462228,20,99.91997439180538,GENCODE_v32_ensembl_crossref
AC005037.1,ENSG00000183308,lncRNA,0.007082266325224072,175,99.2917733674776,GENCODE_v32_ensembl_crossref
CFLAR-AS1,ENSG00000226312,lncRNA,0.004721510883482715,117,99.53185019206146,GENCODE_v32_ensembl_crossref
AC064836.4,ENSG00000286223,lncRNA,0.013284250960307298,319,98.72359154929578,GENCODE_v32_ensembl_crossref
AC064836.3,ENSG00000273456,lncRNA,0.0008402688860435339,21,99.91597311139564,GENCODE_v32_ensembl_crossref
AC007383.2,ENSG00000227946,lncRNA,0.013124199743918053,326,98.69558258642766,GENCODE_v32_ensembl_crossref
KLF7-IT1,ENSG00000237892,lncRNA,0.0004001280409731114,10,99.95998719590268,GENCODE_v32_ensembl_crossref
AC009226.1,ENSG00000223725,lncRNA,0.0030809859154929575,77,99.6919014084507,GENCODE_v32_ensembl_crossref
LINC01857,ENSG00000224137,lncRNA,0.022327144686299615,410,98.35947503201025,GENCODE_v32_ensembl_crossref
AC007038.2,ENSG00000272807,lncRNA,0.0010803457106274008,27,99.89196542893725,GENCODE_v32_ensembl_crossref
AC007038.1,ENSG00000229127,lncRNA,0.001960627400768246,48,99.80793854033291,GENCODE_v32_ensembl_crossref
AC006994.2,ENSG00000279317,lncRNA,0.0013204225352112676,32,99.8719590268886,GENCODE_v32_ensembl_crossref
LINC01963,ENSG00000260804,lncRNA,0.001720550576184379,43,99.82794494238156,GENCODE_v32_ensembl_crossref
DIRC3,ENSG00000231672,lncRNA,0.001120358514724712,28,99.88796414852753,GENCODE_v32_ensembl_crossref
AC021016.2,ENSG00000261338,lncRNA,0.00140044814340589,35,99.85995518565942,GENCODE_v32_ensembl_crossref
CATIP-AS1,ENSG00000225062,lncRNA,0.0053217029449423815,126,99.49583866837388,GENCODE_v32_ensembl_crossref
AC021016.3,ENSG00000273361,lncRNA,0.001200384122919334,30,99.87996158770807,GENCODE_v32_ensembl_crossref
AC012510.1,ENSG00000273466,lncRNA,0.000560179257362356,14,99.94398207426376,GENCODE_v32_ensembl_crossref
AC079834.2,ENSG00000272944,lncRNA,0.00048015364916773366,12,99.95198463508322,GENCODE_v32_ensembl_crossref
AC097662.1,ENSG00000236432,lncRNA,0.0016805377720870679,42,99.83194622279129,GENCODE_v32_ensembl_crossref
AC009950.1,ENSG00000225963,lncRNA,0.007042253521126761,173,99.30777848911652,GENCODE_v32_ensembl_crossref
AC017104.1,ENSG00000224376,lncRNA,0.016005121638924456,361,98.55553777208706,GENCODE_v32_ensembl_crossref
LINC00471,ENSG00000181798,lncRNA,0.0030009603072983356,73,99.70790653008963,GENCODE_v32_ensembl_crossref
AC073254.1,ENSG00000237126,lncRNA,0.009923175416133162,246,99.01568501920615,GENCODE_v32_ensembl_crossref
LINC01891,ENSG00000231682,lncRNA,0.011523687580025609,276,98.89564660691421,GENCODE_v32_ensembl_crossref
AC012063.1,ENSG00000227252,lncRNA,0.0020806658130601793,51,99.79593469910371,GENCODE_v32_ensembl_crossref
AC012076.1,ENSG00000286864,lncRNA,0.0016405249679897567,41,99.83594750320103,GENCODE_v32_ensembl_crossref
LINC02610,ENSG00000186235,lncRNA,0.0016405249679897567,41,99.83594750320103,GENCODE_v32_ensembl_crossref
AC012485.3,ENSG00000283635,lncRNA,0.0010803457106274008,26,99.89196542893725,GENCODE_v32_ensembl_crossref
AC016999.1,ENSG00000229915,lncRNA,0.0008402688860435339,21,99.91597311139564,GENCODE_v32_ensembl_crossref
HDAC4-AS1,ENSG00000222020,lncRNA,0.012804097311139564,308,98.76760563380282,GENCODE_v32_ensembl_crossref
CAPN10-DT,ENSG00000260942,lncRNA,0.005441741357234315,129,99.48383482714469,GENCODE_v32_ensembl_crossref
AC104809.2,ENSG00000233392,lncRNA,0.01788572343149808,307,98.76360435339309,GENCODE_v32_ensembl_crossref
AC114730.1,ENSG00000215692,lncRNA,0.0014804737516005122,36,99.85595390524968,GENCODE_v32_ensembl_crossref
LINC01237,ENSG00000233806,lncRNA,0.006362035851472471,154,99.37980153649167,GENCODE_v32_ensembl_crossref
LINC01238,ENSG00000237940,lncRNA,0.0016805377720870679,40,99.83994878361075,GENCODE_v32_ensembl_crossref
LINC01238-1,ENSG00000261186,lncRNA,0.001120358514724712,27,99.88796414852753,GENCODE_v32_ensembl_crossref
AC024060.2,ENSG00000271870,lncRNA,0.0006402048655569782,16,99.93597951344431,GENCODE_v32_ensembl_crossref
ITPR1-DT,ENSG00000231249,lncRNA,0.0018806017925736235,47,99.81193982074264,GENCODE_v32_ensembl_crossref
AC018816.1,ENSG00000235978,lncRNA,0.006442061459667093,155,99.37980153649167,GENCODE_v32_ensembl_crossref
BHLHE40-AS1,ENSG00000235831,lncRNA,0.005481754161331626,135,99.4598271446863,GENCODE_v32_ensembl_crossref
AC026202.2,ENSG00000233912,lncRNA,0.0008002560819462228,20,99.91997439180538,GENCODE_v32_ensembl_crossref
AC026202.3,ENSG00000268509,lncRNA,0.0018405889884763125,44,99.8199423815621,GENCODE_v32_ensembl_crossref
THUMPD3-AS1,ENSG00000206573,lncRNA,0.14232554417413573,3153,87.36395646606914,GENCODE_v32_ensembl_crossref
AC018809.2,ENSG00000269982,lncRNA,0.0008002560819462228,20,99.91997439180538,GENCODE_v32_ensembl_crossref
AC034193.1,ENSG00000287086,lncRNA,0.006642125480153649,165,99.33978873239437,GENCODE_v32_ensembl_crossref
LINC00852,ENSG00000231177,lncRNA,0.00492157490396927,119,99.51984635083227,GENCODE_v32_ensembl_crossref
GHRLOS,ENSG00000240288,lncRNA,0.0016005121638924455,38,99.83994878361075,GENCODE_v32_ensembl_crossref
AC083855.2,ENSG00000285906,lncRNA,0.002000640204865557,49,99.80393725992317,GENCODE_v32_ensembl_crossref
HDAC11-AS1,ENSG00000244502,lncRNA,0.0018806017925736235,46,99.81594110115238,GENCODE_v32_ensembl_crossref
AC093495.1,ENSG00000228242,lncRNA,0.009082906530089628,222,99.10771446862996,GENCODE_v32_ensembl_crossref
FGD5-AS1,ENSG00000225733,lncRNA,0.09455025608194623,2190,91.22119078104993,GENCODE_v32_ensembl_crossref
SH3BP5-AS1,ENSG00000224660,lncRNA,0.02880921895006402,693,97.22711267605634,GENCODE_v32_ensembl_crossref
EAF1-AS1,ENSG00000249786,lncRNA,0.0027608834827144687,69,99.72391165172856,GENCODE_v32_ensembl_crossref
AC090948.1,ENSG00000271964,lncRNA,0.0035211267605633804,88,99.64788732394366,GENCODE_v32_ensembl_crossref
AC090948.2,ENSG00000272498,lncRNA,0.0005201664532650448,13,99.9479833546735,GENCODE_v32_ensembl_crossref
AC090948.3,ENSG00000272529,lncRNA,0.0018005761843790013,44,99.82394366197182,GENCODE_v32_ensembl_crossref
AC090948.4,ENSG00000287377,lncRNA,0.005241677336747759,129,99.48383482714469,GENCODE_v32_ensembl_crossref
SATB1-AS1,ENSG00000228956,lncRNA,0.03417093469910371,815,96.73895646606914,GENCODE_v32_ensembl_crossref
SGO1-AS1,ENSG00000231304,lncRNA,0.00596190781049936,147,99.41181177976952,GENCODE_v32_ensembl_crossref
LINC02084,ENSG00000272282,lncRNA,0.023127400768245838,556,97.7752880921895,GENCODE_v32_ensembl_crossref
AC096921.2,ENSG00000261468,lncRNA,0.0024407810499359793,61,99.75592189500641,GENCODE_v32_ensembl_crossref
AC097359.2,ENSG00000270194,lncRNA,0.006001920614596671,149,99.39980793854033,GENCODE_v32_ensembl_crossref
C3orf35,ENSG00000198590,lncRNA,0.003641165172855314,91,99.63588348271448,GENCODE_v32_ensembl_crossref
ITGA9-AS1,ENSG00000235257,lncRNA,0.0038412291933418692,88,99.64388604353394,GENCODE_v32_ensembl_crossref
AC092053.3,ENSG00000284669,lncRNA,0.00456145966709347,112,99.54785531370038,GENCODE_v32_ensembl_crossref
AC092053.2,ENSG00000283849,lncRNA,0.0029609475032010245,72,99.71190781049935,GENCODE_v32_ensembl_crossref
EIF1B-AS1,ENSG00000280739,lncRNA,0.00980313700384123,239,99.03969270166453,GENCODE_v32_ensembl_crossref
ENTPD3-AS1,ENSG00000223797,lncRNA,0.019526248399487835,461,98.15540973111395,GENCODE_v32_ensembl_crossref
AC099541.1,ENSG00000233096,lncRNA,0.0010803457106274008,27,99.89196542893725,GENCODE_v32_ensembl_crossref
VIPR1-AS1,ENSG00000232354,lncRNA,0.0017605633802816902,44,99.82394366197182,GENCODE_v32_ensembl_crossref
AC006059.1,ENSG00000230084,lncRNA,0.0053217029449423815,131,99.47183098591549,GENCODE_v32_ensembl_crossref
LINC02158,ENSG00000225611,lncRNA,0.002600832266325224,62,99.75192061459667,GENCODE_v32_ensembl_crossref
SNRK-AS1,ENSG00000234617,lncRNA,0.012163892445582587,302,98.7916133162612,GENCODE_v32_ensembl_crossref
AC104187.1,ENSG00000271937,lncRNA,0.0026808578745198463,66,99.73591549295774,GENCODE_v32_ensembl_crossref
AC124045.1,ENSG00000272077,lncRNA,0.0012804097311139564,32,99.8719590268886,GENCODE_v32_ensembl_crossref
LIMD1-AS1,ENSG00000230530,lncRNA,0.004041293213828425,99,99.59987195902688,GENCODE_v32_ensembl_crossref
CCR5AS,ENSG00000223552,lncRNA,0.0027208706786171575,65,99.73991677336748,GENCODE_v32_ensembl_crossref
KIF9-AS1,ENSG00000227398,lncRNA,0.011443661971830986,275,98.89164532650449,GENCODE_v32_ensembl_crossref
AC099778.1,ENSG00000260236,lncRNA,0.008002560819462228,192,99.22375160051217,GENCODE_v32_ensembl_crossref
AC134772.1,ENSG00000244380,lncRNA,0.0013604353393085787,34,99.86395646606914,GENCODE_v32_ensembl_crossref
PRKAR2A-AS1,ENSG00000224424,lncRNA,0.003761203585147247,94,99.62387964148527,GENCODE_v32_ensembl_crossref
AC137630.3,ENSG00000272434,lncRNA,0.0010003201024327785,25,99.89996798975672,GENCODE_v32_ensembl_crossref
RBM5-AS1,ENSG00000281691,lncRNA,0.00420134443021767,104,99.58386683738797,GENCODE_v32_ensembl_crossref
SEMA3F-AS1,ENSG00000235016,lncRNA,0.003721190781049936,93,99.62788092189501,GENCODE_v32_ensembl_crossref
RASSF1-AS1,ENSG00000281358,lncRNA,0.006282010243277849,151,99.39580665813061,GENCODE_v32_ensembl_crossref
CYB561D2-1,ENSG00000271858,lncRNA,0.0334106914212548,809,96.76296414852753,GENCODE_v32_ensembl_crossref
LINC02019,ENSG00000273356,lncRNA,0.0018005761843790013,44,99.82394366197182,GENCODE_v32_ensembl_crossref
AC006252.1,ENSG00000243224,lncRNA,0.0031209987195902687,77,99.6919014084507,GENCODE_v32_ensembl_crossref
GLYCTK-AS1,ENSG00000242797,lncRNA,0.0006402048655569782,16,99.93597951344431,GENCODE_v32_ensembl_crossref
AC012467.2,ENSG00000271976,lncRNA,0.0013204225352112676,32,99.86795774647888,GENCODE_v32_ensembl_crossref
AC092418.2,ENSG00000287502,lncRNA,0.0015604993597951344,39,99.84395006402048,GENCODE_v32_ensembl_crossref
ARF4-AS1,ENSG00000272146,lncRNA,0.011883802816901408,284,98.8556338028169,GENCODE_v32_ensembl_crossref
AC135507.1,ENSG00000272182,lncRNA,0.005161651728553137,128,99.48783610755441,GENCODE_v32_ensembl_crossref
AC104162.2,ENSG00000285399,lncRNA,0.008322663252240717,208,99.16773367477593,GENCODE_v32_ensembl_crossref
SCAANT1,ENSG00000280620,lncRNA,0.001440460947503201,36,99.85595390524968,GENCODE_v32_ensembl_crossref
PSMD6-AS2,ENSG00000239653,lncRNA,0.011643725992317541,285,98.8556338028169,GENCODE_v32_ensembl_crossref
PSMD6-AS1,ENSG00000243410,lncRNA,0.0008002560819462228,20,99.91997439180538,GENCODE_v32_ensembl_crossref
AC012557.2,ENSG00000272181,lncRNA,0.0012403969270166453,31,99.87596030729834,GENCODE_v32_ensembl_crossref
SUCLG2-AS1,ENSG00000241316,lncRNA,0.007962548015364918,192,99.23175416133164,GENCODE_v32_ensembl_crossref
AC109587.1,ENSG00000244513,lncRNA,0.008202624839948783,200,99.19974391805377,GENCODE_v32_ensembl_crossref
FOXP1-IT1,ENSG00000242094,lncRNA,0.0016805377720870679,42,99.83194622279129,GENCODE_v32_ensembl_crossref
AC097634.3,ENSG00000277855,lncRNA,0.0010403329065300896,26,99.895966709347,GENCODE_v32_ensembl_crossref
AC097634.1,ENSG00000270562,lncRNA,0.0005201664532650448,13,99.9479833546735,GENCODE_v32_ensembl_crossref
LINC00877,ENSG00000241163,lncRNA,0.0754241357234315,1409,94.33818822023048,GENCODE_v32_ensembl_crossref
AC097369.2,ENSG00000287595,lncRNA,0.0021606914212548016,53,99.78393085787451,GENCODE_v32_ensembl_crossref
LINC02018,ENSG00000272690,lncRNA,0.003241037131882202,78,99.68790012804098,GENCODE_v32_ensembl_crossref
ZBTB11-AS1,ENSG00000256628,lncRNA,0.015404929577464789,379,98.47951344430219,GENCODE_v32_ensembl_crossref
AC084198.2,ENSG00000286699,lncRNA,0.011523687580025609,282,98.87163892445582,GENCODE_v32_ensembl_crossref
AC020651.2,ENSG00000287682,lncRNA,0.004761523687580025,106,99.57586427656851,GENCODE_v32_ensembl_crossref
LINC02085,ENSG00000214407,lncRNA,0.0010003201024327785,25,99.89996798975672,GENCODE_v32_ensembl_crossref
AC106712.1,ENSG00000241280,lncRNA,0.0009202944942381563,22,99.91197183098592,GENCODE_v32_ensembl_crossref
DUBR,ENSG00000243701,lncRNA,0.0008402688860435339,21,99.91597311139564,GENCODE_v32_ensembl_crossref
AC012020.1,ENSG00000279277,lncRNA,0.006442061459667093,158,99.36779769526248,GENCODE_v32_ensembl_crossref
LINC01215,ENSG00000271856,lncRNA,0.049655889884763126,1158,95.36251600512165,GENCODE_v32_ensembl_crossref
TBILA,ENSG00000261488,lncRNA,0.0009603072983354673,23,99.90797055057618,GENCODE_v32_ensembl_crossref
AC074044.1,ENSG00000272844,lncRNA,0.0021606914212548016,53,99.78793213828425,GENCODE_v32_ensembl_crossref
AC078785.1,ENSG00000240057,lncRNA,0.005881882202304738,142,99.43181818181817,GENCODE_v32_ensembl_crossref
SIDT1-AS1,ENSG00000239453,lncRNA,0.00044014084507042255,11,99.95598591549296,GENCODE_v32_ensembl_crossref
AC093010.2,ENSG00000241490,lncRNA,0.019486235595390526,468,98.12740076824585,GENCODE_v32_ensembl_crossref
ZBTB20-AS1,ENSG00000241560,lncRNA,0.0014804737516005122,36,99.85595390524968,GENCODE_v32_ensembl_crossref
ZBTB20-AS5,ENSG00000242290,lncRNA,0.00044014084507042255,11,99.95598591549296,GENCODE_v32_ensembl_crossref
ZBTB20-AS4,ENSG00000242767,lncRNA,0.0007202304737516005,18,99.92797695262485,GENCODE_v32_ensembl_crossref
AC026341.1,ENSG00000242880,lncRNA,0.002840909090909091,71,99.7159090909091,GENCODE_v32_ensembl_crossref
ARHGAP31-AS1,ENSG00000241155,lncRNA,0.0010803457106274008,26,99.895966709347,GENCODE_v32_ensembl_crossref
AC073352.2,ENSG00000272967,lncRNA,0.0021606914212548016,51,99.79593469910371,GENCODE_v32_ensembl_crossref
AC092910.3,ENSG00000242622,lncRNA,0.004001280409731114,95,99.61587708066581,GENCODE_v32_ensembl_crossref
AC083798.2,ENSG00000272758,lncRNA,0.02664852752880922,652,97.38716389244559,GENCODE_v32_ensembl_crossref
LINC02035,ENSG00000273033,lncRNA,0.006842189500640205,165,99.33978873239437,GENCODE_v32_ensembl_crossref
MYLK-AS1,ENSG00000239523,lncRNA,0.007282330345710628,175,99.29977592829705,GENCODE_v32_ensembl_crossref
AC092902.4,ENSG00000284624,lncRNA,0.003801216389244558,94,99.62387964148527,GENCODE_v32_ensembl_crossref
AC092902.6,ENSG00000287617,lncRNA,0.0018005761843790013,45,99.8199423815621,GENCODE_v32_ensembl_crossref
LINC02614,ENSG00000241288,lncRNA,0.002840909090909091,71,99.7159090909091,GENCODE_v32_ensembl_crossref
AC079848.1,ENSG00000250012,lncRNA,0.0022007042253521128,55,99.77992957746478,GENCODE_v32_ensembl_crossref
AC108673.2,ENSG00000273174,lncRNA,0.0010403329065300896,26,99.895966709347,GENCODE_v32_ensembl_crossref
AC108673.3,ENSG00000273437,lncRNA,0.0012804097311139564,31,99.87596030729834,GENCODE_v32_ensembl_crossref
AC137695.3,ENSG00000286729,lncRNA,0.0012804097311139564,32,99.8719590268886,GENCODE_v32_ensembl_crossref
H1FX-AS1,ENSG00000206417,lncRNA,0.004761523687580025,116,99.5358514724712,GENCODE_v32_ensembl_crossref
AC083799.1,ENSG00000203644,lncRNA,0.009242957746478873,228,99.0877080665813,GENCODE_v32_ensembl_crossref
TMCC1-AS1,ENSG00000271270,lncRNA,0.002040653008962868,49,99.80393725992317,GENCODE_v32_ensembl_crossref
LINC02021,ENSG00000249846,lncRNA,0.0018405889884763125,44,99.8199423815621,GENCODE_v32_ensembl_crossref
AC010210.1,ENSG00000250608,lncRNA,0.0015604993597951344,39,99.84395006402048,GENCODE_v32_ensembl_crossref
NPHP3-AS1,ENSG00000248724,lncRNA,0.0013604353393085787,34,99.86395646606914,GENCODE_v32_ensembl_crossref
AC117382.2,ENSG00000261758,lncRNA,0.009683098591549295,235,99.05169654289374,GENCODE_v32_ensembl_crossref
NCK1-DT,ENSG00000239213,lncRNA,0.011603713188220231,278,98.88764404609475,GENCODE_v32_ensembl_crossref
AC096992.2,ENSG00000273486,lncRNA,0.001960627400768246,49,99.80393725992317,GENCODE_v32_ensembl_crossref
AC046134.2,ENSG00000248932,lncRNA,0.006282010243277849,154,99.38380281690141,GENCODE_v32_ensembl_crossref
RASA2-IT1,ENSG00000250170,lncRNA,0.0006802176696542894,17,99.93197823303457,GENCODE_v32_ensembl_crossref
ATP1B3-AS1,ENSG00000244124,lncRNA,0.0010403329065300896,26,99.895966709347,GENCODE_v32_ensembl_crossref
AC026304.1,ENSG00000268129,lncRNA,0.003641165172855314,91,99.63588348271448,GENCODE_v32_ensembl_crossref
AC018450.1,ENSG00000241679,lncRNA,0.0009603072983354673,24,99.90396927016644,GENCODE_v32_ensembl_crossref
ERICH6-AS1,ENSG00000240137,lncRNA,0.0168854033290653,408,98.36747759282972,GENCODE_v32_ensembl_crossref
AC020636.1,ENSG00000243273,lncRNA,0.0009603072983354673,24,99.90396927016644,GENCODE_v32_ensembl_crossref
AC108718.1,ENSG00000239941,lncRNA,0.001440460947503201,35,99.85995518565942,GENCODE_v32_ensembl_crossref
MBNL1-AS1,ENSG00000229619,lncRNA,0.017125480153649168,421,98.3154609475032,GENCODE_v32_ensembl_crossref
AC091607.2,ENSG00000287916,lncRNA,0.0008802816901408451,22,99.91197183098592,GENCODE_v32_ensembl_crossref
AC084036.1,ENSG00000272990,lncRNA,0.0012403969270166453,31,99.87596030729834,GENCODE_v32_ensembl_crossref
TIPARP-AS1,ENSG00000243926,lncRNA,0.017805697823303455,421,98.3154609475032,GENCODE_v32_ensembl_crossref
LINC00886,ENSG00000240875,lncRNA,0.0019206145966709346,48,99.80793854033291,GENCODE_v32_ensembl_crossref
LINC00880,ENSG00000243629,lncRNA,0.0008402688860435339,19,99.91997439180538,GENCODE_v32_ensembl_crossref
LINC02029,ENSG00000241544,lncRNA,0.0026808578745198463,57,99.76392445582587,GENCODE_v32_ensembl_crossref
LINC00881,ENSG00000241135,lncRNA,0.002040653008962868,50,99.79993597951345,GENCODE_v32_ensembl_crossref
AC092944.1,ENSG00000243176,lncRNA,0.020526568501920615,498,97.99535851472471,GENCODE_v32_ensembl_crossref
AC106707.1,ENSG00000243150,lncRNA,0.0018405889884763125,46,99.81594110115238,GENCODE_v32_ensembl_crossref
AC080013.5,ENSG00000272247,lncRNA,0.0018806017925736235,45,99.8199423815621,GENCODE_v32_ensembl_crossref
AC069224.1,ENSG00000260572,lncRNA,0.0018806017925736235,46,99.81594110115238,GENCODE_v32_ensembl_crossref
LINC02067,ENSG00000240567,lncRNA,0.002640845070422535,65,99.73591549295774,GENCODE_v32_ensembl_crossref
TERC,ENSG00000270141,lncRNA,0.003721190781049936,92,99.62788092189501,GENCODE_v32_ensembl_crossref
AC078795.1,ENSG00000269984,lncRNA,0.010083226632522407,249,99.00368117797696,GENCODE_v32_ensembl_crossref
AC008040.1,ENSG00000239219,lncRNA,0.003241037131882202,80,99.67589628681178,GENCODE_v32_ensembl_crossref
AC007620.2,ENSG00000242539,lncRNA,0.00280089628681178,70,99.71991037131882,GENCODE_v32_ensembl_crossref
SOX2-OT,ENSG00000242808,lncRNA,0.0023607554417413574,58,99.7679257362356,GENCODE_v32_ensembl_crossref
AC069431.1,ENSG00000240063,lncRNA,0.0018806017925736235,47,99.81193982074264,GENCODE_v32_ensembl_crossref
AC092953.2,ENSG00000273261,lncRNA,0.0005201664532650448,13,99.9479833546735,GENCODE_v32_ensembl_crossref
YEATS2-AS1,ENSG00000233885,lncRNA,0.0004001280409731114,10,99.95998719590268,GENCODE_v32_ensembl_crossref
AC099661.1,ENSG00000286086,lncRNA,0.0008402688860435339,21,99.91597311139564,GENCODE_v32_ensembl_crossref
AC068631.1,ENSG00000197099,lncRNA,0.0012804097311139564,32,99.8719590268886,GENCODE_v32_ensembl_crossref
AC112907.3,ENSG00000263826,lncRNA,0.003761203585147247,93,99.62788092189501,GENCODE_v32_ensembl_crossref
LPP-AS2,ENSG00000270959,lncRNA,0.0030809859154929575,76,99.6919014084507,GENCODE_v32_ensembl_crossref
LINC00884,ENSG00000233058,lncRNA,0.00316101152368758,76,99.6919014084507,GENCODE_v32_ensembl_crossref
TMEM44-AS1,ENSG00000231770,lncRNA,0.03545134443021767,853,96.58290653008963,GENCODE_v32_ensembl_crossref
XXYLT1-AS2,ENSG00000230266,lncRNA,0.0010403329065300896,26,99.895966709347,GENCODE_v32_ensembl_crossref
AC069213.1,ENSG00000223711,lncRNA,0.0007602432778489117,18,99.92797695262485,GENCODE_v32_ensembl_crossref
AC233280.1,ENSG00000229178,lncRNA,0.0010403329065300896,26,99.895966709347,GENCODE_v32_ensembl_crossref
TNK2-AS1,ENSG00000224614,lncRNA,0.00456145966709347,113,99.54785531370038,GENCODE_v32_ensembl_crossref
TM4SF19-AS1,ENSG00000235897,lncRNA,0.0016405249679897567,41,99.83594750320103,GENCODE_v32_ensembl_crossref
LINC01063,ENSG00000232065,lncRNA,0.0015204865556978234,38,99.84795134443021,GENCODE_v32_ensembl_crossref
AC016949.1,ENSG00000230732,lncRNA,0.003721190781049936,93,99.62788092189501,GENCODE_v32_ensembl_crossref
AC024560.4,ENSG00000286909,lncRNA,0.0009603072983354673,23,99.90797055057618,GENCODE_v32_ensembl_crossref
AC024560.5,ENSG00000287286,lncRNA,0.0024407810499359793,60,99.75992317541613,GENCODE_v32_ensembl_crossref
AC079140.6,ENSG00000286705,lncRNA,0.0016005121638924455,39,99.84395006402048,GENCODE_v32_ensembl_crossref
AC107464.3,ENSG00000272927,lncRNA,0.0007202304737516005,18,99.92797695262485,GENCODE_v32_ensembl_crossref
AC139887.4,ENSG00000272588,lncRNA,0.004801536491677336,119,99.51984635083227,GENCODE_v32_ensembl_crossref
AC139887.2,ENSG00000249592,lncRNA,0.01192381562099872,291,98.83162612035852,GENCODE_v32_ensembl_crossref
AC092535.5,ENSG00000273179,lncRNA,0.0008402688860435339,21,99.91597311139564,GENCODE_v32_ensembl_crossref
CTBP1-AS,ENSG00000280927,lncRNA,0.014164532650448144,351,98.59555057618438,GENCODE_v32_ensembl_crossref
CTBP1-DT,ENSG00000196810,lncRNA,0.022567221510883483,543,97.827304737516,GENCODE_v32_ensembl_crossref
AC147067.1,ENSG00000244459,lncRNA,0.01972631241997439,467,98.13140204865557,GENCODE_v32_ensembl_crossref
AC016773.1,ENSG00000270195,lncRNA,0.00420134443021767,101,99.59186939820742,GENCODE_v32_ensembl_crossref
NOP14-AS1,ENSG00000249673,lncRNA,0.030369718309859156,727,97.08706786171575,GENCODE_v32_ensembl_crossref
STX18-AS1,ENSG00000247708,lncRNA,0.01264404609475032,309,98.76360435339309,GENCODE_v32_ensembl_crossref
LINC02482,ENSG00000251580,lncRNA,0.015564980793854034,378,98.48751600512163,GENCODE_v32_ensembl_crossref
LINC002481,ENSG00000246526,lncRNA,0.022247119078104994,531,97.87131882202304,GENCODE_v32_ensembl_crossref
AC097382.3,ENSG00000287104,lncRNA,0.010643405889884763,262,98.95166453265045,GENCODE_v32_ensembl_crossref
AC097382.2,ENSG00000245748,lncRNA,0.00528169014084507,130,99.47983354673495,GENCODE_v32_ensembl_crossref
LINC02447,ENSG00000245468,lncRNA,0.0016405249679897567,41,99.83594750320103,GENCODE_v32_ensembl_crossref
AC104825.1,ENSG00000251615,lncRNA,0.0018405889884763125,45,99.8199423815621,GENCODE_v32_ensembl_crossref
AC105345.1,ENSG00000205959,lncRNA,0.0008802816901408451,22,99.91197183098592,GENCODE_v32_ensembl_crossref
AC108519.1,ENSG00000288075,lncRNA,0.004601472471190781,115,99.53985275288092,GENCODE_v32_ensembl_crossref
AC005674.2,ENSG00000261490,lncRNA,0.003241037131882202,79,99.68389884763124,GENCODE_v32_ensembl_crossref
AC006230.1,ENSG00000287778,lncRNA,0.0018405889884763125,45,99.8199423815621,GENCODE_v32_ensembl_crossref
LINC00504,ENSG00000248360,lncRNA,0.0018005761843790013,43,99.82794494238156,GENCODE_v32_ensembl_crossref
TAPT1-AS1,ENSG00000263327,lncRNA,0.005401728553137004,134,99.46382842509604,GENCODE_v32_ensembl_crossref
AC006160.1,ENSG00000249502,lncRNA,0.001200384122919334,30,99.87996158770807,GENCODE_v32_ensembl_crossref
SEPSECS-AS1,ENSG00000281501,lncRNA,0.013964468629961587,341,98.63156209987196,GENCODE_v32_ensembl_crossref
STIM2-AS1,ENSG00000240005,lncRNA,0.004361395646606914,106,99.57586427656851,GENCODE_v32_ensembl_crossref
LINC01259,ENSG00000249667,lncRNA,0.00948303457106274,232,99.07170294494239,GENCODE_v32_ensembl_crossref
KLF3-AS1,ENSG00000231160,lncRNA,0.017285531370038413,420,98.31946222791294,GENCODE_v32_ensembl_crossref
AC079921.1,ENSG00000249207,lncRNA,0.0013604353393085787,34,99.86395646606914,GENCODE_v32_ensembl_crossref
UGDH-AS1,ENSG00000249348,lncRNA,0.002240717029449424,55,99.77992957746478,GENCODE_v32_ensembl_crossref
AC108471.2,ENSG00000255458,lncRNA,0.0008802816901408451,22,99.91197183098592,GENCODE_v32_ensembl_crossref
AC095057.3,ENSG00000260296,lncRNA,0.001960627400768246,48,99.80793854033291,GENCODE_v32_ensembl_crossref
LINC02265,ENSG00000249241,lncRNA,0.013844430217669654,328,98.67957746478874,GENCODE_v32_ensembl_crossref
AC096734.2,ENSG00000260519,lncRNA,0.0023207426376440463,58,99.7679257362356,GENCODE_v32_ensembl_crossref
AC096586.2,ENSG00000273369,lncRNA,0.000600192061459667,15,99.93998079385403,GENCODE_v32_ensembl_crossref
AC107068.2,ENSG00000282917,lncRNA,0.0008002560819462228,20,99.91997439180538,GENCODE_v32_ensembl_crossref
AC107068.1,ENSG00000259959,lncRNA,0.0019206145966709346,48,99.80793854033291,GENCODE_v32_ensembl_crossref
OCIAD1-AS1,ENSG00000248256,lncRNA,0.00048015364916773366,12,99.95198463508322,GENCODE_v32_ensembl_crossref
USP46-AS1,ENSG00000248866,lncRNA,0.0015604993597951344,39,99.84395006402048,GENCODE_v32_ensembl_crossref
DANCR,ENSG00000226950,lncRNA,0.1860995518565941,3919,84.31498079385403,GENCODE_v32_ensembl_crossref
AC104066.4,ENSG00000286161,lncRNA,0.0010403329065300896,26,99.895966709347,GENCODE_v32_ensembl_crossref
SRD5A3-AS1,ENSG00000249700,lncRNA,0.0009202944942381563,23,99.90797055057618,GENCODE_v32_ensembl_crossref
AC110611.1,ENSG00000286599,lncRNA,0.0010803457106274008,26,99.89196542893725,GENCODE_v32_ensembl_crossref
AC110611.2,ENSG00000287382,lncRNA,0.006282010243277849,152,99.39180537772087,GENCODE_v32_ensembl_crossref
AC068620.1,ENSG00000269921,lncRNA,0.00280089628681178,65,99.73591549295774,GENCODE_v32_ensembl_crossref
UBA6-AS1,ENSG00000248049,lncRNA,0.016645326504481434,403,98.38748399487837,GENCODE_v32_ensembl_crossref
AC053527.2,ENSG00000250220,lncRNA,0.0035211267605633804,87,99.65188860435339,GENCODE_v32_ensembl_crossref
AC093677.2,ENSG00000269559,lncRNA,0.0007602432778489117,18,99.92797695262485,GENCODE_v32_ensembl_crossref
LINC01094,ENSG00000251442,lncRNA,0.0016805377720870679,40,99.83994878361075,GENCODE_v32_ensembl_crossref
AC098818.2,ENSG00000260278,lncRNA,0.0032810499359795134,82,99.67189500640204,GENCODE_v32_ensembl_crossref
LINC01088,ENSG00000249307,lncRNA,0.0016805377720870679,42,99.83194622279129,GENCODE_v32_ensembl_crossref
LINC00989,ENSG00000250334,lncRNA,0.013884443021766965,285,98.8556338028169,GENCODE_v32_ensembl_crossref
AC124016.2,ENSG00000273156,lncRNA,0.001720550576184379,43,99.82794494238156,GENCODE_v32_ensembl_crossref
AC124016.1,ENSG00000272677,lncRNA,0.02212708066581306,538,97.84330985915493,GENCODE_v32_ensembl_crossref
THAP9-AS1,ENSG00000251022,lncRNA,0.04677496798975672,1103,95.57858514724713,GENCODE_v32_ensembl_crossref
AC073840.1,ENSG00000286035,lncRNA,0.001120358514724712,27,99.89196542893725,GENCODE_v32_ensembl_crossref
WDFY3-AS2,ENSG00000180769,lncRNA,0.0023207426376440463,56,99.77592829705506,GENCODE_v32_ensembl_crossref
AC093827.4,ENSG00000284968,lncRNA,0.003761203585147247,92,99.63188220230474,GENCODE_v32_ensembl_crossref
PPM1K-DT,ENSG00000246375,lncRNA,0.002560819462227913,64,99.74391805377721,GENCODE_v32_ensembl_crossref
PIGY-DT,ENSG00000285122,lncRNA,0.0008002560819462228,20,99.91997439180538,GENCODE_v32_ensembl_crossref
FAM13A-AS1,ENSG00000248019,lncRNA,0.01960627400768246,479,98.07938540332907,GENCODE_v32_ensembl_crossref
AP002026.1,ENSG00000246090,lncRNA,0.0027208706786171575,67,99.731914212548,GENCODE_v32_ensembl_crossref
AP001816.1,ENSG00000254531,lncRNA,0.006362035851472471,158,99.36779769526248,GENCODE_v32_ensembl_crossref
AC098487.1,ENSG00000248161,lncRNA,0.0015204865556978234,37,99.85195262483995,GENCODE_v32_ensembl_crossref
AF213884.3,ENSG00000260651,lncRNA,0.04845550576184379,1122,95.50256081946222,GENCODE_v32_ensembl_crossref
UBE2D3-AS1,ENSG00000246560,lncRNA,0.0020806658130601793,49,99.80393725992317,GENCODE_v32_ensembl_crossref
AC004069.1,ENSG00000251259,lncRNA,0.0015204865556978234,34,99.85995518565942,GENCODE_v32_ensembl_crossref
AC096564.1,ENSG00000245293,lncRNA,0.002400768245838668,56,99.77192701664532,GENCODE_v32_ensembl_crossref
LEF1-AS1,ENSG00000232021,lncRNA,0.05693822023047375,1296,94.81434058898847,GENCODE_v32_ensembl_crossref
RPL34-AS1,ENSG00000234492,lncRNA,0.003040973111395647,75,99.69990396927017,GENCODE_v32_ensembl_crossref
SEC24B-AS1,ENSG00000247950,lncRNA,0.006882202304737516,170,99.3197823303457,GENCODE_v32_ensembl_crossref
AC126283.1,ENSG00000272795,lncRNA,0.0029609475032010245,69,99.72391165172856,GENCODE_v32_ensembl_crossref
AC109347.1,ENSG00000260526,lncRNA,0.0007202304737516005,18,99.92797695262485,GENCODE_v32_ensembl_crossref
MIR302CHG,ENSG00000249532,lncRNA,0.005001600512163892,125,99.4998399487836,GENCODE_v32_ensembl_crossref
SNHG8,ENSG00000269893,lncRNA,0.5113636363636364,8988,64.01248399487835,GENCODE_v32_ensembl_crossref
METTL14-DT,ENSG00000281731,lncRNA,0.001120358514724712,26,99.88796414852753,GENCODE_v32_ensembl_crossref
AC073475.1,ENSG00000250938,lncRNA,0.0014804737516005122,37,99.85195262483995,GENCODE_v32_ensembl_crossref
LINC02615,ENSG00000251432,lncRNA,0.001200384122919334,30,99.87996158770807,GENCODE_v32_ensembl_crossref
AC097376.3,ENSG00000273247,lncRNA,0.021526888604353395,519,97.92333546734955,GENCODE_v32_ensembl_crossref
AC112236.2,ENSG00000272717,lncRNA,0.0010803457106274008,27,99.89196542893725,GENCODE_v32_ensembl_crossref
SCOC-AS1,ENSG00000196951,lncRNA,0.003641165172855314,89,99.64388604353394,GENCODE_v32_ensembl_crossref
AC096733.2,ENSG00000273472,lncRNA,0.0023607554417413574,58,99.7679257362356,GENCODE_v32_ensembl_crossref
LINC02432,ENSG00000248810,lncRNA,0.02352752880921895,477,98.0833866837388,GENCODE_v32_ensembl_crossref
AC139720.1,ENSG00000249806,lncRNA,0.013044174135723431,319,98.72359154929578,GENCODE_v32_ensembl_crossref
AC104596.1,ENSG00000250326,lncRNA,0.008322663252240717,203,99.18774007682458,GENCODE_v32_ensembl_crossref
SMARCA5-AS1,ENSG00000245112,lncRNA,0.0380921895006402,915,96.3348271446863,GENCODE_v32_ensembl_crossref
AC107223.1,ENSG00000251600,lncRNA,0.00456145966709347,112,99.5518565941101,GENCODE_v32_ensembl_crossref
AC002460.2,ENSG00000287292,lncRNA,0.0021606914212548016,54,99.78393085787451,GENCODE_v32_ensembl_crossref
AC095055.1,ENSG00000270681,lncRNA,0.0029209346991037133,73,99.70790653008963,GENCODE_v32_ensembl_crossref
FAM160A1-DT,ENSG00000251611,lncRNA,0.000560179257362356,14,99.94398207426376,GENCODE_v32_ensembl_crossref
AC097375.1,ENSG00000248991,lncRNA,0.0008402688860435339,18,99.92797695262485,GENCODE_v32_ensembl_crossref
LINC02273,ENSG00000245954,lncRNA,0.07734475032010243,1692,93.22583226632523,GENCODE_v32_ensembl_crossref
AC023424.3,ENSG00000287555,lncRNA,0.0015204865556978234,38,99.84795134443021,GENCODE_v32_ensembl_crossref
MIR4453HG,ENSG00000268471,lncRNA,0.004601472471190781,112,99.54785531370038,GENCODE_v32_ensembl_crossref
AC106882.1,ENSG00000248571,lncRNA,0.0010003201024327785,16,99.93597951344431,GENCODE_v32_ensembl_crossref
AC106865.2,ENSG00000287216,lncRNA,0.001440460947503201,36,99.85595390524968,GENCODE_v32_ensembl_crossref
FAM198B-AS1,ENSG00000248429,lncRNA,0.00560179257362356,136,99.45182458386684,GENCODE_v32_ensembl_crossref
AC105285.1,ENSG00000245213,lncRNA,0.0023207426376440463,58,99.7679257362356,GENCODE_v32_ensembl_crossref
AC097534.2,ENSG00000272870,lncRNA,0.008002560819462228,196,99.2157490396927,GENCODE_v32_ensembl_crossref
AC096751.2,ENSG00000251584,lncRNA,0.0008002560819462228,20,99.91997439180538,GENCODE_v32_ensembl_crossref
AC019163.1,ENSG00000248980,lncRNA,0.008802816901408451,216,99.13172215108835,GENCODE_v32_ensembl_crossref
AC078881.1,ENSG00000250131,lncRNA,0.0016005121638924455,39,99.84395006402048,GENCODE_v32_ensembl_crossref
AC107214.1,ENSG00000232648,lncRNA,0.0033610755441741357,82,99.66789372599231,GENCODE_v32_ensembl_crossref
LINC02363,ENSG00000180712,lncRNA,0.0007202304737516005,16,99.93597951344431,GENCODE_v32_ensembl_crossref
LINC02362,ENSG00000249096,lncRNA,0.0007602432778489117,13,99.9479833546735,GENCODE_v32_ensembl_crossref
AC099343.3,ENSG00000271646,lncRNA,0.016965428937259924,411,98.35147247119079,GENCODE_v32_ensembl_crossref
AC084871.1,ENSG00000251139,lncRNA,0.00280089628681178,63,99.74791933418695,GENCODE_v32_ensembl_crossref
AC084871.3,ENSG00000286256,lncRNA,0.0012804097311139564,32,99.8719590268886,GENCODE_v32_ensembl_crossref
MIR3945HG,ENSG00000251230,lncRNA,0.009763124199743917,210,99.151728553137,GENCODE_v32_ensembl_crossref
AC106897.1,ENSG00000249679,lncRNA,0.003481113956466069,83,99.66789372599231,GENCODE_v32_ensembl_crossref
AC093797.1,ENSG00000233110,lncRNA,0.000600192061459667,15,99.93998079385403,GENCODE_v32_ensembl_crossref
FRG1-DT,ENSG00000245685,lncRNA,0.0021206786171574904,52,99.78793213828425,GENCODE_v32_ensembl_crossref
EXOC3-AS1,ENSG00000221990,lncRNA,0.009362996158770807,224,99.10371318822023,GENCODE_v32_ensembl_crossref
AC010442.1,ENSG00000188242,lncRNA,0.009362996158770807,234,99.06370038412292,GENCODE_v32_ensembl_crossref
SLC9A3-AS1,ENSG00000225138,lncRNA,0.0011603713188220231,29,99.88396286811779,GENCODE_v32_ensembl_crossref
AC026748.3,ENSG00000286388,lncRNA,0.0030009603072983356,75,99.69990396927017,GENCODE_v32_ensembl_crossref
AC091978.1,ENSG00000286753,lncRNA,0.003201024327784891,78,99.68389884763124,GENCODE_v32_ensembl_crossref
AC091965.1,ENSG00000249159,lncRNA,0.0010403329065300896,26,99.895966709347,GENCODE_v32_ensembl_crossref
MIR4458HG,ENSG00000247516,lncRNA,0.0038412291933418692,93,99.62788092189501,GENCODE_v32_ensembl_crossref
SNHG18,ENSG00000250786,lncRNA,0.0009603072983354673,24,99.90396927016644,GENCODE_v32_ensembl_crossref
AC012640.2,ENSG00000259802,lncRNA,0.004081306017925736,102,99.59186939820742,GENCODE_v32_ensembl_crossref
AC010491.1,ENSG00000261360,lncRNA,0.001200384122919334,30,99.87996158770807,GENCODE_v32_ensembl_crossref
AC016575.1,ENSG00000272057,lncRNA,0.00048015364916773366,12,99.95198463508322,GENCODE_v32_ensembl_crossref
AC024588.1,ENSG00000246214,lncRNA,0.0012403969270166453,30,99.87596030729834,GENCODE_v32_ensembl_crossref
AC022113.1,ENSG00000250415,lncRNA,0.002400768245838668,60,99.75992317541613,GENCODE_v32_ensembl_crossref
BASP1-AS1,ENSG00000215196,lncRNA,0.0027608834827144687,67,99.731914212548,GENCODE_v32_ensembl_crossref
AC026785.2,ENSG00000248223,lncRNA,0.021486875800256083,504,97.97935339308579,GENCODE_v32_ensembl_crossref
LINC02100,ENSG00000248693,lncRNA,0.0018005761843790013,45,99.8199423815621,GENCODE_v32_ensembl_crossref
C5orf17,ENSG00000248874,lncRNA,0.0019206145966709346,48,99.80793854033291,GENCODE_v32_ensembl_crossref
LINC02211,ENSG00000245662,lncRNA,0.007202304737516005,180,99.2797695262484,GENCODE_v32_ensembl_crossref
AC025181.2,ENSG00000272086,lncRNA,0.0046414852752880926,115,99.53985275288092,GENCODE_v32_ensembl_crossref
AC034231.1,ENSG00000249572,lncRNA,0.002880921895006402,69,99.72391165172856,GENCODE_v32_ensembl_crossref
AC026801.2,ENSG00000272323,lncRNA,0.0019206145966709346,47,99.81193982074264,GENCODE_v32_ensembl_crossref
AC008957.1,ENSG00000250155,lncRNA,0.006642125480153649,166,99.33578745198463,GENCODE_v32_ensembl_crossref
NIPBL-DT,ENSG00000285967,lncRNA,0.028249039692701663,690,97.2351152368758,GENCODE_v32_ensembl_crossref
AC025449.2,ENSG00000286193,lncRNA,0.0015204865556978234,38,99.84795134443021,GENCODE_v32_ensembl_crossref
OXCT1-AS1,ENSG00000248668,lncRNA,0.0013604353393085787,34,99.86395646606914,GENCODE_v32_ensembl_crossref
AC008875.3,ENSG00000287263,lncRNA,0.112395966709347,2491,90.01680537772087,GENCODE_v32_ensembl_crossref
AC008875.2,ENSG00000286656,lncRNA,0.0046414852752880926,115,99.53985275288092,GENCODE_v32_ensembl_crossref
AC025171.1,ENSG00000177738,lncRNA,0.019446222791293214,475,98.09539052496798,GENCODE_v32_ensembl_crossref
AC025171.3,ENSG00000251131,lncRNA,0.03905249679897567,924,96.29881562099872,GENCODE_v32_ensembl_crossref
AC025171.5,ENSG00000272382,lncRNA,0.0015604993597951344,39,99.84395006402048,GENCODE_v32_ensembl_crossref
AC025171.2,ENSG00000215068,lncRNA,0.04041293213828425,964,96.1427656850192,GENCODE_v32_ensembl_crossref
AC114947.2,ENSG00000261604,lncRNA,0.0013204225352112676,33,99.86795774647888,GENCODE_v32_ensembl_crossref
AC114956.3,ENSG00000249492,lncRNA,0.004881562099871959,122,99.5118437900128,GENCODE_v32_ensembl_crossref
NNT-AS1,ENSG00000248092,lncRNA,0.028609154929577465,667,97.32714468629962,GENCODE_v32_ensembl_crossref
AC008966.1,ENSG00000247796,lncRNA,0.0024407810499359793,61,99.75592189500641,GENCODE_v32_ensembl_crossref
AC025175.2,ENSG00000287087,lncRNA,0.001200384122919334,30,99.87996158770807,GENCODE_v32_ensembl_crossref
AC034238.1,ENSG00000240535,lncRNA,0.005841869398207427,141,99.43581946222791,GENCODE_v32_ensembl_crossref
AC008914.1,ENSG00000262211,lncRNA,0.01056338028169014,261,98.95166453265045,GENCODE_v32_ensembl_crossref
AC008892.1,ENSG00000249236,lncRNA,0.003921254801536492,94,99.62387964148527,GENCODE_v32_ensembl_crossref
AC016596.1,ENSG00000227908,lncRNA,0.005241677336747759,129,99.48383482714469,GENCODE_v32_ensembl_crossref
LINC01948,ENSG00000248727,lncRNA,0.0024807938540332905,62,99.75192061459667,GENCODE_v32_ensembl_crossref
AC008937.2,ENSG00000237705,lncRNA,0.002840909090909091,70,99.71991037131882,GENCODE_v32_ensembl_crossref
AC092343.1,ENSG00000247345,lncRNA,0.003241037131882202,80,99.6798975672215,GENCODE_v32_ensembl_crossref
AC010359.3,ENSG00000286314,lncRNA,0.0017605633802816902,43,99.82794494238156,GENCODE_v32_ensembl_crossref
AC025442.1,ENSG00000253744,lncRNA,0.00048015364916773366,12,99.95198463508322,GENCODE_v32_ensembl_crossref
AC146944.4,ENSG00000269983,lncRNA,0.0013204225352112676,33,99.86795774647888,GENCODE_v32_ensembl_crossref
AC035140.1,ENSG00000249085,lncRNA,0.00048015364916773366,12,99.95198463508322,GENCODE_v32_ensembl_crossref
AC099522.2,ENSG00000272525,lncRNA,0.0023607554417413574,58,99.7679257362356,GENCODE_v32_ensembl_crossref
AC010501.2,ENSG00000271714,lncRNA,0.0008002560819462228,20,99.91997439180538,GENCODE_v32_ensembl_crossref
AC116337.3,ENSG00000249856,lncRNA,0.000560179257362356,14,99.94398207426376,GENCODE_v32_ensembl_crossref
AC008897.2,ENSG00000247372,lncRNA,0.0008402688860435339,19,99.92397567221511,GENCODE_v32_ensembl_crossref
ZBED3-AS1,ENSG00000250802,lncRNA,0.001120358514724712,28,99.88796414852753,GENCODE_v32_ensembl_crossref
SCAMP1-AS1,ENSG00000245556,lncRNA,0.02600832266325224,622,97.5032010243278,GENCODE_v32_ensembl_crossref
AC012636.1,ENSG00000249825,lncRNA,0.0011603713188220231,29,99.88396286811779,GENCODE_v32_ensembl_crossref
AC010260.1,ENSG00000251675,lncRNA,0.0007602432778489117,18,99.92397567221511,GENCODE_v32_ensembl_crossref
AC008771.1,ENSG00000249042,lncRNA,0.004081306017925736,99,99.60387323943662,GENCODE_v32_ensembl_crossref
RASGRF2-AS1,ENSG00000251450,lncRNA,0.0012403969270166453,31,99.87596030729834,GENCODE_v32_ensembl_crossref
CKMT2-AS1,ENSG00000247572,lncRNA,0.010963508322663252,265,98.93966069142125,GENCODE_v32_ensembl_crossref
AC104118.1,ENSG00000271862,lncRNA,0.0008002560819462228,20,99.91997439180538,GENCODE_v32_ensembl_crossref
VCAN-AS1,ENSG00000249835,lncRNA,0.0011603713188220231,28,99.88796414852753,GENCODE_v32_ensembl_crossref
AC018754.1,ENSG00000285190,lncRNA,0.012684058898847632,305,98.76360435339309,GENCODE_v32_ensembl_crossref
TMEM161B-AS1,ENSG00000247828,lncRNA,0.04917573623559539,1165,95.33050576184378,GENCODE_v32_ensembl_crossref
MEF2C-AS2,ENSG00000245864,lncRNA,0.0008802816901408451,22,99.91197183098592,GENCODE_v32_ensembl_crossref
MEF2C-AS1,ENSG00000248309,lncRNA,0.003961267605633803,95,99.61987836107554,GENCODE_v32_ensembl_crossref
AC093510.1,ENSG00000255647,lncRNA,0.004881562099871959,119,99.523847631242,GENCODE_v32_ensembl_crossref
LUCAT1,ENSG00000248323,lncRNA,0.04013284250960307,804,96.77496798975672,GENCODE_v32_ensembl_crossref
AC123595.1,ENSG00000234292,lncRNA,0.0029209346991037133,71,99.7159090909091,GENCODE_v32_ensembl_crossref
AC123595.2,ENSG00000286638,lncRNA,0.0008402688860435339,21,99.91597311139564,GENCODE_v32_ensembl_crossref
ARRDC3-AS1,ENSG00000281357,lncRNA,0.008242637644046095,203,99.18774007682458,GENCODE_v32_ensembl_crossref
AC114980.1,ENSG00000251023,lncRNA,0.00316101152368758,78,99.68790012804098,GENCODE_v32_ensembl_crossref
AC117528.1,ENSG00000286577,lncRNA,0.0008802816901408451,22,99.91197183098592,GENCODE_v32_ensembl_crossref
AC008840.1,ENSG00000250240,lncRNA,0.001440460947503201,36,99.85595390524968,GENCODE_v32_ensembl_crossref
LINC01554,ENSG00000236882,lncRNA,0.0012804097311139564,32,99.8719590268886,GENCODE_v32_ensembl_crossref
AC020900.1,ENSG00000249180,lncRNA,0.0006802176696542894,17,99.93197823303457,GENCODE_v32_ensembl_crossref
AC008906.1,ENSG00000248734,lncRNA,0.0024807938540332905,61,99.75192061459667,GENCODE_v32_ensembl_crossref
AC008906.2,ENSG00000272109,lncRNA,0.0013604353393085787,34,99.86395646606914,GENCODE_v32_ensembl_crossref
AC009126.1,ENSG00000247121,lncRNA,0.01232394366197183,294,98.8156209987196,GENCODE_v32_ensembl_crossref
AC008522.1,ENSG00000279232,lncRNA,0.0032810499359795134,80,99.6798975672215,GENCODE_v32_ensembl_crossref
LINC02062,ENSG00000248489,lncRNA,0.0021206786171574904,52,99.79193341869397,GENCODE_v32_ensembl_crossref
LINC01023,ENSG00000272523,lncRNA,0.003681177976952625,88,99.64788732394366,GENCODE_v32_ensembl_crossref
AC008467.1,ENSG00000249476,lncRNA,0.0019206145966709346,47,99.80793854033291,GENCODE_v32_ensembl_crossref
STARD4-AS1,ENSG00000246859,lncRNA,0.00280089628681178,69,99.72391165172856,GENCODE_v32_ensembl_crossref
EPB41L4A-AS1,ENSG00000224032,lncRNA,0.18381882202304736,4025,83.8868437900128,GENCODE_v32_ensembl_crossref
AC008494.3,ENSG00000271797,lncRNA,0.0016005121638924455,40,99.83994878361075,GENCODE_v32_ensembl_crossref
AC010226.1,ENSG00000249249,lncRNA,0.01584507042253521,390,98.43549935979513,GENCODE_v32_ensembl_crossref
AC008549.2,ENSG00000249021,lncRNA,0.0016805377720870679,42,99.83194622279129,GENCODE_v32_ensembl_crossref
AC034236.2,ENSG00000271918,lncRNA,0.008202624839948783,201,99.19574263764405,GENCODE_v32_ensembl_crossref
SEMA6A-AS1,ENSG00000248445,lncRNA,0.0008402688860435339,21,99.91597311139564,GENCODE_v32_ensembl_crossref
AC093535.1,ENSG00000250602,lncRNA,0.0014804737516005122,37,99.85195262483995,GENCODE_v32_ensembl_crossref
AC011416.3,ENSG00000283897,lncRNA,0.002240717029449424,56,99.77592829705506,GENCODE_v32_ensembl_crossref
LINC01184,ENSG00000245937,lncRNA,0.050776248399487835,1217,95.12243918053778,GENCODE_v32_ensembl_crossref
MIR3936HG,ENSG00000233006,lncRNA,0.007922535211267605,193,99.2277528809219,GENCODE_v32_ensembl_crossref
C5orf56,ENSG00000197536,lncRNA,0.1746158770806658,3792,84.81113956466069,GENCODE_v32_ensembl_crossref
AC116366.2,ENSG00000238160,lncRNA,0.003641165172855314,91,99.63588348271448,GENCODE_v32_ensembl_crossref
AC116366.1,ENSG00000234290,lncRNA,0.00808258642765685,195,99.21975032010243,GENCODE_v32_ensembl_crossref
AC010240.3,ENSG00000272023,lncRNA,0.0007202304737516005,18,99.92797695262485,GENCODE_v32_ensembl_crossref
AC113410.4,ENSG00000286408,lncRNA,0.007402368758002561,181,99.2677656850192,GENCODE_v32_ensembl_crossref
AC008608.2,ENSG00000271737,lncRNA,0.006201984635083226,149,99.40380921895007,GENCODE_v32_ensembl_crossref
AC104109.2,ENSG00000270177,lncRNA,0.0018005761843790013,44,99.8199423815621,GENCODE_v32_ensembl_crossref
AC109454.2,ENSG00000248559,lncRNA,0.0010803457106274008,26,99.89196542893725,GENCODE_v32_ensembl_crossref
C5orf66,ENSG00000224186,lncRNA,0.0025208066581306017,62,99.74791933418695,GENCODE_v32_ensembl_crossref
AC106791.1,ENSG00000250159,lncRNA,0.010483354673495518,257,98.9716709346991,GENCODE_v32_ensembl_crossref
SNHG4,ENSG00000281398,lncRNA,0.005161651728553137,121,99.5118437900128,GENCODE_v32_ensembl_crossref
AC135457.1,ENSG00000272742,lncRNA,0.02108674775928297,519,97.92333546734955,GENCODE_v32_ensembl_crossref
MALINC1,ENSG00000245146,lncRNA,0.007522407170294494,187,99.25176056338029,GENCODE_v32_ensembl_crossref
AC011379.2,ENSG00000254363,lncRNA,0.002040653008962868,50,99.79993597951345,GENCODE_v32_ensembl_crossref
AC011379.1,ENSG00000250069,lncRNA,0.0010803457106274008,27,99.89196542893725,GENCODE_v32_ensembl_crossref
AC008438.1,ENSG00000249637,lncRNA,0.006762163892445583,167,99.32778489116517,GENCODE_v32_ensembl_crossref
JAKMIP2-AS1,ENSG00000280780,lncRNA,0.0035611395646606915,89,99.64388604353394,GENCODE_v32_ensembl_crossref
AC011346.1,ENSG00000247199,lncRNA,0.004081306017925736,101,99.59587067861716,GENCODE_v32_ensembl_crossref
GRPEL2-AS1,ENSG00000253618,lncRNA,0.00044014084507042255,11,99.95598591549296,GENCODE_v32_ensembl_crossref
AC091982.3,ENSG00000275765,lncRNA,0.00668213828425096,165,99.33578745198463,GENCODE_v32_ensembl_crossref
SAP30L-AS1,ENSG00000245275,lncRNA,0.0031209987195902687,77,99.6919014084507,GENCODE_v32_ensembl_crossref
AC009185.1,ENSG00000253653,lncRNA,0.0027608834827144687,69,99.72391165172856,GENCODE_v32_ensembl_crossref
LINC02202,ENSG00000245812,lncRNA,0.0030809859154929575,73,99.70790653008963,GENCODE_v32_ensembl_crossref
AC008691.1,ENSG00000249738,lncRNA,0.0014804737516005122,37,99.85195262483995,GENCODE_v32_ensembl_crossref
MIR3142HG,ENSG00000253522,lncRNA,0.0016005121638924455,39,99.84395006402048,GENCODE_v32_ensembl_crossref
LINC01366,ENSG00000235172,lncRNA,0.001120358514724712,28,99.88796414852753,GENCODE_v32_ensembl_crossref
AC034199.1,ENSG00000250274,lncRNA,0.0008802816901408451,20,99.91597311139564,GENCODE_v32_ensembl_crossref
AC022217.3,ENSG00000253736,lncRNA,0.0007602432778489117,19,99.92397567221511,GENCODE_v32_ensembl_crossref
AC146507.3,ENSG00000286634,lncRNA,0.0021206786171574904,52,99.79193341869397,GENCODE_v32_ensembl_crossref
AC139795.2,ENSG00000247679,lncRNA,0.0022007042253521128,54,99.78393085787451,GENCODE_v32_ensembl_crossref
AC106795.2,ENSG00000249684,lncRNA,0.0010803457106274008,27,99.89196542893725,GENCODE_v32_ensembl_crossref
FAM153CP,ENSG00000204677,lncRNA,0.03837227912932138,874,96.49887964148527,GENCODE_v32_ensembl_crossref
AC008393.1,ENSG00000245317,lncRNA,0.0026808578745198463,65,99.73991677336748,GENCODE_v32_ensembl_crossref
AC008610.1,ENSG00000248367,lncRNA,0.002000640204865557,50,99.79993597951345,GENCODE_v32_ensembl_crossref
HEIH,ENSG00000278970,lncRNA,0.049335787451984636,1170,95.31450064020487,GENCODE_v32_ensembl_crossref
LINC00847,ENSG00000245060,lncRNA,0.017845710627400767,434,98.2634443021767,GENCODE_v32_ensembl_crossref
AC022413.2,ENSG00000286128,lncRNA,0.0012804097311139564,32,99.8719590268886,GENCODE_v32_ensembl_crossref
LINC01962,ENSG00000248473,lncRNA,0.002560819462227913,63,99.74391805377721,GENCODE_v32_ensembl_crossref
AC008443.5,ENSG00000250222,lncRNA,0.007122279129321383,168,99.32778489116517,GENCODE_v32_ensembl_crossref
AC008443.9,ENSG00000286644,lncRNA,0.0018806017925736235,47,99.81193982074264,GENCODE_v32_ensembl_crossref
AC008443.1,ENSG00000233937,lncRNA,0.014684699103713188,356,98.57154289372599,GENCODE_v32_ensembl_crossref
TRIM52-AS1,ENSG00000248275,lncRNA,0.09887163892445583,2245,91.00912291933419,GENCODE_v32_ensembl_crossref
AC138035.1,ENSG00000238035,lncRNA,0.001120358514724712,28,99.88796414852753,GENCODE_v32_ensembl_crossref
AL365272.1,ENSG00000287265,lncRNA,0.005401728553137004,129,99.48383482714469,GENCODE_v32_ensembl_crossref
AL357054.2,ENSG00000271727,lncRNA,0.0006402048655569782,16,99.93597951344431,GENCODE_v32_ensembl_crossref
AL357054.4,ENSG00000272463,lncRNA,0.004241357234314981,101,99.59186939820742,GENCODE_v32_ensembl_crossref
GMDS-DT,ENSG00000250903,lncRNA,0.0308898847631242,755,96.97503201024328,GENCODE_v32_ensembl_crossref
SERPINB9P1,ENSG00000230438,lncRNA,0.012764084507042254,308,98.76760563380282,GENCODE_v32_ensembl_crossref
LINC01011,ENSG00000244041,lncRNA,0.008722791293213829,213,99.14372599231754,GENCODE_v32_ensembl_crossref
AL031963.3,ENSG00000272277,lncRNA,0.012163892445582587,299,98.8036171574904,GENCODE_v32_ensembl_crossref
AL391422.4,ENSG00000270504,lncRNA,0.0007202304737516005,18,99.92797695262485,GENCODE_v32_ensembl_crossref
AL359643.3,ENSG00000272142,lncRNA,0.002560819462227913,64,99.74391805377721,GENCODE_v32_ensembl_crossref
LY86-AS1,ENSG00000216863,lncRNA,0.004001280409731114,99,99.60387323943662,GENCODE_v32_ensembl_crossref
HULC,ENSG00000285219,lncRNA,0.00280089628681178,68,99.72791293213828,GENCODE_v32_ensembl_crossref
AL008729.1,ENSG00000215022,lncRNA,0.0012403969270166453,31,99.87596030729834,GENCODE_v32_ensembl_crossref
AL441883.1,ENSG00000261071,lncRNA,0.002040653008962868,51,99.79593469910371,GENCODE_v32_ensembl_crossref
AL109914.1,ENSG00000229646,lncRNA,0.0017605633802816902,43,99.82794494238156,GENCODE_v32_ensembl_crossref
AL136162.1,ENSG00000271888,lncRNA,0.0022007042253521128,53,99.78793213828425,GENCODE_v32_ensembl_crossref
JARID2-AS1,ENSG00000235488,lncRNA,0.0030009603072983356,72,99.7039052496799,GENCODE_v32_ensembl_crossref
AL137003.1,ENSG00000229931,lncRNA,0.006602112676056338,160,99.3557938540333,GENCODE_v32_ensembl_crossref
AL137003.2,ENSG00000272341,lncRNA,0.0009603072983354673,24,99.90396927016644,GENCODE_v32_ensembl_crossref
AL138824.1,ENSG00000286885,lncRNA,0.0031209987195902687,77,99.6919014084507,GENCODE_v32_ensembl_crossref
AL138724.1,ENSG00000272269,lncRNA,0.009362996158770807,229,99.08370678617158,GENCODE_v32_ensembl_crossref
CASC15,ENSG00000272168,lncRNA,0.001720550576184379,42,99.82794494238156,GENCODE_v32_ensembl_crossref
AL031775.1,ENSG00000272345,lncRNA,0.0010403329065300896,26,99.895966709347,GENCODE_v32_ensembl_crossref
LINC02828,ENSG00000224164,lncRNA,0.0030009603072983356,74,99.7039052496799,GENCODE_v32_ensembl_crossref
U91328.2,ENSG00000272558,lncRNA,0.0020806658130601793,52,99.79193341869397,GENCODE_v32_ensembl_crossref
U91328.1,ENSG00000272462,lncRNA,0.004761523687580025,116,99.5358514724712,GENCODE_v32_ensembl_crossref
AL353759.1,ENSG00000283064,lncRNA,0.004521446862996159,112,99.5518565941101,GENCODE_v32_ensembl_crossref
HCG11,ENSG00000228223,lncRNA,0.014644686299615878,349,98.60355313700384,GENCODE_v32_ensembl_crossref
AL513548.4,ENSG00000285571,lncRNA,0.0006402048655569782,16,99.93597951344431,GENCODE_v32_ensembl_crossref
AL513548.1,ENSG00000261584,lncRNA,0.0014804737516005122,37,99.85195262483995,GENCODE_v32_ensembl_crossref
AL021918.4,ENSG00000285849,lncRNA,0.00560179257362356,138,99.4478233034571,GENCODE_v32_ensembl_crossref
AL009179.1,ENSG00000281706,lncRNA,0.0022007042253521128,53,99.78393085787451,GENCODE_v32_ensembl_crossref
AL009179.2,ENSG00000287252,lncRNA,0.001440460947503201,36,99.85595390524968,GENCODE_v32_ensembl_crossref
ZSCAN16-AS1,ENSG00000269293,lncRNA,0.06262003841229194,1479,94.07410371318822,GENCODE_v32_ensembl_crossref
AL121944.1,ENSG00000272009,lncRNA,0.04841549295774648,1127,95.4865556978233,GENCODE_v32_ensembl_crossref
AL358933.1,ENSG00000261839,lncRNA,0.0014804737516005122,36,99.85595390524968,GENCODE_v32_ensembl_crossref
HLA-F-AS1,ENSG00000214922,lncRNA,0.02308738796414853,552,97.79129321382842,GENCODE_v32_ensembl_crossref
AL645939.5,ENSG00000285761,lncRNA,0.002560819462227913,63,99.74791933418695,GENCODE_v32_ensembl_crossref
HCG18,ENSG00000231074,lncRNA,0.09006882202304738,2062,91.74135723431498,GENCODE_v32_ensembl_crossref
LINC02569,ENSG00000235781,lncRNA,0.0010003201024327785,25,99.89996798975672,GENCODE_v32_ensembl_crossref
MDC1-AS1,ENSG00000224328,lncRNA,0.004161331626120359,102,99.59186939820742,GENCODE_v32_ensembl_crossref
AL662797.1,ENSG00000272540,lncRNA,0.006081946222791294,149,99.39980793854033,GENCODE_v32_ensembl_crossref
IER3-AS1,ENSG00000272273,lncRNA,0.003201024327784891,78,99.68790012804098,GENCODE_v32_ensembl_crossref
LINC00243,ENSG00000214894,lncRNA,0.014244558258642766,346,98.61555697823303,GENCODE_v32_ensembl_crossref
AL662844.4,ENSG00000272501,lncRNA,0.061179577464788734,1423,94.29817541613316,GENCODE_v32_ensembl_crossref
HCG27,ENSG00000206344,lncRNA,0.00280089628681178,69,99.72391165172856,GENCODE_v32_ensembl_crossref
AL645933.2,ENSG00000272221,lncRNA,0.0018806017925736235,46,99.81193982074264,GENCODE_v32_ensembl_crossref
HCP5,ENSG00000206337,lncRNA,0.058098591549295774,1363,94.54625480153649,GENCODE_v32_ensembl_crossref
AL645933.3,ENSG00000286940,lncRNA,0.002040653008962868,51,99.79593469910371,GENCODE_v32_ensembl_crossref
C6orf47-AS1,ENSG00000227198,lncRNA,0.000560179257362356,14,99.94398207426376,GENCODE_v32_ensembl_crossref
SNHG32,ENSG00000204387,lncRNA,0.2104673495518566,4481,82.06225992317542,GENCODE_v32_ensembl_crossref
AL662884.3,ENSG00000284954,lncRNA,0.00280089628681178,69,99.72391165172856,GENCODE_v32_ensembl_crossref
TSBP1-AS1,ENSG00000225914,lncRNA,0.0021606914212548016,51,99.79593469910371,GENCODE_v32_ensembl_crossref
HLA-DQB1-AS1,ENSG00000223534,lncRNA,0.0021606914212548016,53,99.78793213828425,GENCODE_v32_ensembl_crossref
PSMB8-AS1,ENSG00000204261,lncRNA,0.147247119078105,3299,86.79577464788733,GENCODE_v32_ensembl_crossref
AL645941.3,ENSG00000263756,lncRNA,0.009883162612035852,241,99.03169014084507,GENCODE_v32_ensembl_crossref
HCG25,ENSG00000232940,lncRNA,0.006241997439180537,154,99.38380281690141,GENCODE_v32_ensembl_crossref
SYNGAP1-AS1,ENSG00000274259,lncRNA,0.003921254801536492,95,99.61987836107554,GENCODE_v32_ensembl_crossref
AL354740.1,ENSG00000225339,lncRNA,0.010203265044814341,250,98.99967989756722,GENCODE_v32_ensembl_crossref
AL451165.2,ENSG00000272288,lncRNA,0.024367797695262483,586,97.65124839948783,GENCODE_v32_ensembl_crossref
Z84485.1,ENSG00000246982,lncRNA,0.002400768245838668,60,99.75992317541613,GENCODE_v32_ensembl_crossref
LINC02520,ENSG00000204110,lncRNA,0.004081306017925736,99,99.59987195902688,GENCODE_v32_ensembl_crossref
AL121574.1,ENSG00000225945,lncRNA,0.0033610755441741357,84,99.66389244558259,GENCODE_v32_ensembl_crossref
AL513008.1,ENSG00000223946,lncRNA,0.0010803457106274008,27,99.89196542893725,GENCODE_v32_ensembl_crossref
AL035587.2,ENSG00000287825,lncRNA,0.012123879641485275,295,98.81962227912933,GENCODE_v32_ensembl_crossref
AL035587.1,ENSG00000231113,lncRNA,0.002840909090909091,69,99.72391165172856,GENCODE_v32_ensembl_crossref
AL359813.1,ENSG00000287055,lncRNA,0.001440460947503201,36,99.85595390524968,GENCODE_v32_ensembl_crossref
AL355802.3,ENSG00000271754,lncRNA,0.0009603072983354673,24,99.90396927016644,GENCODE_v32_ensembl_crossref
AL109615.3,ENSG00000237686,lncRNA,0.0012804097311139564,31,99.87596030729834,GENCODE_v32_ensembl_crossref
AL109615.2,ENSG00000231881,lncRNA,0.006962227912932138,162,99.34779129321383,GENCODE_v32_ensembl_crossref
AL096865.1,ENSG00000271857,lncRNA,0.0032810499359795134,80,99.6798975672215,GENCODE_v32_ensembl_crossref
AL035701.1,ENSG00000231769,lncRNA,0.01196382842509603,295,98.81962227912933,GENCODE_v32_ensembl_crossref
AL355353.1,ENSG00000270761,lncRNA,0.002880921895006402,72,99.71190781049935,GENCODE_v32_ensembl_crossref
TRAM2-AS1,ENSG00000225791,lncRNA,0.005361715749039693,133,99.46782970550576,GENCODE_v32_ensembl_crossref
AL590652.1,ENSG00000227885,lncRNA,0.0010403329065300896,24,99.90396927016644,GENCODE_v32_ensembl_crossref
ZNF451-AS1,ENSG00000226803,lncRNA,0.0029209346991037133,72,99.71190781049935,GENCODE_v32_ensembl_crossref
AL021368.2,ENSG00000272316,lncRNA,0.006562099871959027,159,99.35979513444302,GENCODE_v32_ensembl_crossref
AL135905.1,ENSG00000266680,lncRNA,0.003401088348271447,84,99.66389244558259,GENCODE_v32_ensembl_crossref
AL391807.1,ENSG00000230910,lncRNA,0.004521446862996159,105,99.57986555697823,GENCODE_v32_ensembl_crossref
AL589935.1,ENSG00000232295,lncRNA,0.005841869398207427,143,99.42381562099872,GENCODE_v32_ensembl_crossref
AC019205.1,ENSG00000229852,lncRNA,0.004161331626120359,101,99.59186939820742,GENCODE_v32_ensembl_crossref
AL121972.1,ENSG00000229862,lncRNA,0.0006402048655569782,16,99.93597951344431,GENCODE_v32_ensembl_crossref
AL590428.1,ENSG00000231652,lncRNA,0.0005201664532650448,13,99.9479833546735,GENCODE_v32_ensembl_crossref
AL080250.1,ENSG00000225793,lncRNA,0.006241997439180537,155,99.37580025608194,GENCODE_v32_ensembl_crossref
AL356776.2,ENSG00000286340,lncRNA,0.0018806017925736235,47,99.81193982074264,GENCODE_v32_ensembl_crossref
HMGN3-AS1,ENSG00000270362,lncRNA,0.0014804737516005122,35,99.85595390524968,GENCODE_v32_ensembl_crossref
SNHG5,ENSG00000203875,lncRNA,0.5185659411011524,9199,63.1682138284251,GENCODE_v32_ensembl_crossref
AL139274.2,ENSG00000272008,lncRNA,0.0035611395646606915,85,99.65188860435339,GENCODE_v32_ensembl_crossref
AL353135.1,ENSG00000271931,lncRNA,0.00140044814340589,34,99.86395646606914,GENCODE_v32_ensembl_crossref
AL096678.1,ENSG00000228124,lncRNA,0.001960627400768246,47,99.81193982074264,GENCODE_v32_ensembl_crossref
AL121787.1,ENSG00000226455,lncRNA,0.02564820742637644,602,97.5832266325224,GENCODE_v32_ensembl_crossref
AL158136.1,ENSG00000287789,lncRNA,0.0022007042253521128,53,99.78793213828425,GENCODE_v32_ensembl_crossref
MANEA-DT,ENSG00000261366,lncRNA,0.013844430217669654,338,98.64356594110116,GENCODE_v32_ensembl_crossref
AL513550.1,ENSG00000228506,lncRNA,0.010603393085787453,261,98.95566581306018,GENCODE_v32_ensembl_crossref
AL133338.1,ENSG00000260000,lncRNA,0.0050816261203585145,123,99.50384122919334,GENCODE_v32_ensembl_crossref
AL133406.2,ENSG00000231628,lncRNA,0.0007202304737516005,18,99.92797695262485,GENCODE_v32_ensembl_crossref
AL022067.1,ENSG00000269919,lncRNA,0.0005201664532650448,12,99.95198463508322,GENCODE_v32_ensembl_crossref
AL024507.2,ENSG00000272476,lncRNA,0.002640845070422535,64,99.73991677336748,GENCODE_v32_ensembl_crossref
Z98742.4,ENSG00000286562,lncRNA,0.0005201664532650448,13,99.9479833546735,GENCODE_v32_ensembl_crossref
AL139106.1,ENSG00000287044,lncRNA,0.0008002560819462228,19,99.92397567221511,GENCODE_v32_ensembl_crossref
AL390208.1,ENSG00000271730,lncRNA,0.0010803457106274008,27,99.89196542893725,GENCODE_v32_ensembl_crossref
AL359711.2,ENSG00000260273,lncRNA,0.007482394366197183,185,99.25576184379001,GENCODE_v32_ensembl_crossref
AL109947.1,ENSG00000223537,lncRNA,0.0008402688860435339,21,99.91597311139564,GENCODE_v32_ensembl_crossref
AL080317.2,ENSG00000272356,lncRNA,0.001120358514724712,28,99.88796414852753,GENCODE_v32_ensembl_crossref
TRAF3IP2-AS1,ENSG00000231889,lncRNA,0.01264404609475032,312,98.75160051216389,GENCODE_v32_ensembl_crossref
LINC02541,ENSG00000230943,lncRNA,0.0008002560819462228,19,99.92397567221511,GENCODE_v32_ensembl_crossref
HDAC2-AS2,ENSG00000228624,lncRNA,0.0010003201024327785,24,99.90396927016644,GENCODE_v32_ensembl_crossref
AL590550.1,ENSG00000287097,lncRNA,0.003040973111395647,73,99.70790653008963,GENCODE_v32_ensembl_crossref
AL137009.1,ENSG00000253194,lncRNA,0.005001600512163892,124,99.50384122919334,GENCODE_v32_ensembl_crossref
RNF217-AS1,ENSG00000236548,lncRNA,0.0008402688860435339,18,99.92397567221511,GENCODE_v32_ensembl_crossref
AL590006.1,ENSG00000227945,lncRNA,0.0023207426376440463,56,99.77192701664532,GENCODE_v32_ensembl_crossref
AL355581.1,ENSG00000227678,lncRNA,0.0023207426376440463,57,99.77192701664532,GENCODE_v32_ensembl_crossref
AL591115.1,ENSG00000286438,lncRNA,0.0010403329065300896,20,99.91997439180538,GENCODE_v32_ensembl_crossref
AL355881.1,ENSG00000286887,lncRNA,0.006802176696542894,156,99.35979513444302,GENCODE_v32_ensembl_crossref
LINC00271,ENSG00000231028,lncRNA,0.003040973111395647,73,99.70790653008963,GENCODE_v32_ensembl_crossref
AL360178.1,ENSG00000286313,lncRNA,0.006722151088348271,162,99.34779129321383,GENCODE_v32_ensembl_crossref
AL121933.2,ENSG00000286646,lncRNA,0.008962868117797696,213,99.14772727272727,GENCODE_v32_ensembl_crossref
WAKMAR2,ENSG00000237499,lncRNA,0.05545774647887324,1276,94.88236235595392,GENCODE_v32_ensembl_crossref
AL590617.2,ENSG00000225177,lncRNA,0.0046414852752880926,113,99.54785531370038,GENCODE_v32_ensembl_crossref
AL031772.1,ENSG00000231329,lncRNA,0.006282010243277849,156,99.37580025608194,GENCODE_v32_ensembl_crossref
AL592429.2,ENSG00000226571,lncRNA,0.0029209346991037133,67,99.731914212548,GENCODE_v32_ensembl_crossref
AL355304.1,ENSG00000232618,lncRNA,0.001200384122919334,30,99.87996158770807,GENCODE_v32_ensembl_crossref
HYMAI,ENSG00000283122,lncRNA,0.0013604353393085787,33,99.86395646606914,GENCODE_v32_ensembl_crossref
AL356599.1,ENSG00000235652,lncRNA,0.006081946222791294,147,99.41181177976952,GENCODE_v32_ensembl_crossref
STXBP5-AS1,ENSG00000233452,lncRNA,0.003961267605633803,98,99.60787451984635,GENCODE_v32_ensembl_crossref
AL031056.1,ENSG00000228408,lncRNA,0.000560179257362356,11,99.95598591549296,GENCODE_v32_ensembl_crossref
AL358852.1,ENSG00000278899,lncRNA,0.0046414852752880926,114,99.5358514724712,GENCODE_v32_ensembl_crossref
AL450344.3,ENSG00000232891,lncRNA,0.002280729833546735,56,99.77592829705506,GENCODE_v32_ensembl_crossref
AL080276.2,ENSG00000227627,lncRNA,0.018725992317541615,451,98.19542253521126,GENCODE_v32_ensembl_crossref
AL589693.1,ENSG00000287092,lncRNA,0.001200384122919334,29,99.87996158770807,GENCODE_v32_ensembl_crossref
AL355297.4,ENSG00000271551,lncRNA,0.000560179257362356,14,99.94398207426376,GENCODE_v32_ensembl_crossref
AL117344.2,ENSG00000286482,lncRNA,0.0010803457106274008,27,99.89196542893725,GENCODE_v32_ensembl_crossref
AL391863.1,ENSG00000229502,lncRNA,0.002240717029449424,54,99.77992957746478,GENCODE_v32_ensembl_crossref
AL035634.1,ENSG00000236324,lncRNA,0.0006802176696542894,17,99.93197823303457,GENCODE_v32_ensembl_crossref
AL627422.2,ENSG00000285159,lncRNA,0.001720550576184379,43,99.82794494238156,GENCODE_v32_ensembl_crossref
C6orf99,ENSG00000203711,lncRNA,0.012403969270166453,301,98.78761203585147,GENCODE_v32_ensembl_crossref
AL035530.2,ENSG00000271913,lncRNA,0.057298335467349554,1334,94.6622919334187,GENCODE_v32_ensembl_crossref
AL356417.3,ENSG00000285492,lncRNA,0.0015204865556978234,38,99.84795134443021,GENCODE_v32_ensembl_crossref
SOD2-OT1,ENSG00000285427,lncRNA,0.0011603713188220231,29,99.88396286811779,GENCODE_v32_ensembl_crossref
AIRN,ENSG00000268257,lncRNA,0.0010403329065300896,26,99.895966709347,GENCODE_v32_ensembl_crossref
AL139393.3,ENSG00000272841,lncRNA,0.004601472471190781,110,99.55985915492957,GENCODE_v32_ensembl_crossref
CAHM,ENSG00000270419,lncRNA,0.00804257362355954,197,99.21174775928297,GENCODE_v32_ensembl_crossref
AL022069.3,ENSG00000286760,lncRNA,0.006081946222791294,150,99.39980793854033,GENCODE_v32_ensembl_crossref
AL022069.1,ENSG00000261420,lncRNA,0.0012403969270166453,31,99.87596030729834,GENCODE_v32_ensembl_crossref
Z94721.1,ENSG00000227598,lncRNA,0.006121959026888604,151,99.39580665813061,GENCODE_v32_ensembl_crossref
Z94721.3,ENSG00000285730,lncRNA,0.0019206145966709346,45,99.81594110115238,GENCODE_v32_ensembl_crossref
AL121935.1,ENSG00000284825,lncRNA,0.001720550576184379,42,99.83194622279129,GENCODE_v32_ensembl_crossref
BX322234.1,ENSG00000226445,lncRNA,0.0014804737516005122,37,99.85195262483995,GENCODE_v32_ensembl_crossref
AL354892.3,ENSG00000266896,lncRNA,0.0007202304737516005,18,99.92797695262485,GENCODE_v32_ensembl_crossref
AC215522.2,ENSG00000282572,lncRNA,0.00560179257362356,134,99.45182458386684,GENCODE_v32_ensembl_crossref
AC093627.5,ENSG00000242474,lncRNA,0.006442061459667093,160,99.35979513444302,GENCODE_v32_ensembl_crossref
AC093627.4,ENSG00000240859,lncRNA,0.0027208706786171575,67,99.72791293213828,GENCODE_v32_ensembl_crossref
AC147651.1,ENSG00000223855,lncRNA,0.01056338028169014,212,99.14772727272727,GENCODE_v32_ensembl_crossref
AC147651.4,ENSG00000237181,lncRNA,0.003040973111395647,76,99.69590268886044,GENCODE_v32_ensembl_crossref
AC073957.3,ENSG00000273151,lncRNA,0.0008002560819462228,20,99.91997439180538,GENCODE_v32_ensembl_crossref
AC091729.3,ENSG00000229043,lncRNA,0.012764084507042254,301,98.7916133162612,GENCODE_v32_ensembl_crossref
PSMG3-AS1,ENSG00000230487,lncRNA,0.00944302176696543,227,99.0877080665813,GENCODE_v32_ensembl_crossref
ELFN1-AS1,ENSG00000236081,lncRNA,0.0007202304737516005,18,99.92797695262485,GENCODE_v32_ensembl_crossref
AC004906.1,ENSG00000237286,lncRNA,0.00916293213828425,228,99.0877080665813,GENCODE_v32_ensembl_crossref
AC072054.1,ENSG00000286874,lncRNA,0.0015604993597951344,39,99.84395006402048,GENCODE_v32_ensembl_crossref
AC092428.1,ENSG00000287665,lncRNA,0.0024407810499359793,60,99.75992317541613,GENCODE_v32_ensembl_crossref
AC004982.2,ENSG00000272894,lncRNA,0.005841869398207427,143,99.42781690140845,GENCODE_v32_ensembl_crossref
AC073332.1,ENSG00000237773,lncRNA,0.03453104993597951,802,96.79097311139564,GENCODE_v32_ensembl_crossref
AC005083.1,ENSG00000233834,lncRNA,0.0018005761843790013,42,99.83194622279129,GENCODE_v32_ensembl_crossref
AC004130.2,ENSG00000271133,lncRNA,0.001120358514724712,26,99.895966709347,GENCODE_v32_ensembl_crossref
AC005682.2,ENSG00000286703,lncRNA,0.0010403329065300896,26,99.895966709347,GENCODE_v32_ensembl_crossref
SNHG26,ENSG00000228649,lncRNA,0.01124359795134443,269,98.91965428937259,GENCODE_v32_ensembl_crossref
AC005082.1,ENSG00000226816,lncRNA,0.0010803457106274008,26,99.895966709347,GENCODE_v32_ensembl_crossref
AC004540.1,ENSG00000214870,lncRNA,0.0009202944942381563,23,99.90797055057618,GENCODE_v32_ensembl_crossref
HOTAIRM1,ENSG00000233429,lncRNA,0.11283610755441742,2409,90.356914212548,GENCODE_v32_ensembl_crossref
JAZF1-AS1,ENSG00000234336,lncRNA,0.0009202944942381563,22,99.91197183098592,GENCODE_v32_ensembl_crossref
AC007285.1,ENSG00000227014,lncRNA,0.0016005121638924455,40,99.83994878361075,GENCODE_v32_ensembl_crossref
LINC01176,ENSG00000281404,lncRNA,0.001720550576184379,42,99.83194622279129,GENCODE_v32_ensembl_crossref
GARS-DT,ENSG00000196295,lncRNA,0.05609795134443022,1313,94.71830985915493,GENCODE_v32_ensembl_crossref
AC018647.2,ENSG00000271122,lncRNA,0.007442381562099872,179,99.28377080665814,GENCODE_v32_ensembl_crossref
SEPTIN7-AS1,ENSG00000228878,lncRNA,0.004481434058898848,111,99.55585787451984,GENCODE_v32_ensembl_crossref
AC006033.2,ENSG00000272908,lncRNA,0.002400768245838668,59,99.76392445582587,GENCODE_v32_ensembl_crossref
TRG-AS1,ENSG00000281103,lncRNA,0.10503361075544174,2320,90.71302816901408,GENCODE_v32_ensembl_crossref
AC004837.4,ENSG00000287584,lncRNA,0.0022007042253521128,53,99.78793213828425,GENCODE_v32_ensembl_crossref
LINC00265,ENSG00000188185,lncRNA,0.010123239436619719,249,98.99967989756722,GENCODE_v32_ensembl_crossref
AC072061.1,ENSG00000259826,lncRNA,0.004681498079385404,115,99.53985275288092,GENCODE_v32_ensembl_crossref
INHBA-AS1,ENSG00000224116,lncRNA,0.0012403969270166453,30,99.87596030729834,GENCODE_v32_ensembl_crossref
AC004951.1,ENSG00000228434,lncRNA,0.011603713188220231,284,98.85963508322664,GENCODE_v32_ensembl_crossref
LINC00957,ENSG00000235314,lncRNA,0.027888924455825866,670,97.31914212548016,GENCODE_v32_ensembl_crossref
AC004938.2,ENSG00000287574,lncRNA,0.0023207426376440463,58,99.7679257362356,GENCODE_v32_ensembl_crossref
AC004854.2,ENSG00000272768,lncRNA,0.022247119078104994,530,97.87532010243278,GENCODE_v32_ensembl_crossref
AC004847.1,ENSG00000260997,lncRNA,0.017125480153649168,410,98.35947503201025,GENCODE_v32_ensembl_crossref
SNHG15,ENSG00000232956,lncRNA,0.24339788732394366,4979,80.02960947503202,GENCODE_v32_ensembl_crossref
AC073115.2,ENSG00000237471,lncRNA,0.00772247119078105,191,99.23575544174136,GENCODE_v32_ensembl_crossref
LINC02848,ENSG00000226581,lncRNA,0.0018806017925736235,45,99.8199423815621,GENCODE_v32_ensembl_crossref
LINC00174,ENSG00000179406,lncRNA,0.021646927016645327,532,97.87131882202304,GENCODE_v32_ensembl_crossref
AC008267.5,ENSG00000237310,lncRNA,0.013804417413572342,337,98.65156850192062,GENCODE_v32_ensembl_crossref
AC006001.2,ENSG00000226824,lncRNA,0.0024407810499359793,59,99.76392445582587,GENCODE_v32_ensembl_crossref
AC027644.3,ENSG00000272831,lncRNA,0.04701504481434059,1133,95.45854673495519,GENCODE_v32_ensembl_crossref
LINC02604,ENSG00000273142,lncRNA,0.0032810499359795134,80,99.6798975672215,GENCODE_v32_ensembl_crossref
AC006480.2,ENSG00000273448,lncRNA,0.0006402048655569782,16,99.93597951344431,GENCODE_v32_ensembl_crossref
AC211476.2,ENSG00000272843,lncRNA,0.010363316261203586,253,98.98767605633803,GENCODE_v32_ensembl_crossref
AC211476.6,ENSG00000285886,lncRNA,0.001120358514724712,28,99.88796414852753,GENCODE_v32_ensembl_crossref
AC211433.1,ENSG00000232729,lncRNA,0.008882842509603073,221,99.11571702944943,GENCODE_v32_ensembl_crossref
AC004921.1,ENSG00000273341,lncRNA,0.0011603713188220231,29,99.88396286811779,GENCODE_v32_ensembl_crossref
APTR,ENSG00000214293,lncRNA,0.009042893725992318,220,99.11571702944943,GENCODE_v32_ensembl_crossref
MAGI2-AS3,ENSG00000234456,lncRNA,0.0046414852752880926,104,99.58386683738797,GENCODE_v32_ensembl_crossref
AC005076.1,ENSG00000224046,lncRNA,0.00420134443021767,103,99.5878681177977,GENCODE_v32_ensembl_crossref
TP53TG1,ENSG00000182165,lncRNA,0.08390685019206146,1969,92.12147887323944,GENCODE_v32_ensembl_crossref
AC002456.1,ENSG00000223969,lncRNA,0.0010003201024327785,23,99.90797055057618,GENCODE_v32_ensembl_crossref
CYP51A1-AS1,ENSG00000188693,lncRNA,0.001440460947503201,36,99.85595390524968,GENCODE_v32_ensembl_crossref
AC007566.1,ENSG00000244055,lncRNA,0.0033610755441741357,83,99.66789372599231,GENCODE_v32_ensembl_crossref
AC002451.1,ENSG00000231170,lncRNA,0.002640845070422535,65,99.73991677336748,GENCODE_v32_ensembl_crossref
AC079781.5,ENSG00000284707,lncRNA,0.05701824583866837,1358,94.55425736235595,GENCODE_v32_ensembl_crossref
AC004893.3,ENSG00000286305,lncRNA,0.00280089628681178,70,99.71991037131882,GENCODE_v32_ensembl_crossref
AC092849.1,ENSG00000240211,lncRNA,0.0016005121638924455,40,99.83994878361075,GENCODE_v32_ensembl_crossref
SLC12A9-AS1,ENSG00000236305,lncRNA,0.0024807938540332905,62,99.75192061459667,GENCODE_v32_ensembl_crossref
AC105446.1,ENSG00000227053,lncRNA,0.011003521126760563,258,98.96766965428937,GENCODE_v32_ensembl_crossref
AC005072.1,ENSG00000272219,lncRNA,0.0008002560819462228,20,99.91997439180538,GENCODE_v32_ensembl_crossref
AC105052.4,ENSG00000279168,lncRNA,0.0030809859154929575,77,99.6919014084507,GENCODE_v32_ensembl_crossref
AC007384.1,ENSG00000237513,lncRNA,0.08958866837387965,1969,92.09747119078105,GENCODE_v32_ensembl_crossref
LINC01004,ENSG00000228393,lncRNA,0.003681177976952625,89,99.63588348271448,GENCODE_v32_ensembl_crossref
KMT2E-AS1,ENSG00000239569,lncRNA,0.03949263764404609,959,96.1547695262484,GENCODE_v32_ensembl_crossref
AC005070.3,ENSG00000272918,lncRNA,0.007442381562099872,182,99.27176696542894,GENCODE_v32_ensembl_crossref
AC007032.1,ENSG00000273320,lncRNA,0.033650768245838666,750,96.97103072983356,GENCODE_v32_ensembl_crossref
AC005050.3,ENSG00000286076,lncRNA,0.005681818181818182,136,99.45582586427658,GENCODE_v32_ensembl_crossref
AC004492.1,ENSG00000272072,lncRNA,0.0024807938540332905,62,99.75192061459667,GENCODE_v32_ensembl_crossref
AC004839.2,ENSG00000272854,lncRNA,0.0006402048655569782,16,99.93597951344431,GENCODE_v32_ensembl_crossref
SLC26A4-AS1,ENSG00000233705,lncRNA,0.0012403969270166453,31,99.87596030729834,GENCODE_v32_ensembl_crossref
AC002467.1,ENSG00000241764,lncRNA,0.005921895006402049,146,99.41581306017926,GENCODE_v32_ensembl_crossref
ST7-AS1,ENSG00000227199,lncRNA,0.0011603713188220231,29,99.88396286811779,GENCODE_v32_ensembl_crossref
AC006333.2,ENSG00000272686,lncRNA,0.0076824583866837385,187,99.24775928297055,GENCODE_v32_ensembl_crossref
POT1-AS1,ENSG00000224897,lncRNA,0.002560819462227913,63,99.74791933418695,GENCODE_v32_ensembl_crossref
SND1-IT1,ENSG00000279078,lncRNA,0.008242637644046095,203,99.17973751600512,GENCODE_v32_ensembl_crossref
AC090114.2,ENSG00000273270,lncRNA,0.004681498079385404,116,99.5358514724712,GENCODE_v32_ensembl_crossref
AC078846.1,ENSG00000273329,lncRNA,0.009763124199743917,239,99.04369398207426,GENCODE_v32_ensembl_crossref
AC073320.1,ENSG00000244036,lncRNA,0.0015204865556978234,37,99.85195262483995,GENCODE_v32_ensembl_crossref
AC087071.1,ENSG00000229196,lncRNA,0.0013204225352112676,31,99.87596030729834,GENCODE_v32_ensembl_crossref
AUXG01000058.1,ENSG00000286214,lncRNA,0.0018005761843790013,45,99.8199423815621,GENCODE_v32_ensembl_crossref
AC016831.7,ENSG00000285106,lncRNA,0.0031209987195902687,77,99.6919014084507,GENCODE_v32_ensembl_crossref
LINC00513,ENSG00000233559,lncRNA,0.003721190781049936,90,99.63588348271448,GENCODE_v32_ensembl_crossref
AC016831.1,ENSG00000226380,lncRNA,0.012924135723431499,310,98.74759923175415,GENCODE_v32_ensembl_crossref
AC016831.5,ENSG00000271204,lncRNA,0.015324903969270167,374,98.50352112676056,GENCODE_v32_ensembl_crossref
AC058791.1,ENSG00000273319,lncRNA,0.019886363636363636,478,98.08738796414853,GENCODE_v32_ensembl_crossref
LINC-PINT,ENSG00000231721,lncRNA,0.08670774647887323,1958,92.13748399487835,GENCODE_v32_ensembl_crossref
MKLN1-AS,ENSG00000236753,lncRNA,0.004161331626120359,99,99.60387323943662,GENCODE_v32_ensembl_crossref
AC008264.2,ENSG00000273489,lncRNA,0.0020806658130601793,52,99.79193341869397,GENCODE_v32_ensembl_crossref
AC083862.2,ENSG00000272941,lncRNA,0.0015604993597951344,39,99.84395006402048,GENCODE_v32_ensembl_crossref
AC083862.3,ENSG00000287733,lncRNA,0.010963508322663252,265,98.93565941101153,GENCODE_v32_ensembl_crossref
AC009542.1,ENSG00000231794,lncRNA,0.0008002560819462228,20,99.91997439180538,GENCODE_v32_ensembl_crossref
AC024084.1,ENSG00000230649,lncRNA,0.0017605633802816902,44,99.82394366197182,GENCODE_v32_ensembl_crossref
AC078845.1,ENSG00000232053,lncRNA,0.002880921895006402,71,99.7159090909091,GENCODE_v32_ensembl_crossref
AC083880.1,ENSG00000273391,lncRNA,0.010403329065300896,248,98.99967989756722,GENCODE_v32_ensembl_crossref
KDM7A-DT,ENSG00000260231,lncRNA,0.009362996158770807,223,99.09571062740076,GENCODE_v32_ensembl_crossref
NDUFB2-AS1,ENSG00000240889,lncRNA,0.004001280409731114,99,99.60387323943662,GENCODE_v32_ensembl_crossref
AC004918.1,ENSG00000244701,lncRNA,0.0027608834827144687,69,99.72391165172856,GENCODE_v32_ensembl_crossref
AC004918.4,ENSG00000270157,lncRNA,0.0011603713188220231,29,99.88396286811779,GENCODE_v32_ensembl_crossref
WEE2-AS1,ENSG00000228775,lncRNA,0.0022007042253521128,52,99.79193341869397,GENCODE_v32_ensembl_crossref
TRBV11-2,ENSG00000241657,lncRNA,0.060579385403329064,422,98.31145966709347,GENCODE_v32_ensembl_crossref
AC093673.1,ENSG00000232533,lncRNA,0.004041293213828425,100,99.59587067861716,GENCODE_v32_ensembl_crossref
EPHA1-AS1,ENSG00000229153,lncRNA,0.023407490396927015,543,97.82330345710626,GENCODE_v32_ensembl_crossref
AC004889.1,ENSG00000244198,lncRNA,0.0076824583866837385,189,99.23975672215109,GENCODE_v32_ensembl_crossref
OR2A1-AS1,ENSG00000244479,lncRNA,0.003921254801536492,97,99.61187580025607,GENCODE_v32_ensembl_crossref
AC005229.4,ENSG00000273314,lncRNA,0.004521446862996159,109,99.56386043533931,GENCODE_v32_ensembl_crossref
AC073140.2,ENSG00000286180,lncRNA,0.0008402688860435339,21,99.91597311139564,GENCODE_v32_ensembl_crossref
ATP6V0E2-AS1,ENSG00000204934,lncRNA,0.0026808578745198463,65,99.73991677336748,GENCODE_v32_ensembl_crossref
AC006008.1,ENSG00000286912,lncRNA,0.0014804737516005122,36,99.85595390524968,GENCODE_v32_ensembl_crossref
AC005586.1,ENSG00000240449,lncRNA,0.0018806017925736235,47,99.81193982074264,GENCODE_v32_ensembl_crossref
LINC00996,ENSG00000242258,lncRNA,0.004681498079385404,95,99.61987836107554,GENCODE_v32_ensembl_crossref
AC021097.1,ENSG00000272661,lncRNA,0.0018005761843790013,45,99.8199423815621,GENCODE_v32_ensembl_crossref
WDR86-AS1,ENSG00000243836,lncRNA,0.01368437900128041,319,98.72359154929578,GENCODE_v32_ensembl_crossref
PRKAG2-AS1,ENSG00000239911,lncRNA,0.034130921895006404,808,96.76696542893725,GENCODE_v32_ensembl_crossref
LINC01003,ENSG00000261455,lncRNA,0.03297055057618438,794,96.81898207426376,GENCODE_v32_ensembl_crossref
PAXIP1-AS2,ENSG00000214106,lncRNA,0.028329065300896288,669,97.3231434058899,GENCODE_v32_ensembl_crossref
PAXIP1-AS1,ENSG00000273344,lncRNA,0.02780889884763124,664,97.33514724711908,GENCODE_v32_ensembl_crossref
AC144652.1,ENSG00000273117,lncRNA,0.014564660691421255,346,98.6115556978233,GENCODE_v32_ensembl_crossref
AC009403.2,ENSG00000283128,lncRNA,0.0029209346991037133,71,99.7159090909091,GENCODE_v32_ensembl_crossref
AC009403.1,ENSG00000216895,lncRNA,0.0053217029449423815,132,99.47183098591549,GENCODE_v32_ensembl_crossref
LINC01006,ENSG00000182648,lncRNA,0.003681177976952625,88,99.64788732394366,GENCODE_v32_ensembl_crossref
AC005534.1,ENSG00000224903,lncRNA,0.001440460947503201,35,99.85995518565942,GENCODE_v32_ensembl_crossref
AC011899.2,ENSG00000233038,lncRNA,0.003961267605633803,96,99.61587708066581,GENCODE_v32_ensembl_crossref
AC100810.3,ENSG00000282021,lncRNA,0.0009202944942381563,22,99.91197183098592,GENCODE_v32_ensembl_crossref
AC100810.1,ENSG00000253982,lncRNA,0.06782170294494239,1577,93.68597951344431,GENCODE_v32_ensembl_crossref
AC019257.1,ENSG00000253764,lncRNA,0.0011603713188220231,28,99.88796414852753,GENCODE_v32_ensembl_crossref
AC245164.2,ENSG00000287970,lncRNA,0.0024807938540332905,60,99.75992317541613,GENCODE_v32_ensembl_crossref
AC016065.1,ENSG00000246089,lncRNA,0.009683098591549295,233,99.06770166453265,GENCODE_v32_ensembl_crossref
MCPH1-AS1,ENSG00000249898,lncRNA,0.002640845070422535,63,99.74791933418695,GENCODE_v32_ensembl_crossref
FAM66B,ENSG00000215374,lncRNA,0.005641805377720871,139,99.44382202304737,GENCODE_v32_ensembl_crossref
AC021242.3,ENSG00000272267,lncRNA,0.0018806017925736235,46,99.81594110115238,GENCODE_v32_ensembl_crossref
AF131215.6,ENSG00000269918,lncRNA,0.002600832266325224,63,99.74791933418695,GENCODE_v32_ensembl_crossref
AF131215.5,ENSG00000255310,lncRNA,0.0021606914212548016,53,99.78793213828425,GENCODE_v32_ensembl_crossref
AF131215.2,ENSG00000254556,lncRNA,0.000560179257362356,14,99.94398207426376,GENCODE_v32_ensembl_crossref
AF131216.4,ENSG00000280273,lncRNA,0.0007602432778489117,18,99.92797695262485,GENCODE_v32_ensembl_crossref
AF131216.1,ENSG00000246477,lncRNA,0.001120358514724712,28,99.88796414852753,GENCODE_v32_ensembl_crossref
AC022239.1,ENSG00000269954,lncRNA,0.0016005121638924455,40,99.83994878361075,GENCODE_v32_ensembl_crossref
AC069185.1,ENSG00000255046,lncRNA,0.003961267605633803,98,99.60787451984635,GENCODE_v32_ensembl_crossref
AC145124.1,ENSG00000255495,lncRNA,0.01716549295774648,417,98.31946222791294,GENCODE_v32_ensembl_crossref
FAM66A,ENSG00000227888,lncRNA,0.003641165172855314,88,99.64788732394366,GENCODE_v32_ensembl_crossref
AC068587.4,ENSG00000283674,lncRNA,0.04901568501920615,1155,95.36651728553137,GENCODE_v32_ensembl_crossref
AC124242.1,ENSG00000245281,lncRNA,0.00420134443021767,101,99.59186939820742,GENCODE_v32_ensembl_crossref
AC087854.1,ENSG00000251034,lncRNA,0.002280729833546735,57,99.77192701664532,GENCODE_v32_ensembl_crossref
AC037459.2,ENSG00000253200,lncRNA,0.007282330345710628,178,99.28777208706786,GENCODE_v32_ensembl_crossref
AC107959.1,ENSG00000245025,lncRNA,0.0072423175416133165,179,99.28377080665814,GENCODE_v32_ensembl_crossref
AC100861.1,ENSG00000246582,lncRNA,0.009883162612035852,239,99.03969270166453,GENCODE_v32_ensembl_crossref
AC120193.1,ENSG00000253535,lncRNA,0.007162291933418694,166,99.33578745198463,GENCODE_v32_ensembl_crossref
AF106564.1,ENSG00000272163,lncRNA,0.0005201664532650448,12,99.95198463508322,GENCODE_v32_ensembl_crossref
AC011726.3,ENSG00000254362,lncRNA,0.0018005761843790013,44,99.82394366197182,GENCODE_v32_ensembl_crossref
AC021678.2,ENSG00000253690,lncRNA,0.0021206786171574904,52,99.79193341869397,GENCODE_v32_ensembl_crossref
AC084026.2,ENSG00000253632,lncRNA,0.0010003201024327785,23,99.89996798975672,GENCODE_v32_ensembl_crossref
AC044849.1,ENSG00000272256,lncRNA,0.10051216389244558,2203,91.1651728553137,GENCODE_v32_ensembl_crossref
AC026979.2,ENSG00000271869,lncRNA,0.17165492957746478,3689,85.22727272727273,GENCODE_v32_ensembl_crossref
AC026979.4,ENSG00000285669,lncRNA,0.001440460947503201,36,99.85595390524968,GENCODE_v32_ensembl_crossref
AC090204.1,ENSG00000247134,lncRNA,0.020966709346991037,515,97.93934058898847,GENCODE_v32_ensembl_crossref
AC138356.1,ENSG00000183154,lncRNA,0.000560179257362356,14,99.94398207426376,GENCODE_v32_ensembl_crossref
AC084024.3,ENSG00000253356,lncRNA,0.002560819462227913,64,99.74391805377721,GENCODE_v32_ensembl_crossref
AC087362.1,ENSG00000254898,lncRNA,0.014084507042253521,348,98.60755441741357,GENCODE_v32_ensembl_crossref
AC087623.2,ENSG00000272092,lncRNA,0.035651408450704226,830,96.67093469910371,GENCODE_v32_ensembl_crossref
AC009630.1,ENSG00000253133,lncRNA,0.005481754161331626,136,99.45182458386684,GENCODE_v32_ensembl_crossref
AC009630.2,ENSG00000253174,lncRNA,0.0016405249679897567,41,99.83594750320103,GENCODE_v32_ensembl_crossref
AC009630.3,ENSG00000264578,lncRNA,0.0020806658130601793,52,99.79193341869397,GENCODE_v32_ensembl_crossref
AC027702.1,ENSG00000260588,lncRNA,0.003241037131882202,79,99.68389884763124,GENCODE_v32_ensembl_crossref
AC103724.4,ENSG00000271938,lncRNA,0.002000640204865557,50,99.79993597951345,GENCODE_v32_ensembl_crossref
AC103724.3,ENSG00000261449,lncRNA,0.019166133162612037,456,98.17141485275287,GENCODE_v32_ensembl_crossref
AC083973.1,ENSG00000253408,lncRNA,0.0018806017925736235,45,99.81193982074264,GENCODE_v32_ensembl_crossref
AC087533.1,ENSG00000286837,lncRNA,0.0016405249679897567,41,99.83594750320103,GENCODE_v32_ensembl_crossref
AC021236.1,ENSG00000287959,lncRNA,0.0010403329065300896,26,99.895966709347,GENCODE_v32_ensembl_crossref
AC103769.1,ENSG00000253475,lncRNA,0.00044014084507042255,11,99.95598591549296,GENCODE_v32_ensembl_crossref
AC064807.1,ENSG00000228801,lncRNA,0.014204545454545454,342,98.63156209987196,GENCODE_v32_ensembl_crossref
AC018607.1,ENSG00000254325,lncRNA,0.005001600512163892,124,99.4998399487836,GENCODE_v32_ensembl_crossref
LINC00968,ENSG00000246430,lncRNA,0.0012804097311139564,32,99.8719590268886,GENCODE_v32_ensembl_crossref
AC090152.1,ENSG00000167912,lncRNA,0.019846350832266324,472,98.11139564660691,GENCODE_v32_ensembl_crossref
AC068389.3,ENSG00000255321,lncRNA,0.004521446862996159,112,99.54785531370038,GENCODE_v32_ensembl_crossref
AC022182.1,ENSG00000254777,lncRNA,0.005161651728553137,126,99.49183738796414,GENCODE_v32_ensembl_crossref
AC022182.2,ENSG00000254802,lncRNA,0.006121959026888604,152,99.39180537772087,GENCODE_v32_ensembl_crossref
YTHDF3-AS1,ENSG00000270673,lncRNA,0.01336427656850192,326,98.69158130601792,GENCODE_v32_ensembl_crossref
AC055822.1,ENSG00000272155,lncRNA,0.0018405889884763125,46,99.81594110115238,GENCODE_v32_ensembl_crossref
AC100812.1,ENSG00000272192,lncRNA,0.0044014084507042256,109,99.56386043533931,GENCODE_v32_ensembl_crossref
SNHG6,ENSG00000245910,lncRNA,0.8946062740076824,13561,45.71862996158771,GENCODE_v32_ensembl_crossref
AC021321.2,ENSG00000287214,lncRNA,0.0007602432778489117,19,99.92397567221511,GENCODE_v32_ensembl_crossref
LACTB2-AS1,ENSG00000246366,lncRNA,0.01648527528809219,398,98.40749039692702,GENCODE_v32_ensembl_crossref
MSC-AS1,ENSG00000235531,lncRNA,0.006121959026888604,146,99.41581306017926,GENCODE_v32_ensembl_crossref
AC022868.2,ENSG00000286113,lncRNA,0.0010403329065300896,25,99.895966709347,GENCODE_v32_ensembl_crossref
PKIA-AS1,ENSG00000254266,lncRNA,0.0012403969270166453,31,99.87596030729834,GENCODE_v32_ensembl_crossref
AC034114.2,ENSG00000253238,lncRNA,0.0008402688860435339,21,99.91597311139564,GENCODE_v32_ensembl_crossref
AC009812.1,ENSG00000251867,lncRNA,0.007562419974391805,182,99.27176696542894,GENCODE_v32_ensembl_crossref
AC009812.3,ENSG00000254162,lncRNA,0.0007602432778489117,19,99.92397567221511,GENCODE_v32_ensembl_crossref
AC009812.4,ENSG00000260317,lncRNA,0.0010403329065300896,26,99.895966709347,GENCODE_v32_ensembl_crossref
AC079209.1,ENSG00000253214,lncRNA,0.0008802816901408451,22,99.91197183098592,GENCODE_v32_ensembl_crossref
AC011773.4,ENSG00000260493,lncRNA,0.00140044814340589,34,99.86395646606914,GENCODE_v32_ensembl_crossref
CA3-AS1,ENSG00000253549,lncRNA,0.0013204225352112676,32,99.8719590268886,GENCODE_v32_ensembl_crossref
AC103760.1,ENSG00000254231,lncRNA,0.0008802816901408451,22,99.91197183098592,GENCODE_v32_ensembl_crossref
AF117829.1,ENSG00000251136,lncRNA,0.015645006402048654,374,98.49151728553137,GENCODE_v32_ensembl_crossref
OTUD6B-AS1,ENSG00000253738,lncRNA,0.0901888604353393,2054,91.77736875800257,GENCODE_v32_ensembl_crossref
MIR378D2HG,ENSG00000264448,lncRNA,0.002400768245838668,59,99.76392445582587,GENCODE_v32_ensembl_crossref
AC023632.2,ENSG00000253704,lncRNA,0.002280729833546735,56,99.77592829705506,GENCODE_v32_ensembl_crossref
C8orf37-AS1,ENSG00000253773,lncRNA,0.0011603713188220231,29,99.88396286811779,GENCODE_v32_ensembl_crossref
AP002982.2,ENSG00000287654,lncRNA,0.000560179257362356,14,99.94398207426376,GENCODE_v32_ensembl_crossref
AP003352.1,ENSG00000245970,lncRNA,0.005361715749039693,132,99.47183098591549,GENCODE_v32_ensembl_crossref
VPS13B-DT,ENSG00000253948,lncRNA,0.015284891165172855,368,98.52352752880921,GENCODE_v32_ensembl_crossref
AP003472.2,ENSG00000253842,lncRNA,0.0012403969270166453,31,99.87596030729834,GENCODE_v32_ensembl_crossref
AC027373.1,ENSG00000260368,lncRNA,0.0010803457106274008,27,99.89196542893725,GENCODE_v32_ensembl_crossref
UBR5-AS1,ENSG00000246263,lncRNA,0.011643725992317541,283,98.86763764404608,GENCODE_v32_ensembl_crossref
AP002851.1,ENSG00000283959,lncRNA,0.001720550576184379,43,99.82794494238156,GENCODE_v32_ensembl_crossref
GASAL1,ENSG00000253669,lncRNA,0.003801216389244558,92,99.63188220230474,GENCODE_v32_ensembl_crossref
AZIN1-AS1,ENSG00000253320,lncRNA,0.014644686299615878,346,98.61555697823303,GENCODE_v32_ensembl_crossref
BAALC-AS1,ENSG00000247081,lncRNA,0.0008402688860435339,20,99.91997439180538,GENCODE_v32_ensembl_crossref
AC027031.2,ENSG00000254615,lncRNA,0.0026808578745198463,64,99.74391805377721,GENCODE_v32_ensembl_crossref
AC090579.1,ENSG00000253582,lncRNA,0.0008002560819462228,19,99.92397567221511,GENCODE_v32_ensembl_crossref
RAD21-AS1,ENSG00000253327,lncRNA,0.001440460947503201,36,99.85595390524968,GENCODE_v32_ensembl_crossref
AC023590.1,ENSG00000225885,lncRNA,0.002000640204865557,44,99.82394366197182,GENCODE_v32_ensembl_crossref
AC104958.2,ENSG00000272502,lncRNA,0.0030009603072983356,73,99.70790653008963,GENCODE_v32_ensembl_crossref
LINC01151,ENSG00000253819,lncRNA,0.0038412291933418692,91,99.63588348271448,GENCODE_v32_ensembl_crossref
AC016405.3,ENSG00000272384,lncRNA,0.012844110115236876,303,98.78361075544174,GENCODE_v32_ensembl_crossref
AC016405.1,ENSG00000253372,lncRNA,0.0010803457106274008,27,99.89196542893725,GENCODE_v32_ensembl_crossref
RNF139-AS1,ENSG00000245149,lncRNA,0.03605153649167734,863,96.54289372599231,GENCODE_v32_ensembl_crossref
AC090198.1,ENSG00000253106,lncRNA,0.0021206786171574904,53,99.78793213828425,GENCODE_v32_ensembl_crossref
WASHC5-AS1,ENSG00000253167,lncRNA,0.0007202304737516005,18,99.92797695262485,GENCODE_v32_ensembl_crossref
AC016074.2,ENSG00000286122,lncRNA,0.00944302176696543,225,99.0997119078105,GENCODE_v32_ensembl_crossref
LINC00861,ENSG00000245164,lncRNA,0.405729833546735,7249,70.99071702944943,GENCODE_v32_ensembl_crossref
PCAT1,ENSG00000253438,lncRNA,0.013124199743918053,315,98.73159411011524,GENCODE_v32_ensembl_crossref
CASC19,ENSG00000254166,lncRNA,0.0018005761843790013,45,99.8199423815621,GENCODE_v32_ensembl_crossref
PRNCR1,ENSG00000282961,lncRNA,0.0147247119078105,360,98.5595390524968,GENCODE_v32_ensembl_crossref
CASC8,ENSG00000246228,lncRNA,0.0009202944942381563,23,99.90797055057618,GENCODE_v32_ensembl_crossref
AC108925.1,ENSG00000286010,lncRNA,0.0018405889884763125,46,99.81594110115238,GENCODE_v32_ensembl_crossref
CASC11,ENSG00000249375,lncRNA,0.0010803457106274008,27,99.89196542893725,GENCODE_v32_ensembl_crossref
PVT1,ENSG00000249859,lncRNA,0.057458386683738795,1334,94.6622919334187,GENCODE_v32_ensembl_crossref
LINC00824,ENSG00000254275,lncRNA,0.0017605633802816902,43,99.82394366197182,GENCODE_v32_ensembl_crossref
CCDC26,ENSG00000229140,lncRNA,0.002640845070422535,62,99.75192061459667,GENCODE_v32_ensembl_crossref
AC131568.1,ENSG00000287195,lncRNA,0.0006402048655569782,15,99.93597951344431,GENCODE_v32_ensembl_crossref
ASAP1-IT2,ENSG00000280543,lncRNA,0.0023207426376440463,57,99.7679257362356,GENCODE_v32_ensembl_crossref
AC139019.1,ENSG00000286535,lncRNA,0.0018405889884763125,46,99.81594110115238,GENCODE_v32_ensembl_crossref
AF230666.1,ENSG00000223697,lncRNA,0.0022007042253521128,55,99.77992957746478,GENCODE_v32_ensembl_crossref
AF305872.2,ENSG00000287736,lncRNA,0.003481113956466069,85,99.65989116517285,GENCODE_v32_ensembl_crossref
AC103706.1,ENSG00000261220,lncRNA,0.002040653008962868,51,99.79593469910371,GENCODE_v32_ensembl_crossref
AC083843.3,ENSG00000259820,lncRNA,0.0008802816901408451,22,99.91197183098592,GENCODE_v32_ensembl_crossref
AC083843.2,ENSG00000254028,lncRNA,0.000600192061459667,15,99.93998079385403,GENCODE_v32_ensembl_crossref
LINC02055,ENSG00000254101,lncRNA,0.0013204225352112676,33,99.86795774647888,GENCODE_v32_ensembl_crossref
PEG13,ENSG00000282164,lncRNA,0.004001280409731114,97,99.61187580025607,GENCODE_v32_ensembl_crossref
AC107375.1,ENSG00000259891,lncRNA,0.0016805377720870679,42,99.83194622279129,GENCODE_v32_ensembl_crossref
AC040970.1,ENSG00000253210,lncRNA,0.01232394366197183,296,98.81161971830986,GENCODE_v32_ensembl_crossref
LY6E-DT,ENSG00000247317,lncRNA,0.006121959026888604,152,99.39180537772087,GENCODE_v32_ensembl_crossref
MINCR,ENSG00000253716,lncRNA,0.026088348271446862,625,97.49919974391806,GENCODE_v32_ensembl_crossref
AC067930.8,ENSG00000287576,lncRNA,0.0027608834827144687,69,99.72391165172856,GENCODE_v32_ensembl_crossref
AC067930.3,ENSG00000254859,lncRNA,0.0018405889884763125,44,99.82394366197182,GENCODE_v32_ensembl_crossref
AC067930.1,ENSG00000254741,lncRNA,0.002880921895006402,72,99.71190781049935,GENCODE_v32_ensembl_crossref
AC234917.3,ENSG00000287222,lncRNA,0.0013204225352112676,33,99.86795774647888,GENCODE_v32_ensembl_crossref
AC234917.2,ENSG00000285599,lncRNA,0.0007202304737516005,18,99.92797695262485,GENCODE_v32_ensembl_crossref
AC109322.1,ENSG00000255224,lncRNA,0.001960627400768246,46,99.81193982074264,GENCODE_v32_ensembl_crossref
AC233992.3,ENSG00000272115,lncRNA,0.0008002560819462228,19,99.92397567221511,GENCODE_v32_ensembl_crossref
AC084125.2,ENSG00000255182,lncRNA,0.0014804737516005122,36,99.85195262483995,GENCODE_v32_ensembl_crossref
ZNF252P-AS1,ENSG00000255559,lncRNA,0.0009202944942381563,23,99.90797055057618,GENCODE_v32_ensembl_crossref
AL928970.1,ENSG00000227518,lncRNA,0.0032810499359795134,82,99.67189500640204,GENCODE_v32_ensembl_crossref
AL158832.2,ENSG00000287480,lncRNA,0.000600192061459667,15,99.93998079385403,GENCODE_v32_ensembl_crossref
DOCK8-AS1,ENSG00000183784,lncRNA,0.0046414852752880926,112,99.54785531370038,GENCODE_v32_ensembl_crossref
AL161725.1,ENSG00000227155,lncRNA,0.00420134443021767,100,99.59186939820742,GENCODE_v32_ensembl_crossref
RFX3-AS1,ENSG00000232104,lncRNA,0.008522727272727272,209,99.1637323943662,GENCODE_v32_ensembl_crossref
CDC37L1-DT,ENSG00000273061,lncRNA,0.008562740076824584,212,99.151728553137,GENCODE_v32_ensembl_crossref
AL162253.2,ENSG00000286162,lncRNA,0.0072423175416133165,172,99.31177976952625,GENCODE_v32_ensembl_crossref
AL136980.1,ENSG00000225408,lncRNA,0.00044014084507042255,11,99.95598591549296,GENCODE_v32_ensembl_crossref
AL354707.1,ENSG00000225489,lncRNA,0.0018405889884763125,45,99.8199423815621,GENCODE_v32_ensembl_crossref
AL159169.2,ENSG00000272871,lncRNA,0.0016005121638924455,40,99.83994878361075,GENCODE_v32_ensembl_crossref
MIR31HG,ENSG00000171889,lncRNA,0.0004001280409731114,10,99.95998719590268,GENCODE_v32_ensembl_crossref
CDKN2B-AS1,ENSG00000240498,lncRNA,0.003641165172855314,89,99.64388604353394,GENCODE_v32_ensembl_crossref
AL451123.1,ENSG00000285103,lncRNA,0.002280729833546735,55,99.77192701664532,GENCODE_v32_ensembl_crossref
B4GALT1-AS1,ENSG00000233554,lncRNA,0.003040973111395647,76,99.69590268886044,GENCODE_v32_ensembl_crossref
AL162231.2,ENSG00000230074,lncRNA,0.005681818181818182,140,99.43982074263764,GENCODE_v32_ensembl_crossref
RMRP,ENSG00000269900,lncRNA,0.013644366197183098,320,98.71558898847631,GENCODE_v32_ensembl_crossref
AL133410.2,ENSG00000228843,lncRNA,0.0007202304737516005,18,99.92797695262485,GENCODE_v32_ensembl_crossref
AL133410.1,ENSG00000227388,lncRNA,0.0027208706786171575,65,99.73991677336748,GENCODE_v32_ensembl_crossref
AL161781.2,ENSG00000250850,lncRNA,0.003921254801536492,93,99.62788092189501,GENCODE_v32_ensembl_crossref
EBLN3P,ENSG00000281649,lncRNA,0.17073463508322664,3757,84.96318822023048,GENCODE_v32_ensembl_crossref
FAM201A,ENSG00000204860,lncRNA,0.0021606914212548016,51,99.79593469910371,GENCODE_v32_ensembl_crossref
GLIDR,ENSG00000278175,lncRNA,0.011443661971830986,282,98.87163892445582,GENCODE_v32_ensembl_crossref
AL591926.2,ENSG00000276412,lncRNA,0.001200384122919334,30,99.87996158770807,GENCODE_v32_ensembl_crossref
BX088651.4,ENSG00000237357,lncRNA,0.0016405249679897567,41,99.83594750320103,GENCODE_v32_ensembl_crossref
FAM27C,ENSG00000231527,lncRNA,0.0030809859154929575,74,99.69990396927017,GENCODE_v32_ensembl_crossref
AL590399.1,ENSG00000204802,lncRNA,0.0024407810499359793,60,99.75992317541613,GENCODE_v32_ensembl_crossref
LINC01410,ENSG00000238113,lncRNA,0.010963508322663252,265,98.93966069142125,GENCODE_v32_ensembl_crossref
AL512625.3,ENSG00000287168,lncRNA,0.00772247119078105,188,99.24775928297055,GENCODE_v32_ensembl_crossref
AL512625.2,ENSG00000229422,lncRNA,0.0024807938540332905,62,99.75192061459667,GENCODE_v32_ensembl_crossref
AL512625.1,ENSG00000170161,lncRNA,0.0038412291933418692,90,99.6398847631242,GENCODE_v32_ensembl_crossref
AL161457.2,ENSG00000233178,lncRNA,0.0023607554417413574,58,99.76392445582587,GENCODE_v32_ensembl_crossref
LINC01506,ENSG00000234506,lncRNA,0.007562419974391805,183,99.2677656850192,GENCODE_v32_ensembl_crossref
SMC5-AS1,ENSG00000268364,lncRNA,0.002040653008962868,51,99.79593469910371,GENCODE_v32_ensembl_crossref
AL162390.1,ENSG00000274421,lncRNA,0.0015604993597951344,38,99.84795134443021,GENCODE_v32_ensembl_crossref
LINC01504,ENSG00000225434,lncRNA,0.0172455185659411,414,98.34346991037131,GENCODE_v32_ensembl_crossref
AL158825.2,ENSG00000229587,lncRNA,0.0010803457106274008,27,99.89196542893725,GENCODE_v32_ensembl_crossref
VPS13A-AS1,ENSG00000232998,lncRNA,0.001960627400768246,49,99.80393725992317,GENCODE_v32_ensembl_crossref
AL354920.1,ENSG00000254473,lncRNA,0.0020806658130601793,52,99.79193341869397,GENCODE_v32_ensembl_crossref
AL354733.3,ENSG00000235298,lncRNA,0.008682778489116517,214,99.14372599231754,GENCODE_v32_ensembl_crossref
AL353743.2,ENSG00000230303,lncRNA,0.0016005121638924455,40,99.83994878361075,GENCODE_v32_ensembl_crossref
DAPK1-IT1,ENSG00000236709,lncRNA,0.0007202304737516005,17,99.93197823303457,GENCODE_v32_ensembl_crossref
AL353748.3,ENSG00000287769,lncRNA,0.0007602432778489117,19,99.92397567221511,GENCODE_v32_ensembl_crossref
AL606807.1,ENSG00000237372,lncRNA,0.0009603072983354673,24,99.90396927016644,GENCODE_v32_ensembl_crossref
AL158071.4,ENSG00000237422,lncRNA,0.0020806658130601793,50,99.79993597951345,GENCODE_v32_ensembl_crossref
AL158071.3,ENSG00000230537,lncRNA,0.0038412291933418692,91,99.63588348271448,GENCODE_v32_ensembl_crossref
LINC00484,ENSG00000235641,lncRNA,0.0010803457106274008,27,99.89196542893725,GENCODE_v32_ensembl_crossref
AL158071.5,ENSG00000273381,lncRNA,0.0005201664532650448,13,99.9479833546735,GENCODE_v32_ensembl_crossref
AL451065.1,ENSG00000223446,lncRNA,0.000600192061459667,13,99.94398207426376,GENCODE_v32_ensembl_crossref
AL158152.1,ENSG00000269929,lncRNA,0.014604673495518566,355,98.57154289372599,GENCODE_v32_ensembl_crossref
AL691447.2,ENSG00000232063,lncRNA,0.002640845070422535,64,99.73991677336748,GENCODE_v32_ensembl_crossref
AL161729.1,ENSG00000271155,lncRNA,0.002640845070422535,65,99.73591549295774,GENCODE_v32_ensembl_crossref
LINC00476,ENSG00000175611,lncRNA,0.03525128040973111,844,96.62291933418695,GENCODE_v32_ensembl_crossref
LINC00092,ENSG00000225194,lncRNA,0.004761523687580025,116,99.5358514724712,GENCODE_v32_ensembl_crossref
AL133477.2,ENSG00000286835,lncRNA,0.0060419334186939825,148,99.4078104993598,GENCODE_v32_ensembl_crossref
AL589843.1,ENSG00000224848,lncRNA,0.002000640204865557,50,99.79993597951345,GENCODE_v32_ensembl_crossref
AL590705.1,ENSG00000203279,lncRNA,0.004761523687580025,118,99.52784891165173,GENCODE_v32_ensembl_crossref
AL499604.1,ENSG00000287070,lncRNA,0.16073143405889884,3209,87.11187580025607,GENCODE_v32_ensembl_crossref
STX17-AS1,ENSG00000255145,lncRNA,0.005121638924455826,119,99.523847631242,GENCODE_v32_ensembl_crossref
CT70,ENSG00000230013,lncRNA,0.004681498079385404,113,99.54785531370038,GENCODE_v32_ensembl_crossref
AL158070.1,ENSG00000228317,lncRNA,0.0007202304737516005,18,99.92797695262485,GENCODE_v32_ensembl_crossref
AL138756.1,ENSG00000259953,lncRNA,0.007042253521126761,174,99.30377720870679,GENCODE_v32_ensembl_crossref
C9orf147,ENSG00000230185,lncRNA,0.0015604993597951344,37,99.85195262483995,GENCODE_v32_ensembl_crossref
AL138895.1,ENSG00000235119,lncRNA,0.0010803457106274008,27,99.89196542893725,GENCODE_v32_ensembl_crossref
AL160272.1,ENSG00000284977,lncRNA,0.0008402688860435339,21,99.91597311139564,GENCODE_v32_ensembl_crossref
AL359644.1,ENSG00000227355,lncRNA,0.0023607554417413574,59,99.76392445582587,GENCODE_v32_ensembl_crossref
AC007066.2,ENSG00000261094,lncRNA,0.0007202304737516005,18,99.92797695262485,GENCODE_v32_ensembl_crossref
MIR600HG,ENSG00000236901,lncRNA,0.001200384122919334,30,99.87996158770807,GENCODE_v32_ensembl_crossref
MIR181A2HG,ENSG00000224020,lncRNA,0.006562099871959027,156,99.37580025608194,GENCODE_v32_ensembl_crossref
AL354710.2,ENSG00000239705,lncRNA,0.0019206145966709346,47,99.80793854033291,GENCODE_v32_ensembl_crossref
AL162586.1,ENSG00000225032,lncRNA,0.0030009603072983356,73,99.70790653008963,GENCODE_v32_ensembl_crossref
SLC25A25-AS1,ENSG00000234771,lncRNA,0.00844270166453265,208,99.16773367477593,GENCODE_v32_ensembl_crossref
AL356481.1,ENSG00000228395,lncRNA,0.002280729833546735,54,99.78393085787451,GENCODE_v32_ensembl_crossref
HMGA1P4,ENSG00000234705,lncRNA,0.008162612035851472,198,99.20774647887323,GENCODE_v32_ensembl_crossref
AL441992.1,ENSG00000223478,lncRNA,0.01716549295774648,412,98.34747119078105,GENCODE_v32_ensembl_crossref
AL161785.1,ENSG00000224307,lncRNA,0.003761203585147247,89,99.64388604353394,GENCODE_v32_ensembl_crossref
C9orf106,ENSG00000179082,lncRNA,0.0006402048655569782,16,99.93597951344431,GENCODE_v32_ensembl_crossref
LINC01503,ENSG00000233901,lncRNA,0.010323303457106274,244,99.02368758002561,GENCODE_v32_ensembl_crossref
LINC00963,ENSG00000204054,lncRNA,0.04133322663252241,959,96.15877080665814,GENCODE_v32_ensembl_crossref
AL391056.2,ENSG00000286078,lncRNA,0.001440460947503201,36,99.85595390524968,GENCODE_v32_ensembl_crossref
AL157938.2,ENSG00000236986,lncRNA,0.00420134443021767,104,99.58386683738797,GENCODE_v32_ensembl_crossref
AL157938.3,ENSG00000246851,lncRNA,0.0020806658130601793,52,99.79193341869397,GENCODE_v32_ensembl_crossref
AL358781.1,ENSG00000176868,lncRNA,0.0038812419974391804,96,99.61587708066581,GENCODE_v32_ensembl_crossref
DBH-AS1,ENSG00000225756,lncRNA,0.0010003201024327785,25,99.89996798975672,GENCODE_v32_ensembl_crossref
BX649632.1,ENSG00000273249,lncRNA,0.001200384122919334,29,99.88396286811779,GENCODE_v32_ensembl_crossref
NALT1,ENSG00000237886,lncRNA,0.0024807938540332905,61,99.75592189500641,GENCODE_v32_ensembl_crossref
AL590226.2,ENSG00000279141,lncRNA,0.0012804097311139564,32,99.8719590268886,GENCODE_v32_ensembl_crossref
SNHG7,ENSG00000233016,lncRNA,0.26316421254801536,5397,78.38508322663252,GENCODE_v32_ensembl_crossref
CCDC183-AS1,ENSG00000228544,lncRNA,0.000600192061459667,14,99.94398207426376,GENCODE_v32_ensembl_crossref
C9orf139,ENSG00000180539,lncRNA,0.0060419334186939825,146,99.41581306017926,GENCODE_v32_ensembl_crossref
MAN1B1-DT,ENSG00000268996,lncRNA,0.016125160051216388,391,98.4314980793854,GENCODE_v32_ensembl_crossref
ARRDC1-AS1,ENSG00000203993,lncRNA,0.025808258642765685,619,97.5192061459667,GENCODE_v32_ensembl_crossref
AL359878.1,ENSG00000205740,lncRNA,0.000560179257362356,14,99.94398207426376,GENCODE_v32_ensembl_crossref
IDI2-AS1,ENSG00000232656,lncRNA,0.015044814340588988,354,98.57954545454545,GENCODE_v32_ensembl_crossref
PITRM1-AS1,ENSG00000237399,lncRNA,0.002600832266325224,65,99.73991677336748,GENCODE_v32_ensembl_crossref
AL513303.1,ENSG00000287175,lncRNA,0.005201664532650448,123,99.50384122919334,GENCODE_v32_ensembl_crossref
AL137186.2,ENSG00000232807,lncRNA,0.0021606914212548016,52,99.79193341869397,GENCODE_v32_ensembl_crossref
LINC02656,ENSG00000212743,lncRNA,0.0007202304737516005,18,99.92797695262485,GENCODE_v32_ensembl_crossref
PRKCQ-AS1,ENSG00000237943,lncRNA,0.3074583866837388,5375,78.48911651728552,GENCODE_v32_ensembl_crossref
LINC02648,ENSG00000225948,lncRNA,0.0016405249679897567,41,99.83594750320103,GENCODE_v32_ensembl_crossref
AL392086.3,ENSG00000287277,lncRNA,0.004521446862996159,107,99.57186299615877,GENCODE_v32_ensembl_crossref
GATA3-AS1,ENSG00000197308,lncRNA,0.0010003201024327785,22,99.91197183098592,GENCODE_v32_ensembl_crossref
AL136320.1,ENSG00000230322,lncRNA,0.0016005121638924455,40,99.83994878361075,GENCODE_v32_ensembl_crossref
AL731559.1,ENSG00000285994,lncRNA,0.000560179257362356,14,99.94398207426376,GENCODE_v32_ensembl_crossref
AL157392.3,ENSG00000239665,lncRNA,0.008522727272727272,206,99.1757362355954,GENCODE_v32_ensembl_crossref
AC069544.1,ENSG00000272853,lncRNA,0.0036011523687580027,90,99.6398847631242,GENCODE_v32_ensembl_crossref
RPP38-DT,ENSG00000176236,lncRNA,0.001120358514724712,28,99.88796414852753,GENCODE_v32_ensembl_crossref
VIM-AS1,ENSG00000229124,lncRNA,0.12407970550576185,2535,89.82474391805377,GENCODE_v32_ensembl_crossref
AL133415.1,ENSG00000234961,lncRNA,0.405609795134443,6279,74.85995518565942,GENCODE_v32_ensembl_crossref
STAM-AS1,ENSG00000260589,lncRNA,0.004081306017925736,97,99.60787451984635,GENCODE_v32_ensembl_crossref
AL450384.2,ENSG00000240291,lncRNA,0.004481434058898848,109,99.56386043533931,GENCODE_v32_ensembl_crossref
AL157895.1,ENSG00000233968,lncRNA,0.007602432778489116,163,99.3317861715749,GENCODE_v32_ensembl_crossref
AL353147.1,ENSG00000285852,lncRNA,0.0007602432778489117,18,99.92797695262485,GENCODE_v32_ensembl_crossref
AL160291.1,ENSG00000262412,lncRNA,0.0019206145966709346,48,99.80793854033291,GENCODE_v32_ensembl_crossref
WAC-AS1,ENSG00000254635,lncRNA,0.07594430217669654,1731,93.06578104993598,GENCODE_v32_ensembl_crossref
AL590068.4,ENSG00000287420,lncRNA,0.002400768245838668,60,99.75992317541613,GENCODE_v32_ensembl_crossref
ZEB1-AS1,ENSG00000237036,lncRNA,0.004961587708066581,121,99.5118437900128,GENCODE_v32_ensembl_crossref
MACORIS,ENSG00000237797,lncRNA,0.0019206145966709346,46,99.81594110115238,GENCODE_v32_ensembl_crossref
AL158834.1,ENSG00000226842,lncRNA,0.0019206145966709346,48,99.80793854033291,GENCODE_v32_ensembl_crossref
AL391839.2,ENSG00000233825,lncRNA,0.0014804737516005122,37,99.85195262483995,GENCODE_v32_ensembl_crossref
AL391839.3,ENSG00000286409,lncRNA,0.008602752880921894,214,99.14372599231754,GENCODE_v32_ensembl_crossref
AL365203.2,ENSG00000273038,lncRNA,0.0017605633802816902,43,99.82794494238156,GENCODE_v32_ensembl_crossref
ITGB1-DT,ENSG00000229656,lncRNA,0.0018405889884763125,46,99.81594110115238,GENCODE_v32_ensembl_crossref
IATPR,ENSG00000233387,lncRNA,0.010363316261203586,236,99.05169654289374,GENCODE_v32_ensembl_crossref
AL392046.1,ENSG00000230534,lncRNA,0.0038412291933418692,96,99.61587708066581,GENCODE_v32_ensembl_crossref
AL117336.1,ENSG00000269952,lncRNA,0.004321382842509603,108,99.56786171574905,GENCODE_v32_ensembl_crossref
AL117336.2,ENSG00000271335,lncRNA,0.00456145966709347,112,99.5518565941101,GENCODE_v32_ensembl_crossref
AL135791.1,ENSG00000236514,lncRNA,0.013124199743918053,316,98.73559539052496,GENCODE_v32_ensembl_crossref
AL022345.4,ENSG00000285884,lncRNA,0.007042253521126761,172,99.31177976952625,GENCODE_v32_ensembl_crossref
AC010864.1,ENSG00000273008,lncRNA,0.003401088348271447,84,99.66389244558259,GENCODE_v32_ensembl_crossref
AL450326.1,ENSG00000230555,lncRNA,0.012243918053777208,296,98.8156209987196,GENCODE_v32_ensembl_crossref
AL353801.3,ENSG00000273363,lncRNA,0.0017605633802816902,44,99.82394366197182,GENCODE_v32_ensembl_crossref
AL356056.2,ENSG00000231187,lncRNA,0.0009202944942381563,22,99.91197183098592,GENCODE_v32_ensembl_crossref
SGMS1-AS1,ENSG00000226200,lncRNA,0.011043533930857875,262,98.94766325224072,GENCODE_v32_ensembl_crossref
AL592430.1,ENSG00000232682,lncRNA,0.0007202304737516005,18,99.92797695262485,GENCODE_v32_ensembl_crossref
JMJD1C-AS1,ENSG00000272767,lncRNA,0.0010403329065300896,26,99.895966709347,GENCODE_v32_ensembl_crossref
AC022387.2,ENSG00000286373,lncRNA,0.000600192061459667,15,99.93998079385403,GENCODE_v32_ensembl_crossref
AL133551.1,ENSG00000272892,lncRNA,0.0012403969270166453,31,99.87596030729834,GENCODE_v32_ensembl_crossref
AL513534.2,ENSG00000260400,lncRNA,0.001200384122919334,30,99.87996158770807,GENCODE_v32_ensembl_crossref
DDIT4-AS1,ENSG00000269926,lncRNA,0.03745198463508323,885,96.45086427656851,GENCODE_v32_ensembl_crossref
DNAJC9-AS1,ENSG00000236756,lncRNA,0.0008802816901408451,22,99.91197183098592,GENCODE_v32_ensembl_crossref
AC016394.1,ENSG00000227540,lncRNA,0.0053217029449423815,132,99.47183098591549,GENCODE_v32_ensembl_crossref
PPP3CB-AS1,ENSG00000221817,lncRNA,0.02276728553137004,544,97.81930217669654,GENCODE_v32_ensembl_crossref
AC073389.1,ENSG00000268584,lncRNA,0.009282970550576185,224,99.0997119078105,GENCODE_v32_ensembl_crossref
AC073389.2,ENSG00000271848,lncRNA,0.0013604353393085787,32,99.86795774647888,GENCODE_v32_ensembl_crossref
AC022400.4,ENSG00000272140,lncRNA,0.0012804097311139564,31,99.8719590268886,GENCODE_v32_ensembl_crossref
ZSWIM8-AS1,ENSG00000272589,lncRNA,0.00456145966709347,111,99.5518565941101,GENCODE_v32_ensembl_crossref
ZNF503-AS2,ENSG00000237149,lncRNA,0.0005201664532650448,13,99.9479833546735,GENCODE_v32_ensembl_crossref
ZMIZ1-AS1,ENSG00000224596,lncRNA,0.0012804097311139564,31,99.87596030729834,GENCODE_v32_ensembl_crossref
NUTM2B-AS1,ENSG00000225484,lncRNA,0.1131562099871959,2597,89.58866837387964,GENCODE_v32_ensembl_crossref
AL135925.1,ENSG00000272447,lncRNA,0.034290973111395645,832,96.67093469910371,GENCODE_v32_ensembl_crossref
AL512662.2,ENSG00000283913,lncRNA,0.002240717029449424,56,99.77592829705506,GENCODE_v32_ensembl_crossref
TMEM254-AS1,ENSG00000230091,lncRNA,0.0018005761843790013,43,99.82794494238156,GENCODE_v32_ensembl_crossref
AC021028.1,ENSG00000226659,lncRNA,0.005241677336747759,127,99.49183738796414,GENCODE_v32_ensembl_crossref
AL603756.1,ENSG00000271933,lncRNA,0.004521446862996159,113,99.54785531370038,GENCODE_v32_ensembl_crossref
AL731569.1,ENSG00000227896,lncRNA,0.00316101152368758,74,99.7039052496799,GENCODE_v32_ensembl_crossref
ADIRF-AS1,ENSG00000272734,lncRNA,0.0035211267605633804,88,99.64788732394366,GENCODE_v32_ensembl_crossref
NUTM2A-AS1,ENSG00000223482,lncRNA,0.14772727272727273,3308,86.75176056338027,GENCODE_v32_ensembl_crossref
LINC00863,ENSG00000224914,lncRNA,0.017765685019206147,434,98.25944302176697,GENCODE_v32_ensembl_crossref
AL157394.3,ENSG00000286116,lncRNA,0.004521446862996159,112,99.5518565941101,GENCODE_v32_ensembl_crossref
AL157400.3,ENSG00000235100,lncRNA,0.0015604993597951344,39,99.84395006402048,GENCODE_v32_ensembl_crossref
LINC00865,ENSG00000232229,lncRNA,0.0012804097311139564,28,99.88796414852753,GENCODE_v32_ensembl_crossref
LINC01374,ENSG00000280560,lncRNA,0.001720550576184379,41,99.83594750320103,GENCODE_v32_ensembl_crossref
AL731553.1,ENSG00000286981,lncRNA,0.002240717029449424,54,99.78393085787451,GENCODE_v32_ensembl_crossref
TNKS2-AS1,ENSG00000228701,lncRNA,0.0012403969270166453,30,99.87996158770807,GENCODE_v32_ensembl_crossref
AL157834.2,ENSG00000234026,lncRNA,0.001440460947503201,36,99.85595390524968,GENCODE_v32_ensembl_crossref
ENTPD1-AS1,ENSG00000226688,lncRNA,0.029729513444302177,712,97.143085787452,GENCODE_v32_ensembl_crossref
AC021037.1,ENSG00000287009,lncRNA,0.000600192061459667,15,99.93998079385403,GENCODE_v32_ensembl_crossref
AL355490.1,ENSG00000225850,lncRNA,0.0008402688860435339,21,99.91597311139564,GENCODE_v32_ensembl_crossref
AL355490.2,ENSG00000231970,lncRNA,0.0006802176696542894,17,99.93197823303457,GENCODE_v32_ensembl_crossref
LINC00866,ENSG00000227356,lncRNA,0.0018806017925736235,44,99.82394366197182,GENCODE_v32_ensembl_crossref
AL139243.1,ENSG00000287261,lncRNA,0.0016005121638924455,40,99.83994878361075,GENCODE_v32_ensembl_crossref
AL391684.1,ENSG00000224934,lncRNA,0.0017605633802816902,43,99.82794494238156,GENCODE_v32_ensembl_crossref
AL353719.1,ENSG00000260475,lncRNA,0.005521766965428937,127,99.47983354673495,GENCODE_v32_ensembl_crossref
DNMBP-AS1,ENSG00000227695,lncRNA,0.0050816261203585145,124,99.49583866837388,GENCODE_v32_ensembl_crossref
OLMALINC,ENSG00000235823,lncRNA,0.006962227912932138,168,99.32778489116517,GENCODE_v32_ensembl_crossref
AC010789.2,ENSG00000286489,lncRNA,0.0004001280409731114,10,99.95998719590268,GENCODE_v32_ensembl_crossref
RPARP-AS1,ENSG00000269609,lncRNA,0.02632842509603073,626,97.49119718309859,GENCODE_v32_ensembl_crossref
AL121928.1,ENSG00000273262,lncRNA,0.0009202944942381563,23,99.90797055057618,GENCODE_v32_ensembl_crossref
AL391121.1,ENSG00000272933,lncRNA,0.0044014084507042256,107,99.56786171574905,GENCODE_v32_ensembl_crossref
AL358790.1,ENSG00000282772,lncRNA,0.0019206145966709346,48,99.80793854033291,GENCODE_v32_ensembl_crossref
AL139339.2,ENSG00000273485,lncRNA,0.0008802816901408451,22,99.91197183098592,GENCODE_v32_ensembl_crossref
AL121929.2,ENSG00000273108,lncRNA,0.0013604353393085787,34,99.86395646606914,GENCODE_v32_ensembl_crossref
CFAP58-DT,ENSG00000231233,lncRNA,0.0014804737516005122,37,99.85195262483995,GENCODE_v32_ensembl_crossref
ADD3-AS1,ENSG00000203876,lncRNA,0.0026808578745198463,65,99.73991677336748,GENCODE_v32_ensembl_crossref
AL360182.2,ENSG00000228417,lncRNA,0.001200384122919334,30,99.87996158770807,GENCODE_v32_ensembl_crossref
AL355512.1,ENSG00000273143,lncRNA,0.0011603713188220231,28,99.88396286811779,GENCODE_v32_ensembl_crossref
PDCD4-AS1,ENSG00000203497,lncRNA,0.04305377720870679,1029,95.88268245838668,GENCODE_v32_ensembl_crossref
AL158163.2,ENSG00000278601,lncRNA,0.004041293213828425,100,99.59987195902688,GENCODE_v32_ensembl_crossref
AL158163.1,ENSG00000270589,lncRNA,0.00140044814340589,35,99.85995518565942,GENCODE_v32_ensembl_crossref
AL157786.1,ENSG00000232934,lncRNA,0.005001600512163892,125,99.4998399487836,GENCODE_v32_ensembl_crossref
AL158212.3,ENSG00000260917,lncRNA,0.0012403969270166453,31,99.87596030729834,GENCODE_v32_ensembl_crossref
AL158212.2,ENSG00000233547,lncRNA,0.0016805377720870679,42,99.83194622279129,GENCODE_v32_ensembl_crossref
AL731557.1,ENSG00000225936,lncRNA,0.006802176696542894,150,99.39980793854033,GENCODE_v32_ensembl_crossref
AL391988.1,ENSG00000277879,lncRNA,0.0015204865556978234,38,99.84795134443021,GENCODE_v32_ensembl_crossref
AC022395.1,ENSG00000231104,lncRNA,0.0023207426376440463,58,99.7679257362356,GENCODE_v32_ensembl_crossref
CASC2,ENSG00000177640,lncRNA,0.000560179257362356,14,99.94398207426376,GENCODE_v32_ensembl_crossref
LINC00867,ENSG00000232139,lncRNA,0.0009202944942381563,23,99.90797055057618,GENCODE_v32_ensembl_crossref
AL139407.1,ENSG00000277687,lncRNA,0.0010803457106274008,27,99.89196542893725,GENCODE_v32_ensembl_crossref
WDR11-AS1,ENSG00000227165,lncRNA,0.005201664532650448,119,99.5118437900128,GENCODE_v32_ensembl_crossref
AL731577.2,ENSG00000249456,lncRNA,0.007282330345710628,181,99.27576824583866,GENCODE_v32_ensembl_crossref
EDRF1-DT,ENSG00000224023,lncRNA,0.004281370038412292,104,99.58386683738797,GENCODE_v32_ensembl_crossref
EDRF1-AS1,ENSG00000236991,lncRNA,0.016445262483994878,405,98.3794814340589,GENCODE_v32_ensembl_crossref
AL451069.2,ENSG00000231705,lncRNA,0.0015204865556978234,35,99.85995518565942,GENCODE_v32_ensembl_crossref
C10orf91,ENSG00000180066,lncRNA,0.011123559539052497,271,98.91165172855314,GENCODE_v32_ensembl_crossref
AL360181.2,ENSG00000235245,lncRNA,0.0014804737516005122,37,99.85195262483995,GENCODE_v32_ensembl_crossref
LINC01001,ENSG00000230724,lncRNA,0.019526248399487835,467,98.11939820742637,GENCODE_v32_ensembl_crossref
AC069287.2,ENSG00000254559,lncRNA,0.0030009603072983356,74,99.7039052496799,GENCODE_v32_ensembl_crossref
AC136475.3,ENSG00000255026,lncRNA,0.017645646606914214,416,98.33546734955185,GENCODE_v32_ensembl_crossref
AC136475.2,ENSG00000254910,lncRNA,0.009643085787451985,239,99.04369398207426,GENCODE_v32_ensembl_crossref
AC136475.1,ENSG00000251661,lncRNA,0.022247119078104994,538,97.84731113956467,GENCODE_v32_ensembl_crossref
AC136475.5,ENSG00000255328,lncRNA,0.0154449423815621,360,98.5595390524968,GENCODE_v32_ensembl_crossref
AP006284.1,ENSG00000254815,lncRNA,0.0013604353393085787,33,99.86795774647888,GENCODE_v32_ensembl_crossref
MIR210HG,ENSG00000247095,lncRNA,0.0007602432778489117,19,99.92397567221511,GENCODE_v32_ensembl_crossref
AP006621.3,ENSG00000255284,lncRNA,0.01680537772087068,412,98.35147247119079,GENCODE_v32_ensembl_crossref
AP006621.1,ENSG00000255108,lncRNA,0.002280729833546735,57,99.77192701664532,GENCODE_v32_ensembl_crossref
TOLLIP-AS1,ENSG00000255153,lncRNA,0.008482714468629962,209,99.1637323943662,GENCODE_v32_ensembl_crossref
KRTAP5-AS1,ENSG00000233930,lncRNA,0.0029209346991037133,72,99.71190781049935,GENCODE_v32_ensembl_crossref
LINC01150,ENSG00000229671,lncRNA,0.001440460947503201,36,99.85595390524968,GENCODE_v32_ensembl_crossref
CD81-AS1,ENSG00000238184,lncRNA,0.001120358514724712,28,99.88796414852753,GENCODE_v32_ensembl_crossref
KCNQ1OT1,ENSG00000269821,lncRNA,0.021646927016645327,520,97.90733034571063,GENCODE_v32_ensembl_crossref
AC131971.1,ENSG00000183562,lncRNA,0.01792573623559539,427,98.28345070422534,GENCODE_v32_ensembl_crossref
AC127526.2,ENSG00000255367,lncRNA,0.000560179257362356,14,99.94398207426376,GENCODE_v32_ensembl_crossref
AC127526.4,ENSG00000287312,lncRNA,0.002040653008962868,51,99.79593469910371,GENCODE_v32_ensembl_crossref
AC090587.1,ENSG00000228661,lncRNA,0.001720550576184379,43,99.82794494238156,GENCODE_v32_ensembl_crossref
AC090587.2,ENSG00000229368,lncRNA,0.004001280409731114,100,99.59987195902688,GENCODE_v32_ensembl_crossref
AC091564.2,ENSG00000254400,lncRNA,0.0015604993597951344,38,99.84395006402048,GENCODE_v32_ensembl_crossref
AC107884.1,ENSG00000251364,lncRNA,0.0035211267605633804,86,99.65588988476313,GENCODE_v32_ensembl_crossref
TMEM9B-AS1,ENSG00000254860,lncRNA,0.00844270166453265,208,99.16773367477593,GENCODE_v32_ensembl_crossref
AC132192.2,ENSG00000268403,lncRNA,0.008682778489116517,209,99.15572983354673,GENCODE_v32_ensembl_crossref
SBF2-AS1,ENSG00000246273,lncRNA,0.0032810499359795134,80,99.6798975672215,GENCODE_v32_ensembl_crossref
AC080023.1,ENSG00000254554,lncRNA,0.0009603072983354673,24,99.90396927016644,GENCODE_v32_ensembl_crossref
MRVI1-AS1,ENSG00000177112,lncRNA,0.002600832266325224,61,99.75592189500641,GENCODE_v32_ensembl_crossref
AC116535.1,ENSG00000246308,lncRNA,0.002560819462227913,64,99.74391805377721,GENCODE_v32_ensembl_crossref
ZBED5-AS1,ENSG00000247271,lncRNA,0.034611075544174134,841,96.63092189500641,GENCODE_v32_ensembl_crossref
AC023946.1,ENSG00000255351,lncRNA,0.0012403969270166453,31,99.87596030729834,GENCODE_v32_ensembl_crossref
AC021269.3,ENSG00000287548,lncRNA,0.0010003201024327785,24,99.90396927016644,GENCODE_v32_ensembl_crossref
FAR1-IT1,ENSG00000254791,lncRNA,0.0005201664532650448,13,99.9479833546735,GENCODE_v32_ensembl_crossref
AC084117.1,ENSG00000256006,lncRNA,0.001960627400768246,49,99.80393725992317,GENCODE_v32_ensembl_crossref
AC006299.1,ENSG00000246225,lncRNA,0.002600832266325224,64,99.74391805377721,GENCODE_v32_ensembl_crossref
BDNF-AS,ENSG00000245573,lncRNA,0.003401088348271447,85,99.65989116517285,GENCODE_v32_ensembl_crossref
LINC00294,ENSG00000280798,lncRNA,0.0050816261203585145,123,99.4998399487836,GENCODE_v32_ensembl_crossref
CSTF3-DT,ENSG00000247151,lncRNA,0.0008002560819462228,20,99.91997439180538,GENCODE_v32_ensembl_crossref
AL133330.1,ENSG00000251194,lncRNA,0.004081306017925736,101,99.59587067861716,GENCODE_v32_ensembl_crossref
AC087276.2,ENSG00000254907,lncRNA,0.004681498079385404,117,99.53185019206146,GENCODE_v32_ensembl_crossref
LINC02696,ENSG00000254427,lncRNA,0.002640845070422535,62,99.75192061459667,GENCODE_v32_ensembl_crossref
LINC02716,ENSG00000205106,lncRNA,0.0013204225352112676,33,99.86795774647888,GENCODE_v32_ensembl_crossref
AC090559.1,ENSG00000255197,lncRNA,0.07378361075544174,1406,94.36219590268887,GENCODE_v32_ensembl_crossref
AC090559.2,ENSG00000270072,lncRNA,0.0010003201024327785,25,99.89996798975672,GENCODE_v32_ensembl_crossref
AP000781.1,ENSG00000254662,lncRNA,0.002400768245838668,60,99.75992317541613,GENCODE_v32_ensembl_crossref
AP001350.1,ENSG00000269570,lncRNA,0.0033610755441741357,82,99.66789372599231,GENCODE_v32_ensembl_crossref
AP001636.3,ENSG00000255240,lncRNA,0.005121638924455826,117,99.53185019206146,GENCODE_v32_ensembl_crossref
FAM111A-DT,ENSG00000245571,lncRNA,0.008482714468629962,208,99.16773367477593,GENCODE_v32_ensembl_crossref
LINC02739,ENSG00000255008,lncRNA,0.0016005121638924455,40,99.83994878361075,GENCODE_v32_ensembl_crossref
AP000442.1,ENSG00000255139,lncRNA,0.0019206145966709346,47,99.81193982074264,GENCODE_v32_ensembl_crossref
AP000777.2,ENSG00000255959,lncRNA,0.0009603072983354673,24,99.90396927016644,GENCODE_v32_ensembl_crossref
AP003721.4,ENSG00000257052,lncRNA,0.0012804097311139564,32,99.8719590268886,GENCODE_v32_ensembl_crossref
AP001160.3,ENSG00000269176,lncRNA,0.0010403329065300896,26,99.895966709347,GENCODE_v32_ensembl_crossref
AP001160.1,ENSG00000256690,lncRNA,0.0016805377720870679,41,99.83194622279129,GENCODE_v32_ensembl_crossref
SNHG1,ENSG00000255717,lncRNA,0.3761203585147247,7058,71.73895646606914,GENCODE_v32_ensembl_crossref
PPP1R14B-AS1,ENSG00000256940,lncRNA,0.0009202944942381563,19,99.91997439180538,GENCODE_v32_ensembl_crossref
AP001453.2,ENSG00000257086,lncRNA,0.0022007042253521128,55,99.77992957746478,GENCODE_v32_ensembl_crossref
AP003774.2,ENSG00000236935,lncRNA,0.005521766965428937,137,99.45182458386684,GENCODE_v32_ensembl_crossref
LINC02723,ENSG00000231680,lncRNA,0.005441741357234315,132,99.47183098591549,GENCODE_v32_ensembl_crossref
LINC02724,ENSG00000181908,lncRNA,0.001200384122919334,28,99.88796414852753,GENCODE_v32_ensembl_crossref
AP001462.1,ENSG00000269038,lncRNA,0.004721510883482715,114,99.54385403329066,GENCODE_v32_ensembl_crossref
MIR194-2HG,ENSG00000229719,lncRNA,0.0027208706786171575,68,99.72791293213828,GENCODE_v32_ensembl_crossref
AP003068.2,ENSG00000254614,lncRNA,0.022687259923175416,439,98.23143405889884,GENCODE_v32_ensembl_crossref
AP000944.6,ENSG00000287821,lncRNA,0.001440460947503201,36,99.85595390524968,GENCODE_v32_ensembl_crossref
NEAT1,ENSG00000245532,lncRNA,1.8778008962868118,11800,52.58082586427657,GENCODE_v32_ensembl_crossref
MALAT1,ENSG00000251562,lncRNA,40.861115556978234,24819,0.41613316261203126,GENCODE_v32_ensembl_crossref
AP000769.2,ENSG00000270117,lncRNA,0.0015204865556978234,37,99.85195262483995,GENCODE_v32_ensembl_crossref
SSSCA1-AS1,ENSG00000260233,lncRNA,0.013284250960307298,323,98.70358514724713,GENCODE_v32_ensembl_crossref
RELA-DT,ENSG00000285533,lncRNA,0.026088348271446862,627,97.48319462227913,GENCODE_v32_ensembl_crossref
AP000759.1,ENSG00000255320,lncRNA,0.0009202944942381563,23,99.90797055057618,GENCODE_v32_ensembl_crossref
AP001107.2,ENSG00000254452,lncRNA,0.0015604993597951344,39,99.84395006402048,GENCODE_v32_ensembl_crossref
AP001107.9,ENSG00000255468,lncRNA,0.004161331626120359,102,99.59186939820742,GENCODE_v32_ensembl_crossref
AP002748.4,ENSG00000255517,lncRNA,0.025088028169014086,613,97.54721510883483,GENCODE_v32_ensembl_crossref
AP001885.3,ENSG00000287934,lncRNA,0.002600832266325224,65,99.73991677336748,GENCODE_v32_ensembl_crossref
AP003419.2,ENSG00000274251,lncRNA,0.0005201664532650448,13,99.9479833546735,GENCODE_v32_ensembl_crossref
RPS6KB2-AS1,ENSG00000255949,lncRNA,0.0018405889884763125,46,99.81594110115238,GENCODE_v32_ensembl_crossref
LINC02754,ENSG00000251637,lncRNA,0.0035611395646606915,85,99.65588988476313,GENCODE_v32_ensembl_crossref
AP002807.1,ENSG00000255031,lncRNA,0.004801536491677336,118,99.52784891165173,GENCODE_v32_ensembl_crossref
AP002813.1,ENSG00000286369,lncRNA,0.0010003201024327785,25,99.89996798975672,GENCODE_v32_ensembl_crossref
AP000879.1,ENSG00000254721,lncRNA,0.0008002560819462228,20,99.91997439180538,GENCODE_v32_ensembl_crossref
AP000487.1,ENSG00000246889,lncRNA,0.0013204225352112676,33,99.86795774647888,GENCODE_v32_ensembl_crossref
AP002387.2,ENSG00000254682,lncRNA,0.09459026888604354,2159,91.36123559539053,GENCODE_v32_ensembl_crossref
ALG1L9P,ENSG00000248671,lncRNA,0.0008802816901408451,22,99.91197183098592,GENCODE_v32_ensembl_crossref
AP002490.1,ENSG00000251143,lncRNA,0.03545134443021767,840,96.63492317541613,GENCODE_v32_ensembl_crossref
AP005019.1,ENSG00000256633,lncRNA,0.012924135723431499,315,98.7395966709347,GENCODE_v32_ensembl_crossref
ARAP1-AS2,ENSG00000245148,lncRNA,0.0011603713188220231,27,99.88796414852753,GENCODE_v32_ensembl_crossref
AP002381.2,ENSG00000285693,lncRNA,0.02316741357234315,562,97.73927656850192,GENCODE_v32_ensembl_crossref
AP000763.3,ENSG00000256448,lncRNA,0.0010403329065300896,26,99.895966709347,GENCODE_v32_ensembl_crossref
AP002770.1,ENSG00000256034,lncRNA,0.00140044814340589,35,99.85995518565942,GENCODE_v32_ensembl_crossref
AP003717.4,ENSG00000287425,lncRNA,0.028289052496798976,657,97.35915492957746,GENCODE_v32_ensembl_crossref
AP001372.2,ENSG00000254837,lncRNA,0.005521766965428937,135,99.4598271446863,GENCODE_v32_ensembl_crossref
AP002360.1,ENSG00000255135,lncRNA,0.016445262483994878,399,98.39948783610755,GENCODE_v32_ensembl_crossref
LINC02757,ENSG00000255363,lncRNA,0.0022007042253521128,54,99.77992957746478,GENCODE_v32_ensembl_crossref
AP001189.3,ENSG00000254810,lncRNA,0.0031209987195902687,73,99.70790653008963,GENCODE_v32_ensembl_crossref
AP001189.1,ENSG00000236304,lncRNA,0.021806978233034572,444,98.21542893725992,GENCODE_v32_ensembl_crossref
AP003680.1,ENSG00000268635,lncRNA,0.003921254801536492,94,99.62387964148527,GENCODE_v32_ensembl_crossref
RSF1-IT1,ENSG00000255409,lncRNA,0.000600192061459667,15,99.93998079385403,GENCODE_v32_ensembl_crossref
AP002812.5,ENSG00000255449,lncRNA,0.0011603713188220231,29,99.88396286811779,GENCODE_v32_ensembl_crossref
KCTD21-AS1,ENSG00000246174,lncRNA,0.0038812419974391804,96,99.61587708066581,GENCODE_v32_ensembl_crossref
LINC02728,ENSG00000251323,lncRNA,0.0055617797695262485,134,99.4598271446863,GENCODE_v32_ensembl_crossref
RAB30-DT,ENSG00000246067,lncRNA,0.028929257362355954,695,97.21110755441741,GENCODE_v32_ensembl_crossref
AP001767.3,ENSG00000255503,lncRNA,0.0006402048655569782,16,99.93597951344431,GENCODE_v32_ensembl_crossref
AP000873.4,ENSG00000254676,lncRNA,0.0008802816901408451,22,99.91197183098592,GENCODE_v32_ensembl_crossref
AP000873.2,ENSG00000247137,lncRNA,0.016125160051216388,392,98.41949423815622,GENCODE_v32_ensembl_crossref
PCF11-AS1,ENSG00000269939,lncRNA,0.0009603072983354673,24,99.90396927016644,GENCODE_v32_ensembl_crossref
AP000446.1,ENSG00000255234,lncRNA,0.0018405889884763125,45,99.81594110115238,GENCODE_v32_ensembl_crossref
DISC1FP1,ENSG00000261645,lncRNA,0.002560819462227913,64,99.74391805377721,GENCODE_v32_ensembl_crossref
AP000787.1,ENSG00000245552,lncRNA,0.027208706786171575,653,97.38716389244559,GENCODE_v32_ensembl_crossref
AP000779.1,ENSG00000285921,lncRNA,0.005441741357234315,133,99.46782970550576,GENCODE_v32_ensembl_crossref
AP001830.1,ENSG00000255337,lncRNA,0.0008402688860435339,20,99.91997439180538,GENCODE_v32_ensembl_crossref
AP000766.1,ENSG00000261098,lncRNA,0.01120358514724712,266,98.92765685019207,GENCODE_v32_ensembl_crossref
AP003307.1,ENSG00000288012,lncRNA,0.022047055057618437,532,97.87131882202304,GENCODE_v32_ensembl_crossref
LINC02762,ENSG00000250303,lncRNA,0.01196382842509603,265,98.93966069142125,GENCODE_v32_ensembl_crossref
NCAM1-AS1,ENSG00000227487,lncRNA,0.001120358514724712,28,99.88796414852753,GENCODE_v32_ensembl_crossref
LINC00900,ENSG00000246100,lncRNA,0.000560179257362356,13,99.9479833546735,GENCODE_v32_ensembl_crossref
APOA1-AS,ENSG00000235910,lncRNA,0.0008002560819462228,20,99.91997439180538,GENCODE_v32_ensembl_crossref
BACE1-AS,ENSG00000278768,lncRNA,0.0008402688860435339,21,99.91597311139564,GENCODE_v32_ensembl_crossref
AP000757.1,ENSG00000254528,lncRNA,0.0010403329065300896,26,99.895966709347,GENCODE_v32_ensembl_crossref
AP001267.1,ENSG00000254873,lncRNA,0.003921254801536492,98,99.60787451984635,GENCODE_v32_ensembl_crossref
AP001267.3,ENSG00000255435,lncRNA,0.0017605633802816902,44,99.82394366197182,GENCODE_v32_ensembl_crossref
AP002954.1,ENSG00000255422,lncRNA,0.003241037131882202,80,99.6798975672215,GENCODE_v32_ensembl_crossref
AP004609.3,ENSG00000278376,lncRNA,0.01656530089628681,403,98.38748399487837,GENCODE_v32_ensembl_crossref
AP004609.1,ENSG00000245869,lncRNA,0.0009603072983354673,24,99.90396927016644,GENCODE_v32_ensembl_crossref
CCDC84-DT,ENSG00000255121,lncRNA,0.004001280409731114,99,99.60387323943662,GENCODE_v32_ensembl_crossref
AP003392.5,ENSG00000272186,lncRNA,0.005761843790012804,143,99.42781690140845,GENCODE_v32_ensembl_crossref
AP000977.1,ENSG00000246790,lncRNA,0.005201664532650448,127,99.48783610755441,GENCODE_v32_ensembl_crossref
AP000926.2,ENSG00000288061,lncRNA,0.0027208706786171575,68,99.72791293213828,GENCODE_v32_ensembl_crossref
AP000866.5,ENSG00000255045,lncRNA,0.0014804737516005122,35,99.85995518565942,GENCODE_v32_ensembl_crossref
AP000866.2,ENSG00000250073,lncRNA,0.0012403969270166453,27,99.89196542893725,GENCODE_v32_ensembl_crossref
AP000866.6,ENSG00000279342,lncRNA,0.0010403329065300896,26,99.895966709347,GENCODE_v32_ensembl_crossref
AP000866.1,ENSG00000245498,lncRNA,0.00420134443021767,105,99.57986555697823,GENCODE_v32_ensembl_crossref
CCDC15-DT,ENSG00000285825,lncRNA,0.0022007042253521128,53,99.78793213828425,GENCODE_v32_ensembl_crossref
AP001318.2,ENSG00000255062,lncRNA,0.0008402688860435339,20,99.91997439180538,GENCODE_v32_ensembl_crossref
GSEC,ENSG00000280832,lncRNA,0.004361395646606914,103,99.5878681177977,GENCODE_v32_ensembl_crossref
SENCR,ENSG00000254703,lncRNA,0.00668213828425096,157,99.3717989756722,GENCODE_v32_ensembl_crossref
AP003327.2,ENSG00000287426,lncRNA,0.0038412291933418692,94,99.62387964148527,GENCODE_v32_ensembl_crossref
LINC00167,ENSG00000233220,lncRNA,0.002600832266325224,64,99.74391805377721,GENCODE_v32_ensembl_crossref
ZBTB44-DT,ENSG00000175773,lncRNA,0.0029209346991037133,71,99.7159090909091,GENCODE_v32_ensembl_crossref
LINC02551,ENSG00000254842,lncRNA,0.0004001280409731114,10,99.95998719590268,GENCODE_v32_ensembl_crossref
AP003486.1,ENSG00000255455,lncRNA,0.0029209346991037133,73,99.70790653008963,GENCODE_v32_ensembl_crossref
LINC02731,ENSG00000204241,lncRNA,0.0011603713188220231,29,99.88396286811779,GENCODE_v32_ensembl_crossref
AP004608.1,ENSG00000255545,lncRNA,0.0016805377720870679,42,99.83194622279129,GENCODE_v32_ensembl_crossref
AC026369.3,ENSG00000256948,lncRNA,0.0024407810499359793,51,99.79593469910371,GENCODE_v32_ensembl_crossref
AC007406.5,ENSG00000261799,lncRNA,0.005921895006402049,147,99.41181177976952,GENCODE_v32_ensembl_crossref
AC021054.1,ENSG00000177406,lncRNA,0.020326504481434058,493,98.02336747759283,GENCODE_v32_ensembl_crossref
AC004803.1,ENSG00000250132,lncRNA,0.0021606914212548016,54,99.78393085787451,GENCODE_v32_ensembl_crossref
CACNA1C-AS2,ENSG00000256271,lncRNA,0.0035611395646606915,87,99.65188860435339,GENCODE_v32_ensembl_crossref
CACNA1C-AS1,ENSG00000246627,lncRNA,0.0070022407170294496,174,99.30377720870679,GENCODE_v32_ensembl_crossref
ITFG2-AS1,ENSG00000258325,lncRNA,0.0161651728553137,394,98.42349551856594,GENCODE_v32_ensembl_crossref
AC005911.1,ENSG00000278356,lncRNA,0.0009603072983354673,24,99.90396927016644,GENCODE_v32_ensembl_crossref
AC006207.1,ENSG00000283138,lncRNA,0.0010803457106274008,24,99.90396927016644,GENCODE_v32_ensembl_crossref
AC005842.1,ENSG00000256862,lncRNA,0.03281049935979513,767,96.9270166453265,GENCODE_v32_ensembl_crossref
CCND2-AS1,ENSG00000255920,lncRNA,0.0019206145966709346,47,99.81193982074264,GENCODE_v32_ensembl_crossref
CD27-AS1,ENSG00000215039,lncRNA,0.018806017925736235,454,98.17941741357234,GENCODE_v32_ensembl_crossref
AC005840.4,ENSG00000276718,lncRNA,0.0006402048655569782,16,99.93597951344431,GENCODE_v32_ensembl_crossref
AC006064.4,ENSG00000269968,lncRNA,0.04393405889884763,1021,95.9106914212548,GENCODE_v32_ensembl_crossref
AC006064.2,ENSG00000247853,lncRNA,0.0033610755441741357,84,99.66389244558259,GENCODE_v32_ensembl_crossref
AC125494.1,ENSG00000219410,lncRNA,0.016765364916773367,407,98.36747759282972,GENCODE_v32_ensembl_crossref
U47924.2,ENSG00000272173,lncRNA,0.004161331626120359,103,99.5878681177977,GENCODE_v32_ensembl_crossref
C1RL-AS1,ENSG00000205885,lncRNA,0.015364916773367477,373,98.50352112676056,GENCODE_v32_ensembl_crossref
AC018653.3,ENSG00000256967,lncRNA,0.00048015364916773366,12,99.95198463508322,GENCODE_v32_ensembl_crossref
AC006517.2,ENSG00000287713,lncRNA,0.0009603072983354673,24,99.90396927016644,GENCODE_v32_ensembl_crossref
FAM66C,ENSG00000226711,lncRNA,0.005001600512163892,124,99.50384122919334,GENCODE_v32_ensembl_crossref
LINC00937,ENSG00000226091,lncRNA,0.023607554417413572,541,97.83130601792574,GENCODE_v32_ensembl_crossref
AC092490.1,ENSG00000249790,lncRNA,0.002040653008962868,51,99.79593469910371,GENCODE_v32_ensembl_crossref
LINC00612,ENSG00000214851,lncRNA,0.0032810499359795134,82,99.67189500640204,GENCODE_v32_ensembl_crossref
A2M-AS1,ENSG00000245105,lncRNA,0.009242957746478873,223,99.10771446862996,GENCODE_v32_ensembl_crossref
LINC00987,ENSG00000237248,lncRNA,0.0029609475032010245,73,99.70790653008963,GENCODE_v32_ensembl_crossref
AC010175.1,ENSG00000256427,lncRNA,0.0027208706786171575,67,99.731914212548,GENCODE_v32_ensembl_crossref
AC092821.3,ENSG00000284634,lncRNA,0.08506722151088349,1847,92.60163252240717,GENCODE_v32_ensembl_crossref
AC010186.3,ENSG00000257027,lncRNA,0.006001920614596671,143,99.42781690140845,GENCODE_v32_ensembl_crossref
LINC02390,ENSG00000256582,lncRNA,0.001120358514724712,28,99.88796414852753,GENCODE_v32_ensembl_crossref
AC091814.1,ENSG00000255882,lncRNA,0.0024807938540332905,62,99.75192061459667,GENCODE_v32_ensembl_crossref
LINC02470,ENSG00000225231,lncRNA,0.003401088348271447,85,99.65989116517285,GENCODE_v32_ensembl_crossref
AC022075.1,ENSG00000245648,lncRNA,0.017765685019206147,427,98.28745198463508,GENCODE_v32_ensembl_crossref
LINC02446,ENSG00000256039,lncRNA,0.10351312419974391,1405,94.36619718309859,GENCODE_v32_ensembl_crossref
LINC01252,ENSG00000247157,lncRNA,0.002880921895006402,71,99.7159090909091,GENCODE_v32_ensembl_crossref
LOH12CR2,ENSG00000205791,lncRNA,0.006402048655569782,152,99.39180537772087,GENCODE_v32_ensembl_crossref
AC008115.3,ENSG00000275560,lncRNA,0.00528169014084507,127,99.48783610755441,GENCODE_v32_ensembl_crossref
AC092112.1,ENSG00000256084,lncRNA,0.0010003201024327785,25,99.89996798975672,GENCODE_v32_ensembl_crossref
PLBD1-AS1,ENSG00000256751,lncRNA,0.0029209346991037133,71,99.7159090909091,GENCODE_v32_ensembl_crossref
AC010168.2,ENSG00000261324,lncRNA,0.0023607554417413574,59,99.76392445582587,GENCODE_v32_ensembl_crossref
AC023510.2,ENSG00000276842,lncRNA,0.0005201664532650448,13,99.9479833546735,GENCODE_v32_ensembl_crossref
AC087239.1,ENSG00000278743,lncRNA,0.06546094750320103,1529,93.86603713188221,GENCODE_v32_ensembl_crossref
AC092747.4,ENSG00000275764,lncRNA,0.006201984635083226,153,99.37980153649167,GENCODE_v32_ensembl_crossref
AC022364.1,ENSG00000247934,lncRNA,0.016125160051216388,390,98.43950064020487,GENCODE_v32_ensembl_crossref
AC009318.4,ENSG00000275476,lncRNA,0.0011603713188220231,29,99.88396286811779,GENCODE_v32_ensembl_crossref
AC009318.1,ENSG00000257176,lncRNA,0.004801536491677336,116,99.5358514724712,GENCODE_v32_ensembl_crossref
OVCH1-AS1,ENSG00000257599,lncRNA,0.0015604993597951344,37,99.85195262483995,GENCODE_v32_ensembl_crossref
AC024940.1,ENSG00000177340,lncRNA,0.003040973111395647,75,99.69990396927017,GENCODE_v32_ensembl_crossref
AC023157.3,ENSG00000276900,lncRNA,0.010443341869398208,252,98.99167733674776,GENCODE_v32_ensembl_crossref
LINC02422,ENSG00000255760,lncRNA,0.007642445582586427,180,99.27176696542894,GENCODE_v32_ensembl_crossref
AC016957.2,ENSG00000276136,lncRNA,0.006121959026888604,150,99.39980793854033,GENCODE_v32_ensembl_crossref
AC026356.2,ENSG00000276115,lncRNA,0.001440460947503201,33,99.86795774647888,GENCODE_v32_ensembl_crossref
AC084824.5,ENSG00000276148,lncRNA,0.0009202944942381563,22,99.91197183098592,GENCODE_v32_ensembl_crossref
AC140847.2,ENSG00000255652,lncRNA,0.0013604353393085787,29,99.88396286811779,GENCODE_v32_ensembl_crossref
AC079630.1,ENSG00000225342,lncRNA,0.004081306017925736,97,99.61187580025607,GENCODE_v32_ensembl_crossref
AC079684.1,ENSG00000274943,lncRNA,0.0008802816901408451,22,99.91197183098592,GENCODE_v32_ensembl_crossref
AC008124.1,ENSG00000273015,lncRNA,0.029649487836107553,712,97.14708706786172,GENCODE_v32_ensembl_crossref
AC025031.3,ENSG00000274591,lncRNA,0.004001280409731114,98,99.60787451984635,GENCODE_v32_ensembl_crossref
AC025031.2,ENSG00000258096,lncRNA,0.0016805377720870679,42,99.83194622279129,GENCODE_v32_ensembl_crossref
AC008014.1,ENSG00000257261,lncRNA,0.016325224071702945,396,98.41549295774648,GENCODE_v32_ensembl_crossref
AC008035.1,ENSG00000272369,lncRNA,0.005241677336747759,124,99.50384122919334,GENCODE_v32_ensembl_crossref
PCED1B-AS1,ENSG00000247774,lncRNA,0.9678697183098591,12553,49.7559218950064,GENCODE_v32_ensembl_crossref
AC008083.3,ENSG00000258181,lncRNA,0.008282650448143405,203,99.18373879641486,GENCODE_v32_ensembl_crossref
AC004241.3,ENSG00000276390,lncRNA,0.0012403969270166453,31,99.87596030729834,GENCODE_v32_ensembl_crossref
AC004241.1,ENSG00000257433,lncRNA,0.007762483994878361,189,99.23975672215109,GENCODE_v32_ensembl_crossref
AC004466.1,ENSG00000268069,lncRNA,0.0006802176696542894,17,99.93197823303457,GENCODE_v32_ensembl_crossref
AC004801.6,ENSG00000276814,lncRNA,0.0008802816901408451,22,99.91197183098592,GENCODE_v32_ensembl_crossref
AC024257.3,ENSG00000269514,lncRNA,0.004961587708066581,121,99.5118437900128,GENCODE_v32_ensembl_crossref
DDN-AS1,ENSG00000257913,lncRNA,0.018165813060179257,438,98.23543533930858,GENCODE_v32_ensembl_crossref
AC011603.2,ENSG00000258017,lncRNA,0.07062259923175417,1591,93.6219590268886,GENCODE_v32_ensembl_crossref
AC010173.1,ENSG00000258101,lncRNA,0.002640845070422535,63,99.73991677336748,GENCODE_v32_ensembl_crossref
AC125611.3,ENSG00000258232,lncRNA,0.0015604993597951344,39,99.84395006402048,GENCODE_v32_ensembl_crossref
AC074032.1,ENSG00000272368,lncRNA,0.008362676056338027,203,99.18373879641486,GENCODE_v32_ensembl_crossref
AC139768.1,ENSG00000278126,lncRNA,0.0020806658130601793,52,99.79193341869397,GENCODE_v32_ensembl_crossref
AC025259.3,ENSG00000259884,lncRNA,0.00456145966709347,112,99.5518565941101,GENCODE_v32_ensembl_crossref
KRT73-AS1,ENSG00000257495,lncRNA,0.012524007682458387,300,98.79961587708067,GENCODE_v32_ensembl_crossref
AC068888.2,ENSG00000257475,lncRNA,0.0012403969270166453,31,99.87596030729834,GENCODE_v32_ensembl_crossref
AC068888.1,ENSG00000257337,lncRNA,0.009242957746478873,231,99.07570422535211,GENCODE_v32_ensembl_crossref
AC073611.1,ENSG00000257605,lncRNA,0.0027208706786171575,66,99.73591549295774,GENCODE_v32_ensembl_crossref
PCBP2-OT1,ENSG00000282977,lncRNA,0.003721190781049936,92,99.63188220230474,GENCODE_v32_ensembl_crossref
AC023509.3,ENSG00000270175,lncRNA,0.003961267605633803,97,99.60787451984635,GENCODE_v32_ensembl_crossref
AC023509.2,ENSG00000257550,lncRNA,0.004441421254801537,110,99.55985915492957,GENCODE_v32_ensembl_crossref
AC023509.6,ENSG00000285692,lncRNA,0.001440460947503201,35,99.85995518565942,GENCODE_v32_ensembl_crossref
AC023794.3,ENSG00000249388,lncRNA,0.0006402048655569782,16,99.93597951344431,GENCODE_v32_ensembl_crossref
AC009779.2,ENSG00000258056,lncRNA,0.0053217029449423815,129,99.48383482714469,GENCODE_v32_ensembl_crossref
AC034102.4,ENSG00000257553,lncRNA,0.0014804737516005122,37,99.85195262483995,GENCODE_v32_ensembl_crossref
AC034102.6,ENSG00000258317,lncRNA,0.0058018565941101155,145,99.41981434058899,GENCODE_v32_ensembl_crossref
AC073896.2,ENSG00000257303,lncRNA,0.017605633802816902,422,98.31145966709347,GENCODE_v32_ensembl_crossref
AC126614.1,ENSG00000258001,lncRNA,0.00140044814340589,35,99.85995518565942,GENCODE_v32_ensembl_crossref
AC022506.2,ENSG00000287200,lncRNA,0.0013204225352112676,33,99.86795774647888,GENCODE_v32_ensembl_crossref
AC025165.2,ENSG00000257342,lncRNA,0.002400768245838668,60,99.75992317541613,GENCODE_v32_ensembl_crossref
GIHCG,ENSG00000257698,lncRNA,0.028889244558258642,632,97.47119078104993,GENCODE_v32_ensembl_crossref
LINC01465,ENSG00000221949,lncRNA,0.01088348271446863,261,98.95166453265045,GENCODE_v32_ensembl_crossref
AC048341.1,ENSG00000257354,lncRNA,0.004121318822023047,99,99.59186939820742,GENCODE_v32_ensembl_crossref
AC048341.2,ENSG00000275180,lncRNA,0.002240717029449424,56,99.77592829705506,GENCODE_v32_ensembl_crossref
AC135279.4,ENSG00000277895,lncRNA,0.0007602432778489117,19,99.92397567221511,GENCODE_v32_ensembl_crossref
AC026124.2,ENSG00000276853,lncRNA,0.002640845070422535,66,99.73591549295774,GENCODE_v32_ensembl_crossref
AC078983.1,ENSG00000286563,lncRNA,0.0007202304737516005,18,99.92797695262485,GENCODE_v32_ensembl_crossref
AC078777.1,ENSG00000235872,lncRNA,0.0016405249679897567,41,99.83594750320103,GENCODE_v32_ensembl_crossref
IFNG-AS1,ENSG00000255733,lncRNA,0.015284891165172855,348,98.59955185659412,GENCODE_v32_ensembl_crossref
LINC02384,ENSG00000251301,lncRNA,0.04977592829705506,1099,95.59859154929578,GENCODE_v32_ensembl_crossref
AC090061.1,ENSG00000247363,lncRNA,0.0048415492957746475,117,99.53185019206146,GENCODE_v32_ensembl_crossref
AC025423.4,ENSG00000257181,lncRNA,0.005441741357234315,136,99.45582586427658,GENCODE_v32_ensembl_crossref
AC020656.2,ENSG00000274979,lncRNA,0.00316101152368758,77,99.68790012804098,GENCODE_v32_ensembl_crossref
AC020656.1,ENSG00000257764,lncRNA,0.11955825864276569,1870,92.50960307298335,GENCODE_v32_ensembl_crossref
AC025159.1,ENSG00000257815,lncRNA,0.061939820742637645,1460,94.15412932138284,GENCODE_v32_ensembl_crossref
LINC01481,ENSG00000257613,lncRNA,0.0010003201024327785,25,99.89996798975672,GENCODE_v32_ensembl_crossref
AC092881.2,ENSG00000287132,lncRNA,0.0008002560819462228,20,99.91997439180538,GENCODE_v32_ensembl_crossref
AC025569.1,ENSG00000258168,lncRNA,0.0018005761843790013,43,99.82794494238156,GENCODE_v32_ensembl_crossref
AC025257.1,ENSG00000257386,lncRNA,0.012163892445582587,299,98.8036171574904,GENCODE_v32_ensembl_crossref
AC121761.1,ENSG00000257497,lncRNA,0.005441741357234315,135,99.4598271446863,GENCODE_v32_ensembl_crossref
AC011611.3,ENSG00000257453,lncRNA,0.012924135723431499,302,98.7916133162612,GENCODE_v32_ensembl_crossref
AC011611.4,ENSG00000257839,lncRNA,0.0014804737516005122,36,99.85595390524968,GENCODE_v32_ensembl_crossref
PPP1R12A-AS1,ENSG00000257557,lncRNA,0.00280089628681178,69,99.72391165172856,GENCODE_v32_ensembl_crossref
AC024909.1,ENSG00000274021,lncRNA,0.010803457106274008,253,98.98767605633803,GENCODE_v32_ensembl_crossref
POC1B-AS1,ENSG00000270344,lncRNA,0.00632202304737516,155,99.37980153649167,GENCODE_v32_ensembl_crossref
AC025034.1,ENSG00000258302,lncRNA,0.001200384122919334,30,99.87996158770807,GENCODE_v32_ensembl_crossref
ATP2B1-AS1,ENSG00000271614,lncRNA,0.3745998719590269,5716,77.02464788732395,GENCODE_v32_ensembl_crossref
AC009522.1,ENSG00000258216,lncRNA,0.004681498079385404,104,99.57986555697823,GENCODE_v32_ensembl_crossref
LINC01619,ENSG00000257242,lncRNA,0.018005761843790012,441,98.23543533930858,GENCODE_v32_ensembl_crossref
AC123512.1,ENSG00000286907,lncRNA,0.0015204865556978234,36,99.85595390524968,GENCODE_v32_ensembl_crossref
AC025164.1,ENSG00000245904,lncRNA,0.14992797695262483,3180,87.2679257362356,GENCODE_v32_ensembl_crossref
LINC02391,ENSG00000277851,lncRNA,0.004801536491677336,116,99.5358514724712,GENCODE_v32_ensembl_crossref
LINC02397,ENSG00000205056,lncRNA,0.010163252240717029,231,99.07170294494239,GENCODE_v32_ensembl_crossref
LINC02413,ENSG00000257345,lncRNA,0.0029609475032010245,71,99.7159090909091,GENCODE_v32_ensembl_crossref
SOCS2-AS1,ENSG00000246985,lncRNA,0.003241037131882202,80,99.6798975672215,GENCODE_v32_ensembl_crossref
AC073655.3,ENSG00000287237,lncRNA,0.0010003201024327785,24,99.90396927016644,GENCODE_v32_ensembl_crossref
CEP83-DT,ENSG00000278916,lncRNA,0.0022007042253521128,55,99.77992957746478,GENCODE_v32_ensembl_crossref
AC007298.1,ENSG00000257715,lncRNA,0.017005441741357236,395,98.41949423815622,GENCODE_v32_ensembl_crossref
AC008149.1,ENSG00000258177,lncRNA,0.001440460947503201,35,99.85995518565942,GENCODE_v32_ensembl_crossref
LINC02453,ENSG00000245017,lncRNA,0.003040973111395647,76,99.69590268886044,GENCODE_v32_ensembl_crossref
TMPO-AS1,ENSG00000257167,lncRNA,0.05753841229193342,1321,94.70630601792574,GENCODE_v32_ensembl_crossref
HELLPAR,ENSG00000281344,lncRNA,0.0016005121638924455,37,99.83994878361075,GENCODE_v32_ensembl_crossref
AC007541.1,ENSG00000260329,lncRNA,0.005521766965428937,136,99.45582586427658,GENCODE_v32_ensembl_crossref
AC007622.2,ENSG00000258136,lncRNA,0.0018806017925736235,46,99.81193982074264,GENCODE_v32_ensembl_crossref
AC008119.1,ENSG00000287202,lncRNA,0.0008802816901408451,22,99.91197183098592,GENCODE_v32_ensembl_crossref
AC007569.1,ENSG00000257221,lncRNA,0.00668213828425096,158,99.36779769526248,GENCODE_v32_ensembl_crossref
USP30-AS1,ENSG00000256262,lncRNA,0.02076664532650448,507,97.97135083226632,GENCODE_v32_ensembl_crossref
AC007637.1,ENSG00000256139,lncRNA,0.003681177976952625,92,99.63188220230474,GENCODE_v32_ensembl_crossref
AC084876.1,ENSG00000277299,lncRNA,0.0010403329065300896,26,99.895966709347,GENCODE_v32_ensembl_crossref
LINC02356,ENSG00000257595,lncRNA,0.003921254801536492,94,99.62387964148527,GENCODE_v32_ensembl_crossref
ATXN2-AS,ENSG00000258099,lncRNA,0.0018005761843790013,43,99.82794494238156,GENCODE_v32_ensembl_crossref
MAPKAPK5-AS1,ENSG00000234608,lncRNA,0.12423975672215108,2837,88.6443661971831,GENCODE_v32_ensembl_crossref
AC073863.1,ENSG00000257359,lncRNA,0.002040653008962868,51,99.79593469910371,GENCODE_v32_ensembl_crossref
AC130895.1,ENSG00000258337,lncRNA,0.0015604993597951344,39,99.84395006402048,GENCODE_v32_ensembl_crossref
LINC00173,ENSG00000196668,lncRNA,0.011163572343149807,272,98.9076504481434,GENCODE_v32_ensembl_crossref
TESC-AS1,ENSG00000258285,lncRNA,0.0010803457106274008,27,99.89196542893725,GENCODE_v32_ensembl_crossref
AC004812.2,ENSG00000277283,lncRNA,0.011643725992317541,285,98.85963508322664,GENCODE_v32_ensembl_crossref
PXN-AS1,ENSG00000255857,lncRNA,0.02564820742637644,630,97.47919334186939,GENCODE_v32_ensembl_crossref
AC004263.2,ENSG00000286067,lncRNA,0.002840909090909091,70,99.71991037131882,GENCODE_v32_ensembl_crossref
NRAV,ENSG00000248008,lncRNA,0.0010403329065300896,26,99.895966709347,GENCODE_v32_ensembl_crossref
KDM2B-DT,ENSG00000256742,lncRNA,0.0012403969270166453,31,99.87596030729834,GENCODE_v32_ensembl_crossref
LINC01089,ENSG00000212694,lncRNA,0.06370038412291934,1484,94.05409731113956,GENCODE_v32_ensembl_crossref
AC084018.2,ENSG00000274292,lncRNA,0.019006081946222792,449,98.20342509603073,GENCODE_v32_ensembl_crossref
AC026333.3,ENSG00000256249,lncRNA,0.0018806017925736235,47,99.81193982074264,GENCODE_v32_ensembl_crossref
AC027290.1,ENSG00000256152,lncRNA,0.018005761843790012,445,98.21542893725992,GENCODE_v32_ensembl_crossref
SBNO1-AS1,ENSG00000256092,lncRNA,0.013564340588988477,331,98.67157490396927,GENCODE_v32_ensembl_crossref
TMED2-DT,ENSG00000247373,lncRNA,0.002000640204865557,50,99.79993597951345,GENCODE_v32_ensembl_crossref
THRIL,ENSG00000280634,lncRNA,0.0008002560819462228,19,99.91997439180538,GENCODE_v32_ensembl_crossref
LINC00943,ENSG00000189238,lncRNA,0.0008002560819462228,20,99.91997439180538,GENCODE_v32_ensembl_crossref
LINC00944,ENSG00000256128,lncRNA,0.025048015364916774,589,97.64324583866836,GENCODE_v32_ensembl_crossref
LINC02361,ENSG00000256576,lncRNA,0.020086427656850193,488,98.04737516005122,GENCODE_v32_ensembl_crossref
AC138466.1,ENSG00000256312,lncRNA,0.0008002560819462228,20,99.91997439180538,GENCODE_v32_ensembl_crossref
AC127070.1,ENSG00000236617,lncRNA,0.0015604993597951344,37,99.85195262483995,GENCODE_v32_ensembl_crossref
AL355001.2,ENSG00000275964,lncRNA,0.009563060179257362,237,99.05169654289374,GENCODE_v32_ensembl_crossref
LINC00539,ENSG00000224429,lncRNA,0.006722151088348271,157,99.36779769526248,GENCODE_v32_ensembl_crossref
AL136962.1,ENSG00000276476,lncRNA,0.00844270166453265,196,99.20774647887323,GENCODE_v32_ensembl_crossref
PCOTH,ENSG00000205861,lncRNA,0.0005201664532650448,13,99.9479833546735,GENCODE_v32_ensembl_crossref
SPATA13-AS1,ENSG00000227213,lncRNA,0.0010003201024327785,25,99.89996798975672,GENCODE_v32_ensembl_crossref
AL590787.1,ENSG00000260509,lncRNA,0.0009603072983354673,23,99.90396927016644,GENCODE_v32_ensembl_crossref
AL138966.2,ENSG00000277368,lncRNA,0.005481754161331626,133,99.46382842509604,GENCODE_v32_ensembl_crossref
USP12-AS2,ENSG00000230641,lncRNA,0.0008002560819462228,20,99.91997439180538,GENCODE_v32_ensembl_crossref
PAN3-AS1,ENSG00000261485,lncRNA,0.0020806658130601793,52,99.79193341869397,GENCODE_v32_ensembl_crossref
LINC00544,ENSG00000122043,lncRNA,0.002880921895006402,70,99.71991037131882,GENCODE_v32_ensembl_crossref
LINC00384,ENSG00000232117,lncRNA,0.0010003201024327785,24,99.90396927016644,GENCODE_v32_ensembl_crossref
LINC00426,ENSG00000238121,lncRNA,0.020926696542893725,485,98.0593790012804,GENCODE_v32_ensembl_crossref
FRY-AS1,ENSG00000237637,lncRNA,0.0006402048655569782,16,99.93597951344431,GENCODE_v32_ensembl_crossref
N4BP2L2-IT2,ENSG00000281026,lncRNA,0.0035211267605633804,88,99.64788732394366,GENCODE_v32_ensembl_crossref
AL138820.1,ENSG00000277151,lncRNA,0.0010803457106274008,25,99.89996798975672,GENCODE_v32_ensembl_crossref
AL161891.1,ENSG00000276672,lncRNA,0.0008802816901408451,22,99.91197183098592,GENCODE_v32_ensembl_crossref
LINC00571,ENSG00000223685,lncRNA,0.0013604353393085787,34,99.86395646606914,GENCODE_v32_ensembl_crossref
AL590064.1,ENSG00000287837,lncRNA,0.0018405889884763125,46,99.81594110115238,GENCODE_v32_ensembl_crossref
AL354696.2,ENSG00000278390,lncRNA,0.004281370038412292,103,99.58386683738797,GENCODE_v32_ensembl_crossref
SMIM2-AS1,ENSG00000227258,lncRNA,0.0015604993597951344,39,99.84395006402048,GENCODE_v32_ensembl_crossref
AL589745.1,ENSG00000230731,lncRNA,0.0015604993597951344,36,99.85195262483995,GENCODE_v32_ensembl_crossref
TSC22D1-AS1,ENSG00000278156,lncRNA,0.0015204865556978234,37,99.85195262483995,GENCODE_v32_ensembl_crossref
AL138963.4,ENSG00000273149,lncRNA,2.342629641485275,16778,32.82650448143406,GENCODE_v32_ensembl_crossref
TPT1-AS1,ENSG00000170919,lncRNA,0.028409090909090908,690,97.23111395646606,GENCODE_v32_ensembl_crossref
AL138963.1,ENSG00000228886,lncRNA,0.0010803457106274008,27,99.89196542893725,GENCODE_v32_ensembl_crossref
CPB2-AS1,ENSG00000235903,lncRNA,0.052936939820742636,1229,95.074423815621,GENCODE_v32_ensembl_crossref
LINC00562,ENSG00000260388,lncRNA,0.0006802176696542894,17,99.93197823303457,GENCODE_v32_ensembl_crossref
AL158196.1,ENSG00000276968,lncRNA,0.001200384122919334,30,99.87996158770807,GENCODE_v32_ensembl_crossref
MED4-AS1,ENSG00000229111,lncRNA,0.0014804737516005122,37,99.85195262483995,GENCODE_v32_ensembl_crossref
RB1-DT,ENSG00000231473,lncRNA,0.004041293213828425,99,99.60387323943662,GENCODE_v32_ensembl_crossref
AL157813.1,ENSG00000274929,lncRNA,0.004041293213828425,98,99.60787451984635,GENCODE_v32_ensembl_crossref
AL161421.1,ENSG00000275202,lncRNA,0.013524327784891165,328,98.68357874519846,GENCODE_v32_ensembl_crossref
DLEU2,ENSG00000231607,lncRNA,0.041893405889884765,987,96.04673495518567,GENCODE_v32_ensembl_crossref
DLEU1,ENSG00000176124,lncRNA,0.023127400768245838,558,97.7632842509603,GENCODE_v32_ensembl_crossref
AL137060.3,ENSG00000274270,lncRNA,0.003241037131882202,78,99.68389884763124,GENCODE_v32_ensembl_crossref
RNASEH2B-AS1,ENSG00000233672,lncRNA,0.0016005121638924455,40,99.83994878361075,GENCODE_v32_ensembl_crossref
INTS6-AS1,ENSG00000236778,lncRNA,0.027008642765685018,652,97.38716389244559,GENCODE_v32_ensembl_crossref
AL162377.1,ENSG00000231856,lncRNA,0.02916933418693982,704,97.1830985915493,GENCODE_v32_ensembl_crossref
AL359513.1,ENSG00000278238,lncRNA,0.013404289372599233,326,98.69558258642766,GENCODE_v32_ensembl_crossref
AL139089.1,ENSG00000273723,lncRNA,0.005161651728553137,129,99.48383482714469,GENCODE_v32_ensembl_crossref
LINC00402,ENSG00000235532,lncRNA,0.056658130601792575,1285,94.85835467349551,GENCODE_v32_ensembl_crossref
AL353660.1,ENSG00000286330,lncRNA,0.007762483994878361,190,99.23975672215109,GENCODE_v32_ensembl_crossref
MYCBP2-AS1,ENSG00000236051,lncRNA,0.007602432778489116,187,99.25176056338029,GENCODE_v32_ensembl_crossref
OBI1-AS1,ENSG00000234377,lncRNA,0.004681498079385404,115,99.53985275288092,GENCODE_v32_ensembl_crossref
RBM26-AS1,ENSG00000227354,lncRNA,0.007922535211267605,194,99.21975032010243,GENCODE_v32_ensembl_crossref
AL162493.1,ENSG00000288016,lncRNA,0.0016005121638924455,40,99.83994878361075,GENCODE_v32_ensembl_crossref
MIR17HG,ENSG00000215417,lncRNA,0.005481754161331626,132,99.46782970550576,GENCODE_v32_ensembl_crossref
DNAJC3-DT,ENSG00000247400,lncRNA,0.004441421254801537,107,99.57186299615877,GENCODE_v32_ensembl_crossref
AL442067.3,ENSG00000286416,lncRNA,0.0024807938540332905,62,99.75192061459667,GENCODE_v32_ensembl_crossref
DOCK9-DT,ENSG00000260992,lncRNA,0.0008402688860435339,20,99.91597311139564,GENCODE_v32_ensembl_crossref
UBAC2-AS1,ENSG00000228889,lncRNA,0.011683738796414853,285,98.8556338028169,GENCODE_v32_ensembl_crossref
LINC01232,ENSG00000280734,lncRNA,0.004321382842509603,106,99.57586427656851,GENCODE_v32_ensembl_crossref
PCCA-DT,ENSG00000274605,lncRNA,0.003241037131882202,74,99.7039052496799,GENCODE_v32_ensembl_crossref
AL356966.1,ENSG00000224356,lncRNA,0.002840909090909091,71,99.7159090909091,GENCODE_v32_ensembl_crossref
AL136526.1,ENSG00000280169,lncRNA,0.0006402048655569782,16,99.93597951344431,GENCODE_v32_ensembl_crossref
FGF14-AS2,ENSG00000272143,lncRNA,0.002000640204865557,49,99.80393725992317,GENCODE_v32_ensembl_crossref
ANKRD10-IT1,ENSG00000229152,lncRNA,0.0019206145966709346,46,99.81193982074264,GENCODE_v32_ensembl_crossref
AL442128.2,ENSG00000277767,lncRNA,0.0010003201024327785,24,99.90396927016644,GENCODE_v32_ensembl_crossref
AL139384.1,ENSG00000274922,lncRNA,0.006722151088348271,163,99.3437900128041,GENCODE_v32_ensembl_crossref
MCF2L-AS1,ENSG00000235280,lncRNA,0.0022007042253521128,55,99.77992957746478,GENCODE_v32_ensembl_crossref
GAS6-AS1,ENSG00000233695,lncRNA,0.01332426376440461,320,98.71558898847631,GENCODE_v32_ensembl_crossref
LINC00565,ENSG00000260910,lncRNA,0.001960627400768246,48,99.80793854033291,GENCODE_v32_ensembl_crossref
AL356019.2,ENSG00000258768,lncRNA,0.0012403969270166453,31,99.87596030729834,GENCODE_v32_ensembl_crossref
AL355075.4,ENSG00000259001,lncRNA,0.022647247119078104,488,98.0193661971831,GENCODE_v32_ensembl_crossref
AL355075.3,ENSG00000258908,lncRNA,0.0021606914212548016,54,99.78393085787451,GENCODE_v32_ensembl_crossref
AL161668.3,ENSG00000258471,lncRNA,0.0008802816901408451,22,99.91197183098592,GENCODE_v32_ensembl_crossref
LINC00641,ENSG00000258441,lncRNA,0.006161971830985915,150,99.39980793854033,GENCODE_v32_ensembl_crossref
AC244502.1,ENSG00000251002,lncRNA,0.0055617797695262485,132,99.46782970550576,GENCODE_v32_ensembl_crossref
LINC02332,ENSG00000259054,lncRNA,0.0007602432778489117,19,99.92397567221511,GENCODE_v32_ensembl_crossref
AC243965.1,ENSG00000259003,lncRNA,0.0006802176696542894,17,99.93197823303457,GENCODE_v32_ensembl_crossref
PRMT5-AS1,ENSG00000237054,lncRNA,0.006081946222791294,146,99.41181177976952,GENCODE_v32_ensembl_crossref
AL132780.1,ENSG00000257285,lncRNA,0.0004001280409731114,10,99.95998719590268,GENCODE_v32_ensembl_crossref
ZFHX2-AS1,ENSG00000157306,lncRNA,0.002000640204865557,50,99.79993597951345,GENCODE_v32_ensembl_crossref
AL135999.1,ENSG00000258727,lncRNA,0.01264404609475032,311,98.75160051216389,GENCODE_v32_ensembl_crossref
DHRS4-AS1,ENSG00000215256,lncRNA,0.028329065300896288,670,97.31514084507043,GENCODE_v32_ensembl_crossref
AL136419.3,ENSG00000286931,lncRNA,0.014604673495518566,360,98.5595390524968,GENCODE_v32_ensembl_crossref
AL136295.2,ENSG00000259321,lncRNA,0.0007602432778489117,19,99.92397567221511,GENCODE_v32_ensembl_crossref
AL136295.17,ENSG00000287765,lncRNA,0.0017605633802816902,44,99.82394366197182,GENCODE_v32_ensembl_crossref
AL136295.7,ENSG00000278784,lncRNA,0.0023607554417413574,57,99.77192701664532,GENCODE_v32_ensembl_crossref
AL096870.8,ENSG00000288044,lncRNA,0.01056338028169014,250,98.99967989756722,GENCODE_v32_ensembl_crossref
AL096870.6,ENSG00000286825,lncRNA,0.013124199743918053,320,98.71959026888605,GENCODE_v32_ensembl_crossref
AL049830.3,ENSG00000258525,lncRNA,0.0007202304737516005,18,99.92797695262485,GENCODE_v32_ensembl_crossref
AL139353.2,ENSG00000250365,lncRNA,0.003961267605633803,98,99.60787451984635,GENCODE_v32_ensembl_crossref
AL163973.2,ENSG00000257155,lncRNA,0.0027608834827144687,68,99.72791293213828,GENCODE_v32_ensembl_crossref
ARHGAP5-AS1,ENSG00000258655,lncRNA,0.004961587708066581,120,99.51984635083227,GENCODE_v32_ensembl_crossref
AL161665.1,ENSG00000285608,lncRNA,0.002000640204865557,49,99.80393725992317,GENCODE_v32_ensembl_crossref
AL161665.2,ENSG00000286527,lncRNA,0.0016805377720870679,42,99.83194622279129,GENCODE_v32_ensembl_crossref
AL121603.2,ENSG00000258738,lncRNA,0.023687580025608196,574,97.6992637644046,GENCODE_v32_ensembl_crossref
AL162311.3,ENSG00000258938,lncRNA,0.0007202304737516005,18,99.92797695262485,GENCODE_v32_ensembl_crossref
SEC23A-AS1,ENSG00000258651,lncRNA,0.00140044814340589,35,99.85995518565942,GENCODE_v32_ensembl_crossref
AL109628.2,ENSG00000285830,lncRNA,0.0058018565941101155,143,99.42781690140845,GENCODE_v32_ensembl_crossref
AL132639.2,ENSG00000258940,lncRNA,0.004961587708066581,119,99.51984635083227,GENCODE_v32_ensembl_crossref
AL049828.1,ENSG00000258526,lncRNA,0.0029609475032010245,71,99.71190781049935,GENCODE_v32_ensembl_crossref
AL139099.1,ENSG00000258377,lncRNA,0.005481754161331626,135,99.45582586427658,GENCODE_v32_ensembl_crossref
AL627171.2,ENSG00000282885,lncRNA,0.05849871959026889,1329,94.6622919334187,GENCODE_v32_ensembl_crossref
AL627171.1,ENSG00000278002,lncRNA,0.03261043533930858,765,96.93501920614597,GENCODE_v32_ensembl_crossref
LINC01588,ENSG00000214900,lncRNA,0.02492797695262484,593,97.62323943661971,GENCODE_v32_ensembl_crossref
AL359397.2,ENSG00000259071,lncRNA,0.0005201664532650448,13,99.9479833546735,GENCODE_v32_ensembl_crossref
AL606834.2,ENSG00000270062,lncRNA,0.0031209987195902687,77,99.68790012804098,GENCODE_v32_ensembl_crossref
AL358334.3,ENSG00000258745,lncRNA,0.0038812419974391804,96,99.61587708066581,GENCODE_v32_ensembl_crossref
AL358334.2,ENSG00000258711,lncRNA,0.00528169014084507,132,99.47183098591549,GENCODE_v32_ensembl_crossref
FRMD6-AS1,ENSG00000273888,lncRNA,0.0012403969270166453,31,99.87596030729834,GENCODE_v32_ensembl_crossref
AL358333.3,ENSG00000259007,lncRNA,0.003681177976952625,91,99.63588348271448,GENCODE_v32_ensembl_crossref
AL139317.3,ENSG00000259049,lncRNA,0.0009603072983354673,24,99.90396927016644,GENCODE_v32_ensembl_crossref
AL139317.5,ENSG00000285664,lncRNA,0.0018806017925736235,47,99.81193982074264,GENCODE_v32_ensembl_crossref
AL356020.1,ENSG00000258731,lncRNA,0.0025208066581306017,62,99.75192061459667,GENCODE_v32_ensembl_crossref
AL365295.1,ENSG00000237356,lncRNA,0.00316101152368758,78,99.68790012804098,GENCODE_v32_ensembl_crossref
AL158801.2,ENSG00000258413,lncRNA,0.0021206786171574904,49,99.79993597951345,GENCODE_v32_ensembl_crossref
KTN1-AS1,ENSG00000186615,lncRNA,0.003721190781049936,92,99.63188220230474,GENCODE_v32_ensembl_crossref
AL138995.1,ENSG00000277763,lncRNA,0.0010803457106274008,27,99.89196542893725,GENCODE_v32_ensembl_crossref
LINC02284,ENSG00000259719,lncRNA,0.002600832266325224,61,99.75592189500641,GENCODE_v32_ensembl_crossref
PSMA3-AS1,ENSG00000257621,lncRNA,0.1476072343149808,3302,86.77176696542894,GENCODE_v32_ensembl_crossref
AL132989.2,ENSG00000279636,lncRNA,0.0009202944942381563,22,99.90797055057618,GENCODE_v32_ensembl_crossref
AL157756.1,ENSG00000254718,lncRNA,0.0010003201024327785,25,99.89996798975672,GENCODE_v32_ensembl_crossref
AL359220.1,ENSG00000247287,lncRNA,0.024607874519846352,586,97.65124839948783,GENCODE_v32_ensembl_crossref
AL355916.2,ENSG00000258926,lncRNA,0.002040653008962868,51,99.79593469910371,GENCODE_v32_ensembl_crossref
LINC01303,ENSG00000250548,lncRNA,0.0016405249679897567,41,99.83594750320103,GENCODE_v32_ensembl_crossref
AL355916.1,ENSG00000232774,lncRNA,0.0010403329065300896,26,99.895966709347,GENCODE_v32_ensembl_crossref
HIF1A-AS3,ENSG00000258667,lncRNA,0.0017605633802816902,44,99.82394366197182,GENCODE_v32_ensembl_crossref
AL136038.3,ENSG00000261242,lncRNA,0.0029209346991037133,73,99.70790653008963,GENCODE_v32_ensembl_crossref
AL136038.2,ENSG00000258800,lncRNA,0.0017605633802816902,44,99.82394366197182,GENCODE_v32_ensembl_crossref
AL136038.5,ENSG00000274015,lncRNA,0.009242957746478873,230,99.07970550576184,GENCODE_v32_ensembl_crossref
AL161756.1,ENSG00000214770,lncRNA,0.0008402688860435339,21,99.91597311139564,GENCODE_v32_ensembl_crossref
AL122035.1,ENSG00000258824,lncRNA,0.006201984635083226,148,99.40380921895007,GENCODE_v32_ensembl_crossref
AL122035.2,ENSG00000272909,lncRNA,0.0012804097311139564,32,99.8719590268886,GENCODE_v32_ensembl_crossref
AL049869.3,ENSG00000259116,lncRNA,0.002240717029449424,56,99.77592829705506,GENCODE_v32_ensembl_crossref
AL139022.1,ENSG00000259118,lncRNA,0.0011603713188220231,29,99.88396286811779,GENCODE_v32_ensembl_crossref
AL355076.2,ENSG00000258760,lncRNA,0.0030009603072983356,75,99.69990396927017,GENCODE_v32_ensembl_crossref
FUT8-AS1,ENSG00000276116,lncRNA,0.0038812419974391804,97,99.61187580025607,GENCODE_v32_ensembl_crossref
AL359232.1,ENSG00000258561,lncRNA,0.005761843790012804,141,99.43581946222791,GENCODE_v32_ensembl_crossref
AL135978.2,ENSG00000286319,lncRNA,0.0027608834827144687,69,99.72391165172856,GENCODE_v32_ensembl_crossref
AL133445.2,ENSG00000273797,lncRNA,0.0007602432778489117,19,99.92397567221511,GENCODE_v32_ensembl_crossref
AL356804.1,ENSG00000259033,lncRNA,0.0014804737516005122,33,99.86795774647888,GENCODE_v32_ensembl_crossref
AC004816.1,ENSG00000259153,lncRNA,0.00140044814340589,34,99.86395646606914,GENCODE_v32_ensembl_crossref
AC004825.2,ENSG00000274818,lncRNA,0.0012804097311139564,32,99.8719590268886,GENCODE_v32_ensembl_crossref
AC004825.3,ENSG00000287643,lncRNA,0.002240717029449424,56,99.77592829705506,GENCODE_v32_ensembl_crossref
AC004817.3,ENSG00000269927,lncRNA,0.005041613316261203,109,99.56386043533931,GENCODE_v32_ensembl_crossref
AC005476.2,ENSG00000259146,lncRNA,0.000600192061459667,15,99.93998079385403,GENCODE_v32_ensembl_crossref
AC004974.1,ENSG00000285612,lncRNA,0.015524967989756722,375,98.49151728553137,GENCODE_v32_ensembl_crossref
AL442663.3,ENSG00000258813,lncRNA,0.0030809859154929575,76,99.69590268886044,GENCODE_v32_ensembl_crossref
AC004846.1,ENSG00000258376,lncRNA,0.0013204225352112676,32,99.8719590268886,GENCODE_v32_ensembl_crossref
AC004846.2,ENSG00000258944,lncRNA,0.0022007042253521128,54,99.78393085787451,GENCODE_v32_ensembl_crossref
AC005280.2,ENSG00000284930,lncRNA,0.017765685019206147,407,98.37147887323944,GENCODE_v32_ensembl_crossref
AC005280.1,ENSG00000251393,lncRNA,0.000600192061459667,15,99.93998079385403,GENCODE_v32_ensembl_crossref
AC005520.2,ENSG00000259065,lncRNA,0.007482394366197183,182,99.27176696542894,GENCODE_v32_ensembl_crossref
AC005480.1,ENSG00000258891,lncRNA,0.0007202304737516005,18,99.92797695262485,GENCODE_v32_ensembl_crossref
AC005519.1,ENSG00000258559,lncRNA,0.0008002560819462228,20,99.91997439180538,GENCODE_v32_ensembl_crossref
AL049780.1,ENSG00000258646,lncRNA,0.0017605633802816902,43,99.82794494238156,GENCODE_v32_ensembl_crossref
AL049780.2,ENSG00000259138,lncRNA,0.002600832266325224,65,99.73991677336748,GENCODE_v32_ensembl_crossref
AL691403.2,ENSG00000273565,lncRNA,0.004241357234314981,103,99.58386683738797,GENCODE_v32_ensembl_crossref
LINC01220,ENSG00000259687,lncRNA,0.022647247119078104,526,97.89132522407171,GENCODE_v32_ensembl_crossref
AF111167.2,ENSG00000259319,lncRNA,0.0017605633802816902,44,99.82394366197182,GENCODE_v32_ensembl_crossref
VASH1-AS1,ENSG00000258301,lncRNA,0.0058018565941101155,143,99.42781690140845,GENCODE_v32_ensembl_crossref
AF111169.4,ENSG00000286437,lncRNA,0.0008002560819462228,20,99.91997439180538,GENCODE_v32_ensembl_crossref
LINC01629,ENSG00000258602,lncRNA,0.0005201664532650448,13,99.9479833546735,GENCODE_v32_ensembl_crossref
AC007686.3,ENSG00000273729,lncRNA,0.0072423175416133165,174,99.29977592829705,GENCODE_v32_ensembl_crossref
AC007262.2,ENSG00000284959,lncRNA,0.002280729833546735,57,99.77192701664532,GENCODE_v32_ensembl_crossref
AL136040.1,ENSG00000273783,lncRNA,0.0023207426376440463,57,99.77192701664532,GENCODE_v32_ensembl_crossref
LINC02328,ENSG00000258733,lncRNA,0.02976952624839949,721,97.11107554417413,GENCODE_v32_ensembl_crossref
LINC01146,ENSG00000258867,lncRNA,0.005521766965428937,135,99.4598271446863,GENCODE_v32_ensembl_crossref
AL357093.2,ENSG00000258752,lncRNA,0.002600832266325224,64,99.74391805377721,GENCODE_v32_ensembl_crossref
FOXN3-AS1,ENSG00000258920,lncRNA,0.004961587708066581,122,99.50784250960308,GENCODE_v32_ensembl_crossref
AL512791.2,ENSG00000275198,lncRNA,0.0021206786171574904,51,99.79593469910371,GENCODE_v32_ensembl_crossref
AL135818.1,ENSG00000258875,lncRNA,0.005881882202304738,144,99.42381562099872,GENCODE_v32_ensembl_crossref
AL135818.2,ENSG00000260810,lncRNA,0.0010803457106274008,26,99.895966709347,GENCODE_v32_ensembl_crossref
AL121839.2,ENSG00000260711,lncRNA,0.011123559539052497,269,98.92365556978233,GENCODE_v32_ensembl_crossref
DICER1-AS1,ENSG00000235706,lncRNA,0.005441741357234315,130,99.47183098591549,GENCODE_v32_ensembl_crossref
AL133467.1,ENSG00000258572,lncRNA,0.003641165172855314,79,99.6798975672215,GENCODE_v32_ensembl_crossref
SNHG10,ENSG00000247092,lncRNA,0.024607874519846352,590,97.63524327784891,GENCODE_v32_ensembl_crossref
TCL6,ENSG00000187621,lncRNA,0.003481113956466069,79,99.68389884763124,GENCODE_v32_ensembl_crossref
AL139020.1,ENSG00000257275,lncRNA,0.003681177976952625,82,99.67189500640204,GENCODE_v32_ensembl_crossref
AL163051.1,ENSG00000260806,lncRNA,0.0031209987195902687,77,99.6919014084507,GENCODE_v32_ensembl_crossref
LINC02325,ENSG00000246084,lncRNA,0.007762483994878361,189,99.24375800256082,GENCODE_v32_ensembl_crossref
LINC01550,ENSG00000246223,lncRNA,0.06798175416133162,1524,93.89804737516005,GENCODE_v32_ensembl_crossref
LINC02295,ENSG00000258511,lncRNA,0.008282650448143405,202,99.19174135723432,GENCODE_v32_ensembl_crossref
AL109767.1,ENSG00000235785,lncRNA,0.017445582586427658,409,98.36347631241998,GENCODE_v32_ensembl_crossref
AL160313.1,ENSG00000247970,lncRNA,0.0020806658130601793,52,99.79193341869397,GENCODE_v32_ensembl_crossref
AL157912.1,ENSG00000258560,lncRNA,0.0011603713188220231,28,99.88796414852753,GENCODE_v32_ensembl_crossref
AL135838.1,ENSG00000258620,lncRNA,0.0005201664532650448,13,99.9479833546735,GENCODE_v32_ensembl_crossref
AL132709.8,ENSG00000288302,lncRNA,0.020166453265044813,466,98.1354033290653,GENCODE_v32_ensembl_crossref
LINC02285,ENSG00000259004,lncRNA,0.0012804097311139564,32,99.8719590268886,GENCODE_v32_ensembl_crossref
LINC00239,ENSG00000258512,lncRNA,0.004001280409731114,100,99.59987195902688,GENCODE_v32_ensembl_crossref
AL137779.2,ENSG00000259088,lncRNA,0.0010403329065300896,26,99.895966709347,GENCODE_v32_ensembl_crossref
AL137779.1,ENSG00000256705,lncRNA,0.00048015364916773366,12,99.95198463508322,GENCODE_v32_ensembl_crossref
AL118558.3,ENSG00000271780,lncRNA,0.006762163892445583,165,99.33978873239437,GENCODE_v32_ensembl_crossref
LINC02323,ENSG00000259230,lncRNA,0.0010003201024327785,24,99.90396927016644,GENCODE_v32_ensembl_crossref
AL133367.1,ENSG00000260285,lncRNA,0.0006402048655569782,16,99.93597951344431,GENCODE_v32_ensembl_crossref
AL049840.2,ENSG00000246451,lncRNA,0.0014804737516005122,37,99.85195262483995,GENCODE_v32_ensembl_crossref
AL049840.4,ENSG00000269940,lncRNA,0.0008802816901408451,22,99.91197183098592,GENCODE_v32_ensembl_crossref
AL049840.5,ENSG00000269958,lncRNA,0.004041293213828425,100,99.59987195902688,GENCODE_v32_ensembl_crossref
AL583722.2,ENSG00000258430,lncRNA,0.0008402688860435339,20,99.91597311139564,GENCODE_v32_ensembl_crossref
LINC02298,ENSG00000257556,lncRNA,0.0015204865556978234,37,99.85195262483995,GENCODE_v32_ensembl_crossref
COPDA1,ENSG00000253364,lncRNA,0.007522407170294494,161,99.3557938540333,GENCODE_v32_ensembl_crossref
AC246787.2,ENSG00000244620,lncRNA,0.0023207426376440463,53,99.78793213828425,GENCODE_v32_ensembl_crossref
FAM30A,ENSG00000226777,lncRNA,0.024527848911651728,426,98.29545454545455,GENCODE_v32_ensembl_crossref
AC138649.1,ENSG00000274253,lncRNA,0.0036011523687580027,88,99.64788732394366,GENCODE_v32_ensembl_crossref
SNHG14,ENSG00000224078,lncRNA,0.06406049935979513,1465,94.12211907810499,GENCODE_v32_ensembl_crossref
AC023449.2,ENSG00000274307,lncRNA,0.003761203585147247,93,99.62788092189501,GENCODE_v32_ensembl_crossref
AC127502.2,ENSG00000270055,lncRNA,0.026168373879641486,610,97.5552176696543,GENCODE_v32_ensembl_crossref
AC091057.3,ENSG00000269930,lncRNA,0.0008802816901408451,22,99.91197183098592,GENCODE_v32_ensembl_crossref
AC091057.2,ENSG00000247728,lncRNA,0.0036011523687580027,90,99.6398847631242,GENCODE_v32_ensembl_crossref
LINC02352,ENSG00000259448,lncRNA,0.008282650448143405,200,99.19974391805377,GENCODE_v32_ensembl_crossref
AC012236.1,ENSG00000259772,lncRNA,0.003761203585147247,78,99.68790012804098,GENCODE_v32_ensembl_crossref
LINC02256,ENSG00000261064,lncRNA,0.06490076824583867,1535,93.85003201024328,GENCODE_v32_ensembl_crossref
AC123768.3,ENSG00000262728,lncRNA,0.0050816261203585145,126,99.49583866837388,GENCODE_v32_ensembl_crossref
AC123768.2,ENSG00000244952,lncRNA,0.0005201664532650448,13,99.9479833546735,GENCODE_v32_ensembl_crossref
LINC02345,ENSG00000259225,lncRNA,0.004761523687580025,95,99.61987836107554,GENCODE_v32_ensembl_crossref
LINC01852,ENSG00000236914,lncRNA,0.00044014084507042255,11,99.95598591549296,GENCODE_v32_ensembl_crossref
AC116158.3,ENSG00000286786,lncRNA,0.008922855313700384,217,99.12772087067862,GENCODE_v32_ensembl_crossref
AC116158.1,ENSG00000259326,lncRNA,0.0012804097311139564,30,99.87596030729834,GENCODE_v32_ensembl_crossref
LINC02694,ENSG00000175779,lncRNA,0.002560819462227913,59,99.75992317541613,GENCODE_v32_ensembl_crossref
AC037198.1,ENSG00000276107,lncRNA,0.0012804097311139564,32,99.8719590268886,GENCODE_v32_ensembl_crossref
AC037198.2,ENSG00000278621,lncRNA,0.00048015364916773366,12,99.95198463508322,GENCODE_v32_ensembl_crossref
AC023908.3,ENSG00000261136,lncRNA,0.002040653008962868,50,99.79993597951345,GENCODE_v32_ensembl_crossref
SRP14-AS1,ENSG00000248508,lncRNA,0.012764084507042254,310,98.75960307298335,GENCODE_v32_ensembl_crossref
AC020658.5,ENSG00000273855,lncRNA,0.0009603072983354673,23,99.90797055057618,GENCODE_v32_ensembl_crossref
AC091045.1,ENSG00000259536,lncRNA,0.004481434058898848,110,99.55985915492957,GENCODE_v32_ensembl_crossref
RAD51-AS1,ENSG00000245849,lncRNA,0.03333066581306018,803,96.77896927016644,GENCODE_v32_ensembl_crossref
SPINT1-AS1,ENSG00000261183,lncRNA,0.0021606914212548016,52,99.79193341869397,GENCODE_v32_ensembl_crossref
OIP5-AS1,ENSG00000247556,lncRNA,0.1342829705505762,2982,88.04817541613316,GENCODE_v32_ensembl_crossref
AC020659.1,ENSG00000174171,lncRNA,0.0147247119078105,348,98.60755441741357,GENCODE_v32_ensembl_crossref
AC036103.1,ENSG00000261002,lncRNA,0.0014804737516005122,36,99.85595390524968,GENCODE_v32_ensembl_crossref
AC018362.1,ENSG00000261684,lncRNA,0.006402048655569782,158,99.36779769526248,GENCODE_v32_ensembl_crossref
EIF3J-DT,ENSG00000179523,lncRNA,0.03293053777208707,788,96.84699103713189,GENCODE_v32_ensembl_crossref
AC009996.1,ENSG00000259659,lncRNA,0.000600192061459667,15,99.93998079385403,GENCODE_v32_ensembl_crossref
AC051619.6,ENSG00000259539,lncRNA,0.0035211267605633804,86,99.65588988476313,GENCODE_v32_ensembl_crossref
AC025580.2,ENSG00000259354,lncRNA,0.0008402688860435339,21,99.91597311139564,GENCODE_v32_ensembl_crossref
AC023355.1,ENSG00000259488,lncRNA,0.0038812419974391804,95,99.61587708066581,GENCODE_v32_ensembl_crossref
GABPB1-IT1,ENSG00000285410,lncRNA,0.12207906530089628,2779,88.8764404609475,GENCODE_v32_ensembl_crossref
GABPB1-AS1,ENSG00000244879,lncRNA,0.09531049935979513,2143,91.40524967989757,GENCODE_v32_ensembl_crossref
AC022087.1,ENSG00000259715,lncRNA,0.001120358514724712,28,99.88796414852753,GENCODE_v32_ensembl_crossref
AC021752.1,ENSG00000273674,lncRNA,0.0010803457106274008,25,99.89996798975672,GENCODE_v32_ensembl_crossref
AC090971.2,ENSG00000259201,lncRNA,0.006602112676056338,165,99.33978873239437,GENCODE_v32_ensembl_crossref
AC090971.1,ENSG00000259185,lncRNA,0.001440460947503201,36,99.85595390524968,GENCODE_v32_ensembl_crossref
AC023906.3,ENSG00000259327,lncRNA,0.0012804097311139564,32,99.8719590268886,GENCODE_v32_ensembl_crossref
CERNA1,ENSG00000259577,lncRNA,0.018045774647887324,433,98.26744558258643,GENCODE_v32_ensembl_crossref
AC025917.1,ENSG00000260618,lncRNA,0.0021206786171574904,53,99.78793213828425,GENCODE_v32_ensembl_crossref
AC011912.1,ENSG00000279145,lncRNA,0.0013604353393085787,33,99.86795774647888,GENCODE_v32_ensembl_crossref
AC018926.2,ENSG00000276533,lncRNA,0.0016005121638924455,40,99.83994878361075,GENCODE_v32_ensembl_crossref
AC090517.5,ENSG00000285331,lncRNA,0.008242637644046095,204,99.18373879641486,GENCODE_v32_ensembl_crossref
LINC00926,ENSG00000247982,lncRNA,0.07718469910371319,1183,95.2544814340589,GENCODE_v32_ensembl_crossref
AC092755.2,ENSG00000259238,lncRNA,0.004881562099871959,117,99.52784891165173,GENCODE_v32_ensembl_crossref
RORA-AS1,ENSG00000245534,lncRNA,0.009002880921895006,214,99.14372599231754,GENCODE_v32_ensembl_crossref
AC009554.1,ENSG00000259564,lncRNA,0.0010403329065300896,25,99.895966709347,GENCODE_v32_ensembl_crossref
AC104590.1,ENSG00000259251,lncRNA,0.0011603713188220231,29,99.88396286811779,GENCODE_v32_ensembl_crossref
AC007950.2,ENSG00000276651,lncRNA,0.003721190781049936,91,99.63188220230474,GENCODE_v32_ensembl_crossref
USP3-AS1,ENSG00000259248,lncRNA,0.008202624839948783,203,99.18774007682458,GENCODE_v32_ensembl_crossref
AC069368.2,ENSG00000287494,lncRNA,0.0005201664532650448,13,99.9479833546735,GENCODE_v32_ensembl_crossref
AC103691.1,ENSG00000274383,lncRNA,0.010683418693982075,261,98.95566581306018,GENCODE_v32_ensembl_crossref
AC011939.3,ENSG00000275638,lncRNA,0.000600192061459667,15,99.93998079385403,GENCODE_v32_ensembl_crossref
AC011939.2,ENSG00000261544,lncRNA,0.0030009603072983356,74,99.7039052496799,GENCODE_v32_ensembl_crossref
AC116913.1,ENSG00000261351,lncRNA,0.001120358514724712,28,99.88796414852753,GENCODE_v32_ensembl_crossref
AC087482.1,ENSG00000259347,lncRNA,0.0005201664532650448,12,99.95198463508322,GENCODE_v32_ensembl_crossref
IQCH-AS1,ENSG00000259673,lncRNA,0.008522727272727272,211,99.15572983354673,GENCODE_v32_ensembl_crossref
AC016355.1,ENSG00000270964,lncRNA,0.002560819462227913,64,99.74391805377721,GENCODE_v32_ensembl_crossref
DRAIC,ENSG00000245750,lncRNA,0.003641165172855314,83,99.66789372599231,GENCODE_v32_ensembl_crossref
AC009690.2,ENSG00000261460,lncRNA,0.0044014084507042256,110,99.55985915492957,GENCODE_v32_ensembl_crossref
HEXA-AS1,ENSG00000260339,lncRNA,0.0015204865556978234,37,99.85195262483995,GENCODE_v32_ensembl_crossref
TMEM202-AS1,ENSG00000261423,lncRNA,0.010163252240717029,251,98.99167733674776,GENCODE_v32_ensembl_crossref
ADPGK-AS1,ENSG00000260898,lncRNA,0.007322343149807939,173,99.29977592829705,GENCODE_v32_ensembl_crossref
NPTN-IT1,ENSG00000281183,lncRNA,0.002240717029449424,56,99.77592829705506,GENCODE_v32_ensembl_crossref
LOXL1-AS1,ENSG00000261801,lncRNA,0.01056338028169014,258,98.96766965428937,GENCODE_v32_ensembl_crossref
UBL7-AS1,ENSG00000247240,lncRNA,0.03060979513444302,732,97.06706145966709,GENCODE_v32_ensembl_crossref
AC100835.1,ENSG00000260919,lncRNA,0.0007602432778489117,19,99.92397567221511,GENCODE_v32_ensembl_crossref
AC068338.3,ENSG00000275645,lncRNA,0.001120358514724712,28,99.88796414852753,GENCODE_v32_ensembl_crossref
AC068338.2,ENSG00000260274,lncRNA,0.00808258642765685,199,99.20374519846351,GENCODE_v32_ensembl_crossref
AC105020.6,ENSG00000275454,lncRNA,0.007922535211267605,191,99.23575544174136,GENCODE_v32_ensembl_crossref
DNM1P35,ENSG00000246877,lncRNA,0.0009202944942381563,23,99.90797055057618,GENCODE_v32_ensembl_crossref
AC015871.7,ENSG00000286813,lncRNA,0.004521446862996159,110,99.55585787451984,GENCODE_v32_ensembl_crossref
AC015871.4,ENSG00000278600,lncRNA,0.004601472471190781,113,99.54785531370038,GENCODE_v32_ensembl_crossref
ST20-AS1,ENSG00000259642,lncRNA,0.009242957746478873,227,99.0877080665813,GENCODE_v32_ensembl_crossref
AC103858.3,ENSG00000286488,lncRNA,0.0007202304737516005,18,99.92797695262485,GENCODE_v32_ensembl_crossref
TMC3-AS1,ENSG00000259343,lncRNA,0.0024407810499359793,60,99.75992317541613,GENCODE_v32_ensembl_crossref
AC104041.1,ENSG00000259692,lncRNA,0.0007602432778489117,19,99.92397567221511,GENCODE_v32_ensembl_crossref
AC245033.2,ENSG00000278013,lncRNA,0.000560179257362356,14,99.94398207426376,GENCODE_v32_ensembl_crossref
AC105339.6,ENSG00000286817,lncRNA,0.004001280409731114,96,99.61587708066581,GENCODE_v32_ensembl_crossref
SNHG21,ENSG00000250988,lncRNA,0.026568501920614596,648,97.40717029449424,GENCODE_v32_ensembl_crossref
AC048382.5,ENSG00000275120,lncRNA,0.004281370038412292,107,99.57186299615877,GENCODE_v32_ensembl_crossref
AC048382.6,ENSG00000276278,lncRNA,0.001720550576184379,43,99.82794494238156,GENCODE_v32_ensembl_crossref
AC012291.3,ENSG00000285667,lncRNA,0.0011603713188220231,29,99.88396286811779,GENCODE_v32_ensembl_crossref
AC087286.3,ENSG00000259375,lncRNA,0.006161971830985915,152,99.38780409731113,GENCODE_v32_ensembl_crossref
AC087286.4,ENSG00000259453,lncRNA,0.004001280409731114,99,99.59987195902688,GENCODE_v32_ensembl_crossref
AC021739.4,ENSG00000259544,lncRNA,0.0029209346991037133,73,99.70790653008963,GENCODE_v32_ensembl_crossref
AC021739.2,ENSG00000259407,lncRNA,0.001200384122919334,29,99.88396286811779,GENCODE_v32_ensembl_crossref
AC124068.2,ENSG00000261441,lncRNA,0.0009202944942381563,23,99.90797055057618,GENCODE_v32_ensembl_crossref
MIR9-3HG,ENSG00000255571,lncRNA,0.0032810499359795134,79,99.6798975672215,GENCODE_v32_ensembl_crossref
AC087284.1,ENSG00000273691,lncRNA,0.002040653008962868,51,99.79593469910371,GENCODE_v32_ensembl_crossref
ZNF710-AS1,ENSG00000259291,lncRNA,0.003721190781049936,93,99.62788092189501,GENCODE_v32_ensembl_crossref
CRTC3-AS1,ENSG00000259736,lncRNA,0.001200384122919334,29,99.88396286811779,GENCODE_v32_ensembl_crossref
AC124248.1,ENSG00000259704,lncRNA,0.00560179257362356,139,99.44382202304737,GENCODE_v32_ensembl_crossref
AC068831.4,ENSG00000259661,lncRNA,0.002040653008962868,50,99.79993597951345,GENCODE_v32_ensembl_crossref
PRC1-AS1,ENSG00000258725,lncRNA,0.0013204225352112676,32,99.86795774647888,GENCODE_v32_ensembl_crossref
VPS33B-DT,ENSG00000214432,lncRNA,0.0004001280409731114,10,99.95998719590268,GENCODE_v32_ensembl_crossref
AC104035.1,ENSG00000258551,lncRNA,0.001120358514724712,28,99.88796414852753,GENCODE_v32_ensembl_crossref
AC106028.4,ENSG00000274215,lncRNA,0.0015604993597951344,38,99.84795134443021,GENCODE_v32_ensembl_crossref
LINC01578,ENSG00000272888,lncRNA,0.9061699743918054,13650,45.29449423815621,GENCODE_v32_ensembl_crossref
LINC02207,ENSG00000258476,lncRNA,0.0030809859154929575,74,99.7039052496799,GENCODE_v32_ensembl_crossref
AC118658.1,ENSG00000278022,lncRNA,0.003481113956466069,86,99.65588988476313,GENCODE_v32_ensembl_crossref
AC036108.2,ENSG00000261054,lncRNA,0.0015604993597951344,39,99.84395006402048,GENCODE_v32_ensembl_crossref
AC090825.1,ENSG00000259363,lncRNA,0.014564660691421255,357,98.57154289372599,GENCODE_v32_ensembl_crossref
SPATA41,ENSG00000189419,lncRNA,0.0016005121638924455,40,99.83994878361075,GENCODE_v32_ensembl_crossref
AC027020.2,ENSG00000270127,lncRNA,0.005361715749039693,132,99.47183098591549,GENCODE_v32_ensembl_crossref
AL022341.1,ENSG00000228201,lncRNA,0.0012403969270166453,31,99.87596030729834,GENCODE_v32_ensembl_crossref
AL023882.1,ENSG00000287855,lncRNA,0.0023607554417413574,59,99.76392445582587,GENCODE_v32_ensembl_crossref
AL008727.1,ENSG00000260316,lncRNA,0.000560179257362356,14,99.94398207426376,GENCODE_v32_ensembl_crossref
AC009041.2,ENSG00000260807,lncRNA,0.009563060179257362,229,99.08370678617158,GENCODE_v32_ensembl_crossref
AC009041.1,ENSG00000260496,lncRNA,0.006081946222791294,148,99.4078104993598,GENCODE_v32_ensembl_crossref
AL031714.1,ENSG00000261505,lncRNA,0.007762483994878361,191,99.2277528809219,GENCODE_v32_ensembl_crossref
AL031600.1,ENSG00000260051,lncRNA,0.004001280409731114,98,99.60387323943662,GENCODE_v32_ensembl_crossref
SNHG9,ENSG00000255198,lncRNA,0.08682778489116517,2019,91.91341229193341,GENCODE_v32_ensembl_crossref
AC005363.2,ENSG00000277602,lncRNA,0.0016005121638924455,39,99.84395006402048,GENCODE_v32_ensembl_crossref
SNHG19,ENSG00000260260,lncRNA,0.0172455185659411,419,98.31946222791294,GENCODE_v32_ensembl_crossref
AC009065.4,ENSG00000260778,lncRNA,0.005041613316261203,120,99.51984635083227,GENCODE_v32_ensembl_crossref
AC093525.6,ENSG00000261613,lncRNA,0.0016805377720870679,42,99.83194622279129,GENCODE_v32_ensembl_crossref
AC093525.7,ENSG00000269937,lncRNA,0.005521766965428937,138,99.4478233034571,GENCODE_v32_ensembl_crossref
AC093525.4,ENSG00000261140,lncRNA,0.0007202304737516005,18,99.92797695262485,GENCODE_v32_ensembl_crossref
ERVK13-1,ENSG00000260565,lncRNA,0.021166773367477593,512,97.94734314980793,GENCODE_v32_ensembl_crossref
SRRM2-AS1,ENSG00000205913,lncRNA,0.002640845070422535,64,99.74391805377721,GENCODE_v32_ensembl_crossref
AC092117.1,ENSG00000276791,lncRNA,0.0016005121638924455,39,99.84395006402048,GENCODE_v32_ensembl_crossref
MMP25-AS1,ENSG00000261971,lncRNA,0.04693501920614597,1101,95.59459026888605,GENCODE_v32_ensembl_crossref
AC108134.3,ENSG00000262370,lncRNA,0.017725672215108835,417,98.3274647887324,GENCODE_v32_ensembl_crossref
ZNF213-AS1,ENSG00000263072,lncRNA,0.0323303457106274,778,96.88300256081946,GENCODE_v32_ensembl_crossref
AC108134.2,ENSG00000261889,lncRNA,0.0010403329065300896,26,99.895966709347,GENCODE_v32_ensembl_crossref
LINC00921,ENSG00000281005,lncRNA,0.011843790012804098,289,98.84362996158771,GENCODE_v32_ensembl_crossref
LINC01569,ENSG00000262468,lncRNA,0.005121638924455826,125,99.4998399487836,GENCODE_v32_ensembl_crossref
AC020663.3,ENSG00000275056,lncRNA,0.0021606914212548016,52,99.78793213828425,GENCODE_v32_ensembl_crossref
AC012173.1,ENSG00000260350,lncRNA,0.0011603713188220231,29,99.88396286811779,GENCODE_v32_ensembl_crossref
AC022167.2,ENSG00000260276,lncRNA,0.0009603072983354673,24,99.90396927016644,GENCODE_v32_ensembl_crossref
AC022167.3,ENSG00000260979,lncRNA,0.004881562099871959,116,99.5358514724712,GENCODE_v32_ensembl_crossref
AC087190.1,ENSG00000260349,lncRNA,0.0021606914212548016,54,99.78393085787451,GENCODE_v32_ensembl_crossref
AC133065.1,ENSG00000262151,lncRNA,0.0008002560819462228,20,99.91997439180538,GENCODE_v32_ensembl_crossref
AC007613.1,ENSG00000262420,lncRNA,0.003401088348271447,81,99.66389244558259,GENCODE_v32_ensembl_crossref
AC010654.1,ENSG00000277369,lncRNA,0.007162291933418694,171,99.31177976952625,GENCODE_v32_ensembl_crossref
AC007216.4,ENSG00000263307,lncRNA,0.01084346991037132,264,98.93565941101153,GENCODE_v32_ensembl_crossref
AC007216.3,ENSG00000261560,lncRNA,0.0016005121638924455,40,99.83994878361075,GENCODE_v32_ensembl_crossref
AC010401.1,ENSG00000262732,lncRNA,0.002240717029449424,55,99.77992957746478,GENCODE_v32_ensembl_crossref
LINC02185,ENSG00000262097,lncRNA,0.0014804737516005122,34,99.86395646606914,GENCODE_v32_ensembl_crossref
MIR193BHG,ENSG00000262454,lncRNA,0.0008802816901408451,21,99.91597311139564,GENCODE_v32_ensembl_crossref
AC026401.3,ENSG00000280206,lncRNA,0.005641805377720871,136,99.45182458386684,GENCODE_v32_ensembl_crossref
AF001548.2,ENSG00000263335,lncRNA,0.0036011523687580027,90,99.6398847631242,GENCODE_v32_ensembl_crossref
AC009152.3,ENSG00000285850,lncRNA,0.0015604993597951344,39,99.84395006402048,GENCODE_v32_ensembl_crossref
AC092287.1,ENSG00000260352,lncRNA,0.0010803457106274008,27,99.89196542893725,GENCODE_v32_ensembl_crossref
AC099518.4,ENSG00000261465,lncRNA,0.0008402688860435339,21,99.91597311139564,GENCODE_v32_ensembl_crossref
AC005632.3,ENSG00000261596,lncRNA,0.008882842509603073,214,99.13572343149808,GENCODE_v32_ensembl_crossref
AC092375.2,ENSG00000260306,lncRNA,0.0007602432778489117,19,99.92397567221511,GENCODE_v32_ensembl_crossref
AC092119.2,ENSG00000274460,lncRNA,0.0009603072983354673,24,99.90396927016644,GENCODE_v32_ensembl_crossref
AC092119.3,ENSG00000275445,lncRNA,0.002000640204865557,47,99.81193982074264,GENCODE_v32_ensembl_crossref
AC092338.3,ENSG00000286808,lncRNA,0.0027208706786171575,66,99.73591549295774,GENCODE_v32_ensembl_crossref
AC008915.2,ENSG00000260136,lncRNA,0.0038412291933418692,95,99.61987836107554,GENCODE_v32_ensembl_crossref
AC008870.2,ENSG00000260751,lncRNA,0.0008402688860435339,21,99.91597311139564,GENCODE_v32_ensembl_crossref
LINC02175,ENSG00000262155,lncRNA,0.002000640204865557,50,99.79993597951345,GENCODE_v32_ensembl_crossref
LCMT1-AS1,ENSG00000260448,lncRNA,0.00280089628681178,69,99.72391165172856,GENCODE_v32_ensembl_crossref
AC133552.5,ENSG00000275494,lncRNA,0.008642765685019206,208,99.16773367477593,GENCODE_v32_ensembl_crossref
ZKSCAN2-DT,ENSG00000274925,lncRNA,0.0026808578745198463,67,99.731914212548,GENCODE_v32_ensembl_crossref
NSMCE1-DT,ENSG00000245888,lncRNA,0.010763444302176697,259,98.96366837387964,GENCODE_v32_ensembl_crossref
AC106739.1,ENSG00000274092,lncRNA,0.005041613316261203,122,99.5118437900128,GENCODE_v32_ensembl_crossref
IL21R-AS1,ENSG00000259954,lncRNA,0.0016405249679897567,41,99.83594750320103,GENCODE_v32_ensembl_crossref
AC020765.2,ENSG00000275441,lncRNA,0.018766005121638923,451,98.18741997439182,GENCODE_v32_ensembl_crossref
AC145285.2,ENSG00000251417,lncRNA,0.0016405249679897567,40,99.83994878361075,GENCODE_v32_ensembl_crossref
AC145285.6,ENSG00000275807,lncRNA,0.0038812419974391804,95,99.61587708066581,GENCODE_v32_ensembl_crossref
AC133550.3,ENSG00000261766,lncRNA,0.003721190781049936,92,99.63188220230474,GENCODE_v32_ensembl_crossref
ATP2A1-AS1,ENSG00000260442,lncRNA,0.0035611395646606915,83,99.66789372599231,GENCODE_v32_ensembl_crossref
AC109460.2,ENSG00000260853,lncRNA,0.0008402688860435339,21,99.91597311139564,GENCODE_v32_ensembl_crossref
AC109460.1,ENSG00000260367,lncRNA,0.001720550576184379,43,99.82794494238156,GENCODE_v32_ensembl_crossref
AC109460.4,ENSG00000261552,lncRNA,0.0012804097311139564,32,99.8719590268886,GENCODE_v32_ensembl_crossref
AC009093.2,ENSG00000260517,lncRNA,0.003761203585147247,91,99.62788092189501,GENCODE_v32_ensembl_crossref
AC009093.1,ENSG00000259807,lncRNA,0.004441421254801537,106,99.57586427656851,GENCODE_v32_ensembl_crossref
AC009133.3,ENSG00000260719,lncRNA,0.010483354673495518,259,98.96366837387964,GENCODE_v32_ensembl_crossref
AC009133.4,ENSG00000275857,lncRNA,0.0012403969270166453,30,99.87996158770807,GENCODE_v32_ensembl_crossref
AC009133.2,ENSG00000259952,lncRNA,0.0015204865556978234,38,99.84795134443021,GENCODE_v32_ensembl_crossref
AC009133.1,ENSG00000238045,lncRNA,0.012684058898847632,312,98.75160051216389,GENCODE_v32_ensembl_crossref
AC012645.1,ENSG00000250616,lncRNA,0.001120358514724712,28,99.88796414852753,GENCODE_v32_ensembl_crossref
AC012645.3,ENSG00000261416,lncRNA,0.03145006402048656,758,96.96702944942382,GENCODE_v32_ensembl_crossref
CD2BP2-DT,ENSG00000260219,lncRNA,0.0008402688860435339,21,99.91597311139564,GENCODE_v32_ensembl_crossref
AC116348.3,ENSG00000261346,lncRNA,0.0011603713188220231,28,99.88796414852753,GENCODE_v32_ensembl_crossref
AC116348.2,ENSG00000261332,lncRNA,0.0060419334186939825,149,99.40380921895007,GENCODE_v32_ensembl_crossref
AC002310.1,ENSG00000235560,lncRNA,0.00668213828425096,161,99.3557938540333,GENCODE_v32_ensembl_crossref
AC002310.2,ENSG00000239791,lncRNA,0.001120358514724712,28,99.88796414852753,GENCODE_v32_ensembl_crossref
AC093249.6,ENSG00000261840,lncRNA,0.008122599231754162,200,99.19974391805377,GENCODE_v32_ensembl_crossref
MIR762HG,ENSG00000260083,lncRNA,0.030009603072983355,727,97.08306658130603,GENCODE_v32_ensembl_crossref
FBXL19-AS1,ENSG00000260852,lncRNA,0.0016805377720870679,42,99.83194622279129,GENCODE_v32_ensembl_crossref
AC135050.1,ENSG00000232748,lncRNA,0.0010403329065300896,26,99.895966709347,GENCODE_v32_ensembl_crossref
AC135050.6,ENSG00000278133,lncRNA,0.004521446862996159,113,99.54785531370038,GENCODE_v32_ensembl_crossref
AC009088.2,ENSG00000260304,lncRNA,0.0023207426376440463,58,99.7679257362356,GENCODE_v32_ensembl_crossref
PYCARD-AS1,ENSG00000261359,lncRNA,0.008642765685019206,215,99.1397247119078,GENCODE_v32_ensembl_crossref
AC026471.4,ENSG00000261474,lncRNA,0.0007202304737516005,18,99.92797695262485,GENCODE_v32_ensembl_crossref
AC026471.1,ENSG00000260267,lncRNA,0.004601472471190781,113,99.53985275288092,GENCODE_v32_ensembl_crossref
AC026471.3,ENSG00000260740,lncRNA,0.0023207426376440463,56,99.77592829705506,GENCODE_v32_ensembl_crossref
AC026471.2,ENSG00000260625,lncRNA,0.005241677336747759,127,99.49183738796414,GENCODE_v32_ensembl_crossref
AC092368.3,ENSG00000261512,lncRNA,0.0010803457106274008,27,99.89196542893725,GENCODE_v32_ensembl_crossref
AC018845.3,ENSG00000261173,lncRNA,0.001960627400768246,49,99.80393725992317,GENCODE_v32_ensembl_crossref
AC007611.1,ENSG00000260086,lncRNA,0.0017605633802816902,44,99.82394366197182,GENCODE_v32_ensembl_crossref
AC007608.3,ENSG00000260249,lncRNA,0.003441101152368758,85,99.65989116517285,GENCODE_v32_ensembl_crossref
AC007728.2,ENSG00000261644,lncRNA,0.008362676056338027,203,99.18774007682458,GENCODE_v32_ensembl_crossref
AC007728.1,ENSG00000260616,lncRNA,0.004761523687580025,117,99.53185019206146,GENCODE_v32_ensembl_crossref
AC007342.4,ENSG00000261804,lncRNA,0.00560179257362356,139,99.44382202304737,GENCODE_v32_ensembl_crossref
AC007342.5,ENSG00000262714,lncRNA,0.0016005121638924455,38,99.84795134443021,GENCODE_v32_ensembl_crossref
CRNDE,ENSG00000245694,lncRNA,0.0016405249679897567,39,99.84395006402048,GENCODE_v32_ensembl_crossref
AC106779.1,ENSG00000261302,lncRNA,0.0015604993597951344,38,99.84795134443021,GENCODE_v32_ensembl_crossref
AC012181.2,ENSG00000261270,lncRNA,0.000560179257362356,14,99.94398207426376,GENCODE_v32_ensembl_crossref
AC012181.1,ENSG00000261114,lncRNA,0.001440460947503201,35,99.85595390524968,GENCODE_v32_ensembl_crossref
AC009090.6,ENSG00000285979,lncRNA,0.00528169014084507,132,99.47183098591549,GENCODE_v32_ensembl_crossref
AC026771.1,ENSG00000260545,lncRNA,0.0016805377720870679,42,99.83194622279129,GENCODE_v32_ensembl_crossref
AC009107.2,ENSG00000260927,lncRNA,0.003401088348271447,85,99.65989116517285,GENCODE_v32_ensembl_crossref
AC009118.2,ENSG00000276131,lncRNA,0.0016005121638924455,35,99.85995518565942,GENCODE_v32_ensembl_crossref
AC009118.3,ENSG00000276259,lncRNA,0.0026808578745198463,67,99.731914212548,GENCODE_v32_ensembl_crossref
LINC00920,ENSG00000246898,lncRNA,0.0072423175416133165,181,99.27576824583866,GENCODE_v32_ensembl_crossref
AC010542.4,ENSG00000261519,lncRNA,0.0007602432778489117,19,99.92397567221511,GENCODE_v32_ensembl_crossref
AC009061.2,ENSG00000270049,lncRNA,0.01260403329065301,307,98.77160691421255,GENCODE_v32_ensembl_crossref
AC027682.6,ENSG00000276075,lncRNA,0.0006802176696542894,17,99.93197823303457,GENCODE_v32_ensembl_crossref
AC027682.2,ENSG00000259945,lncRNA,0.006522087067861716,160,99.35979513444302,GENCODE_v32_ensembl_crossref
AC027682.3,ENSG00000260894,lncRNA,0.0055617797695262485,139,99.44382202304737,GENCODE_v32_ensembl_crossref
AC027682.4,ENSG00000261386,lncRNA,0.0023207426376440463,56,99.77592829705506,GENCODE_v32_ensembl_crossref
AC027682.1,ENSG00000259804,lncRNA,0.0015204865556978234,37,99.85195262483995,GENCODE_v32_ensembl_crossref
AC020978.7,ENSG00000263276,lncRNA,0.003241037131882202,81,99.67589628681178,GENCODE_v32_ensembl_crossref
AC020978.5,ENSG00000262160,lncRNA,0.0019206145966709346,48,99.80793854033291,GENCODE_v32_ensembl_crossref
AC092115.3,ENSG00000262136,lncRNA,0.0010003201024327785,24,99.89996798975672,GENCODE_v32_ensembl_crossref
AC012184.3,ENSG00000261777,lncRNA,0.00736235595390525,181,99.27576824583866,GENCODE_v32_ensembl_crossref
AC012184.4,ENSG00000285710,lncRNA,0.002280729833546735,57,99.77192701664532,GENCODE_v32_ensembl_crossref
TAT-AS1,ENSG00000260886,lncRNA,0.0027208706786171575,67,99.731914212548,GENCODE_v32_ensembl_crossref
AC009097.3,ENSG00000260612,lncRNA,0.000560179257362356,14,99.94398207426376,GENCODE_v32_ensembl_crossref
LINC01572,ENSG00000261008,lncRNA,0.003441101152368758,84,99.66389244558259,GENCODE_v32_ensembl_crossref
AC004943.2,ENSG00000259768,lncRNA,0.005241677336747759,128,99.48783610755441,GENCODE_v32_ensembl_crossref
AC009120.2,ENSG00000259972,lncRNA,0.009242957746478873,226,99.09170934699104,GENCODE_v32_ensembl_crossref
AC009053.2,ENSG00000261079,lncRNA,0.004361395646606914,105,99.57986555697823,GENCODE_v32_ensembl_crossref
AC009163.7,ENSG00000274220,lncRNA,0.0007602432778489117,19,99.92397567221511,GENCODE_v32_ensembl_crossref
AC079414.3,ENSG00000276007,lncRNA,0.0009202944942381563,23,99.90797055057618,GENCODE_v32_ensembl_crossref
AC027279.1,ENSG00000260816,lncRNA,0.005881882202304738,139,99.44382202304737,GENCODE_v32_ensembl_crossref
AC092718.1,ENSG00000245059,lncRNA,0.0008802816901408451,21,99.91197183098592,GENCODE_v32_ensembl_crossref
AC092139.1,ENSG00000272923,lncRNA,0.0013204225352112676,33,99.86795774647888,GENCODE_v32_ensembl_crossref
AC099524.1,ENSG00000261218,lncRNA,0.0035211267605633804,85,99.65588988476313,GENCODE_v32_ensembl_crossref
AC092142.1,ENSG00000261235,lncRNA,0.0007602432778489117,19,99.92397567221511,GENCODE_v32_ensembl_crossref
AC009119.1,ENSG00000260228,lncRNA,0.0022007042253521128,52,99.79193341869397,GENCODE_v32_ensembl_crossref
AC040169.3,ENSG00000274677,lncRNA,0.0010403329065300896,26,99.895966709347,GENCODE_v32_ensembl_crossref
AC040169.1,ENSG00000260018,lncRNA,0.007082266325224072,172,99.31177976952625,GENCODE_v32_ensembl_crossref
AC092145.1,ENSG00000261471,lncRNA,0.0008402688860435339,19,99.91997439180538,GENCODE_v32_ensembl_crossref
LINC02132,ENSG00000268804,lncRNA,0.003961267605633803,98,99.60787451984635,GENCODE_v32_ensembl_crossref
AC010531.6,ENSG00000270006,lncRNA,0.003641165172855314,88,99.64788732394366,GENCODE_v32_ensembl_crossref
AC105429.1,ENSG00000276337,lncRNA,0.0008802816901408451,22,99.91197183098592,GENCODE_v32_ensembl_crossref
AC126696.3,ENSG00000260498,lncRNA,0.0006402048655569782,16,99.93597951344431,GENCODE_v32_ensembl_crossref
AC126696.1,ENSG00000260177,lncRNA,0.001200384122919334,30,99.87996158770807,GENCODE_v32_ensembl_crossref
SNAI3-AS1,ENSG00000260630,lncRNA,0.0053217029449423815,131,99.47583226632523,GENCODE_v32_ensembl_crossref
AC092384.1,ENSG00000205018,lncRNA,0.0008002560819462228,18,99.92797695262485,GENCODE_v32_ensembl_crossref
AC135782.3,ENSG00000261546,lncRNA,0.004281370038412292,103,99.5878681177977,GENCODE_v32_ensembl_crossref
AC009113.1,ENSG00000259877,lncRNA,0.006762163892445583,166,99.33578745198463,GENCODE_v32_ensembl_crossref
AC137932.3,ENSG00000268218,lncRNA,0.0007602432778489117,19,99.92397567221511,GENCODE_v32_ensembl_crossref
AC092120.3,ENSG00000287351,lncRNA,0.003040973111395647,75,99.69590268886044,GENCODE_v32_ensembl_crossref
AC092123.1,ENSG00000261118,lncRNA,0.0013604353393085787,33,99.86795774647888,GENCODE_v32_ensembl_crossref
VPS9D1-AS1,ENSG00000261373,lncRNA,0.0024407810499359793,59,99.76392445582587,GENCODE_v32_ensembl_crossref
FAM157C,ENSG00000260528,lncRNA,0.01232394366197183,295,98.81161971830986,GENCODE_v32_ensembl_crossref
LINC02193,ENSG00000260923,lncRNA,0.004721510883482715,118,99.52784891165173,GENCODE_v32_ensembl_crossref
AC240565.2,ENSG00000280279,lncRNA,0.0008802816901408451,21,99.91197183098592,GENCODE_v32_ensembl_crossref
AC141424.1,ENSG00000241525,lncRNA,0.004001280409731114,92,99.63188220230474,GENCODE_v32_ensembl_crossref
PITPNA-AS1,ENSG00000236618,lncRNA,0.052136683738796416,1205,95.17445582586429,GENCODE_v32_ensembl_crossref
AC130343.2,ENSG00000277597,lncRNA,0.0008002560819462228,20,99.91997439180538,GENCODE_v32_ensembl_crossref
MIR22HG,ENSG00000186594,lncRNA,0.05753841229193342,1260,94.93838028169014,GENCODE_v32_ensembl_crossref
AC090617.10,ENSG00000287553,lncRNA,0.0015204865556978234,34,99.86395646606914,GENCODE_v32_ensembl_crossref
AC015921.1,ENSG00000262884,lncRNA,0.0016005121638924455,40,99.83994878361075,GENCODE_v32_ensembl_crossref
AC127521.1,ENSG00000262823,lncRNA,0.007482394366197183,183,99.2677656850192,GENCODE_v32_ensembl_crossref
AC004771.4,ENSG00000262429,lncRNA,0.0009603072983354673,24,99.90396927016644,GENCODE_v32_ensembl_crossref
AC004771.3,ENSG00000262227,lncRNA,0.0030809859154929575,74,99.7039052496799,GENCODE_v32_ensembl_crossref
AC012146.1,ENSG00000234327,lncRNA,0.030409731113956465,717,97.12708066581305,GENCODE_v32_ensembl_crossref
AC087500.1,ENSG00000261879,lncRNA,0.010443341869398208,258,98.96766965428937,GENCODE_v32_ensembl_crossref
ALOX12-AS1,ENSG00000215067,lncRNA,0.045774647887323945,1099,95.59058898847631,GENCODE_v32_ensembl_crossref
AC040977.1,ENSG00000262089,lncRNA,0.0013204225352112676,32,99.8719590268886,GENCODE_v32_ensembl_crossref
MIR497HG,ENSG00000267532,lncRNA,0.015564980793854034,380,98.47951344430219,GENCODE_v32_ensembl_crossref
AC016876.1,ENSG00000233223,lncRNA,0.0147247119078105,360,98.5595390524968,GENCODE_v32_ensembl_crossref
AC129492.1,ENSG00000214999,lncRNA,0.0018405889884763125,43,99.82794494238156,GENCODE_v32_ensembl_crossref
LINC00324,ENSG00000178977,lncRNA,0.015164852752880922,366,98.53553137003841,GENCODE_v32_ensembl_crossref
AC002091.2,ENSG00000266389,lncRNA,0.004961587708066581,124,99.50384122919334,GENCODE_v32_ensembl_crossref
TMEM220-AS1,ENSG00000263400,lncRNA,0.002040653008962868,48,99.80793854033291,GENCODE_v32_ensembl_crossref
COX10-AS1,ENSG00000236088,lncRNA,0.01368437900128041,335,98.65957106274008,GENCODE_v32_ensembl_crossref
AC005224.3,ENSG00000266709,lncRNA,0.0006802176696542894,17,99.93197823303457,GENCODE_v32_ensembl_crossref
AC005224.2,ENSG00000266378,lncRNA,0.0022007042253521128,54,99.78393085787451,GENCODE_v32_ensembl_crossref
AC005838.2,ENSG00000266538,lncRNA,0.001440460947503201,36,99.85595390524968,GENCODE_v32_ensembl_crossref
AC002553.2,ENSG00000275413,lncRNA,0.0010003201024327785,25,99.89996798975672,GENCODE_v32_ensembl_crossref
AC093484.3,ENSG00000265401,lncRNA,0.034290973111395645,829,96.68293854033291,GENCODE_v32_ensembl_crossref
AC093484.2,ENSG00000264739,lncRNA,0.003801216389244558,94,99.62387964148527,GENCODE_v32_ensembl_crossref
SNHG29,ENSG00000175061,lncRNA,1.2142285531370038,15264,38.90845070422535,GENCODE_v32_ensembl_crossref
AC104024.1,ENSG00000230709,lncRNA,0.0025208066581306017,57,99.77192701664532,GENCODE_v32_ensembl_crossref
AC087164.1,ENSG00000266677,lncRNA,0.006882202304737516,170,99.3197823303457,GENCODE_v32_ensembl_crossref
LINC02076,ENSG00000220161,lncRNA,0.0029209346991037133,73,99.70790653008963,GENCODE_v32_ensembl_crossref
FAM106A,ENSG00000273018,lncRNA,0.007962548015364918,196,99.2157490396927,GENCODE_v32_ensembl_crossref
AC007952.4,ENSG00000262202,lncRNA,0.26568501920614596,4437,82.1382842509603,GENCODE_v32_ensembl_crossref
AC015726.1,ENSG00000270091,lncRNA,0.0008002560819462228,20,99.91997439180538,GENCODE_v32_ensembl_crossref
CCDC144NL-AS1,ENSG00000233098,lncRNA,0.0010403329065300896,26,99.895966709347,GENCODE_v32_ensembl_crossref
AC087294.1,ENSG00000235530,lncRNA,0.0008402688860435339,20,99.91997439180538,GENCODE_v32_ensembl_crossref
LINC02693,ENSG00000212719,lncRNA,0.007922535211267605,192,99.23175416133164,GENCODE_v32_ensembl_crossref
AC002094.2,ENSG00000265618,lncRNA,0.0008402688860435339,21,99.91597311139564,GENCODE_v32_ensembl_crossref
SPAG5-AS1,ENSG00000227543,lncRNA,0.016725352112676055,405,98.37548015364916,GENCODE_v32_ensembl_crossref
AC005726.3,ENSG00000264608,lncRNA,0.00140044814340589,35,99.85995518565942,GENCODE_v32_ensembl_crossref
AC005726.2,ENSG00000264044,lncRNA,0.0007202304737516005,18,99.92797695262485,GENCODE_v32_ensembl_crossref
AC010761.1,ENSG00000264577,lncRNA,0.0038412291933418692,96,99.61587708066581,GENCODE_v32_ensembl_crossref
AC024267.6,ENSG00000266642,lncRNA,0.0017605633802816902,44,99.82394366197182,GENCODE_v32_ensembl_crossref
AC024267.4,ENSG00000265845,lncRNA,0.00140044814340589,35,99.85995518565942,GENCODE_v32_ensembl_crossref
AC104564.5,ENSG00000265625,lncRNA,0.0019206145966709346,47,99.81193982074264,GENCODE_v32_ensembl_crossref
AC104984.3,ENSG00000265739,lncRNA,0.0010803457106274008,27,99.89196542893725,GENCODE_v32_ensembl_crossref
AC005562.1,ENSG00000214719,lncRNA,0.0147247119078105,364,98.54353393085788,GENCODE_v32_ensembl_crossref
AC127024.6,ENSG00000276250,lncRNA,0.0024807938540332905,62,99.75192061459667,GENCODE_v32_ensembl_crossref
AC130324.2,ENSG00000265334,lncRNA,0.0010003201024327785,25,99.89996798975672,GENCODE_v32_ensembl_crossref
AC138207.9,ENSG00000286194,lncRNA,0.0009603072983354673,23,99.90797055057618,GENCODE_v32_ensembl_crossref
AC138207.4,ENSG00000264456,lncRNA,0.000600192061459667,15,99.93998079385403,GENCODE_v32_ensembl_crossref
AC004253.1,ENSG00000263990,lncRNA,0.001960627400768246,49,99.80393725992317,GENCODE_v32_ensembl_crossref
AC116407.2,ENSG00000277511,lncRNA,0.012243918053777208,299,98.8036171574904,GENCODE_v32_ensembl_crossref
AC005899.6,ENSG00000274341,lncRNA,0.0014804737516005122,36,99.85595390524968,GENCODE_v32_ensembl_crossref
AC005899.8,ENSG00000279762,lncRNA,0.00048015364916773366,12,99.95198463508322,GENCODE_v32_ensembl_crossref
AC022916.1,ENSG00000266947,lncRNA,0.01476472471190781,360,98.5595390524968,GENCODE_v32_ensembl_crossref
AC022706.1,ENSG00000267364,lncRNA,0.041613316261203584,980,96.07474391805377,GENCODE_v32_ensembl_crossref
SNHG30,ENSG00000267321,lncRNA,0.050776248399487835,1224,95.10243277848912,GENCODE_v32_ensembl_crossref
AC243829.4,ENSG00000277089,lncRNA,0.008922855313700384,201,99.19174135723432,GENCODE_v32_ensembl_crossref
AC243829.2,ENSG00000276241,lncRNA,0.004241357234314981,102,99.59186939820742,GENCODE_v32_ensembl_crossref
AC243829.1,ENSG00000274767,lncRNA,0.013404289372599233,322,98.71158770806659,GENCODE_v32_ensembl_crossref
AC244093.4,ENSG00000277589,lncRNA,0.0007202304737516005,17,99.92797695262485,GENCODE_v32_ensembl_crossref
AC243571.2,ENSG00000277501,lncRNA,0.0006802176696542894,17,99.93197823303457,GENCODE_v32_ensembl_crossref
AC006449.6,ENSG00000277969,lncRNA,0.010283290653008963,253,98.98767605633803,GENCODE_v32_ensembl_crossref
AC006449.3,ENSG00000275665,lncRNA,0.0013604353393085787,34,99.86395646606914,GENCODE_v32_ensembl_crossref
AC006441.1,ENSG00000263466,lncRNA,0.0007602432778489117,19,99.92397567221511,GENCODE_v32_ensembl_crossref
AC005288.1,ENSG00000266469,lncRNA,0.002880921895006402,70,99.71991037131882,GENCODE_v32_ensembl_crossref
AC009283.1,ENSG00000273576,lncRNA,0.002280729833546735,56,99.77592829705506,GENCODE_v32_ensembl_crossref
AC080112.4,ENSG00000287644,lncRNA,0.003921254801536492,97,99.61187580025607,GENCODE_v32_ensembl_crossref
RARA-AS1,ENSG00000265666,lncRNA,0.027968950064020486,630,97.46318822023048,GENCODE_v32_ensembl_crossref
AC080112.1,ENSG00000266208,lncRNA,0.0009603072983354673,24,99.90396927016644,GENCODE_v32_ensembl_crossref
AC004585.1,ENSG00000266088,lncRNA,0.008002560819462228,176,99.29577464788733,GENCODE_v32_ensembl_crossref
AC073508.3,ENSG00000278834,lncRNA,0.003761203585147247,93,99.62788092189501,GENCODE_v32_ensembl_crossref
TMEM99,ENSG00000167920,lncRNA,0.011483674775928297,278,98.88364276568502,GENCODE_v32_ensembl_crossref
AC099811.1,ENSG00000236194,lncRNA,0.0009603072983354673,23,99.90797055057618,GENCODE_v32_ensembl_crossref
AC099811.5,ENSG00000278829,lncRNA,0.002000640204865557,49,99.80393725992317,GENCODE_v32_ensembl_crossref
AC067852.3,ENSG00000267632,lncRNA,0.0024807938540332905,60,99.75992317541613,GENCODE_v32_ensembl_crossref
AC067852.2,ENSG00000266962,lncRNA,0.0147247119078105,357,98.56754161331625,GENCODE_v32_ensembl_crossref
AC067852.5,ENSG00000287710,lncRNA,0.0021206786171574904,52,99.79193341869397,GENCODE_v32_ensembl_crossref
AC100793.2,ENSG00000267042,lncRNA,0.0009202944942381563,23,99.90797055057618,GENCODE_v32_ensembl_crossref
NBR2,ENSG00000198496,lncRNA,0.008162612035851472,202,99.19174135723432,GENCODE_v32_ensembl_crossref
AC060780.1,ENSG00000267002,lncRNA,0.01404449423815621,340,98.63556338028168,GENCODE_v32_ensembl_crossref
LINC00910,ENSG00000188825,lncRNA,0.01336427656850192,326,98.69558258642766,GENCODE_v32_ensembl_crossref
AC007993.3,ENSG00000282199,lncRNA,0.0016005121638924455,40,99.83994878361075,GENCODE_v32_ensembl_crossref
LINC01976,ENSG00000261514,lncRNA,0.0010003201024327785,24,99.90396927016644,GENCODE_v32_ensembl_crossref
ASB16-AS1,ENSG00000267080,lncRNA,0.02704865556978233,658,97.3631562099872,GENCODE_v32_ensembl_crossref
AC003102.1,ENSG00000260793,lncRNA,0.0158050576184379,381,98.47151088348272,GENCODE_v32_ensembl_crossref
AC103703.1,ENSG00000283045,lncRNA,0.0009603072983354673,24,99.90396927016644,GENCODE_v32_ensembl_crossref
AC142472.1,ENSG00000276728,lncRNA,0.0023607554417413574,59,99.76392445582587,GENCODE_v32_ensembl_crossref
AC138150.1,ENSG00000224505,lncRNA,0.026768565941101153,642,97.4271766965429,GENCODE_v32_ensembl_crossref
AC138150.2,ENSG00000267288,lncRNA,0.0013604353393085787,32,99.8719590268886,GENCODE_v32_ensembl_crossref
AC008105.3,ENSG00000267121,lncRNA,0.07498399487836108,1744,93.0177656850192,GENCODE_v32_ensembl_crossref
AC008105.1,ENSG00000233175,lncRNA,0.017405569782330346,430,98.27944942381562,GENCODE_v32_ensembl_crossref
MAP3K14-AS1,ENSG00000267278,lncRNA,0.015484955185659411,374,98.50352112676056,GENCODE_v32_ensembl_crossref
AC091132.4,ENSG00000267198,lncRNA,0.0010403329065300896,25,99.895966709347,GENCODE_v32_ensembl_crossref
KANSL1-AS1,ENSG00000214401,lncRNA,0.03733194622279129,878,96.48687580025607,GENCODE_v32_ensembl_crossref
FAM215B,ENSG00000232300,lncRNA,0.008642765685019206,211,99.14372599231754,GENCODE_v32_ensembl_crossref
AC005670.3,ENSG00000262879,lncRNA,0.04493437900128041,1076,95.6906209987196,GENCODE_v32_ensembl_crossref
AC002558.3,ENSG00000262265,lncRNA,0.008802816901408451,218,99.12371959026889,GENCODE_v32_ensembl_crossref
AC025682.1,ENSG00000263766,lncRNA,0.004801536491677336,119,99.523847631242,GENCODE_v32_ensembl_crossref
AC018521.5,ENSG00000264920,lncRNA,0.032130281690140844,778,96.88300256081946,GENCODE_v32_ensembl_crossref
SP2-AS1,ENSG00000234494,lncRNA,0.0008802816901408451,22,99.91197183098592,GENCODE_v32_ensembl_crossref
AC004477.1,ENSG00000263412,lncRNA,0.0022007042253521128,54,99.78393085787451,GENCODE_v32_ensembl_crossref
HOXB-AS1,ENSG00000230148,lncRNA,0.012684058898847632,307,98.77160691421255,GENCODE_v32_ensembl_crossref
AC103702.2,ENSG00000272763,lncRNA,0.004881562099871959,118,99.52784891165173,GENCODE_v32_ensembl_crossref
LINC02086,ENSG00000244649,lncRNA,0.0021206786171574904,52,99.79193341869397,GENCODE_v32_ensembl_crossref
AC004797.1,ENSG00000177369,lncRNA,0.015965108834827144,392,98.4314980793854,GENCODE_v32_ensembl_crossref
AC091180.2,ENSG00000248714,lncRNA,0.0015204865556978234,38,99.84795134443021,GENCODE_v32_ensembl_crossref
AC091180.3,ENSG00000250186,lncRNA,0.0018005761843790013,45,99.8199423815621,GENCODE_v32_ensembl_crossref
AC015795.1,ENSG00000250751,lncRNA,0.0012403969270166453,31,99.87596030729834,GENCODE_v32_ensembl_crossref
FLJ45513,ENSG00000204584,lncRNA,0.0008802816901408451,22,99.91197183098592,GENCODE_v32_ensembl_crossref
AC015909.2,ENSG00000253730,lncRNA,0.0011603713188220231,28,99.88796414852753,GENCODE_v32_ensembl_crossref
TOB1-AS1,ENSG00000229980,lncRNA,0.007322343149807939,180,99.27176696542894,GENCODE_v32_ensembl_crossref
AC005920.1,ENSG00000247011,lncRNA,0.00280089628681178,67,99.731914212548,GENCODE_v32_ensembl_crossref
AC006141.1,ENSG00000264895,lncRNA,0.00456145966709347,108,99.56786171574905,GENCODE_v32_ensembl_crossref
AC015912.1,ENSG00000262112,lncRNA,0.0008802816901408451,22,99.91197183098592,GENCODE_v32_ensembl_crossref
AC015912.3,ENSG00000274213,lncRNA,0.024527848911651728,550,97.7872919334187,GENCODE_v32_ensembl_crossref
AC007114.1,ENSG00000263004,lncRNA,0.00808258642765685,191,99.23575544174136,GENCODE_v32_ensembl_crossref
AC015813.1,ENSG00000264112,lncRNA,0.008002560819462228,198,99.20374519846351,GENCODE_v32_ensembl_crossref
AC005962.2,ENSG00000287337,lncRNA,0.0010003201024327785,25,99.89996798975672,GENCODE_v32_ensembl_crossref
TSPOAP1-AS1,ENSG00000265148,lncRNA,0.059619078104993596,1392,94.42221510883483,GENCODE_v32_ensembl_crossref
AC004687.1,ENSG00000265206,lncRNA,0.2011043533930858,3918,84.27896927016644,GENCODE_v32_ensembl_crossref
AC099850.1,ENSG00000224738,lncRNA,0.0038812419974391804,92,99.63188220230474,GENCODE_v32_ensembl_crossref
AC091271.1,ENSG00000273702,lncRNA,0.025688220230473752,607,97.55921895006402,GENCODE_v32_ensembl_crossref
AC040904.1,ENSG00000267637,lncRNA,0.0009202944942381563,23,99.90797055057618,GENCODE_v32_ensembl_crossref
RNFT1-DT,ENSG00000267302,lncRNA,0.003481113956466069,87,99.65188860435339,GENCODE_v32_ensembl_crossref
AC025048.4,ENSG00000267416,lncRNA,0.0010003201024327785,25,99.89996798975672,GENCODE_v32_ensembl_crossref
AC025048.2,ENSG00000267248,lncRNA,0.002240717029449424,56,99.77592829705506,GENCODE_v32_ensembl_crossref
AC011921.1,ENSG00000259349,lncRNA,0.0016005121638924455,39,99.84395006402048,GENCODE_v32_ensembl_crossref
AC005856.1,ENSG00000286997,lncRNA,0.004881562099871959,121,99.51584507042254,GENCODE_v32_ensembl_crossref
AC018628.2,ENSG00000285879,lncRNA,0.00048015364916773366,12,99.95198463508322,GENCODE_v32_ensembl_crossref
AC005803.1,ENSG00000286629,lncRNA,0.0010803457106274008,27,99.89196542893725,GENCODE_v32_ensembl_crossref
SNHG25,ENSG00000266402,lncRNA,0.006282010243277849,157,99.3717989756722,GENCODE_v32_ensembl_crossref
PRKCA-AS1,ENSG00000264630,lncRNA,0.0012403969270166453,31,99.87596030729834,GENCODE_v32_ensembl_crossref
AC007448.4,ENSG00000266473,lncRNA,0.011083546734955185,267,98.92765685019207,GENCODE_v32_ensembl_crossref
AC005332.6,ENSG00000278730,lncRNA,0.00984314980793854,243,99.02768886043533,GENCODE_v32_ensembl_crossref
AC005332.3,ENSG00000274561,lncRNA,0.0006802176696542894,17,99.93197823303457,GENCODE_v32_ensembl_crossref
AC005332.5,ENSG00000277476,lncRNA,0.005121638924455826,122,99.50784250960308,GENCODE_v32_ensembl_crossref
AC005332.7,ENSG00000278740,lncRNA,0.0004001280409731114,10,99.95998719590268,GENCODE_v32_ensembl_crossref
AC005332.2,ENSG00000267731,lncRNA,0.0009603072983354673,23,99.90396927016644,GENCODE_v32_ensembl_crossref
AC005332.4,ENSG00000274712,lncRNA,0.04293373879641485,1035,95.85867477592829,GENCODE_v32_ensembl_crossref
AC005332.1,ENSG00000265100,lncRNA,0.019886363636363636,471,98.11139564660691,GENCODE_v32_ensembl_crossref
AC007780.1,ENSG00000267009,lncRNA,0.002640845070422535,66,99.73591549295774,GENCODE_v32_ensembl_crossref
KCNJ2-AS1,ENSG00000267365,lncRNA,0.0005201664532650448,12,99.95198463508322,GENCODE_v32_ensembl_crossref
LINC00511,ENSG00000227036,lncRNA,0.0007202304737516005,18,99.92797695262485,GENCODE_v32_ensembl_crossref
AC097641.2,ENSG00000277728,lncRNA,0.001720550576184379,43,99.82794494238156,GENCODE_v32_ensembl_crossref
AC100786.1,ENSG00000246731,lncRNA,0.003040973111395647,70,99.71991037131882,GENCODE_v32_ensembl_crossref
AC064805.1,ENSG00000261222,lncRNA,0.01228393085787452,274,98.90364916773368,GENCODE_v32_ensembl_crossref
AC022211.2,ENSG00000263843,lncRNA,0.00492157490396927,119,99.51584507042254,GENCODE_v32_ensembl_crossref
AC011933.2,ENSG00000264853,lncRNA,0.0009603072983354673,23,99.90396927016644,GENCODE_v32_ensembl_crossref
RNF157-AS1,ENSG00000267128,lncRNA,0.0026808578745198463,67,99.731914212548,GENCODE_v32_ensembl_crossref
SNHG16,ENSG00000163597,lncRNA,0.24347791293213827,5036,79.84154929577466,GENCODE_v32_ensembl_crossref
AC005837.1,ENSG00000261335,lncRNA,0.0021606914212548016,53,99.78793213828425,GENCODE_v32_ensembl_crossref
AC016168.2,ENSG00000267568,lncRNA,0.0012403969270166453,31,99.87596030729834,GENCODE_v32_ensembl_crossref
SNHG20,ENSG00000234912,lncRNA,0.011683738796414853,286,98.8556338028169,GENCODE_v32_ensembl_crossref
AC111182.1,ENSG00000266998,lncRNA,0.010643405889884763,261,98.95166453265045,GENCODE_v32_ensembl_crossref
AC021683.5,ENSG00000285535,lncRNA,0.004521446862996159,112,99.5518565941101,GENCODE_v32_ensembl_crossref
LINC01973,ENSG00000204283,lncRNA,0.001120358514724712,28,99.88796414852753,GENCODE_v32_ensembl_crossref
TNRC6C-AS1,ENSG00000204282,lncRNA,0.0168854033290653,416,98.3274647887324,GENCODE_v32_ensembl_crossref
AC087645.2,ENSG00000267737,lncRNA,0.003401088348271447,82,99.67189500640204,GENCODE_v32_ensembl_crossref
AC061992.2,ENSG00000266970,lncRNA,0.0018005761843790013,45,99.8199423815621,GENCODE_v32_ensembl_crossref
SCAT1,ENSG00000267123,lncRNA,0.002000640204865557,50,99.79993597951345,GENCODE_v32_ensembl_crossref
AC022966.2,ENSG00000287539,lncRNA,0.0017605633802816902,43,99.82794494238156,GENCODE_v32_ensembl_crossref
AC022966.1,ENSG00000267601,lncRNA,0.0023607554417413574,59,99.76392445582587,GENCODE_v32_ensembl_crossref
AC087741.1,ENSG00000262580,lncRNA,0.012524007682458387,312,98.75160051216389,GENCODE_v32_ensembl_crossref
AC124319.1,ENSG00000262979,lncRNA,0.0015204865556978234,38,99.84795134443021,GENCODE_v32_ensembl_crossref
RNF213-AS1,ENSG00000263069,lncRNA,0.007762483994878361,192,99.23175416133164,GENCODE_v32_ensembl_crossref
AC120024.1,ENSG00000260369,lncRNA,0.000600192061459667,15,99.93998079385403,GENCODE_v32_ensembl_crossref
AC127496.5,ENSG00000262873,lncRNA,0.0021206786171574904,52,99.79193341869397,GENCODE_v32_ensembl_crossref
BAIAP2-DT,ENSG00000226137,lncRNA,0.006001920614596671,145,99.41981434058899,GENCODE_v32_ensembl_crossref
AC027601.2,ENSG00000260005,lncRNA,0.001200384122919334,30,99.87996158770807,GENCODE_v32_ensembl_crossref
LINC00482,ENSG00000185168,lncRNA,0.001960627400768246,49,99.80393725992317,GENCODE_v32_ensembl_crossref
AC027601.6,ENSG00000287431,lncRNA,0.001200384122919334,30,99.87996158770807,GENCODE_v32_ensembl_crossref
AC139530.1,ENSG00000262049,lncRNA,0.0283690781049936,696,97.21110755441741,GENCODE_v32_ensembl_crossref
AC145207.3,ENSG00000262831,lncRNA,0.0014804737516005122,37,99.85195262483995,GENCODE_v32_ensembl_crossref
AC145207.2,ENSG00000262413,lncRNA,0.008922855313700384,219,99.11971830985915,GENCODE_v32_ensembl_crossref
AC145207.5,ENSG00000263731,lncRNA,0.003201024327784891,80,99.6798975672215,GENCODE_v32_ensembl_crossref
AC145207.6,ENSG00000263859,lncRNA,0.0010003201024327785,25,99.89996798975672,GENCODE_v32_ensembl_crossref
AC132872.3,ENSG00000275888,lncRNA,0.0010003201024327785,25,99.89996798975672,GENCODE_v32_ensembl_crossref
LINC01970,ENSG00000265692,lncRNA,0.013964468629961587,326,98.67957746478874,GENCODE_v32_ensembl_crossref
AC132872.1,ENSG00000260563,lncRNA,0.003401088348271447,85,99.65989116517285,GENCODE_v32_ensembl_crossref
HEXD-IT1,ENSG00000279066,lncRNA,0.0015604993597951344,39,99.84395006402048,GENCODE_v32_ensembl_crossref
AC132938.6,ENSG00000287193,lncRNA,0.001120358514724712,28,99.88796414852753,GENCODE_v32_ensembl_crossref
AC132938.3,ENSG00000265458,lncRNA,0.007082266325224072,176,99.29577464788733,GENCODE_v32_ensembl_crossref
AC124283.1,ENSG00000261845,lncRNA,0.0012804097311139564,32,99.8719590268886,GENCODE_v32_ensembl_crossref
AC144831.1,ENSG00000261888,lncRNA,0.0029609475032010245,72,99.71190781049935,GENCODE_v32_ensembl_crossref
AP000845.1,ENSG00000263884,lncRNA,0.002000640204865557,48,99.79993597951345,GENCODE_v32_ensembl_crossref
AP001020.3,ENSG00000266171,lncRNA,0.0006802176696542894,17,99.93197823303457,GENCODE_v32_ensembl_crossref
AP000919.4,ENSG00000272625,lncRNA,0.0007202304737516005,18,99.92797695262485,GENCODE_v32_ensembl_crossref
AP000919.2,ENSG00000265907,lncRNA,0.0015604993597951344,39,99.84395006402048,GENCODE_v32_ensembl_crossref
AP005329.2,ENSG00000265399,lncRNA,0.000600192061459667,15,99.93998079385403,GENCODE_v32_ensembl_crossref
AP005329.3,ENSG00000272688,lncRNA,0.006121959026888604,150,99.39580665813061,GENCODE_v32_ensembl_crossref
AP005329.1,ENSG00000264235,lncRNA,0.0076824583866837385,190,99.23975672215109,GENCODE_v32_ensembl_crossref
DLGAP1-AS1,ENSG00000177337,lncRNA,0.01896606914212548,451,98.19542253521126,GENCODE_v32_ensembl_crossref
DLGAP1-AS2,ENSG00000262001,lncRNA,0.0033610755441741357,82,99.67189500640204,GENCODE_v32_ensembl_crossref
LINC00526,ENSG00000264575,lncRNA,0.007202304737516005,180,99.2797695262484,GENCODE_v32_ensembl_crossref
LINC00667,ENSG00000263753,lncRNA,0.07206306017925736,1700,93.1978233034571,GENCODE_v32_ensembl_crossref
NDUFV2-AS1,ENSG00000266053,lncRNA,0.03965268886043534,944,96.21478873239437,GENCODE_v32_ensembl_crossref
AP001033.2,ENSG00000273284,lncRNA,0.0013604353393085787,34,99.86395646606914,GENCODE_v32_ensembl_crossref
AP001033.1,ENSG00000264964,lncRNA,0.002240717029449424,52,99.79193341869397,GENCODE_v32_ensembl_crossref
CHMP1B-AS1,ENSG00000267165,lncRNA,0.0030009603072983356,71,99.71190781049935,GENCODE_v32_ensembl_crossref
AP001269.4,ENSG00000273141,lncRNA,0.007642445582586427,189,99.23975672215109,GENCODE_v32_ensembl_crossref
AP005482.1,ENSG00000260302,lncRNA,0.01368437900128041,328,98.68758002560818,GENCODE_v32_ensembl_crossref
AC027449.1,ENSG00000273348,lncRNA,0.0007202304737516005,17,99.93197823303457,GENCODE_v32_ensembl_crossref
AC090912.1,ENSG00000265943,lncRNA,0.001720550576184379,43,99.82794494238156,GENCODE_v32_ensembl_crossref
TTC39C-AS1,ENSG00000264745,lncRNA,0.00984314980793854,228,99.0877080665813,GENCODE_v32_ensembl_crossref
AC009831.1,ENSG00000263823,lncRNA,0.025128040973111394,600,97.5952304737516,GENCODE_v32_ensembl_crossref
AC009831.3,ENSG00000274275,lncRNA,0.004121318822023047,103,99.5878681177977,GENCODE_v32_ensembl_crossref
AC011825.4,ENSG00000265008,lncRNA,0.008322663252240717,206,99.1757362355954,GENCODE_v32_ensembl_crossref
AC011815.1,ENSG00000268573,lncRNA,0.0011603713188220231,29,99.88396286811779,GENCODE_v32_ensembl_crossref
AC100778.3,ENSG00000265496,lncRNA,0.0014804737516005122,36,99.85195262483995,GENCODE_v32_ensembl_crossref
SNHG22,ENSG00000267322,lncRNA,0.005841869398207427,144,99.42381562099872,GENCODE_v32_ensembl_crossref
AC093462.1,ENSG00000277324,lncRNA,0.003761203585147247,92,99.62788092189501,GENCODE_v32_ensembl_crossref
AC027097.1,ENSG00000267040,lncRNA,0.02636843790012804,625,97.48719590268887,GENCODE_v32_ensembl_crossref
AC027097.2,ENSG00000267787,lncRNA,0.0038812419974391804,96,99.61587708066581,GENCODE_v32_ensembl_crossref
AC105105.1,ENSG00000267257,lncRNA,0.0012403969270166453,30,99.87996158770807,GENCODE_v32_ensembl_crossref
AC104971.3,ENSG00000275418,lncRNA,0.00736235595390525,182,99.27176696542894,GENCODE_v32_ensembl_crossref
AC104971.1,ENSG00000267226,lncRNA,0.0044014084507042256,110,99.55985915492957,GENCODE_v32_ensembl_crossref
AC104365.1,ENSG00000267476,lncRNA,0.0008002560819462228,19,99.91997439180538,GENCODE_v32_ensembl_crossref
AC090409.1,ENSG00000267279,lncRNA,0.004001280409731114,88,99.64788732394366,GENCODE_v32_ensembl_crossref
AC027514.1,ENSG00000266900,lncRNA,0.00048015364916773366,12,99.95198463508322,GENCODE_v32_ensembl_crossref
AC036176.1,ENSG00000267390,lncRNA,0.005481754161331626,134,99.46382842509604,GENCODE_v32_ensembl_crossref
GTSCR1,ENSG00000263417,lncRNA,0.007842509603072983,178,99.28777208706786,GENCODE_v32_ensembl_crossref
LINC00909,ENSG00000264247,lncRNA,0.038812419974391804,934,96.25880281690141,GENCODE_v32_ensembl_crossref
AC015819.2,ENSG00000278607,lncRNA,0.001200384122919334,30,99.87996158770807,GENCODE_v32_ensembl_crossref
AC015819.1,ENSG00000273669,lncRNA,0.000560179257362356,14,99.94398207426376,GENCODE_v32_ensembl_crossref
AC018413.1,ENSG00000265778,lncRNA,0.0016405249679897567,40,99.83994878361075,GENCODE_v32_ensembl_crossref
ZNF236-DT,ENSG00000264278,lncRNA,0.01756562099871959,428,98.28745198463508,GENCODE_v32_ensembl_crossref
AC018529.2,ENSG00000278330,lncRNA,0.0025208066581306017,62,99.75192061459667,GENCODE_v32_ensembl_crossref
AC125437.1,ENSG00000267655,lncRNA,0.001200384122919334,30,99.87996158770807,GENCODE_v32_ensembl_crossref
AC125437.3,ENSG00000286245,lncRNA,0.001960627400768246,49,99.80393725992317,GENCODE_v32_ensembl_crossref
AC068473.5,ENSG00000274828,lncRNA,0.0030009603072983356,74,99.7039052496799,GENCODE_v32_ensembl_crossref
PARD6G-AS1,ENSG00000267270,lncRNA,0.0015204865556978234,36,99.85595390524968,GENCODE_v32_ensembl_crossref
LINC01002,ENSG00000282508,lncRNA,0.007202304737516005,176,99.2917733674776,GENCODE_v32_ensembl_crossref
AC016588.2,ENSG00000282393,lncRNA,0.001960627400768246,49,99.80393725992317,GENCODE_v32_ensembl_crossref
AC009005.1,ENSG00000267751,lncRNA,0.0033210627400768245,82,99.67189500640204,GENCODE_v32_ensembl_crossref
AC004528.2,ENSG00000274177,lncRNA,0.000560179257362356,14,99.94398207426376,GENCODE_v32_ensembl_crossref
CIRBP-AS1,ENSG00000267493,lncRNA,0.0013204225352112676,31,99.8719590268886,GENCODE_v32_ensembl_crossref
AC005329.1,ENSG00000248015,lncRNA,0.0009603072983354673,24,99.90396927016644,GENCODE_v32_ensembl_crossref
AC027307.3,ENSG00000268798,lncRNA,0.0007602432778489117,19,99.92397567221511,GENCODE_v32_ensembl_crossref
AC027307.2,ENSG00000267317,lncRNA,0.001440460947503201,36,99.85595390524968,GENCODE_v32_ensembl_crossref
AC012615.6,ENSG00000267244,lncRNA,0.0027208706786171575,68,99.72791293213828,GENCODE_v32_ensembl_crossref
AC012615.1,ENSG00000261526,lncRNA,0.08642765685019206,1942,92.22151088348272,GENCODE_v32_ensembl_crossref
AC012615.5,ENSG00000267232,lncRNA,0.0014804737516005122,37,99.85195262483995,GENCODE_v32_ensembl_crossref
AC005306.1,ENSG00000267283,lncRNA,0.00316101152368758,79,99.68389884763124,GENCODE_v32_ensembl_crossref
AC104530.1,ENSG00000288156,lncRNA,0.004521446862996159,111,99.5518565941101,GENCODE_v32_ensembl_crossref
AC092068.2,ENSG00000267412,lncRNA,0.0008002560819462228,16,99.92797695262485,GENCODE_v32_ensembl_crossref
AC006538.3,ENSG00000276097,lncRNA,0.0010003201024327785,25,99.89996798975672,GENCODE_v32_ensembl_crossref
AC119403.1,ENSG00000253392,lncRNA,0.001120358514724712,28,99.88796414852753,GENCODE_v32_ensembl_crossref
AC005944.1,ENSG00000267469,lncRNA,0.03229033290653009,777,96.89100512163893,GENCODE_v32_ensembl_crossref
AC005264.1,ENSG00000267551,lncRNA,0.0027208706786171575,68,99.72791293213828,GENCODE_v32_ensembl_crossref
AC011498.1,ENSG00000267011,lncRNA,0.0010403329065300896,26,99.895966709347,GENCODE_v32_ensembl_crossref
DPP9-AS1,ENSG00000205790,lncRNA,0.0007202304737516005,18,99.92797695262485,GENCODE_v32_ensembl_crossref
AC005523.2,ENSG00000269604,lncRNA,0.00456145966709347,112,99.5518565941101,GENCODE_v32_ensembl_crossref
AC104532.2,ENSG00000267571,lncRNA,0.0011603713188220231,29,99.88396286811779,GENCODE_v32_ensembl_crossref
AC011444.1,ENSG00000266983,lncRNA,0.0012403969270166453,31,99.87596030729834,GENCODE_v32_ensembl_crossref
AC011491.3,ENSG00000269802,lncRNA,0.002240717029449424,56,99.77592829705506,GENCODE_v32_ensembl_crossref
AC008763.1,ENSG00000268204,lncRNA,0.006602112676056338,154,99.37980153649167,GENCODE_v32_ensembl_crossref
AC010336.8,ENSG00000286138,lncRNA,0.0023607554417413574,58,99.7679257362356,GENCODE_v32_ensembl_crossref
RAB11B-AS1,ENSG00000269386,lncRNA,0.011363636363636364,272,98.91165172855314,GENCODE_v32_ensembl_crossref
ZNF426-DT,ENSG00000278611,lncRNA,0.002400768245838668,59,99.76392445582587,GENCODE_v32_ensembl_crossref
ZNF561-AS1,ENSG00000267106,lncRNA,0.007842509603072983,190,99.23975672215109,GENCODE_v32_ensembl_crossref
AC020931.1,ENSG00000267387,lncRNA,0.001440460947503201,36,99.85595390524968,GENCODE_v32_ensembl_crossref
AC011511.2,ENSG00000266978,lncRNA,0.0025208066581306017,62,99.74791933418695,GENCODE_v32_ensembl_crossref
AC011511.5,ENSG00000267607,lncRNA,0.001120358514724712,28,99.88796414852753,GENCODE_v32_ensembl_crossref
AC114271.1,ENSG00000274425,lncRNA,0.01820582586427657,450,98.199423815621,GENCODE_v32_ensembl_crossref
ILF3-DT,ENSG00000267100,lncRNA,0.1634122919334187,3541,85.79945582586429,GENCODE_v32_ensembl_crossref
AC011472.2,ENSG00000267174,lncRNA,0.010483354673495518,238,99.047695262484,GENCODE_v32_ensembl_crossref
AC011472.3,ENSG00000267576,lncRNA,0.0031209987195902687,77,99.6919014084507,GENCODE_v32_ensembl_crossref
AC024575.1,ENSG00000267277,lncRNA,0.00280089628681178,68,99.72791293213828,GENCODE_v32_ensembl_crossref
ZNF433-AS1,ENSG00000219665,lncRNA,0.04805537772087068,1129,95.47855313700384,GENCODE_v32_ensembl_crossref
AC010422.7,ENSG00000285583,lncRNA,0.0013604353393085787,34,99.86395646606914,GENCODE_v32_ensembl_crossref
AC018761.3,ENSG00000267212,lncRNA,0.0007602432778489117,18,99.92797695262485,GENCODE_v32_ensembl_crossref
AC092069.1,ENSG00000267458,lncRNA,0.0013604353393085787,34,99.86395646606914,GENCODE_v32_ensembl_crossref
AC011446.3,ENSG00000287296,lncRNA,0.0011603713188220231,27,99.89196542893725,GENCODE_v32_ensembl_crossref
AC011446.2,ENSG00000267598,lncRNA,0.12031850192061459,2482,90.04481434058899,GENCODE_v32_ensembl_crossref
AC020916.1,ENSG00000267519,lncRNA,0.5063620358514724,6723,72.95534571062741,GENCODE_v32_ensembl_crossref
AC022098.4,ENSG00000275091,lncRNA,0.0020806658130601793,49,99.80393725992317,GENCODE_v32_ensembl_crossref
AC022098.1,ENSG00000267169,lncRNA,0.02168693982074264,511,97.95134443021767,GENCODE_v32_ensembl_crossref
LINC01841,ENSG00000266913,lncRNA,0.0014804737516005122,37,99.85195262483995,GENCODE_v32_ensembl_crossref
AC008569.2,ENSG00000267474,lncRNA,0.001960627400768246,49,99.80393725992317,GENCODE_v32_ensembl_crossref
AC005785.1,ENSG00000268189,lncRNA,0.0007602432778489117,19,99.92397567221511,GENCODE_v32_ensembl_crossref
AC008894.2,ENSG00000269243,lncRNA,0.005001600512163892,125,99.4998399487836,GENCODE_v32_ensembl_crossref
AC020911.2,ENSG00000267275,lncRNA,0.035211267605633804,828,96.66693341869397,GENCODE_v32_ensembl_crossref
AC008764.6,ENSG00000269399,lncRNA,0.0025208066581306017,61,99.75592189500641,GENCODE_v32_ensembl_crossref
AC008764.8,ENSG00000279529,lncRNA,0.01512483994878361,369,98.51152368758002,GENCODE_v32_ensembl_crossref
AC008764.7,ENSG00000269578,lncRNA,0.003761203585147247,94,99.62387964148527,GENCODE_v32_ensembl_crossref
AC008764.2,ENSG00000268087,lncRNA,0.0008802816901408451,22,99.91197183098592,GENCODE_v32_ensembl_crossref
AC024075.2,ENSG00000269044,lncRNA,0.004961587708066581,120,99.5118437900128,GENCODE_v32_ensembl_crossref
AC024075.1,ENSG00000267904,lncRNA,0.002600832266325224,64,99.74391805377721,GENCODE_v32_ensembl_crossref
BISPR,ENSG00000282851,lncRNA,0.04973591549295775,1177,95.28249039692702,GENCODE_v32_ensembl_crossref
AC010618.3,ENSG00000269439,lncRNA,0.006482074263764404,158,99.36779769526248,GENCODE_v32_ensembl_crossref
AC005253.1,ENSG00000268030,lncRNA,0.0012403969270166453,31,99.87596030729834,GENCODE_v32_ensembl_crossref
AC005253.2,ENSG00000268983,lncRNA,0.0008002560819462228,20,99.91997439180538,GENCODE_v32_ensembl_crossref
LINC00663,ENSG00000266904,lncRNA,0.0038812419974391804,93,99.62788092189501,GENCODE_v32_ensembl_crossref
AC011477.2,ENSG00000267481,lncRNA,0.0032810499359795134,81,99.67589628681178,GENCODE_v32_ensembl_crossref
AC011447.3,ENSG00000267383,lncRNA,0.0023607554417413574,59,99.76392445582587,GENCODE_v32_ensembl_crossref
AC123912.1,ENSG00000268081,lncRNA,0.0009603072983354673,22,99.91197183098592,GENCODE_v32_ensembl_crossref
AC123912.4,ENSG00000268555,lncRNA,0.003481113956466069,72,99.69990396927017,GENCODE_v32_ensembl_crossref
AC092329.4,ENSG00000284428,lncRNA,0.011003521126760563,265,98.93165813060179,GENCODE_v32_ensembl_crossref
AC092279.1,ENSG00000268362,lncRNA,0.017125480153649168,425,98.29945582586429,GENCODE_v32_ensembl_crossref
LINC00662,ENSG00000261824,lncRNA,0.028249039692701663,661,97.34314980793854,GENCODE_v32_ensembl_crossref
AC006504.5,ENSG00000267575,lncRNA,0.00980313700384123,238,99.047695262484,GENCODE_v32_ensembl_crossref
AC007773.1,ENSG00000267213,lncRNA,0.00140044814340589,35,99.85995518565942,GENCODE_v32_ensembl_crossref
AC008736.1,ENSG00000267475,lncRNA,0.00044014084507042255,11,99.95598591549296,GENCODE_v32_ensembl_crossref
AC008738.3,ENSG00000267580,lncRNA,0.0012804097311139564,32,99.8719590268886,GENCODE_v32_ensembl_crossref
AC020910.5,ENSG00000274104,lncRNA,0.007162291933418694,172,99.31177976952625,GENCODE_v32_ensembl_crossref
LINC01801,ENSG00000267767,lncRNA,0.0010803457106274008,27,99.89196542893725,GENCODE_v32_ensembl_crossref
AC008555.1,ENSG00000261754,lncRNA,0.0006802176696542894,17,99.93197823303457,GENCODE_v32_ensembl_crossref
AC008555.4,ENSG00000271109,lncRNA,0.09042893725992318,2087,91.64532650448143,GENCODE_v32_ensembl_crossref
TMEM147-AS1,ENSG00000236144,lncRNA,0.007562419974391805,183,99.2677656850192,GENCODE_v32_ensembl_crossref
AD000090.1,ENSG00000283907,lncRNA,0.005201664532650448,129,99.48383482714469,GENCODE_v32_ensembl_crossref
AC002116.2,ENSG00000267698,lncRNA,0.004121318822023047,100,99.59587067861716,GENCODE_v32_ensembl_crossref
AC092296.2,ENSG00000267053,lncRNA,0.0007202304737516005,18,99.92797695262485,GENCODE_v32_ensembl_crossref
LINC00665,ENSG00000232677,lncRNA,0.00844270166453265,208,99.16773367477593,GENCODE_v32_ensembl_crossref
AC092295.2,ENSG00000267309,lncRNA,0.002560819462227913,63,99.74791933418695,GENCODE_v32_ensembl_crossref
ZNF529-AS1,ENSG00000233527,lncRNA,0.011403649167733674,278,98.88364276568502,GENCODE_v32_ensembl_crossref
LINC01534,ENSG00000225975,lncRNA,0.006762163892445583,167,99.3317861715749,GENCODE_v32_ensembl_crossref
ZNF790-AS1,ENSG00000267254,lncRNA,0.008562740076824584,205,99.17973751600512,GENCODE_v32_ensembl_crossref
AC016590.1,ENSG00000267605,lncRNA,0.00736235595390525,184,99.26376440460947,GENCODE_v32_ensembl_crossref
ZNF793-AS1,ENSG00000266916,lncRNA,0.0015204865556978234,38,99.84795134443021,GENCODE_v32_ensembl_crossref
ZNF571-AS1,ENSG00000267470,lncRNA,0.0024407810499359793,59,99.76392445582587,GENCODE_v32_ensembl_crossref
AC093227.1,ENSG00000267152,lncRNA,0.0018405889884763125,45,99.8199423815621,GENCODE_v32_ensembl_crossref
AC008982.2,ENSG00000269688,lncRNA,0.0033210627400768245,83,99.66789372599231,GENCODE_v32_ensembl_crossref
AC011445.2,ENSG00000269246,lncRNA,0.0023207426376440463,57,99.77192701664532,GENCODE_v32_ensembl_crossref
AC005614.1,ENSG00000269296,lncRNA,0.002040653008962868,49,99.80393725992317,GENCODE_v32_ensembl_crossref
AC008537.4,ENSG00000282951,lncRNA,0.013804417413572342,340,98.63956466069142,GENCODE_v32_ensembl_crossref
AC011462.5,ENSG00000286177,lncRNA,0.0072423175416133165,177,99.2917733674776,GENCODE_v32_ensembl_crossref
AC243960.3,ENSG00000268355,lncRNA,0.0018405889884763125,46,99.81594110115238,GENCODE_v32_ensembl_crossref
LINC01480,ENSG00000270164,lncRNA,0.003961267605633803,77,99.6919014084507,GENCODE_v32_ensembl_crossref
AC243960.1,ENSG00000268027,lncRNA,0.18725992317541612,3988,84.03889244558258,GENCODE_v32_ensembl_crossref
AC010247.1,ENSG00000254887,lncRNA,0.009683098591549295,236,99.05569782330346,GENCODE_v32_ensembl_crossref
AC010247.2,ENSG00000259436,lncRNA,0.0036011523687580027,89,99.64388604353394,GENCODE_v32_ensembl_crossref
LIPE-AS1,ENSG00000213904,lncRNA,0.03056978233034571,728,97.08706786171575,GENCODE_v32_ensembl_crossref
AC005392.2,ENSG00000231412,lncRNA,0.00528169014084507,118,99.52784891165173,GENCODE_v32_ensembl_crossref
AC006213.2,ENSG00000267058,lncRNA,0.007922535211267605,191,99.23575544174136,GENCODE_v32_ensembl_crossref
AC006213.1,ENSG00000266921,lncRNA,0.0012804097311139564,32,99.8719590268886,GENCODE_v32_ensembl_crossref
AC021092.1,ENSG00000186019,lncRNA,0.011563700384122919,281,98.87564020486556,GENCODE_v32_ensembl_crossref
AC011481.2,ENSG00000267282,lncRNA,0.002880921895006402,70,99.71991037131882,GENCODE_v32_ensembl_crossref
GEMIN7-AS1,ENSG00000267348,lncRNA,0.004441421254801537,110,99.55585787451984,GENCODE_v32_ensembl_crossref
EML2-AS1,ENSG00000267757,lncRNA,0.008002560819462228,196,99.21174775928297,GENCODE_v32_ensembl_crossref
AC074212.1,ENSG00000259605,lncRNA,0.0006802176696542894,17,99.93197823303457,GENCODE_v32_ensembl_crossref
NAPA-AS1,ENSG00000268061,lncRNA,0.008802816901408451,215,99.1397247119078,GENCODE_v32_ensembl_crossref
AC010331.1,ENSG00000277383,lncRNA,0.0025208066581306017,63,99.74791933418695,GENCODE_v32_ensembl_crossref
CARD8-AS1,ENSG00000268001,lncRNA,0.03221030729833547,762,96.95102432778489,GENCODE_v32_ensembl_crossref
AC008403.3,ENSG00000287603,lncRNA,0.0025208066581306017,60,99.75992317541613,GENCODE_v32_ensembl_crossref
AC011450.1,ENSG00000197813,lncRNA,0.005841869398207427,145,99.41981434058899,GENCODE_v32_ensembl_crossref
AC006942.1,ENSG00000269194,lncRNA,0.0026808578745198463,65,99.73991677336748,GENCODE_v32_ensembl_crossref
PTOV1-AS1,ENSG00000268006,lncRNA,0.0012804097311139564,31,99.8719590268886,GENCODE_v32_ensembl_crossref
PTOV1-AS2,ENSG00000269352,lncRNA,0.003721190781049936,92,99.62788092189501,GENCODE_v32_ensembl_crossref
AC010624.3,ENSG00000269091,lncRNA,0.0010803457106274008,27,99.89196542893725,GENCODE_v32_ensembl_crossref
AC010624.1,ENSG00000204666,lncRNA,0.0007202304737516005,18,99.92797695262485,GENCODE_v32_ensembl_crossref
AC020909.2,ENSG00000268518,lncRNA,0.0007202304737516005,17,99.92797695262485,GENCODE_v32_ensembl_crossref
AC063977.6,ENSG00000269072,lncRNA,0.0025208066581306017,63,99.74791933418695,GENCODE_v32_ensembl_crossref
AC008750.4,ENSG00000267984,lncRNA,0.005681818181818182,142,99.43181818181817,GENCODE_v32_ensembl_crossref
AC008750.1,ENSG00000254760,lncRNA,0.002880921895006402,69,99.72391165172856,GENCODE_v32_ensembl_crossref
AC008750.2,ENSG00000255441,lncRNA,0.002400768245838668,57,99.77192701664532,GENCODE_v32_ensembl_crossref
AC020914.1,ENSG00000268777,lncRNA,0.00140044814340589,32,99.8719590268886,GENCODE_v32_ensembl_crossref
AC018755.4,ENSG00000273837,lncRNA,0.0035611395646606915,84,99.66389244558259,GENCODE_v32_ensembl_crossref
AC011468.5,ENSG00000275055,lncRNA,0.0014804737516005122,37,99.85195262483995,GENCODE_v32_ensembl_crossref
ZNF528-AS1,ENSG00000269834,lncRNA,0.004441421254801537,111,99.55585787451984,GENCODE_v32_ensembl_crossref
AC010332.3,ENSG00000288253,lncRNA,0.0033210627400768245,80,99.67589628681178,GENCODE_v32_ensembl_crossref
AC022150.4,ENSG00000269825,lncRNA,0.0022007042253521128,55,99.77992957746478,GENCODE_v32_ensembl_crossref
AC022137.4,ENSG00000287608,lncRNA,0.0008802816901408451,21,99.91597311139564,GENCODE_v32_ensembl_crossref
AC008440.1,ENSG00000228323,lncRNA,0.00560179257362356,137,99.4478233034571,GENCODE_v32_ensembl_crossref
AC008440.2,ENSG00000232220,lncRNA,0.0010403329065300896,26,99.895966709347,GENCODE_v32_ensembl_crossref
AC245052.4,ENSG00000237017,lncRNA,0.005001600512163892,123,99.50784250960308,GENCODE_v32_ensembl_crossref
LENG8-AS1,ENSG00000226696,lncRNA,0.013604353393085787,336,98.64756722151088,GENCODE_v32_ensembl_crossref
AC011476.3,ENSG00000267265,lncRNA,0.0016805377720870679,42,99.83194622279129,GENCODE_v32_ensembl_crossref
AC020922.4,ENSG00000276831,lncRNA,0.0015204865556978234,38,99.84795134443021,GENCODE_v32_ensembl_crossref
AC008735.2,ENSG00000267523,lncRNA,0.01196382842509603,295,98.81962227912933,GENCODE_v32_ensembl_crossref
AC008735.1,ENSG00000267096,lncRNA,0.000560179257362356,14,99.94398207426376,GENCODE_v32_ensembl_crossref
AC006116.10,ENSG00000267776,lncRNA,0.002560819462227913,62,99.75192061459667,GENCODE_v32_ensembl_crossref
ZNF582-AS1,ENSG00000267454,lncRNA,0.003801216389244558,94,99.62387964148527,GENCODE_v32_ensembl_crossref
ZNF667-AS1,ENSG00000166770,lncRNA,0.006081946222791294,144,99.42381562099872,GENCODE_v32_ensembl_crossref
AC005498.3,ENSG00000269696,lncRNA,0.000600192061459667,15,99.93998079385403,GENCODE_v32_ensembl_crossref
ZNF460-AS1,ENSG00000267871,lncRNA,0.001120358514724712,28,99.88796414852753,GENCODE_v32_ensembl_crossref
AC005261.1,ENSG00000268205,lncRNA,0.0165252880921895,407,98.37147887323944,GENCODE_v32_ensembl_crossref
AC008969.1,ENSG00000176593,lncRNA,0.007042253521126761,172,99.31177976952625,GENCODE_v32_ensembl_crossref
AC020915.2,ENSG00000268516,lncRNA,0.019926376440460948,481,98.07538412291933,GENCODE_v32_ensembl_crossref
AC010642.2,ENSG00000283103,lncRNA,0.048735595390524966,1134,95.45454545454545,GENCODE_v32_ensembl_crossref
A1BG-AS1,ENSG00000268895,lncRNA,0.010283290653008963,248,99.00768245838668,GENCODE_v32_ensembl_crossref
AC012313.1,ENSG00000232098,lncRNA,0.00492157490396927,121,99.51584507042254,GENCODE_v32_ensembl_crossref
AC012313.8,ENSG00000269473,lncRNA,0.0005201664532650448,13,99.9479833546735,GENCODE_v32_ensembl_crossref
MZF1-AS1,ENSG00000267858,lncRNA,0.01748559539052497,419,98.3154609475032,GENCODE_v32_ensembl_crossref
NRSN2-AS1,ENSG00000225377,lncRNA,0.003040973111395647,76,99.69590268886044,GENCODE_v32_ensembl_crossref
AL110114.1,ENSG00000286787,lncRNA,0.0016405249679897567,40,99.83994878361075,GENCODE_v32_ensembl_crossref
SDCBP2-AS1,ENSG00000234684,lncRNA,0.015404929577464789,373,98.50352112676056,GENCODE_v32_ensembl_crossref
AL109809.5,ENSG00000286288,lncRNA,0.0007602432778489117,19,99.92397567221511,GENCODE_v32_ensembl_crossref
AL117335.1,ENSG00000276649,lncRNA,0.0012804097311139564,31,99.8719590268886,GENCODE_v32_ensembl_crossref
AL121899.4,ENSG00000287561,lncRNA,0.0010003201024327785,24,99.90396927016644,GENCODE_v32_ensembl_crossref
AL121899.1,ENSG00000226644,lncRNA,0.0012804097311139564,32,99.8719590268886,GENCODE_v32_ensembl_crossref
AL049712.1,ENSG00000228293,lncRNA,0.0013604353393085787,34,99.86395646606914,GENCODE_v32_ensembl_crossref
LINC01730,ENSG00000275491,lncRNA,0.001440460947503201,36,99.85595390524968,GENCODE_v32_ensembl_crossref
AL353194.1,ENSG00000229539,lncRNA,0.004081306017925736,101,99.59587067861716,GENCODE_v32_ensembl_crossref
AL021396.1,ENSG00000229766,lncRNA,0.005481754161331626,130,99.47983354673495,GENCODE_v32_ensembl_crossref
AL079338.1,ENSG00000286546,lncRNA,0.00140044814340589,32,99.8719590268886,GENCODE_v32_ensembl_crossref
AL034428.1,ENSG00000228809,lncRNA,0.0023207426376440463,58,99.7679257362356,GENCODE_v32_ensembl_crossref
LINC00653,ENSG00000273148,lncRNA,0.01088348271446863,263,98.94366197183099,GENCODE_v32_ensembl_crossref
AL117332.1,ENSG00000275457,lncRNA,0.00948303457106274,232,99.07170294494239,GENCODE_v32_ensembl_crossref
LINC01431,ENSG00000232645,lncRNA,0.008882842509603073,219,99.12371959026889,GENCODE_v32_ensembl_crossref
AL035661.2,ENSG00000286444,lncRNA,0.003921254801536492,95,99.61587708066581,GENCODE_v32_ensembl_crossref
ZNF337-AS1,ENSG00000213742,lncRNA,0.007562419974391805,186,99.25576184379001,GENCODE_v32_ensembl_crossref
AL390198.1,ENSG00000226465,lncRNA,0.0009202944942381563,22,99.91197183098592,GENCODE_v32_ensembl_crossref
FAM182B,ENSG00000175170,lncRNA,0.0009202944942381563,22,99.90797055057618,GENCODE_v32_ensembl_crossref
FAM182A,ENSG00000125804,lncRNA,0.0012403969270166453,31,99.87596030729834,GENCODE_v32_ensembl_crossref
AL078587.2,ENSG00000287569,lncRNA,0.0005201664532650448,12,99.95198463508322,GENCODE_v32_ensembl_crossref
MIR663AHG,ENSG00000227195,lncRNA,0.00140044814340589,33,99.86795774647888,GENCODE_v32_ensembl_crossref
LINC01597,ENSG00000205611,lncRNA,0.0029609475032010245,72,99.71190781049935,GENCODE_v32_ensembl_crossref
AL117381.1,ENSG00000236559,lncRNA,0.0038412291933418692,94,99.62387964148527,GENCODE_v32_ensembl_crossref
ABALON,ENSG00000281376,lncRNA,0.0050816261203585145,121,99.50784250960308,GENCODE_v32_ensembl_crossref
AL034550.1,ENSG00000236772,lncRNA,0.0023607554417413574,59,99.76392445582587,GENCODE_v32_ensembl_crossref
AL034550.2,ENSG00000277301,lncRNA,0.004321382842509603,105,99.57986555697823,GENCODE_v32_ensembl_crossref
AL035071.1,ENSG00000260257,lncRNA,0.005121638924455826,128,99.48783610755441,GENCODE_v32_ensembl_crossref
RALY-AS1,ENSG00000285230,lncRNA,0.0058018565941101155,142,99.43181818181817,GENCODE_v32_ensembl_crossref
FO393401.1,ENSG00000230155,lncRNA,0.038012163892445584,899,96.40284891165173,GENCODE_v32_ensembl_crossref
NORAD,ENSG00000260032,lncRNA,0.20142445582586427,4239,83.02256722151088,GENCODE_v32_ensembl_crossref
DLGAP4-AS1,ENSG00000232907,lncRNA,0.00420134443021767,104,99.57986555697823,GENCODE_v32_ensembl_crossref
SNHG17,ENSG00000196756,lncRNA,0.09070902688860435,2102,91.58530729833547,GENCODE_v32_ensembl_crossref
SNHG11,ENSG00000174365,lncRNA,0.021486875800256083,523,97.90733034571063,GENCODE_v32_ensembl_crossref
PLCG1-AS1,ENSG00000226648,lncRNA,0.005201664532650448,128,99.48783610755441,GENCODE_v32_ensembl_crossref
AL031667.3,ENSG00000273951,lncRNA,0.0018405889884763125,46,99.81594110115238,GENCODE_v32_ensembl_crossref
Z98752.4,ENSG00000282876,lncRNA,0.0013604353393085787,33,99.86795774647888,GENCODE_v32_ensembl_crossref
OSER1-DT,ENSG00000223891,lncRNA,0.035371318822023046,849,96.59891165172856,GENCODE_v32_ensembl_crossref
LINC01260,ENSG00000283440,lncRNA,0.002880921895006402,70,99.7159090909091,GENCODE_v32_ensembl_crossref
AL162458.1,ENSG00000285796,lncRNA,0.005161651728553137,127,99.49183738796414,GENCODE_v32_ensembl_crossref
AL133227.1,ENSG00000273828,lncRNA,0.0016805377720870679,40,99.83994878361075,GENCODE_v32_ensembl_crossref
LINC00494,ENSG00000235621,lncRNA,0.004081306017925736,98,99.60787451984635,GENCODE_v32_ensembl_crossref
AL035106.1,ENSG00000286159,lncRNA,0.002400768245838668,59,99.75992317541613,GENCODE_v32_ensembl_crossref
AL133342.1,ENSG00000278231,lncRNA,0.00316101152368758,79,99.68389884763124,GENCODE_v32_ensembl_crossref
ZFAS1,ENSG00000177410,lncRNA,0.8995278489116517,13287,46.794974391805376,GENCODE_v32_ensembl_crossref
CEBPB-AS1,ENSG00000277449,lncRNA,0.0021606914212548016,53,99.78393085787451,GENCODE_v32_ensembl_crossref
SMIM25,ENSG00000224397,lncRNA,0.13932458386683738,1730,93.07378361075544,GENCODE_v32_ensembl_crossref
LINC01270,ENSG00000203999,lncRNA,0.00048015364916773366,12,99.95198463508322,GENCODE_v32_ensembl_crossref
AL133230.1,ENSG00000232043,lncRNA,0.001200384122919334,30,99.87996158770807,GENCODE_v32_ensembl_crossref
ADNP-AS1,ENSG00000259456,lncRNA,0.00316101152368758,79,99.68389884763124,GENCODE_v32_ensembl_crossref
AL157838.1,ENSG00000197670,lncRNA,0.0016805377720870679,40,99.83594750320103,GENCODE_v32_ensembl_crossref
AL109955.1,ENSG00000218018,lncRNA,0.02556818181818182,619,97.5192061459667,GENCODE_v32_ensembl_crossref
NKILA,ENSG00000278709,lncRNA,0.0025208066581306017,62,99.75192061459667,GENCODE_v32_ensembl_crossref
AL121917.1,ENSG00000225806,lncRNA,0.0010403329065300896,26,99.895966709347,GENCODE_v32_ensembl_crossref
AL109840.2,ENSG00000285091,lncRNA,0.0006802176696542894,15,99.93998079385403,GENCODE_v32_ensembl_crossref
C20orf197,ENSG00000176659,lncRNA,0.0048415492957746475,119,99.523847631242,GENCODE_v32_ensembl_crossref
MIR646HG,ENSG00000228340,lncRNA,0.005681818181818182,135,99.4598271446863,GENCODE_v32_ensembl_crossref
AL137077.2,ENSG00000283078,lncRNA,0.00048015364916773366,12,99.95198463508322,GENCODE_v32_ensembl_crossref
AL121832.2,ENSG00000273619,lncRNA,0.007122279129321383,175,99.29977592829705,GENCODE_v32_ensembl_crossref
AL357033.4,ENSG00000277496,lncRNA,0.0009603072983354673,24,99.90396927016644,GENCODE_v32_ensembl_crossref
AL357033.3,ENSG00000276317,lncRNA,0.001120358514724712,28,99.88796414852753,GENCODE_v32_ensembl_crossref
LINC00659,ENSG00000228705,lncRNA,0.0016405249679897567,40,99.83994878361075,GENCODE_v32_ensembl_crossref
AL117379.1,ENSG00000273759,lncRNA,0.006642125480153649,165,99.33978873239437,GENCODE_v32_ensembl_crossref
HAR1B,ENSG00000231133,lncRNA,0.009322983354673495,230,99.07970550576184,GENCODE_v32_ensembl_crossref
HAR1A,ENSG00000225978,lncRNA,0.007882522407170295,193,99.2277528809219,GENCODE_v32_ensembl_crossref
MHENCR,ENSG00000232442,lncRNA,0.08498719590268886,1949,92.19750320102433,GENCODE_v32_ensembl_crossref
AL121845.1,ENSG00000229299,lncRNA,0.001200384122919334,30,99.87996158770807,GENCODE_v32_ensembl_crossref
AL118506.1,ENSG00000268858,lncRNA,0.007042253521126761,171,99.31578104993598,GENCODE_v32_ensembl_crossref
UCKL1-AS1,ENSG00000280213,lncRNA,0.0009603072983354673,24,99.90396927016644,GENCODE_v32_ensembl_crossref
LINC00266-1,ENSG00000149656,lncRNA,0.0011603713188220231,29,99.88396286811779,GENCODE_v32_ensembl_crossref
CU638689.4,ENSG00000280145,lncRNA,0.0010803457106274008,27,99.89196542893725,GENCODE_v32_ensembl_crossref
FP671120.7,ENSG00000281383,lncRNA,0.0018005761843790013,45,99.8199423815621,GENCODE_v32_ensembl_crossref
FP236383.4,ENSG00000280614,lncRNA,0.001440460947503201,35,99.85595390524968,GENCODE_v32_ensembl_crossref
FP236383.5,ENSG00000281181,lncRNA,0.0012403969270166453,31,99.87596030729834,GENCODE_v32_ensembl_crossref
CR381653.1,ENSG00000278932,lncRNA,0.009763124199743917,243,99.02768886043533,GENCODE_v32_ensembl_crossref
AP001347.1,ENSG00000224905,lncRNA,0.0018806017925736235,46,99.81594110115238,GENCODE_v32_ensembl_crossref
LINC02246,ENSG00000281903,lncRNA,0.00044014084507042255,11,99.95598591549296,GENCODE_v32_ensembl_crossref
MIR99AHG,ENSG00000215386,lncRNA,0.0011603713188220231,28,99.88796414852753,GENCODE_v32_ensembl_crossref
BTG3-AS1,ENSG00000280594,lncRNA,0.0018405889884763125,45,99.8199423815621,GENCODE_v32_ensembl_crossref
AL109761.1,ENSG00000244676,lncRNA,0.0006402048655569782,16,99.93597951344431,GENCODE_v32_ensembl_crossref
LINC01684,ENSG00000237484,lncRNA,0.011603713188220231,278,98.88764404609475,GENCODE_v32_ensembl_crossref
MIR155HG,ENSG00000234883,lncRNA,0.011163572343149807,268,98.92365556978233,GENCODE_v32_ensembl_crossref
AF165147.1,ENSG00000232855,lncRNA,0.008162612035851472,196,99.2157490396927,GENCODE_v32_ensembl_crossref
AF129075.2,ENSG00000273254,lncRNA,0.002600832266325224,63,99.74391805377721,GENCODE_v32_ensembl_crossref
LINC00189,ENSG00000215533,lncRNA,0.002000640204865557,45,99.8199423815621,GENCODE_v32_ensembl_crossref
AP000240.1,ENSG00000273017,lncRNA,0.0015604993597951344,39,99.84395006402048,GENCODE_v32_ensembl_crossref
AP000254.2,ENSG00000273271,lncRNA,0.001960627400768246,49,99.80393725992317,GENCODE_v32_ensembl_crossref
URB1-AS1,ENSG00000256073,lncRNA,0.011723751600512164,284,98.86363636363636,GENCODE_v32_ensembl_crossref
PAXBP1-AS1,ENSG00000238197,lncRNA,0.009082906530089628,217,99.13172215108835,GENCODE_v32_ensembl_crossref
C21orf62-AS1,ENSG00000205930,lncRNA,0.007842509603072983,191,99.23175416133164,GENCODE_v32_ensembl_crossref
IL10RB-DT,ENSG00000223799,lncRNA,0.011603713188220231,272,98.9076504481434,GENCODE_v32_ensembl_crossref
LINC00649,ENSG00000237945,lncRNA,0.03345070422535211,788,96.83898847631241,GENCODE_v32_ensembl_crossref
AP000331.1,ENSG00000286153,lncRNA,0.001120358514724712,27,99.88796414852753,GENCODE_v32_ensembl_crossref
AP000688.1,ENSG00000230212,lncRNA,0.0018005761843790013,43,99.82794494238156,GENCODE_v32_ensembl_crossref
CBR3-AS1,ENSG00000236830,lncRNA,0.00668213828425096,161,99.3557938540333,GENCODE_v32_ensembl_crossref
AP000692.2,ENSG00000273199,lncRNA,0.006482074263764404,156,99.36779769526248,GENCODE_v32_ensembl_crossref
AP000692.1,ENSG00000228107,lncRNA,0.0009603072983354673,24,99.90396927016644,GENCODE_v32_ensembl_crossref
AP000704.1,ENSG00000224790,lncRNA,0.0016405249679897567,41,99.83594750320103,GENCODE_v32_ensembl_crossref
DSCR9,ENSG00000230366,lncRNA,0.0023607554417413574,56,99.77592829705506,GENCODE_v32_ensembl_crossref
AP001412.1,ENSG00000272948,lncRNA,0.0014804737516005122,37,99.85195262483995,GENCODE_v32_ensembl_crossref
AP001437.1,ENSG00000273210,lncRNA,0.0015204865556978234,38,99.84795134443021,GENCODE_v32_ensembl_crossref
BRWD1-AS2,ENSG00000255568,lncRNA,0.0010003201024327785,24,99.90396927016644,GENCODE_v32_ensembl_crossref
AP001610.2,ENSG00000228318,lncRNA,0.011283610755441742,269,98.92365556978233,GENCODE_v32_ensembl_crossref
AP001631.2,ENSG00000286549,lncRNA,0.0016405249679897567,41,99.83594750320103,GENCODE_v32_ensembl_crossref
LINC01679,ENSG00000237989,lncRNA,0.015324903969270167,370,98.51552496798975,GENCODE_v32_ensembl_crossref
AATBC,ENSG00000215458,lncRNA,0.006121959026888604,149,99.40380921895007,GENCODE_v32_ensembl_crossref
LINC01678,ENSG00000225331,lncRNA,0.02212708066581306,530,97.87131882202304,GENCODE_v32_ensembl_crossref
AP001056.2,ENSG00000285413,lncRNA,0.003401088348271447,84,99.66389244558259,GENCODE_v32_ensembl_crossref
AP001056.1,ENSG00000237604,lncRNA,0.0032810499359795134,80,99.6798975672215,GENCODE_v32_ensembl_crossref
AP001057.1,ENSG00000232124,lncRNA,0.0014804737516005122,37,99.85195262483995,GENCODE_v32_ensembl_crossref
AP001062.1,ENSG00000184441,lncRNA,0.0024407810499359793,61,99.75592189500641,GENCODE_v32_ensembl_crossref
ITGB2-AS1,ENSG00000227039,lncRNA,0.16053137003841228,3466,86.11555697823303,GENCODE_v32_ensembl_crossref
LINC01547,ENSG00000183250,lncRNA,0.0009202944942381563,21,99.91597311139564,GENCODE_v32_ensembl_crossref
AL844908.1,ENSG00000272825,lncRNA,0.0010403329065300896,26,99.895966709347,GENCODE_v32_ensembl_crossref
AP001505.1,ENSG00000276529,lncRNA,0.000560179257362356,14,99.94398207426376,GENCODE_v32_ensembl_crossref
LINC00205,ENSG00000223768,lncRNA,0.0070022407170294496,164,99.3437900128041,GENCODE_v32_ensembl_crossref
MCM3AP-AS1,ENSG00000215424,lncRNA,0.01056338028169014,261,98.95566581306018,GENCODE_v32_ensembl_crossref
AP001469.3,ENSG00000239415,lncRNA,0.0007602432778489117,19,99.92397567221511,GENCODE_v32_ensembl_crossref
DIP2A-IT1,ENSG00000223692,lncRNA,0.0015204865556978234,36,99.85595390524968,GENCODE_v32_ensembl_crossref
DUXAP8,ENSG00000206195,lncRNA,0.003681177976952625,89,99.64388604353394,GENCODE_v32_ensembl_crossref
AP000547.3,ENSG00000283633,lncRNA,0.028529129321382844,592,97.62323943661971,GENCODE_v32_ensembl_crossref
HDHD5-AS1,ENSG00000185837,lncRNA,0.0010403329065300896,26,99.895966709347,GENCODE_v32_ensembl_crossref
LINC00528,ENSG00000269220,lncRNA,0.019566261203585147,462,98.15140845070422,GENCODE_v32_ensembl_crossref
AC016027.1,ENSG00000225335,lncRNA,0.003201024327784891,78,99.68389884763124,GENCODE_v32_ensembl_crossref
AC008079.1,ENSG00000280007,lncRNA,0.0006402048655569782,15,99.93597951344431,GENCODE_v32_ensembl_crossref
DGCR11,ENSG00000273311,lncRNA,0.0010003201024327785,25,99.89996798975672,GENCODE_v32_ensembl_crossref
LINC01311,ENSG00000260924,lncRNA,0.0021206786171574904,53,99.78793213828425,GENCODE_v32_ensembl_crossref
AC000068.1,ENSG00000185065,lncRNA,0.0010403329065300896,26,99.895966709347,GENCODE_v32_ensembl_crossref
LINC01637,ENSG00000237476,lncRNA,0.00772247119078105,185,99.25976312419974,GENCODE_v32_ensembl_crossref
THAP7-AS1,ENSG00000230513,lncRNA,0.016405249679897566,397,98.40749039692702,GENCODE_v32_ensembl_crossref
AC245452.1,ENSG00000224086,lncRNA,0.011803777208706786,285,98.85963508322664,GENCODE_v32_ensembl_crossref
AC245060.6,ENSG00000279278,lncRNA,0.0008402688860435339,21,99.91597311139564,GENCODE_v32_ensembl_crossref
AC245060.5,ENSG00000274422,lncRNA,0.007282330345710628,175,99.29977592829705,GENCODE_v32_ensembl_crossref
AL022323.4,ENSG00000279110,lncRNA,0.0029209346991037133,71,99.7159090909091,GENCODE_v32_ensembl_crossref
Z95115.1,ENSG00000261188,lncRNA,0.0020806658130601793,51,99.79593469910371,GENCODE_v32_ensembl_crossref
MIAT,ENSG00000225783,lncRNA,0.025688220230473752,605,97.57922535211267,GENCODE_v32_ensembl_crossref
Z99774.1,ENSG00000206028,lncRNA,0.0010003201024327785,25,99.89996798975672,GENCODE_v32_ensembl_crossref
MIATNB,ENSG00000244625,lncRNA,0.03653169014084507,883,96.45886683738797,GENCODE_v32_ensembl_crossref
LINC01422,ENSG00000223704,lncRNA,0.0035611395646606915,87,99.64788732394366,GENCODE_v32_ensembl_crossref
TTC28-AS1,ENSG00000235954,lncRNA,0.06978233034571063,1632,93.4659090909091,GENCODE_v32_ensembl_crossref
Z93930.2,ENSG00000226471,lncRNA,0.023007362355953905,559,97.75128040973111,GENCODE_v32_ensembl_crossref
RFPL1S,ENSG00000225465,lncRNA,0.0011603713188220231,28,99.88796414852753,GENCODE_v32_ensembl_crossref
AC003681.1,ENSG00000279159,lncRNA,0.014284571062740076,349,98.60355313700384,GENCODE_v32_ensembl_crossref
AC004832.6,ENSG00000273428,lncRNA,0.014444622279129321,353,98.58754801536492,GENCODE_v32_ensembl_crossref
MORC2-AS1,ENSG00000235989,lncRNA,0.0011603713188220231,29,99.88396286811779,GENCODE_v32_ensembl_crossref
TUG1,ENSG00000253352,lncRNA,0.07802496798975672,1812,92.73767605633803,GENCODE_v32_ensembl_crossref
PIK3IP1-AS1,ENSG00000228839,lncRNA,0.002040653008962868,50,99.79993597951345,GENCODE_v32_ensembl_crossref
LINC01521,ENSG00000213888,lncRNA,0.0013204225352112676,31,99.87596030729834,GENCODE_v32_ensembl_crossref
AL096701.3,ENSG00000240591,lncRNA,0.0019206145966709346,47,99.81193982074264,GENCODE_v32_ensembl_crossref
AL096701.4,ENSG00000287817,lncRNA,0.003441101152368758,84,99.66389244558259,GENCODE_v32_ensembl_crossref
RFPL3S,ENSG00000205853,lncRNA,0.0006402048655569782,15,99.93998079385403,GENCODE_v32_ensembl_crossref
Z82215.1,ENSG00000287269,lncRNA,0.0006802176696542894,17,99.93197823303457,GENCODE_v32_ensembl_crossref
AL022313.2,ENSG00000228719,lncRNA,0.0012403969270166453,31,99.87596030729834,GENCODE_v32_ensembl_crossref
Z83844.2,ENSG00000233360,lncRNA,0.005241677336747759,130,99.47983354673495,GENCODE_v32_ensembl_crossref
AL022311.1,ENSG00000279738,lncRNA,0.006121959026888604,151,99.38780409731113,GENCODE_v32_ensembl_crossref
AL022322.2,ENSG00000279080,lncRNA,0.0015604993597951344,37,99.85195262483995,GENCODE_v32_ensembl_crossref
AL021707.2,ENSG00000228274,lncRNA,0.0012804097311139564,31,99.87596030729834,GENCODE_v32_ensembl_crossref
AL021707.5,ENSG00000244491,lncRNA,0.0023207426376440463,57,99.7679257362356,GENCODE_v32_ensembl_crossref
AL021707.3,ENSG00000230149,lncRNA,0.002640845070422535,65,99.73991677336748,GENCODE_v32_ensembl_crossref
AL021707.6,ENSG00000272669,lncRNA,0.0018005761843790013,43,99.82794494238156,GENCODE_v32_ensembl_crossref
AL031846.2,ENSG00000279833,lncRNA,0.0016005121638924455,40,99.83994878361075,GENCODE_v32_ensembl_crossref
Z83847.1,ENSG00000261202,lncRNA,0.0019206145966709346,48,99.80793854033291,GENCODE_v32_ensembl_crossref
AL035681.1,ENSG00000235513,lncRNA,0.0010803457106274008,26,99.89196542893725,GENCODE_v32_ensembl_crossref
SREBF2-AS1,ENSG00000184068,lncRNA,0.023967669654289373,572,97.70726632522407,GENCODE_v32_ensembl_crossref
NDUFA6-DT,ENSG00000237037,lncRNA,0.010243277848911651,250,98.99967989756722,GENCODE_v32_ensembl_crossref
OGFRP1,ENSG00000182057,lncRNA,0.001440460947503201,33,99.86395646606914,GENCODE_v32_ensembl_crossref
LINC01315,ENSG00000229891,lncRNA,0.00140044814340589,35,99.85995518565942,GENCODE_v32_ensembl_crossref
Z93241.1,ENSG00000270022,lncRNA,0.08698783610755442,1921,92.27752880921895,GENCODE_v32_ensembl_crossref
Z97055.2,ENSG00000261251,lncRNA,0.0012403969270166453,30,99.87996158770807,GENCODE_v32_ensembl_crossref
AL031595.3,ENSG00000280434,lncRNA,0.0019206145966709346,48,99.80793854033291,GENCODE_v32_ensembl_crossref
NUP50-DT,ENSG00000226328,lncRNA,0.009883162612035852,242,99.03169014084507,GENCODE_v32_ensembl_crossref
Z95331.1,ENSG00000280383,lncRNA,0.003681177976952625,92,99.63188220230474,GENCODE_v32_ensembl_crossref
BX537318.1,ENSG00000273145,lncRNA,0.0024807938540332905,58,99.7679257362356,GENCODE_v32_ensembl_crossref
LINC00899,ENSG00000231711,lncRNA,0.002600832266325224,64,99.74391805377721,GENCODE_v32_ensembl_crossref
PRR34,ENSG00000182257,lncRNA,0.0012403969270166453,31,99.87596030729834,GENCODE_v32_ensembl_crossref
AL121672.3,ENSG00000273289,lncRNA,0.000560179257362356,14,99.94398207426376,GENCODE_v32_ensembl_crossref
PRR34-AS1,ENSG00000241990,lncRNA,0.018165813060179257,436,98.2514404609475,GENCODE_v32_ensembl_crossref
MIRLET7BHG,ENSG00000197182,lncRNA,0.0029609475032010245,72,99.71190781049935,GENCODE_v32_ensembl_crossref
GTSE1-DT,ENSG00000277232,lncRNA,0.0008402688860435339,20,99.91997439180538,GENCODE_v32_ensembl_crossref
AL118516.1,ENSG00000260708,lncRNA,0.1048735595390525,2384,90.44094110115238,GENCODE_v32_ensembl_crossref
LINC01644,ENSG00000218357,lncRNA,0.002840909090909091,63,99.74791933418695,GENCODE_v32_ensembl_crossref
C22orf34,ENSG00000188511,lncRNA,0.013924455825864277,343,98.6235595390525,GENCODE_v32_ensembl_crossref
Z97192.3,ENSG00000235111,lncRNA,0.004881562099871959,119,99.523847631242,GENCODE_v32_ensembl_crossref
AL022328.3,ENSG00000273188,lncRNA,0.003040973111395647,75,99.69990396927017,GENCODE_v32_ensembl_crossref
AL022328.4,ENSG00000273253,lncRNA,0.01968629961587708,480,98.07538412291933,GENCODE_v32_ensembl_crossref
U62317.4,ENSG00000273272,lncRNA,0.00952304737516005,233,99.05969910371319,GENCODE_v32_ensembl_crossref
U62317.1,ENSG00000272666,lncRNA,0.0033610755441741357,82,99.67189500640204,GENCODE_v32_ensembl_crossref
CHKB-DT,ENSG00000205559,lncRNA,0.008962868117797696,218,99.12772087067862,GENCODE_v32_ensembl_crossref
LINC00685,ENSG00000226179,lncRNA,0.00560179257362356,137,99.45182458386684,GENCODE_v32_ensembl_crossref
LINC00106,ENSG00000236871,lncRNA,0.0014804737516005122,36,99.85195262483995,GENCODE_v32_ensembl_crossref
ASMTL-AS1,ENSG00000236017,lncRNA,0.007122279129321383,177,99.2917733674776,GENCODE_v32_ensembl_crossref
AL683807.1,ENSG00000223511,lncRNA,0.0025208066581306017,62,99.75192061459667,GENCODE_v32_ensembl_crossref
BX890604.2,ENSG00000285756,lncRNA,0.022887323943661973,555,97.77928937259924,GENCODE_v32_ensembl_crossref
BX842570.1,ENSG00000286431,lncRNA,0.002000640204865557,50,99.79993597951345,GENCODE_v32_ensembl_crossref
AC073529.1,ENSG00000234129,lncRNA,0.0007602432778489117,19,99.92397567221511,GENCODE_v32_ensembl_crossref
Z93022.1,ENSG00000235834,lncRNA,0.0010403329065300896,25,99.89996798975672,GENCODE_v32_ensembl_crossref
AL732509.1,ENSG00000286724,lncRNA,0.0015204865556978234,38,99.84795134443021,GENCODE_v32_ensembl_crossref
TAB3-AS2,ENSG00000235512,lncRNA,0.0017605633802816902,43,99.82794494238156,GENCODE_v32_ensembl_crossref
MED14OS,ENSG00000234636,lncRNA,0.008722791293213829,213,99.14372599231754,GENCODE_v32_ensembl_crossref
MIR222HG,ENSG00000270069,lncRNA,0.014004481434058899,322,98.69158130601792,GENCODE_v32_ensembl_crossref
ZNF674-AS1,ENSG00000230844,lncRNA,0.01584507042253521,382,98.47151088348272,GENCODE_v32_ensembl_crossref
INE1,ENSG00000224975,lncRNA,0.00048015364916773366,12,99.95198463508322,GENCODE_v32_ensembl_crossref
UXT-AS1,ENSG00000267064,lncRNA,0.0018806017925736235,47,99.81193982074264,GENCODE_v32_ensembl_crossref
AF196972.1,ENSG00000224292,lncRNA,0.0014804737516005122,35,99.85995518565942,GENCODE_v32_ensembl_crossref
AC115618.1,ENSG00000204620,lncRNA,0.008362676056338027,206,99.16773367477593,GENCODE_v32_ensembl_crossref
AC232271.3,ENSG00000286181,lncRNA,0.0009202944942381563,23,99.90797055057618,GENCODE_v32_ensembl_crossref
USP27X-AS1,ENSG00000234390,lncRNA,0.0007602432778489117,19,99.92397567221511,GENCODE_v32_ensembl_crossref
AC233976.1,ENSG00000229151,lncRNA,0.007162291933418694,177,99.2917733674776,GENCODE_v32_ensembl_crossref
AL158055.1,ENSG00000226530,lncRNA,0.004521446862996159,110,99.55585787451984,GENCODE_v32_ensembl_crossref
AL050309.1,ENSG00000227486,lncRNA,0.009723111395646607,237,99.047695262484,GENCODE_v32_ensembl_crossref
AL022157.1,ENSG00000226310,lncRNA,0.00808258642765685,201,99.19574263764405,GENCODE_v32_ensembl_crossref
LINC01278,ENSG00000235437,lncRNA,0.06061939820742638,1449,94.19414212548016,GENCODE_v32_ensembl_crossref
AL034397.3,ENSG00000274536,lncRNA,0.034611075544174134,738,97.04305377720871,GENCODE_v32_ensembl_crossref
AL590764.1,ENSG00000228427,lncRNA,0.013564340588988477,331,98.675576184379,GENCODE_v32_ensembl_crossref
LINC00891,ENSG00000281852,lncRNA,0.007562419974391805,176,99.29577464788733,GENCODE_v32_ensembl_crossref
FAM226B,ENSG00000269911,lncRNA,0.0013204225352112676,33,99.86795774647888,GENCODE_v32_ensembl_crossref
FTX,ENSG00000230590,lncRNA,0.06414052496798976,1498,93.99407810499359,GENCODE_v32_ensembl_crossref
JPX,ENSG00000225470,lncRNA,0.09715108834827145,2239,91.03313060179258,GENCODE_v32_ensembl_crossref
Z83843.1,ENSG00000271533,lncRNA,0.006241997439180537,156,99.37580025608194,GENCODE_v32_ensembl_crossref
AL022151.1,ENSG00000286523,lncRNA,0.001200384122919334,30,99.87996158770807,GENCODE_v32_ensembl_crossref
ARMCX5-GPRASP2,ENSG00000271147,lncRNA,0.006602112676056338,162,99.35179257362356,GENCODE_v32_ensembl_crossref
LINC00630,ENSG00000223546,lncRNA,0.005361715749039693,131,99.47183098591549,GENCODE_v32_ensembl_crossref
MORF4L2-AS1,ENSG00000231154,lncRNA,0.001440460947503201,35,99.85995518565942,GENCODE_v32_ensembl_crossref
TMSB15B-AS1,ENSG00000231728,lncRNA,0.0030809859154929575,76,99.69590268886044,GENCODE_v32_ensembl_crossref
SLC25A5-AS1,ENSG00000224281,lncRNA,0.005201664532650448,130,99.47983354673495,GENCODE_v32_ensembl_crossref
AL121601.1,ENSG00000232412,lncRNA,0.0016805377720870679,41,99.83594750320103,GENCODE_v32_ensembl_crossref
AL022162.1,ENSG00000287024,lncRNA,0.005001600512163892,122,99.5118437900128,GENCODE_v32_ensembl_crossref
AL034405.1,ENSG00000235189,lncRNA,0.002240717029449424,55,99.77992957746478,GENCODE_v32_ensembl_crossref
AL139234.1,ENSG00000286650,lncRNA,0.0024807938540332905,62,99.75192061459667,GENCODE_v32_ensembl_crossref
FIRRE,ENSG00000213468,lncRNA,0.003040973111395647,72,99.71190781049935,GENCODE_v32_ensembl_crossref
RAP2C-AS1,ENSG00000232160,lncRNA,0.015324903969270167,372,98.50752240717028,GENCODE_v32_ensembl_crossref
AL136169.1,ENSG00000286964,lncRNA,0.00048015364916773366,12,99.95198463508322,GENCODE_v32_ensembl_crossref
LINC00892,ENSG00000233093,lncRNA,0.013804417413572342,308,98.76360435339309,GENCODE_v32_ensembl_crossref
AL683813.1,ENSG00000232611,lncRNA,0.001200384122919334,28,99.88796414852753,GENCODE_v32_ensembl_crossref
LINC00632,ENSG00000203930,lncRNA,0.0010803457106274008,27,99.89196542893725,GENCODE_v32_ensembl_crossref
FMR1-AS1,ENSG00000268066,lncRNA,0.002600832266325224,65,99.73991677336748,GENCODE_v32_ensembl_crossref
FMR1-IT1,ENSG00000236337,lncRNA,0.0010803457106274008,27,99.89196542893725,GENCODE_v32_ensembl_crossref
AC244197.2,ENSG00000238039,lncRNA,0.0035211267605633804,87,99.65188860435339,GENCODE_v32_ensembl_crossref
LINC00893,ENSG00000241769,lncRNA,0.008002560819462228,197,99.21174775928297,GENCODE_v32_ensembl_crossref
LINC00894,ENSG00000235703,lncRNA,0.004001280409731114,97,99.61187580025607,GENCODE_v32_ensembl_crossref
AF274853.1,ENSG00000287918,lncRNA,0.006522087067861716,157,99.3717989756722,GENCODE_v32_ensembl_crossref
AC245140.2,ENSG00000280195,lncRNA,0.00668213828425096,163,99.34779129321383,GENCODE_v32_ensembl_crossref
AC244090.1,ENSG00000197180,lncRNA,0.014164532650448144,353,98.58754801536492,GENCODE_v32_ensembl_crossref
AC006157.1,ENSG00000278847,lncRNA,0.0018005761843790013,45,99.8199423815621,GENCODE_v32_ensembl_crossref
LINC00278,ENSG00000231535,lncRNA,0.018485915492957746,438,98.23943661971832,GENCODE_v32_ensembl_crossref
AC244213.1,ENSG00000286009,lncRNA,0.006602112676056338,159,99.35979513444302,GENCODE_v32_ensembl_crossref
TTTY14,ENSG00000176728,lncRNA,0.0046414852752880926,112,99.5518565941101,GENCODE_v32_ensembl_crossref
AC010889.1,ENSG00000260197,lncRNA,0.0031209987195902687,78,99.68790012804098,GENCODE_v32_ensembl_crossref
TTTY10,ENSG00000229236,lncRNA,0.004481434058898848,109,99.56386043533931,GENCODE_v32_ensembl_crossref
