gene,cell_level_rho,cell_level_pvalue,donor_aware_rho,donor_aware_pvalue,n_patients_contributing,direction_consistency,heterogeneity_Q_pvalue,heterogeneity_I2_pct,detection_frac,cell_level_fdr,donor_aware_fdr,significant_OLD_method,significant_DONOR_AWARE
MALAT1,0.37867993497198676,0.0,0.3711383127999862,8.080753751733258e-07,9,1.0,1.7448089192640558e-48,96.73809427954333,0.9961413623267036,0.0,1.2313447441101137e-05,True,True
AC020916.1,-0.3470274305259531,0.0,-0.35374745439727207,3.7376668593974693e-06,9,1.0,2.177782097337568e-59,97.3027732474498,0.8007127130766968,0.0,2.6055329845944676e-05,True,True
AC020656.1,-0.32939171816130586,0.0,-0.33508222051237907,2.6536293265523545e-08,9,1.0,4.20320139371537e-16,91.13242395335695,0.3822548062737786,0.0,3.1909892651792063e-06,True,True
AC104809.2,0.333439506464391,0.0,0.3308485196487172,1.235075621945543e-07,9,1.0,2.7605795595313996e-23,93.61138535172914,0.07195224368431893,0.0,6.159956093494974e-06,True,True
PCED1B-AS1,0.3438825830015973,0.0,0.3240045248580887,3.0803592703011847e-07,9,1.0,9.697784806992222e-32,95.17541484211375,0.1659895135846752,0.0,7.408264045074349e-06,True,True
ATP2B1-AS1,-0.313408605870266,0.0,-0.313923513560342,4.333606252608286e-07,9,1.0,2.90433536344512e-29,94.80432655710678,0.8059559207395018,0.0,9.383428064071822e-06,True,True
SMIM25,0.2727249522710933,0.0,0.27824463381782005,2.543945152190157e-06,9,1.0,1.6123314087302882e-36,95.75798829656723,0.39437546814363966,0.0,2.0763704315927294e-05,True,True
NEAT1,-0.2740624389167982,0.0,-0.25893989367167225,5.832661488039983e-06,9,1.0,1.569787879520736e-33,95.41185365688459,0.95821322377888,0.0,3.2247243399393466e-05,True,True
AC007952.4,-0.22583641503342597,0.0,-0.23649236537242127,1.5440584249326283e-06,9,1.0,2.560546031226596e-23,93.61942980870613,0.5388474022291557,0.0,1.687936596346805e-05,True,True
LUCAT1,-0.23883776605289728,0.0,-0.23490424260347553,1.7672514815675154e-07,9,1.0,1.2139996044344216e-12,89.04779175829843,0.21762716480920735,0.0,6.159956093494974e-06,True,True
LINC00861,0.2363923183952918,0.0,0.22483349467580008,1.4696063452491374e-07,9,1.0,1.7279275486940825e-09,85.98749431494831,0.0631908663776457,0.0,6.159956093494974e-06,True,True
AC020651.2,0.2127779929924625,0.0,0.20772048258049655,1.1547147397923819e-06,9,1.0,4.2363055870362285e-14,90.03848667295628,0.030823705654038743,0.0,1.424148179077271e-05,True,True
LINC00937,-0.20840394517279076,0.0,-0.20553340656994276,7.71465876740133e-07,9,1.0,9.342737540247006e-12,88.3377321763926,0.1340536123658107,0.0,1.2313447441101137e-05,True,True
LINC02432,0.20791992024587966,0.0,0.20354985043145937,8.711969649132726e-06,9,1.0,3.58194914340328e-26,94.25039261985191,0.13085321288332322,0.0,4.148967723992912e-05,True,True
AL133415.1,-0.1927487232980749,0.0,-0.19860729420130788,3.001959386617307e-06,9,1.0,5.1851399682919487e-17,91.55095565016548,0.5250470980777034,0.0,2.2561601015045698e-05,True,True
C5orf56,0.2113328750414904,0.0,0.1983331598787123,1.3981840553259335e-06,9,1.0,6.902253821526643e-13,89.22864582314462,0.1569103661166256,0.0,1.5640151874692418e-05,True,True
AC064805.1,0.20220737750595996,0.0,0.19692055154963847,2.488036453287115e-06,9,1.0,1.1081680043558114e-14,90.38435778869706,0.08087250607168313,0.0,2.0763704315927294e-05,True,True
AL139246.5,0.1976852276707333,0.0,0.19276033536588597,3.4249543710416236e-08,9,1.0,0.00046178833166683856,71.49615532725416,0.1818553237850919,0.0,3.2948061049420416e-06,True,True
SNHG1,0.19667823903112644,0.0,0.18920816407531713,1.1690462666193058e-07,9,1.0,2.7028375049755006e-06,80.19609559087043,0.16120026329527903,0.0,6.159956093494974e-06,True,True
LINC02345,0.19112151671077926,0.0,0.1850547943636771,1.2428112766247193e-05,9,1.0,8.036981854237146e-22,93.22818377988713,0.02321991964954487,0.0,5.3590517774104265e-05,True,True
LINC02384,0.18856523202367942,0.0,0.1834285566786374,1.1327526451304795e-06,9,1.0,3.7035904379921353e-10,86.77878305241677,0.037383389699706594,0.0,1.424148179077271e-05,True,True
PRKCQ-AS1,0.18239319024219716,0.0,0.16875753631327187,3.9108839611516275e-07,9,1.0,1.2617272281641202e-07,83.13798579229335,0.05288603400140604,0.0,8.957786596733013e-06,True,True
AC253572.2,-0.15789861364869154,7.043612514382176e-244,-0.16706687604108034,1.4274366203198644e-07,9,1.0,9.192427094156041e-06,78.68374144844162,0.30823705654041367,1.2548065257103062e-242,6.159956093494974e-06,True,True
SNHG8,0.16726264241899627,8.003218605380133e-274,0.16498291144787644,8.4769993656454e-09,9,1.0,0.04376380637915866,49.70058127519717,0.347912930975839,1.6039783954949348e-272,1.359145564958479e-06,True,True
LINC02773,0.16875889686851678,8.911346961461436e-279,0.16386300371088738,1.1152323035467938e-06,9,1.0,2.5849633354309686e-07,82.53592749115042,0.024786072587783908,1.863633864549109e-277,1.424148179077271e-05,True,True
LINC01578,0.15752630305802695,1.0021158660403297e-242,0.1591603240206398,3.5962029273530505e-05,9,1.0,2.0766340745691078e-24,93.87666433061138,0.7255600699098242,1.721491898447852e-241,0.00011380089526689587,True,True
AP000547.3,0.15884207960985988,8.182641898615683e-247,0.15650048447655376,5.144921503757239e-06,9,1.0,1.3435779639071363e-11,88.20108787873635,0.07973761263817623,1.5137887512439012e-245,3.171082095780579e-05,True,True
AC243960.1,0.1650814686119467,1.0979774975505295e-266,0.15550604324796594,1.7929186134912608e-07,9,1.0,0.00025190768271963413,72.94406322296939,0.03783734707310921,2.1125087052872186e-265,6.159956093494974e-06,True,True
LINC02245,0.13861779954938913,6.774288034892032e-188,0.1358595098034567,5.007990876708622e-08,9,1.0,0.037881336036640165,51.01314673559906,0.057516399210112756,1.0861441815943557e-186,4.014739352828078e-06,False,False
SNHG12,0.14734896516956672,2.628614567328481e-212,0.135346815772451,2.4381603167484182e-06,9,1.0,4.609681175586366e-07,82.01578035790791,0.09657943119141855,4.359874506499997e-211,2.0763704315927294e-05,False,False
AL034397.3,-0.1306699497479777,5.1220053798957965e-167,-0.1304682109506975,6.124527330909364e-07,9,1.0,0.00044819370588859584,71.57158229863946,0.14753614635586437,7.465710871908721e-166,1.117100822716991e-05,False,False
AC008555.4,0.13579772975958557,2.426645555705015e-180,0.12952357281033824,2.7950170806236654e-07,9,1.0,0.004928249836343929,63.62532532902813,0.021358694418594133,3.765214555787459e-179,7.408264045074349e-06,False,False
AL499604.1,0.13062827097935098,6.5399041865389886e-167,0.12588686291169202,3.076160467158706e-07,9,1.0,0.0024629378709953792,66.40525950450689,0.1283791451982797,9.252040922721333e-166,7.408264045074349e-06,False,False
VIM-AS1,-0.12051588705868091,3.4345825747874614e-142,-0.1258106714303341,0.0001754637699018385,9,1.0,7.934634765499607e-22,93.22972991946429,0.34956987538876005,4.1300855461819224e-141,0.00040772016097963433,False,False
CCDC18-AS1,0.1339890154059578,1.397767482104651e-175,0.12468311519742825,2.2672333060272596e-06,9,1.0,4.664030329255145e-06,79.55158679904518,0.1320561999228398,2.1010192465385536e-174,2.0763704315927294e-05,False,False
KCNQ1OT1,0.12610831721674706,1.3125418326808902e-155,0.12416447009402815,1.0654122430352843e-06,9,1.0,0.0005449668518629307,71.06987551992938,0.04979912386226823,1.8038074900557376e-154,1.424148179077271e-05,False,False
AC011472.2,-0.12230560603263163,2.041229392996294e-146,-0.1207602026400294,2.5356596227322046e-07,9,1.0,0.014074912109224307,58.22574279652118,0.09571691218195331,2.5837666790295194e-145,7.408264045074349e-06,False,False
AC011603.2,0.1245275029362246,9.426544238601316e-152,0.12023940151002278,3.187550389653444e-06,9,1.0,4.632805128868139e-05,76.25052493964995,0.12672220078536064,1.2594910496575647e-150,2.3587872883435484e-05,False,False
AC090559.1,0.11877220321643027,3.9054785554420174e-138,0.11983654970314171,4.2603423828753445e-06,9,1.0,5.476058366567075e-06,79.35324892555474,0.3911069750551378,4.581793134555147e-137,2.7692225488689737e-05,False,False
TSPOAP1-AS1,0.12268691110022502,2.519211287920293e-147,0.11919048880202109,7.085730413153854e-08,9,1.0,0.07353765726367574,44.17662664830462,0.05309031481943722,3.2749746742963805e-146,4.868909041038577e-06,False,False
AL662844.4,0.12140371712333327,2.802055590496225e-144,0.11230049386554032,7.022382347236261e-07,9,1.0,0.0015047360967228357,68.10645939112692,0.04632634995573819,3.4558685616120105e-143,1.2063449675073718e-05,False,False
AC011899.2,0.11647456293624042,6.973488590560515e-133,0.11227057302593024,5.384572487159713e-06,9,1.0,3.0294739310535556e-05,76.94660372601903,0.040674580656875584,7.800576772231646e-132,3.1930049583044845e-05,False,False
AC245014.3,-0.10232146737634519,7.649802570985234e-103,-0.10918841463550971,6.682690072711865e-06,9,1.0,1.6857137659532988e-06,80.7195719979952,0.2105000340467884,7.214813797340976e-102,3.419546728696178e-05,False,False
AC010654.1,0.11015749489553196,5.516225378862812e-119,0.10676129836237924,1.7090386807272987e-06,9,1.0,0.002614270384706377,66.18527956749325,0.029870395169893243,5.89623201607336e-118,1.8059328937900628e-05,False,False
ILF3-DT,0.11717567715809123,1.786650519659821e-134,0.10642538582014173,2.1658902148677663e-05,9,1.0,1.2022969033973912e-08,84.83584691179762,0.16367433098032255,2.0461402379913664e-133,8.139009323057778e-05,False,False
AP002387.2,0.11258314680250268,3.152399441796221e-124,0.10361955226003244,4.708703510557254e-06,9,1.0,3.716626567725449e-05,76.61724783795084,0.04065188278820545,3.4461457534181415e-123,3.019848518104052e-05,False,False
HCG18,0.1085179296233311,1.6577008240456202e-115,0.10254389431668011,8.19189850551427e-07,9,1.0,0.024457289727365304,54.538318453587955,0.08627459881517595,1.6611543674290486e-114,1.2313447441101137e-05,False,False
EBLN3P,0.10951722591837716,1.2767951136360088e-117,0.09906838376178896,3.7271668892918426e-05,9,1.0,1.7617192826974095e-07,82.86337722296715,0.15666068956125423,1.3066775524657878e-116,0.00011717433161760629,False,False
MIR3945HG,-0.09775779809678944,5.330706137224701e-94,-0.09801730774536296,4.1840653191503996e-06,9,1.0,0.0016887042944183064,67.72584199998671,0.06829788682842673,4.748277133342743e-93,2.7692225488689737e-05,False,False
AL021155.5,-0.09256520761198007,1.9544995037339222e-84,-0.09780403215706894,3.6082841631040814e-06,9,1.0,0.0006935329698197202,70.42329413532651,0.14678711668975028,1.5934140021966383e-83,2.580635724280694e-05,False,False
AC005280.2,-0.1015743828698164,2.2874535524197077e-101,-0.0971798203844999,8.87390653435697e-06,9,1.0,3.736639317993195e-05,76.60845718501182,0.11687132578252184,2.1158945359882295e-100,4.184655924535003e-05,False,False
AC007032.1,-0.09200241612733089,1.9765112722671745e-83,-0.09700867380164561,2.4061753216358e-06,9,1.0,0.00294403822570845,65.73712394906525,0.1749551717093742,1.584503203267518e-82,2.0763704315927294e-05,False,False
AC008105.3,0.10999370740813123,1.2344196273570766e-118,0.09623191492301335,7.331149938377691e-05,9,1.0,2.4770128746724818e-08,84.3536083978543,0.13409900810315095,1.290773566866856e-117,0.00020239419434535052,False,False
NDUFV2-AS1,0.10767988490310211,9.47613106227764e-114,0.09619122498802951,3.185430288993924e-05,9,1.0,2.4845548850760417e-07,82.5703799572691,0.03000658238191403,9.302079675419479e-113,0.00010423074619088962,False,False
AC147067.1,0.10349796484399727,3.4469842661433273e-105,0.09544726216592782,9.06596089492557e-05,9,1.0,6.675453511877313e-08,83.63657291126651,0.0583562203509076,3.3159988640298805e-104,0.0002409241541690165,False,False
AL109615.2,-0.10037418298879576,5.094169683335576e-99,-0.09393325017923014,0.00020911809852642728,9,1.0,3.46585937479904e-11,87.82839850444239,0.07465329005606534,4.623199278649834e-98,0.00047446134618495995,False,False
THUMPD3-AS1,0.09740669003198026,2.4556698498538504e-93,0.09305532518516953,1.0842770691743953e-06,9,1.0,0.03284428197471971,52.23271867874364,0.1471729804571424,2.1475949050540034e-92,1.424148179077271e-05,False,False
AC087623.2,0.09475678904814852,2.0837550909838846e-88,0.09011650917660897,2.2840717060107776e-06,9,1.0,0.01282005722087639,58.78147805748761,0.03391061579317656,1.7583968399355236e-87,2.0763704315927294e-05,False,False
AC005332.4,0.09580047547792853,2.4779524286292115e-90,0.08978203008444971,4.225375802299634e-06,9,1.0,0.006006029200229059,62.732770997596774,0.03854098100188327,2.1283841395904475e-89,2.7692225488689737e-05,False,False
LINC02723,-0.09273067840861708,9.872060813524381e-85,-0.08897323322016021,6.679515960809408e-06,9,1.0,0.003962556713889797,64.55465012581078,0.04430623964409654,8.187002157422805e-84,3.419546728696178e-05,False,False
LINC01220,-0.0880816141049237,1.332129311770522e-76,-0.0878475623863544,1.2092180027168158e-05,9,1.0,0.0005417476571336782,71.08536988385424,0.08777265814740505,9.153631413737443e-76,5.3590517774104265e-05,False,False
LINC01089,0.08717397818028226,4.597356199746313e-75,0.08733811907235314,3.023216226396765e-09,9,1.0,0.8996691529149257,0.0,0.0664820573348157,3.1145469465886995e-74,7.27083502448422e-07,False,False
AL138963.4,-0.07855122548612793,2.969666965172917e-61,-0.08719707190694444,0.00014068251840233743,9,1.0,1.490050684793257e-09,86.06790483079823,0.6096874503486994,1.6049548429754753e-60,0.0003400416650830367,False,False
USP30-AS1,0.08976000385300133,1.7305238321579667e-79,0.08651968317073062,5.129329452650825e-07,9,1.0,0.1579783349210608,32.49495149493042,0.023106430306194217,1.2423611392059432e-78,1.0229350988884651e-05,False,False
LINC01504,0.09013205906728912,3.898434904423342e-80,0.08634794699350891,2.1263192574379348e-05,9,1.0,7.882477682596974e-05,75.31183142195505,0.0580611480581959,2.841132104587314e-79,8.053224904154698e-05,False,False
LINC00342,0.0910276860261077,1.0510224637013385e-81,0.08593057392535071,3.6482999844300876e-06,9,1.0,0.020253208623593637,55.880850986987674,0.024513698163742336,8.024473095878473e-81,2.580635724280694e-05,False,False
HEIH,0.0889052031269951,5.188925280891142e-78,0.0858672349688486,3.8089321471776583e-06,9,1.0,0.014792734631122352,57.92250493815565,0.12674489865403077,3.670401558983293e-77,2.6172805182749335e-05,False,False
LINC01278,0.08878961432800252,8.19770787581751e-78,0.08559601321839579,1.7823778143861965e-06,9,1.0,0.03310335639208726,52.16744452417008,0.04010713394012231,5.714634040968438e-77,1.8240930398292777e-05,False,False
LINC00963,-0.0834598226544362,6.146068492321029e-69,-0.08511894970686587,2.7136538208483896e-05,9,1.0,0.0001128176657832095,74.63104753642833,0.15945252740767948,3.94167859307522e-68,9.330154754324134e-05,False,False
TMPO-AS1,0.09087310858543092,1.965966311182235e-81,0.08506095465180444,2.4318506495156055e-06,9,1.0,0.04189379988487259,50.10651798048787,0.06870644846448921,1.4775465557478984e-80,2.0763704315927294e-05,False,False
WAC-AS1,0.09035502502083487,1.5910569638163408e-80,0.08505659808785745,5.208222153153134e-06,9,1.0,0.004577907297425655,63.94573369481523,0.17954014118073924,1.177382153224092e-79,3.171082095780579e-05,False,False
LINC01001,-0.08083501775885445,9.033603731069094e-65,-0.08408819044806067,1.8680706710311746e-06,9,1.0,0.026322844386263297,53.9884525212055,0.07512994529813824,5.500206828663587e-64,1.8337591689101937e-05,False,False
SNHG14,0.09134536527636637,2.892134459547234e-82,0.08348694523976388,2.5944809431383218e-05,9,1.0,7.130100015286755e-05,75.49519816105423,0.03307079465238171,2.2437365726487415e-81,9.176068629775975e-05,False,False
AC037198.1,-0.09146019004520053,1.812087165718763e-82,-0.08260585551031727,0.0001389674731700136,9,1.0,1.1211496915730695e-07,83.23293157041536,0.035771841024127296,1.428875289689713e-81,0.0003375926999736189,False,False
ATP1A1-AS1,0.08256204120647545,1.694517444055175e-67,0.08116651248912164,4.3621161521363844e-05,9,1.0,8.656900724822713e-05,75.13779008023505,0.03865447034523393,1.0724511718296568e-66,0.00013185899317966492,False,False
AC012615.1,0.08533825551924813,5.295975590864517e-72,0.080989544495311,1.021749874452802e-05,9,1.0,0.0013331740547886052,68.49520861067366,0.08171232721247823,3.538005915563656e-71,4.636431034073563e-05,False,False
AC096667.1,-0.07904536731657888,5.2524679327769585e-62,-0.08050074705604165,5.516852141867667e-06,9,1.0,0.005072022236753605,63.498606048900754,0.19104796059649212,3.0076631853163296e-61,3.1930049583044845e-05,False,False
SNHG15,0.08027001686310643,6.84466372060654e-64,0.07992135030109891,5.763490485763377e-06,9,1.0,0.0070709176056021885,61.957210271589716,0.3817554531630353,4.0149795726972506e-63,3.2247243399393466e-05,False,False
AC004687.1,0.08409756451708693,5.6994699506496654e-70,0.07872978465448097,8.546184736719995e-06,9,1.0,0.0025192939074105687,66.32218183960926,0.36500442608446326,3.7554041729623136e-69,4.111758363356779e-05,False,False
KANSL1-AS1,0.0837936226573638,1.7743033649799632e-69,0.07851241834179673,8.771672898661906e-05,9,1.0,3.125885355181254e-05,76.89678766048982,0.041446308191660036,1.153297187236976e-68,0.00023441662927353987,False,False
LINC01184,0.08078222255463001,1.0922095263032095e-64,0.07813433565186398,5.316710493183291e-07,9,1.0,0.2406205688893417,22.784663152662983,0.04228612933245488,6.485836816689429e-64,1.0229350988884651e-05,False,False
TMEM161B-AS1,0.07978432195253063,3.858632941890935e-63,0.07705316201417378,6.45506627333903e-06,9,1.0,0.030287770937757835,52.89375687916841,0.03756497264906764,2.236147524156072e-62,3.374877040734862e-05,False,False
ITGB2-AS1,0.08193028677271648,1.7110442959486278e-66,0.0762119674891489,0.00026654711297032944,9,1.0,1.5740730996841026e-08,84.6598152479764,0.2464080622829246,1.0551439825016537e-65,0.0005698184948387931,False,False
AP002490.1,0.08081670630046267,9.648556091270023e-65,0.07492474039523529,6.1685308758935086e-06,9,1.0,0.023182573495395042,54.929052562318695,0.04267199309984711,5.801194349876101e-64,3.3337790464098626e-05,False,False
C1RL-AS1,0.0788422618040383,1.0719417035388799e-61,0.0746885643660574,2.1083954799831495e-05,9,1.0,0.006041372909244679,62.70552154241471,0.02887168894840748,5.9953948767697816e-61,8.048716078348371e-05,False,False
SNHG17,0.0788304307191839,1.1173598401811676e-61,0.07463565069961552,1.2818855464097477e-05,9,1.0,0.0019028195628329795,67.32095808274941,0.1268583879973814,6.177587162380938e-61,5.3616256332442485e-05,False,False
LINC01138,0.07804268625577275,1.7459062340211991e-60,0.07438817844549489,4.735825489101114e-05,9,1.0,0.0004968909303353893,71.30932025488308,0.04632634995573819,9.228361522683481e-60,0.00013889829635717292,False,False
AC092821.3,0.07893659252693473,7.69809219113843e-62,0.07330699900073591,7.363614139383856e-05,9,1.0,2.8457465152139515e-05,77.04538944311741,0.04571350750164466,4.3562145222795114e-61,0.00020239419434535052,False,False
AL022328.4,0.0775455208746339,9.756043893178226e-60,0.07327158520466462,3.590172606532626e-06,9,1.0,0.07917375564444566,43.26592989080781,0.07404044760197162,5.100714252846441e-59,2.580635724280694e-05,False,False
LINC-PINT,0.07385503406522766,2.4337197563039436e-54,0.0722925755367481,9.744188201586612e-06,9,1.0,0.03300444809420028,52.19232919425553,0.11414758154210529,1.1706192027821968e-53,4.550441286372e-05,False,False
PRKAG2-AS1,-0.08228391909753394,4.69998563453474e-67,-0.07221751951801168,0.002036947890100483,9,1.0,1.680971508780456e-19,92.51353301936635,0.12390766507026459,2.93596505222235e-66,0.003310040321413284,False,False
AC011446.2,-0.058106434655289106,2.874355957732157e-34,-0.07210236575754767,0.0010932441047087247,9,0.8888888888888888,1.2257909493927241e-13,89.74552337631037,0.17012052568263777,8.862597536340817e-34,0.0018780371941603449,False,False
PSMB8-AS1,0.07870928449430074,1.7083408916335737e-61,0.0718046933321875,0.0001054150115275462,9,1.0,1.1799272559151259e-05,78.34393673145685,0.1699616406019469,9.337636009951693e-61,0.0002711477034478595,False,False
AL035530.2,0.07459107757032632,2.142664506461098e-55,0.07140323242237047,3.233927269686696e-05,9,1.0,0.0019925488100460036,67.16158560524582,0.05188732777992028,1.0410319470785739e-54,0.00010510263626481762,False,False
CARD8-AS1,0.07249403545956372,2.0416822815980117e-52,0.07139229964577078,4.3664875164637036e-05,9,1.0,0.0023205040973266907,66.62180546830352,0.0727693669564439,9.627933112241604e-52,0.00013185899317966492,False,False
AL645568.1,0.07494087850629545,6.694841995879021e-56,0.07109495949083143,4.9628382253766885e-06,9,1.0,0.0870665031646646,42.03859455183906,0.026669995687404777,3.3198134020802154e-55,3.14095419263972e-05,False,False
LINC02785,-0.07213249305445239,6.531088221343798e-52,-0.07108043532224874,2.9562108536183495e-05,9,1.0,0.004438366190840206,64.07832112563439,0.04251310801915619,3.020628302371506e-51,9.874565420766847e-05,False,False
CYP1B1-AS1,-0.07129687427043563,9.386141568669881e-51,-0.07081551479958198,1.3316108637648457e-05,9,1.0,0.015686063682709753,57.55836124128425,0.031708922532173854,4.25918310804737e-50,5.52159332302492e-05,False,False
JPX,0.07811494568148128,1.3583561373066384e-60,0.0704980421032241,4.5088583346883716e-05,9,1.0,0.0005637890084033447,70.98071661020737,0.13986426674536245,7.259658911605478e-60,0.000134705643415224,False,False
MRPL20-AS1,0.07579168510352295,3.863925451776227e-57,0.0704744872032994,0.00018259086651736676,9,1.0,4.4929403751891996e-05,76.3022961324507,0.031164173684090708,1.9771788747918776e-56,0.0004222413788214106,False,False
AATBC,0.07570595820141557,5.157943795735979e-57,0.07016577015654374,2.9289701273417568e-05,9,1.0,0.007620926233527332,61.58867497016579,0.0519781192546008,2.611548384998953e-56,9.874565420766847e-05,False,False
AC005632.3,-0.07104048266952268,2.1131641174100164e-50,-0.07009191701255858,3.745596624475817e-10,9,1.0,0.9952144346949247,0.0,0.03545407086274546,9.325063674075392e-50,1.8016319763728678e-07,False,False
AP004609.3,0.06997284213167095,6.01016376947306e-49,0.06982245957394533,5.206223785061284e-06,9,1.0,0.05409617065899155,47.61105131910741,0.031958599087545295,2.5138163244491668e-48,3.171082095780579e-05,False,False
NUTM2A-AS1,0.07664406308958963,2.1475988681439236e-58,0.06979915913703046,2.7156375584311413e-05,9,1.0,0.008234105431598642,61.19917647925542,0.17027941076332864,1.1107473715884163e-57,9.330154754324134e-05,False,False
AC015912.3,-0.07530999485767201,1.9501036061845628e-56,-0.06973435944234473,9.538195527883465e-05,9,1.0,2.5090218562951546e-05,77.24146175292944,0.11982204870963976,9.770831610153903e-56,0.0002520808818083487,False,False
PDCD4-AS1,0.07205972351041516,8.247516629001898e-52,0.06910873596594548,1.3904207247833272e-06,9,1.0,0.2396712891949537,22.893221361706797,0.04226343146378475,3.77814809385706e-51,1.5640151874692418e-05,False,False
ERVK13-1,0.07487916010348578,8.22340872867265e-56,0.06870842875241737,0.00040500246141687065,9,1.0,2.7622279434326253e-06,80.17125646909379,0.033592845631794724,4.0361832637668824e-55,0.0007886890038118008,False,False
AL161785.1,-0.06735068290049004,1.8045019582092208e-45,-0.06822319527346328,5.813380121592739e-06,9,1.0,0.08339674586316735,42.60280991481862,0.031958599087545295,7.114470835234715e-45,3.2247243399393466e-05,False,False
AC005392.2,-0.06693850591799494,6.178817937142948e-45,-0.06809526880244728,3.133519813626506e-05,9,1.0,0.0030889828672030478,65.55195780474425,0.024967655537144955,2.377609142212606e-44,0.00010359200302823499,False,False
AC026979.2,0.0721661941890394,5.861640694527613e-52,0.06736076751648333,0.0001191954393967195,9,1.0,0.00011602571775899826,74.5760617744576,0.07320062646117652,2.737329295211438e-51,0.0003001728081142517,False,False
SNHG3,0.07128337822073903,9.796501586019271e-51,0.06726258022135909,7.630170503300432e-05,9,1.0,0.00016013722874074968,73.92478588567643,0.24547744966744953,4.403847909229223e-50,0.00020852909159588113,False,False
AC124248.1,-0.0672430396640655,2.4904343290759256e-45,-0.06714441536325311,1.2603237343090742e-05,9,1.0,0.04374571364303746,49.70446236595387,0.022856753750822776,9.739015547036749e-45,5.3590517774104265e-05,False,False
LINC00877,-0.06185914194102054,1.2863685972176317e-38,-0.06660551465082344,6.969292323446857e-05,9,1.0,0.0005495463207504032,71.04795942230332,0.35333772158800525,4.516374417968473e-38,0.0001937704975478577,False,False
HCP5,0.07008231530416202,4.273814081906131e-49,0.06631744533279851,5.605927782701236e-05,9,1.0,0.002847222750234202,65.86462742727292,0.06142043262137528,1.8192075870768576e-48,0.0001624368231011623,False,False
LINC00667,0.06793135734444693,3.145737306703592e-46,0.06601133516603472,2.714112379452131e-06,9,1.0,0.22811290853877714,24.217679703199234,0.11303538597726853,1.2822878343427354e-45,2.0763704315927294e-05,False,False
NOP14-AS1,0.06756295165917887,9.545287244985794e-46,0.06584001265015992,2.260699725899687e-05,9,1.0,0.009907781393446734,60.22968262889111,0.040742674262885976,3.8582211469228295e-45,8.390766143248027e-05,False,False
AC010247.1,0.07018044546733637,3.1469533837839617e-49,0.06580587681257562,4.367090640070427e-05,9,1.0,0.006975237914289457,62.02336423697996,0.02841773157500486,1.3636797996397167e-48,0.00013185899317966492,False,False
DANCR,0.07291776364592112,5.186926964203021e-53,0.06570297232577478,0.0003838703350002368,9,1.0,4.150439696065494e-07,82.11259653545166,0.12883310257168218,2.4702097720610427e-52,0.0007661478470336676,False,False
CTBP1-DT,0.07122148672923512,1.191927371606048e-50,0.0654222467682872,1.777579344881015e-05,9,1.0,0.025643986698123407,54.18569491620451,0.022561681458111073,5.308491349467677e-50,6.948442379340673e-05,False,False
AC010883.3,0.06963444612308733,1.7184130889326175e-48,0.06516198947888775,1.2701286956856313e-05,9,1.0,0.03391448794234894,51.96498813809555,0.02483146832512417,7.125488756694732e-48,5.3590517774104265e-05,False,False
LINC00476,0.06753624799097892,1.0342593723539545e-45,0.06513201490040947,4.137246425429584e-06,9,1.0,0.15747530979357677,32.5568630067648,0.031459245976802414,4.1456563175187676e-45,2.7692225488689737e-05,False,False
AC144652.1,0.06697922988882586,5.473144020763229e-45,0.06505887518974648,3.3511594581076626e-05,9,1.0,0.010466198293016931,59.93149305046192,0.04512336291622125,2.1230502209573493e-44,0.00010818172478857622,False,False
AL450326.1,0.06753178294366428,1.04822303774822e-45,0.06493142062438045,7.648107100131927e-07,9,1.0,0.4429650784934077,0.0,0.021926141135347407,4.1669031500569736e-45,1.2313447441101137e-05,False,False
GABPB1-AS1,0.07015830942307413,3.372031698021595e-49,0.06420718801081604,5.35027435336e-05,9,1.0,0.002900514906094574,65.79404960584633,0.09562612070727276,1.448167184596774e-48,0.00015596860387673698,False,False
PAXIP1-AS2,0.06477102196194176,3.5315000849237115e-42,0.06420124958667227,6.160455256781385e-06,9,1.0,0.12648525874314923,36.49323092974594,0.03007467598792442,1.3270715162877384e-41,3.3337790464098626e-05,False,False
AL391832.2,-0.06450689330386142,7.546414957765047e-42,-0.06359288999144157,2.6326613712247047e-06,9,1.0,0.26339091637498896,20.186360157504925,0.02716934879814766,2.77085923258396e-41,2.0763704315927294e-05,False,False
ZNF433-AS1,0.06456799939608916,6.332356898341347e-42,0.06345678171335205,2.1930521130920534e-07,9,1.0,0.7066744659300812,0.0,0.06605079783008308,2.342972052386298e-41,7.032387109315184e-06,False,False
RAD51-AS1,0.06895969449198286,1.3748446143236512e-47,0.06266219488779207,6.580655600991754e-05,9,1.0,0.003947703302810205,64.57017884338538,0.033365866945093414,5.652138969997233e-47,0.00018619384376923726,False,False
OTUD6B-AS1,0.0709534684094538,2.7813620500249934e-50,0.06247126787349792,0.0006494716748034043,9,1.0,9.374138889233445e-08,83.37464309135646,0.07769480445786382,1.2162137691472924e-49,0.0011878170174161123,False,False
RNF139-AS1,0.06241584327484805,2.761275658344174e-39,0.06219623909539368,8.54835418577293e-06,9,1.0,0.10224549556352504,39.80550832441948,0.024536396032412467,9.765982291643733e-39,4.111758363356779e-05,False,False
AL121944.1,0.07000000731401756,5.522871886706656e-49,0.061427593537898555,9.795404931095865e-05,9,1.0,0.002023136963689795,67.10850513294552,0.025875570283950194,2.3302643662332468e-48,0.0002546805282084925,False,False
WARS2-AS1,0.06382540179775965,5.277362167023526e-41,0.060565901387890975,5.447656769148055e-06,9,1.0,0.18349372034571382,29.41462765032493,0.021154413600562954,1.9085798513821923e-40,3.1930049583044845e-05,False,False
DLEU1,0.06256217994872924,1.8384817807580932e-39,0.06045654864131566,4.486878284275508e-07,9,1.0,0.6510692647019516,0.0,0.022834055882152645,6.550442492923279e-39,9.383428064071822e-06,False,False
GMDS-DT,0.060781087459109776,2.4349461897692783e-37,0.06000600827218056,2.645579600881656e-06,9,1.0,0.32798049083133385,12.779679281481727,0.04155979753501069,8.247951530133964e-37,2.0763704315927294e-05,False,False
AL445524.1,-0.06047709581103628,5.528079086985248e-37,-0.05996596317291684,1.2275463932693638e-06,9,1.0,0.4713887145134469,0.0,0.07047688222075997,1.846531972805489e-36,1.47612453790641e-05,False,False
MIR29B2CHG,0.064278088174328,1.453220922973049e-41,0.05987017284063587,4.680414141270956e-05,9,1.0,0.009091719223312453,60.686945963231906,0.10123249426879682,5.295448969318458e-41,0.00013811528846327176,False,False
AC006064.4,-0.059812807103143135,3.269747124345547e-36,-0.059734983636819325,8.772347873022282e-05,9,1.0,0.001564788274544207,67.97846522391656,0.10620332750755702,1.0415552098080848e-35,0.00023441662927353987,False,False
AC004241.1,0.060220008412501934,1.1023773209708258e-36,0.05968906927454817,1.567991184398644e-07,9,1.0,0.8157207248055974,0.0,0.02060966475247981,3.6070985808637224e-36,6.159956093494974e-06,False,False
SNHG11,0.06099626384500822,1.3594562522690701e-37,0.05957834562885673,7.270386951792979e-06,9,1.0,0.15921923187440273,32.34244751938694,0.03322967973307263,4.670703266724448e-37,3.6427667956379405e-05,False,False
ASH1L-AS1,0.06161097289940763,2.542972341804385e-38,0.05944073235359968,6.379293720005415e-06,9,1.0,0.19376187466620728,28.202014146360625,0.03404680300519734,8.863548524694994e-38,3.371912394860005e-05,False,False
ZBED5-AS1,0.06037119638007063,7.348584042182786e-37,0.05923153474260825,1.790427345109734e-05,9,1.0,0.06111501951412336,46.30949708090053,0.05333999137480866,2.4377027064068412e-36,6.948442379340673e-05,False,False
SNHG29,-0.059677761432217445,4.6817373351426186e-36,-0.05905232698664589,0.004427386459387247,9,1.0,6.1510298166258006e-12,88.4909007793546,0.7407449440501558,1.4815234593444732e-35,0.006782079257851165,False,False
AC018521.5,0.060269958329785794,9.642500474152678e-37,0.058687493561730475,2.6916767435498764e-06,9,1.0,0.36451145132479146,8.489481550181669,0.04151440179767043,3.1767415945667385e-36,2.0763704315927294e-05,False,False
ZNF236-DT,0.058794925136464594,4.796154101878797e-35,0.05860510373905264,1.0348011114177908e-05,9,1.0,0.16451344095356202,31.69523565505302,0.03556756020609612,1.4980195603920137e-34,4.6517694821678256e-05,False,False
AC005670.3,0.0632967664204538,2.3521931488677813e-40,0.05854197791194985,0.00039951740625195574,9,1.0,8.684660109996599e-05,75.13179683804114,0.06201057720679869,8.44332018362241e-40,0.0007858448880616583,False,False
AC097376.3,0.06087057645173858,1.911289972180212e-37,0.05791689474007064,9.865779537139947e-06,9,1.0,0.15787313834319208,32.50789456115557,0.02222121342805911,6.520074302260156e-37,4.562923035927225e-05,False,False
AL512625.3,0.059094433928022695,2.1865368489740688e-35,0.05743068096442501,4.3196352611683346e-05,9,1.0,0.02439914961722788,54.55586228972938,0.029144063372449052,6.874014538277954e-35,0.00013185899317966492,False,False
AC099343.3,0.0573069842376409,2.2392114924575824e-33,0.05742315729073229,2.2677746333102778e-05,9,1.0,0.0826735472760443,42.71528403584268,0.045168758653561514,6.607734526822681e-33,8.390766143248027e-05,False,False
MMP25-AS1,0.06529829000956719,7.68439611925833e-43,0.05686229937095398,0.00042466484771683347,9,1.0,5.581600482643001e-06,79.329382152009,0.030460539755316648,2.933487724891474e-42,0.0008170551670071875,False,False
AC123595.1,-0.05778677899313021,6.5538405038008735e-34,-0.05668417186351663,1.2536795838881578e-05,9,1.0,0.14820740870059962,33.70750129701912,0.02934834419048023,2.0018025592793624e-33,5.3590517774104265e-05,False,False
ZNF213-AS1,0.060630423641982165,3.6575786355847445e-37,0.05664408094330501,2.3002048510836923e-05,9,1.0,0.09921661903758662,40.23954147711856,0.02787298272692172,1.2302764501512322e-36,8.44579033107829e-05,False,False
AC004974.1,0.05778549186240602,6.575567658339694e-34,0.056599029611274956,2.714685052483989e-05,9,1.0,0.06606059369925114,45.43718583723747,0.043511814240641954,2.0018025592793624e-33,9.330154754324134e-05,False,False
MIR762HG,0.056955930731729686,5.466590535083934e-33,0.05658708408182741,1.1464821252543826e-06,9,1.0,0.5732360822794234,0.0,0.026306829788682682,1.583994004442995e-32,1.424148179077271e-05,False,False
EPB41L4A-AS1,0.05870679752689174,6.03866705640395e-35,0.05601301458457933,0.00011441419127768134,9,1.0,0.002572763956392024,66.24464077847286,0.22868102685155775,1.8739347446001934e-34,0.0002911810899712419,False,False
PSMA3-AS1,0.061034585752385476,1.225156550071886e-37,0.05597620472380355,0.00021133416906109027,9,0.8888888888888888,0.003018787197192928,65.64080501891382,0.19107065846516225,4.239570507802713e-37,0.00047723819398302544,False,False
MIATNB,0.0598603047312104,2.8813825749784343e-36,0.05581342418406466,2.685079714781544e-05,9,1.0,0.07697812071301825,43.61703320055156,0.03334316907642328,9.239633457097512e-36,9.330154754324134e-05,False,False
OIP5-AS1,0.06496665494456033,2.00831644339291e-42,0.0555078543262167,0.001313648063044404,9,0.8888888888888888,1.1235280246163534e-06,81.14626039492153,0.1692126109358328,7.606300860409367e-42,0.0022093171969383156,False,False
AC008875.3,0.0646150979117176,5.5309906318401284e-42,0.055370413005508955,0.0012243341106660877,9,1.0,2.720741751986054e-07,82.49119275753326,0.09968903919922745,2.0623306154380633e-41,0.002078984798817803,False,False
ALOX12-AS1,0.05709719515685027,3.81963214090463e-33,0.055363900098424935,2.4898880744350766e-06,9,1.0,0.4518203484967771,0.0,0.057743377896814066,1.1134806422879558e-32,2.0763704315927294e-05,False,False
PAXIP1-AS1,0.05742512580796502,1.6562091959555352e-33,0.05530328176044471,2.9392029699675542e-05,9,1.0,0.08545577759663069,42.28492660799067,0.03141385023946215,4.9175100200902e-33,9.874565420766847e-05,False,False
AC245452.1,0.057782007219003256,6.6347492032386146e-34,0.05482618220565296,1.7620630080355133e-05,9,1.0,0.15580044671030235,32.76338662966508,0.0337971264498259,2.0071159539357067e-33,6.948442379340673e-05,False,False
LINC00278,0.055826052330358415,9.316144508894225e-32,0.05473739276695491,0.00047763932613181125,9,1.0,0.00023666974993813227,73.08396638215163,0.04957214517556692,2.651518052531433e-31,0.0008974395151148484,False,False
Z99127.4,0.05672788091815348,9.733166772422106e-33,0.05466237377590045,2.52451019904424e-05,9,1.0,0.12913395797224902,36.145744115462534,0.05406632317225285,2.8033851602006183e-32,9.111132201302031e-05,False,False
ZBTB11-AS1,0.05774509718866441,7.295031867414111e-34,0.0543403438885874,2.5453364468857714e-05,9,1.0,0.08136259545735068,42.92029308879168,0.02864471026170617,2.193068955141367e-33,9.111132201302031e-05,False,False
LINC00957,0.05571708872274673,1.2209762296158976e-31,0.053496429016545166,1.0023113210981167e-05,9,1.0,0.23705176904929226,23.192938139215883,0.02060966475247981,3.4546445085014514e-31,4.591540432839944e-05,False,False
BX890604.2,0.06012203123187241,1.4329604870928555e-36,0.05306110594847794,3.448265832081305e-05,9,1.0,0.05351186873526271,47.723227203001464,0.02079124770184086,4.625865733501097e-36,0.00011014012896323984,False,False
MAPKAPK5-AS1,0.05768760826411313,8.4557085593092e-34,0.052915144787447126,0.0002353326377266207,9,1.0,0.0014033187974565062,68.33184834387353,0.13550627596069864,2.5262085820047978e-33,0.0005240509201227062,False,False
EIF3J-DT,0.05667474269768715,1.1129840428066958e-32,0.05291244175406942,0.0001462897470319603,9,1.0,0.012211615750872996,59.06408500522983,0.028985178291758135,3.186579313035837e-32,0.0003486953853866568,False,False
PCBP1-AS1,-0.04739985724236004,2.4120434033555696e-23,-0.052637210753541545,6.159484362083959e-05,9,1.0,0.03442843817895453,51.838164113019424,0.3037428785437236,5.980375654711489e-23,0.000176207948182513,False,False
MAN1B1-DT,0.05718840589849113,3.0289343770167647e-33,0.0525220122316366,0.00017181311925416795,9,1.0,0.011033662312106821,59.63939355333575,0.02862201239303604,8.883642898445511e-33,0.00040117529301579986,False,False
NNT-AS1,0.054038397050738575,7.373889845215213e-30,0.05217782675054734,1.412115143549657e-05,9,1.0,0.21793099381147185,25.389708078799682,0.025716685203259277,2.0501971188141717e-29,5.8053622568152556e-05,False,False
AL136419.3,0.05444050084172719,2.7925980746459216e-30,0.051899426501651615,0.00011569392340656405,9,1.0,0.017223182204426694,56.962271677734236,0.024922259799804693,7.809532987817954e-30,0.00029288830083451213,False,False
LINC00847,0.05370670968606918,1.633831324464876e-29,0.051759124059729274,2.320913299712463e-05,9,1.0,0.12978994897952575,36.06005477710105,0.05735751412942184,4.465186744702303e-29,8.45726740274011e-05,False,False
SNHG32,0.05267866461895354,1.865134059581132e-28,0.05139517142770398,2.557178476456911e-05,9,1.0,0.12586019763959974,36.57559202097813,0.25816555825405885,5.011896551164942e-28,9.111132201302031e-05,False,False
SATB1-AS1,0.060180721526266155,1.2246884873323492e-36,0.05096939475226766,0.0014291073420114927,9,1.0,2.4617069711181654e-06,80.30212730696113,0.021358694418594133,3.980237583830135e-36,0.002378548897949924,False,False
AC125494.1,0.05391334358735582,9.958852026138713e-30,0.05086503426687922,0.0002427853424155744,9,1.0,0.003472053206681185,65.09188393084217,0.030846403522708874,2.7529930026280006e-29,0.0005356869252380334,False,False
NIFK-AS1,0.054546468213636075,2.1595541033419607e-30,0.0507039468313158,9.76082159748746e-05,9,1.0,0.033852982286803335,51.98024018360763,0.022153119822048716,6.0745352263595504e-30,0.0002546805282084925,False,False
AC090204.1,-0.05005726972533789,7.510672363441818e-26,-0.04948630112950642,6.32001571893567e-06,9,1.0,0.4349075197619434,0.0,0.06328165785232626,1.9479780180861136e-25,3.371912394860005e-05,False,False
SNHG9,0.05382694867618875,1.225182389923537e-29,0.049424146302758154,0.00014643756309377272,9,1.0,0.015450259059300826,57.65313129835583,0.03520439430737402,3.367501311732693e-29,0.0003486953853866568,False,False
UBL7-AS1,0.04926616252482074,4.325338882072123e-25,0.04941614224127853,1.2612582509341548e-05,9,1.0,0.31536917782189633,14.23867549888744,0.03658896429625201,1.106642554402495e-24,5.3590517774104265e-05,False,False
FAM198B-AS1,-0.048631256659785724,1.7281706587229613e-24,-0.0491102035872714,0.0001359298431956702,9,1.0,0.02341620967302652,54.85645870081238,0.03792813854778974,4.375000457082865e-24,0.0003335829315159049,False,False
LINC00467,0.05173332334063747,1.679896878273568e-27,0.04905467502181918,0.00041474486630288857,9,1.0,0.0034656033346552066,65.09931109059708,0.024082438659009848,4.464256345025338e-27,0.0008011738180389133,False,False
MAP4K3-DT,0.04947479978586847,2.7331137473841613e-25,0.04880395839922234,2.0497368282206313e-05,9,1.0,0.25497755584045867,21.145523671217788,0.046621422248449895,7.030094719207387e-25,7.887387314992988e-05,False,False
TP53TG1,0.053146049159872435,6.200717965319117e-29,0.04878506619737238,0.00014196302721165805,9,1.0,0.031630583901473386,52.54260860550302,0.09231223188143263,1.685053865151692e-28,0.0003414210804440376,False,False
AL359762.1,0.04724041544056649,3.376741096351832e-23,0.04877181378673479,0.0004037848172306196,9,1.0,0.001948348714459864,67.23939305896212,0.0590144585423414,8.329294704334519e-23,0.0007886890038118008,False,False
MIR222HG,-0.04651186924284762,1.5487025419950892e-22,-0.04870024382877653,6.270628318785605e-07,9,1.0,0.8369733752393758,0.0,0.06609619356742336,3.743346345224311e-22,1.117100822716991e-05,False,False
LINC02728,-0.0500559554284814,7.532721649979566e-26,-0.048227609218484305,1.791282442906951e-05,9,1.0,0.2512538819385755,21.570268423327153,0.02819075288830355,1.9479780180861136e-25,6.948442379340673e-05,False,False
TNFRSF14-AS1,0.04767395538723344,1.3491728497886688e-23,0.04802313182975372,1.7270875907347793e-06,9,1.0,0.7208330851885347,0.0,0.022629775064121466,3.362446325120983e-23,1.8059328937900628e-05,False,False
GAS6-AS1,0.05089667778997273,1.1371962770312918e-26,0.047663209955264185,0.0006741561345171733,9,1.0,0.0008132443978469953,69.97817494612285,0.020950132782531775,2.989024094273504e-26,0.0012236569837840014,False,False
TRIM52-AS1,0.04800658332797504,6.636598623038539e-24,0.047566799022592206,7.799970444369628e-06,9,1.0,0.45292704150308516,0.0,0.10100551558209545,1.6713109621369303e-23,3.828352840552848e-05,False,False
LINC00909,0.05075056665745586,1.583103832711914e-26,0.04739501116397031,0.000340671593323114,9,1.0,0.007655050994647034,61.56643347811469,0.04789250289397723,4.13843991051321e-26,0.0006972895165464588,False,False
COA6-AS1,0.048924109760828526,9.142564866823674e-25,0.04727594802872372,1.6369897839592155e-05,9,1.0,0.31751814573746795,13.990700401213491,0.03795083641645987,2.326758571927083e-24,6.6728142888507e-05,False,False
AC104695.4,-0.044730709519740175,5.814740863502509e-21,-0.047052878625565356,0.0003735328941956544,9,1.0,0.010689766247176657,59.81515551410864,0.09144971287196739,1.3008792350440496e-20,0.0007517544858079906,False,False
GABPB1-IT1,0.052738664901553406,1.6201177900121532e-28,0.0465003594933911,0.0014459240758501056,9,1.0,0.0001200305270000797,74.50916319125152,0.20296434164830723,4.377958747167672e-28,0.00239823958787552,False,False
PITPNA-AS1,0.05106800603097338,7.706283200538881e-27,0.04608133925500962,0.0002536110497438729,9,1.0,0.015718107375279972,57.545554965462976,0.033411262682433676,2.0366605601424185e-26,0.0005470265243354388,False,False
AC087741.1,-0.04560072644829415,1.0068856388949897e-21,-0.045931060385772195,0.0003670370429755827,9,1.0,0.009507231247426149,60.45074454471339,0.040924257212247024,2.339671460427488e-21,0.0007417849481985516,False,False
AZIN1-AS1,-0.04619998212734717,2.9515226776526112e-22,-0.04577758133697357,0.0010174852264028735,9,0.8888888888888888,0.0009755035152633589,69.45088313434647,0.05191002564859041,7.028130732430227e-22,0.001754159117920366,False,False
PPP3CB-AS1,0.051805973915013626,1.4207879200523316e-27,0.04564156345950472,0.002536005388306419,9,0.8888888888888888,2.6370808466020397e-05,77.16439440188255,0.03468234332796101,3.79666105302873e-27,0.0040269553468101115,False,False
BISPR,0.0478652254418015,8.977328264235723e-24,0.045061011833503764,0.00033325617807938206,9,1.0,0.02371198400657423,54.765199117899456,0.07086274598815231,2.24900775786322e-23,0.0006850265882742853,False,False
PLBD1-AS1,-0.045618013452396716,9.720804873930709e-22,-0.045021134525407625,4.386161935290309e-05,9,1.0,0.21187000469415554,26.09044865362377,0.02267517080146173,2.2697607496896458e-21,0.00013185899317966492,False,False
AP003717.4,0.04625181541686509,2.652331176087701e-22,0.044974302726993744,1.8264772417018502e-06,9,1.0,0.7838706292120137,0.0,0.027509816828199623,6.347120874120319e-22,1.8302824026220622e-05,False,False
RAP2C-AS1,0.046500780086249284,1.5847399179398673e-22,0.04486791661134376,2.719570419757629e-06,9,1.0,0.7306525904267711,0.0,0.02934834419048023,3.811299502645381e-22,2.0763704315927294e-05,False,False
LINC01128,0.046826361313818766,8.047712777518892e-23,0.04430224978748776,0.0002494089419375433,9,1.0,0.026041725561356487,54.069750645433565,0.039539687223369036,1.9550251747407005e-22,0.0005428312265699472,False,False
LINC00174,0.045742222788302075,7.546767032921231e-22,0.044267076362173634,7.067496579452369e-06,9,1.0,0.582436714060816,0.0,0.028758199605056826,1.7707292404073716e-21,3.5783851102279886e-05,False,False
AC124016.1,0.047193799884111064,3.724986331221126e-23,0.04419779922846273,0.0002789458409305024,9,1.0,0.03154600854350218,52.56446193727011,0.034341875297909046,9.095017387397774e-23,0.0005936856172016444,False,False
C9orf139,-0.042804540076682066,2.507768856521878e-19,-0.043975822027406436,0.0003149933028068245,9,1.0,0.021813375516936715,55.36392174549803,0.024264021608370896,5.482894636304652e-19,0.0006530680114227697,False,False
AL121933.2,0.044894527760670405,4.1902269935105056e-21,0.0438819182036194,2.793457639149299e-07,9,1.0,0.9474871299992175,0.0,0.05783416937149459,9.507071622068646e-21,7.408264045074349e-06,False,False
AL451165.2,0.044823750404100866,4.828114906726594e-21,0.0437073600037861,7.541916492837713e-06,9,1.0,0.5883296480768463,0.0,0.034591551853280486,1.0902926150870854e-20,3.739857559850453e-05,False,False
ASB16-AS1,0.04723246222447201,3.4337873762462e-23,0.04339611183988288,0.0004321885931825492,9,0.8888888888888888,0.023617700287729908,54.79421288196242,0.03229906711759726,8.426794530481746e-23,0.0008282179813577935,False,False
ELF3-AS1,0.04619600169737734,2.975833369997746e-22,0.04331082915680289,0.00011090150632794561,9,1.0,0.11582485738405815,37.91817761313467,0.06378101096306929,7.051112566349338e-22,0.00028374268374330765,False,False
TPT1-AS1,0.043831709754617636,3.43800497111586e-20,0.042383631007870556,3.457621512151604e-05,9,1.0,0.34457535805479644,10.844042047188074,0.03216287990557647,7.620646963625477e-20,0.00011014012896323984,False,False
AC007728.2,0.045184578443526247,2.339081037715201e-21,0.04203969202379194,0.0001040361490126717,9,1.0,0.17638282178452067,30.262472267296452,0.02244819211476042,5.3322179106209086e-21,0.00026903971868330693,False,False
MIR181A1HG,0.04094568005197168,8.12861502619984e-18,0.041995747308577684,0.0013063920565735765,9,0.8888888888888888,0.0016270506958982614,67.84968683758368,0.06682252536486777,1.707364116856822e-17,0.002204823084954001,False,False
RAB30-DT,0.04284442038137527,2.3235733415510343e-19,0.041974182393216763,0.00047633805870415637,9,1.0,0.018693661409693755,56.42344159816833,0.048255668792699324,5.103373412265057e-19,0.0008974395151148484,False,False
AC067852.2,0.04384579182637519,3.344536111055312e-20,0.04194767547117904,5.5761417151263355e-06,9,1.0,0.6978298400943055,0.0,0.028213450756973683,7.447786432488912e-20,3.1930049583044845e-05,False,False
AC027682.2,0.045885149884832895,5.634925735687821e-22,0.04162927885124697,0.0012275086961834845,9,1.0,0.0031120387772296193,65.5231037311478,0.023038336700183824,1.3286270974832557e-21,0.002078984798817803,False,False
AC009133.1,0.043021865828367874,1.6533865248245701e-19,0.041310987855504945,3.1443726490898774e-05,9,1.0,0.37240405966718987,7.5470324700866,0.024899561931134562,3.648068433213845e-19,0.00010359200302823499,False,False
AC016727.1,0.042308750919449745,6.43644792739697e-19,0.040820923635005536,1.0084544099825136e-06,9,1.0,0.9104609153014969,0.0,0.02292484735683317,1.4008739606687523e-18,1.424148179077271e-05,False,False
TTN-AS1,0.04072127962409793,1.224476013981546e-17,0.040750708344819926,0.0005191191369797272,9,1.0,0.022174447234212635,55.24762497338468,0.04326213768527051,2.5496665053035653e-17,0.0009678151352218945,False,False
SNHG21,0.04098257395822209,7.597500944388674e-18,0.04051740518603322,0.00018407668451439724,9,1.0,0.11511443311232633,38.014770971712366,0.035022811358012974,1.6028061202855053e-17,0.00042364059928911516,False,False
AC245297.3,0.04547475870144173,1.3005770232293811e-21,0.04035315931258353,0.000979829511930927,9,1.0,0.005879337220430076,62.83139981522542,0.10007490296661979,2.993194010398719e-21,0.0016953165296358845,False,False
LINC00339,0.04528783245444983,1.8990024503949237e-21,0.04024008398428219,0.0011368336383146575,9,1.0,0.002634176612574624,66.15706103827253,0.0484599496107305,4.349619898285515e-21,0.0019390673050686178,False,False
LINC02035,-0.03989562523209919,5.4250939588971924e-17,-0.04020385723194042,0.00025211799620833967,9,1.0,0.058627745321918855,46.761545987243736,0.024445604557731943,1.1104128486083189e-16,0.0005462556584514026,False,False
ENTPD1-AS1,0.04086100770092523,9.490040938873438e-18,0.040122978627652746,0.00023755546584403796,9,1.0,0.10923372693761037,38.823039240309726,0.0312322672901011,1.9846563876513578e-17,0.0005265630371934666,False,False
LINC00173,0.04050906578781301,1.8002852782612677e-17,0.039810824031150736,0.00012503244248239314,9,1.0,0.20057971320300427,27.40341427861105,0.028917084685747742,3.716468750402016e-17,0.0003116093514716637,False,False
PVT1,0.04124010222255297,4.732712923179898e-18,0.03967989196000061,1.336368592114823e-06,9,1.0,0.906297899149498,0.0,0.07433551989468341,1.0028347647795289e-17,1.5640151874692418e-05,False,False
AL118558.3,0.03917989658446648,1.9245569818605188e-16,0.03960234423255657,1.264758657968817e-05,9,1.0,0.6297588918883408,0.0,0.03683864085162345,3.857132951145456e-16,5.3590517774104265e-05,False,False
AL121603.2,0.04550872008537521,1.2139415770381608e-21,0.0393806361822691,0.0005636534659522172,9,0.8888888888888888,0.03114548665357248,52.66842522339089,0.051546859749868314,2.8072398969007468e-21,0.0010387636671379942,False,False
AC114271.1,0.04144315922678728,3.2519260431406297e-18,0.03937546100347998,0.0001898978281852008,9,1.0,0.10998183496989507,38.71932334688758,0.03007467598792442,6.921134631640012e-18,0.00043495645408134085,False,False
LINC00309,-0.03911114062638803,2.1709375648746592e-16,-0.03924758748058244,5.547363011599662e-06,9,1.0,0.7736416518698255,0.0,0.02274326440747212,4.3149626805979793e-16,3.1930049583044845e-05,False,False
AC007384.1,0.04195841694620457,1.2447703861745451e-18,0.039024691118193455,0.001618829253617562,9,1.0,0.0027505720518408083,65.99518770346138,0.1148739133395497,2.697002503378181e-18,0.002666633119828929,False,False
LINC00324,0.03857370901546025,5.527036082547625e-16,0.03894886122431823,8.543193949439689e-05,9,1.0,0.25363395168958985,21.298760783594872,0.03983475951608074,1.0806928275225235e-15,0.00023085821852137584,False,False
AC009506.1,-0.03892968054571732,2.980508059339507e-16,-0.03854346390088472,4.112150129679678e-05,9,1.0,0.4264760735576183,0.8910434748438426,0.021858047529337014,5.875509739927471e-16,0.00012843793586856655,False,False
AC139530.1,0.041512493366854024,2.8596644750846325e-18,0.0384290819671159,0.00028517277484117027,9,1.0,0.08188775205445807,42.83799189795927,0.04600857979435636,6.113327166736481e-18,0.000601614494292118,False,False
ARRDC1-AS1,0.039878862095248865,5.589824741083988e-17,0.038214890031549535,9.684648044120772e-05,9,1.0,0.27113579416639194,19.30354442178512,0.03273032662232975,1.1392820764666942e-16,0.0002545527709957427,False,False
PAX8-AS1,0.0395033291596683,1.0889992472603203e-16,0.038136026681077795,0.00019317319966087476,9,1.0,0.15455506765166152,32.9173420428837,0.03468234332796101,2.2008766299672857e-16,0.0004403616542032263,False,False
CATIP-AS1,-0.039261931783581776,1.6664517244941394e-16,-0.03796952284693666,0.00017142508636153205,9,1.0,0.17870623489467755,29.984651758241064,0.02558049799123849,3.3538212530614267e-16,0.00040117529301579986,False,False
MHENCR,0.04169749948043065,2.0272496267352306e-18,0.037790103799224393,0.0002459298607192952,9,1.0,0.08982243835312574,41.621664257511284,0.08125836983907547,4.353156564551991e-18,0.0005401473196620136,False,False
AC135457.1,0.03869296213112906,4.496868089894576e-16,0.03769609857241935,0.00014803271786798566,9,1.0,0.2090391211591908,26.418659028582457,0.0255124043852281,8.828545107099149e-16,0.00035075732657389704,False,False
AC011611.3,-0.04481687450798463,4.894981114267444e-21,-0.0376682247603737,0.004190050906793076,9,0.8888888888888888,0.00013546814023158678,74.26745198222201,0.035726445286787034,1.1002270635339441e-20,0.0065013370521531276,False,False
AC083798.2,0.037431282574746094,3.8638698119488985e-15,0.0374601570217795,0.0007738732641394282,9,1.0,0.03729370911579811,51.15040998276861,0.0293256463218101,7.345934306511542e-15,0.001383765948145223,False,False
AC025259.3,0.0391544021503864,2.0125190538174541e-16,0.03718965875077472,2.9041328972495273e-05,9,1.0,0.5576011840614807,0.0,0.02558049799123849,4.016687406166786e-16,9.874565420766847e-05,False,False
C22orf34,0.04180923334628019,1.6457271512091703e-18,0.03709764217028953,0.0006224013470393438,9,1.0,0.017162931028072353,56.98497150903492,0.02787298272692172,3.549752285791977e-18,0.0011426528546791006,False,False
GIHCG,0.038976387657451365,2.747395616091471e-16,0.03666435845323555,0.0007970146676356131,9,0.8888888888888888,0.03298431763537652,52.19739922684694,0.027101255192137266,5.438260458189291e-16,0.0014198668708619625,False,False
AC005050.3,-0.03850328597796444,6.24118494856254e-16,-0.03658493377734833,0.001556183065382831,9,1.0,0.012015420946324202,59.157224601275814,0.03098259073472966,1.2153886478779684e-15,0.002572247609790865,False,False
TNK2-AS1,0.040635892180423475,1.4302283853556943e-17,0.03650004786947547,0.0013870631185381437,9,0.8888888888888888,0.01362505625967186,58.42103099483388,0.021358694418594133,2.9652579886038315e-17,0.0023165880556140525,False,False
SCAMP1-AS1,0.03953381697432693,1.0318430758788976e-16,0.036334270626116924,0.0003893984534250572,9,1.0,0.0914078891457488,41.38429714416444,0.029711510089202326,2.0941625295263702e-16,0.0007739696532952583,False,False
AL627171.2,0.03734069175372219,4.497109593874136e-15,0.03625110813245728,0.0005256524231229456,9,0.8888888888888888,0.09009845675058992,41.58021218575279,0.05057085139705268,8.482783194719448e-15,0.0009762116429426133,False,False
AL162377.1,0.040478502237209134,1.9027378815914698e-17,0.036063676701660864,0.0009124985919673182,9,1.0,0.03959718457112202,50.619131460257435,0.0424450144131458,3.9111834232713545e-17,0.0015960429917682912,False,False
AC073332.1,-0.03732347581595213,4.6285149577917455e-15,-0.03587729093284964,0.001121452215233103,9,0.8888888888888888,0.039496056084427536,50.64208281736353,0.08688744126926967,8.696545682413396e-15,0.0019196388452922511,False,False
AC025164.1,0.0382735679018083,9.263256144899087e-16,0.03578549200148194,6.70848115915106e-05,9,1.0,0.4380056665715695,0.0,0.18278593640056698,1.7894081147375345e-15,0.00018870055190360583,False,False
ZEB2-AS1,0.033151103160208216,3.4014655628318468e-12,0.03576261049552164,0.0023343106588708203,9,1.0,0.005093886558860925,63.47956330500576,0.1490796014254328,6.015091675448964e-12,0.0037551954077487113,False,False
AC008105.1,0.03775661987578914,2.2337603746682427e-15,0.03538242590115629,5.699818735314584e-05,9,1.0,0.49125178751534426,0.0,0.05590485053453346,4.280632431137151e-15,0.00016416843183750387,False,False
AC093484.3,0.03547025037072741,9.530428480505143e-14,0.03530248899094479,0.0001325297888966214,9,1.0,0.312675005540086,14.549224397549192,0.023832762103638407,1.7631292688934515e-13,0.0003285918992746128,False,False
U62317.4,-0.03406562364448884,8.541965445556479e-13,-0.03503709501530057,1.6780028967190617e-05,9,1.0,0.7359406675885496,0.0,0.04609937126903688,1.5446185636513784e-12,6.751885636116961e-05,False,False
KIF9-AS1,0.03808035152953936,1.2889490955299817e-15,0.03488767249955043,0.0007121026033466774,9,0.8888888888888888,0.08664188210470485,42.10333831219775,0.022629775064121466,2.4799380597996847e-15,0.001282851506403565,False,False
AC005562.1,0.03665599081850815,1.3998352867616897e-14,0.03484723775357871,0.00030593768188095426,9,1.0,0.20621583434013965,26.7466258884747,0.02909866763510879,2.619925186507287e-14,0.0006398088042814738,False,False
URB1-AS1,0.03450515352847559,4.3403642780057364e-13,0.03404481578982908,0.0003971068422896108,9,1.0,0.15939840552904536,32.32045341034135,0.032435254329618045,7.878170632908526e-13,0.0007858448880616583,False,False
MIR22HG,0.035807299060967496,5.559353177716283e-14,0.03395502904199768,0.03879123436875589,9,0.7777777777777778,4.483954415680277e-10,86.68569208659021,0.2661779058946224,1.032451304433024e-13,0.04936133262267614,False,False
PRR34-AS1,0.03458440657793946,3.838136938723132e-13,0.03321637276821796,0.0007585633468510145,9,0.8888888888888888,0.11445239602067205,38.10498261647087,0.025421612910547575,6.992969195173584e-13,0.0013614513799826043,False,False
HCG11,0.035031754554356795,1.9074170435590587e-13,0.03311429659663608,0.0003431976715789139,9,1.0,0.20665149048988155,26.695974764420317,0.0328438159656804,3.4884699541897613e-13,0.0006994833899553288,False,False
AC092803.1,-0.033503316501732605,2.0063679916180845e-12,-0.033040416411367166,0.0004538357337115133,9,0.8888888888888888,0.19114786632309974,28.5095208554395,0.07000022697868707,3.5743074221048094e-12,0.0008662499520445948,False,False
KMT2E-AS1,0.03762526228112138,2.788473698077964e-15,0.03302470978352453,0.0009625507171146811,9,1.0,0.07602262724848206,43.771260125082215,0.04864153256009155,5.3224438443472246e-15,0.0016714328336901142,False,False
AC018607.1,0.03288563755838997,5.045597431267382e-12,0.032700246437297215,8.22905083794824e-05,9,0.8888888888888888,0.5329035320260307,0.0,0.02079124770184086,8.889862140804436e-12,0.00022362561881655952,False,False
NUTM2B-AS1,0.03238858848150125,1.0470795429495067e-11,0.03230914524930223,0.001799266525443179,9,1.0,0.0266418959649193,53.89682251094958,0.1860090337517246,1.8182139355910207e-11,0.0029436979548917316,False,False
HOTAIRM1,0.020520763030001596,1.6504285915940842e-05,0.03227790083197416,0.07335729699823769,9,0.6666666666666666,7.188550360627684e-16,91.01808934077249,0.3879065755726464,2.261698440332634e-05,0.08755548351402563,False,False
AC245407.2,0.0362329612305422,2.7946278435759666e-14,0.03226151395019033,0.007989868812885064,9,0.7777777777777778,8.302799144082912e-05,75.2156836398011,0.07812606396259644,5.21013950682186e-14,0.01157568343071601,False,False
AL355075.4,-0.03170857397572159,2.794003046963728e-11,-0.03212232385238445,0.00021844730124900461,9,1.0,0.35250620243217473,9.911538993919882,0.04807408584333828,4.8169013103568214e-11,0.0004909960369194916,False,False
AC015982.2,0.03257233484157899,8.004055331521586e-12,0.03193877501375524,6.823882811005195e-05,9,1.0,0.6064133951344689,0.0,0.024082438659009848,1.405091465132074e-11,0.00019083067628450573,False,False
ZSCAN16-AS1,0.037419409623888115,3.941574235886926e-15,0.03189186057231652,0.022336357284377585,9,0.6666666666666666,2.9586763325481547e-06,80.09229797829425,0.08078171459700258,7.464162234100831e-15,0.030094643848138987,False,False
SNHG7,-0.027543006187340485,7.375472533120747e-09,-0.03178883921311217,0.06619367234324243,9,0.7777777777777778,4.879319895695607e-12,88.57398079026044,0.3502508114488646,1.1480913554793136e-08,0.08040191009368587,False,False
AC239799.2,-0.028334861515300836,2.707022342134571e-09,-0.03149196148322926,0.0002887836019820542,9,1.0,0.32013779923573593,13.688072586010314,0.06754885716231218,4.269107365792553e-09,0.0006065716705387251,False,False
AC021054.1,0.038340125627901955,8.263760254479576e-16,0.031098462502173397,0.01723685153208996,9,0.8888888888888888,8.884549125798763e-05,75.08910665213926,0.04510066504755112,1.6027696300018855e-15,0.023962212679003673,False,False
AC006449.6,-0.03075561570849058,1.0688788339450878e-10,-0.0306806424133711,0.0003220569779656987,9,1.0,0.3306087210926285,12.47440254680434,0.03071021631068809,1.8103194335478424e-10,0.0006648472377746826,False,False
AC012368.1,-0.03165293165940347,3.024959629081263e-11,-0.030542260169710088,0.0026752548660452405,9,0.8888888888888888,0.04176772308178866,50.13424499477195,0.06580112127471156,5.196448505671741e-11,0.004205220884208368,False,False
SMARCA5-AS1,0.03240358263088456,1.0244316106270902e-11,0.030491872021881066,4.561621485620306e-05,9,1.0,0.7378703521800679,0.0,0.02977960369521272,1.7853319011290956e-11,0.00013544073670267696,False,False
FGD5-AS1,0.03545349629423885,9.78796757691023e-14,0.030408230220649785,0.005469485114106915,9,0.8888888888888888,0.008726439766541465,60.90083312271995,0.2073677281703113,1.803836170304146e-13,0.008170255713929896,False,False
MZF1-AS1,0.03247616662655001,9.21406539898406e-12,0.030340793860647034,0.002536730707034228,9,0.8888888888888888,0.03399396714886833,51.94530288028167,0.027055859454797004,1.611623802513212e-11,0.0040269553468101115,False,False
NFYC-AS1,0.03187774163088598,2.192815414272158e-11,0.03017434985110426,0.000467696970432383,9,1.0,0.28727669332734507,17.461765149808937,0.020019520167056406,3.794043936204705e-11,0.0008891788252093922,False,False
CTBP1-AS,0.03349654556072227,2.026935063352422e-12,0.02968420973534168,0.0006939219540693413,9,0.8888888888888888,0.24977186872125953,21.739376296795996,0.037383389699706594,3.5976227508210888e-12,0.001254798721456215,False,False
INTS6-AS1,0.035206885453554757,1.44721057677435e-13,0.029479124728402435,0.005102518009515829,9,0.8888888888888888,0.013633124043896694,58.417491270640234,0.02794107633293211,2.656901860413978e-13,0.007693765399928257,False,False
FAM13A-AS1,0.028788653849310154,1.5057250282803016e-09,0.02929817916838292,1.6844621129605726e-05,9,1.0,0.8881115689902104,0.0,0.04441972898744719,2.4222533063639635e-09,6.751885636116961e-05,False,False
HIPK1-AS1,0.03351559877157376,1.969581140643102e-12,0.029136749012467544,0.0022843411437406427,9,0.8888888888888888,0.05462956653117356,47.50919837821851,0.022289307034069502,3.5218160916332052e-12,0.003687141242078017,False,False
AP001056.2,-0.030275325792300637,2.0708229512699824e-10,-0.028725436800171134,0.0008179213447289392,9,1.0,0.22644114148930608,24.409727079367006,0.022198515559388978,3.4827476907722427e-10,0.0014463976721125725,False,False
AC092164.1,0.02817449922668025,3.3234798088075897e-09,0.02870972968168287,0.00013401854759423747,9,1.0,0.6212842740409,0.0,0.033865220055836295,5.224162706001472e-09,0.00033057908406578575,False,False
AP002748.4,0.028720435778339177,1.6454609632620781e-09,0.028678796314883046,0.0004712062827995305,9,0.8888888888888888,0.3555180042101944,9.556014140366154,0.030120071725264683,2.629457552588238e-09,0.00089232370876604,False,False
AC006333.2,-0.03129685239061223,5.012737272553645e-11,-0.028451726432968998,0.0013852132343548525,9,1.0,0.13282090055789575,35.665978554570735,0.030233561068615338,8.550094425880508e-11,0.0023165880556140525,False,False
LRRC8C-DT,0.029969153806124717,3.1403239173371385e-10,0.028356638559192956,0.00013668639316300615,9,1.0,0.6344627963953677,0.0,0.023356106861565657,5.263051582714856e-10,0.00033373682797667995,False,False
AP000873.2,0.027948769616175918,4.427909595615292e-09,0.028240407255812654,0.00030829429123256213,9,1.0,0.4636432878303579,0.0,0.020223800985087585,6.937539138407021e-09,0.0006419461215708328,False,False
AL158152.1,0.02930343548876038,7.657605160508832e-10,0.02823037725332378,0.0005307476648697037,9,1.0,0.3377659244754265,11.640699399310149,0.025943663889960587,1.248579010916864e-09,0.0009818831800089518,False,False
AL161421.1,-0.029800551466139313,3.942788490111471e-10,-0.02819873333175538,0.0004002744232330692,9,0.8888888888888888,0.40657488241085277,3.385735718129364,0.06162471343940646,6.517117744823428e-10,0.0007858448880616583,False,False
CYTOR,0.028686840977343264,1.7188421062491581e-09,0.02816811722745632,0.007332762565353127,9,0.8888888888888888,0.01024088021787416,60.05046951626728,0.19418026647296924,2.7376260036617385e-09,0.010753228030289188,False,False
NIPBL-DT,0.03082281291435802,9.736411930364596e-11,0.02773993507705837,0.0033590970298708945,9,0.8888888888888888,0.033879996037919045,51.973539383740565,0.047779013550626574,1.654845985337587e-10,0.005262950069602281,False,False
LINC01409,0.029437172477703194,6.411966576355848e-10,0.02772644088728756,0.0002819113963365452,9,1.0,0.5126782542771664,0.0,0.03543137299407533,1.052612943080943e-09,0.0005973541041316222,False,False
LIPE-AS1,0.02977102337704255,4.1025792823975497e-10,0.02770620635249117,2.4046900224297935e-06,9,1.0,0.9829059965245187,0.0,0.058174637401546554,6.758015872716512e-10,2.0763704315927294e-05,False,False
AC025159.1,0.033962620061418224,9.998545416127782e-13,0.02754409793729167,0.022583677832679658,9,0.7777777777777778,4.000891205990514e-05,76.49597132833684,0.0889983430555925,1.8012360843286379e-12,0.030259358283474116,False,False
ZNF687-AS1,0.028544933473864435,2.065582797228381e-09,0.027223800579535575,6.191090071277484e-05,9,1.0,0.809548066150193,0.0,0.020496175409129156,3.2682412021935898e-09,0.000176207948182513,False,False
RPARP-AS1,0.02753167898537428,7.480516491353462e-09,0.02717393797031205,4.169799943443333e-05,9,1.0,0.8558304996952436,0.0,0.02292484735683317,1.1606865910777468e-08,0.00012939830792233826,False,False
AC018529.2,-0.030501517587045876,1.518515918271549e-10,-0.026892131177856656,0.005759248743462739,9,0.8888888888888888,0.03310887933754058,52.1660562709609,0.021653766711305835,2.562828619960053e-10,0.008576466395063707,False,False
AC025171.2,0.029899985519258182,3.4481256791101476e-10,0.02689048516968021,0.00025496467548717693,9,1.0,0.5808624750407119,0.0,0.06303198129695474,5.758848790458267e-10,0.0005474911112023754,False,False
Z93241.1,-0.02125788844011098,8.10629336764879e-06,-0.026646889642685308,0.02324651205566719,9,0.8888888888888888,0.0001231524424422082,74.45828523883695,0.1523934902512709,1.13677175213967e-05,0.03105992305215533,False,False
AL645728.1,0.03133082305649004,4.778051992715458e-11,0.02660971190567593,0.0025819183234249855,9,0.8888888888888888,0.06709381336779327,45.259048675005346,0.029212156978459445,8.17880074197913e-11,0.004071812175630879,False,False
AC215522.2,-0.027288184005981393,1.0124593980748047e-08,-0.026499970896966065,0.016093374462544743,9,0.8888888888888888,0.001960763056192065,67.21740500507192,0.05048005992237216,1.5658937957362735e-08,0.022634248878608248,False,False
LINC01003,0.02884661110872389,1.3961511725232076e-09,0.02647596685344887,0.0008842072415572002,9,1.0,0.32642679869747315,12.959936454836132,0.10767868897111599,2.2535191744418215e-09,0.0015522032233175665,False,False
LINC00623,0.0338846865909019,1.126004278324454e-12,0.02636850750319473,0.054102524174817875,9,0.8888888888888888,2.363763742441576e-07,82.61351486549515,0.07855732346732906,2.020925589082322e-12,0.06689797976372082,False,False
AC008957.1,0.029147059840768742,9.415017536753203e-10,0.026191874655041483,0.004389775792608899,9,0.8888888888888888,0.08580984364043817,42.23060552267778,0.020064915904396668,1.5299403497223954e-09,0.006745949380974059,False,False
GAS5,0.029313583258514134,7.555345974652075e-10,0.025517977680526865,0.10773952223452112,9,0.6666666666666666,4.850264702926595e-11,87.69022891021646,0.5689901718231173,1.2360957189821932e-09,0.12608931920877045,False,False
AC133552.5,0.024095497662486448,4.232816841126919e-07,0.025481364767657253,0.0002212802452830016,9,1.0,0.6830796415621763,0.0,0.02505844701182548,6.245352455773153e-07,0.0004950502231680175,False,False
AC078883.1,0.02540482362531365,9.653907831500088e-08,0.025314095803447154,0.00016157407116614938,9,1.0,0.7453958428817505,0.0,0.02081394557051099,1.4602294550162082e-07,0.00038096631485744046,False,False
DLEU2,0.029835704103679722,3.7604704831372403e-10,0.025017567594205807,0.031033306826168252,9,0.8888888888888888,0.0008823520641724292,69.74431965938854,0.1294232471571054,6.237194146169009e-10,0.040562555933116654,False,False
STARD7-AS1,0.024929824689974577,1.6644254624088418e-07,0.02490664070118948,0.0001241193034118004,9,1.0,0.800655301223888,0.0,0.03207208843089595,2.4940456305877035e-07,0.0003109447132347708,False,False
AC010226.1,0.026413584906988617,2.9402479389883857e-08,0.024888016004495448,0.0002479263155854921,9,1.0,0.69164666433853,0.0,0.027396327484848968,4.5184001873910977e-08,0.0005420570808937349,False,False
AC108134.3,-0.02480250754866396,1.922908023869632e-07,-0.024437858255287454,0.0003446707240505622,9,1.0,0.6518977790019016,0.0,0.0443516353814368,2.8724185077058786e-07,0.0006995215960688624,False,False
GARS-DT,0.026964515047318498,1.5079595081084684e-08,0.024136488778932506,0.0008101321524786822,9,1.0,0.4779936982552597,0.0,0.13523390153665715,2.3247709083338887e-08,0.0014379098352112405,False,False
AL392172.1,0.024105168788239748,4.1879810264928195e-07,0.02410611818717066,0.004222530151717121,9,0.8888888888888888,0.10492353476579944,39.425998326653385,0.03697482806364424,6.198211919209373e-07,0.006530665604424229,False,False
AP006621.3,0.028892634362255323,1.3147131108529608e-09,0.023804815079651924,0.022102666775647165,9,0.8888888888888888,0.0017289425456835162,67.64687142043537,0.02292484735683317,2.1292155094958726e-09,0.029863434604174958,False,False
AC004847.1,0.025595789802995823,7.734179686685281e-08,0.023708159205574272,0.016047316741444283,9,0.6666666666666666,0.008921423827685898,60.78590670575782,0.04480559275483942,1.1809969616811493e-07,0.022634248878608248,False,False
AC025171.1,0.029885461036773482,3.5164058595767245e-10,0.02345602517529599,0.011471758625758409,9,0.7777777777777778,0.019853203879526916,56.01741008475825,0.0203826860657785,5.852564769745344e-10,0.016471390743253118,False,False
AL031963.3,0.023265682090834346,1.039903417502554e-06,0.023381323534035704,0.0003812217627000361,9,1.0,0.6894904554269012,0.0,0.028213450756973683,1.5111587426547688e-06,0.0007640319494113223,False,False
LINC00863,0.028736331178740557,1.6118134347918703e-09,0.023312835601593866,0.028632886220326552,9,0.7777777777777778,0.0017420384429124923,67.62147333709572,0.025217332092516396,2.584274207116299e-09,0.03783631393400294,False,False
AC005332.1,0.021714988804329954,5.156148030806328e-06,0.023310950049001456,0.03808470249898121,9,0.7777777777777778,0.0008128569030025446,69.97952959801454,0.07385886465261052,7.3159504507901e-06,0.04859082732628637,False,False
SPAG5-AS1,-0.023058163965707167,1.2960458891815633e-06,-0.0232243108596502,0.03217616783238071,9,0.8888888888888888,0.001297042068918503,68.58196536808624,0.060353632793879126,1.8777050382419635e-06,0.04171627150235882,False,False
AC017083.2,0.02865991176885454,1.7799571456597803e-09,0.023151726961502087,0.041486086820739045,9,0.6666666666666666,0.00015020176576939457,74.05716408389608,0.04264929523117698,2.8256085381595854e-09,0.052512652002040736,False,False
AC027097.1,0.025165080348575505,1.272405996151522e-07,0.023119993221996465,0.004446317634165171,9,0.8888888888888888,0.18706257037092935,28.991702585420082,0.02487686406246443,1.9185808280529217e-07,0.006789456450899832,False,False
AL391807.1,-0.02512324069423754,1.3348880582584322e-07,-0.022972652342646997,0.02006119223215077,9,0.7777777777777778,0.00444732207341351,64.06972110893967,0.02864471026170617,2.0065036125697058e-07,0.02733550556278901,False,False
SREBF2-AS1,0.025758889111576075,6.39203125428483e-08,0.02295817201318759,0.015159120011107115,9,0.8888888888888888,0.01148470255420357,59.414419075265315,0.03352475202578433,9.791614755767526e-08,0.021445696251007416,False,False
ADAMTSL4-AS1,-0.022262108331322757,2.9652902343423095e-06,-0.02295295252114719,0.0018837580040330503,9,1.0,0.3508948479208231,10.10142612946292,0.05279524252672552,4.2449541747578895e-06,0.0030714833896267704,False,False
AC009951.6,-0.023268276949941616,1.037032126203797e-06,-0.022809034661473646,0.005040486596726454,9,0.8888888888888888,0.1664425386482686,31.460724937081025,0.03450076037859996,1.5111587426547688e-06,0.007624132242218315,False,False
ST20-AS1,-0.020515326778989037,1.6589635329514845e-05,-0.022776725133619488,0.022584427492239517,9,1.0,0.004811624878005234,63.73009689117084,0.0337971264498259,2.2669359640615454e-05,0.030259358283474116,False,False
ASMTL-AS1,0.02339209431526945,9.085517838677169e-07,0.022599714706604893,0.0025208579946125217,9,1.0,0.2884679959790813,17.325633202569758,0.020882039176521382,1.3283082311257502e-06,0.0040269553468101115,False,False
ENTPD3-AS1,0.023013719245196747,1.358305734372589e-06,0.022553404188060792,0.0008601785021247326,9,0.8888888888888888,0.5668033391970668,0.0,0.022811358013482514,1.9619971718715177e-06,0.0015155525989816719,False,False
AF213884.3,-0.019342314310118642,4.903703242233699e-05,-0.022496384145750094,0.0358667876112938,9,0.7777777777777778,0.000570378704911433,70.95006285318328,0.11884604035682383,6.49774451656862e-05,0.046128141286182665,False,False
AC100810.1,-0.02179777026013565,4.746000720336763e-06,-0.022232873070842766,0.00580090987951522,9,0.8888888888888888,0.1463554722361083,33.93984267297433,0.15958871461970023,6.7539241020177015e-06,0.00861184460508278,False,False
AL135925.1,0.024333260885409894,3.2540707183690843e-07,0.022214540394168623,0.02205187708596991,9,0.8888888888888888,0.0065221760931827265,62.34563689476998,0.062419138842861044,4.845845249336005e-07,0.029863434604174958,False,False
AC004865.2,0.024222364414715286,3.679792692325456e-07,0.022118996973213404,0.025816959472417078,9,0.7777777777777778,0.00236243612819483,66.55703755966422,0.04791520076264736,5.462902114223902e-07,0.034303750017217166,False,False
DHRS4-AS1,0.02544805608697993,9.182563231007319e-08,0.022033500290907813,0.033475797252686845,9,0.8888888888888888,0.0015094929362422934,68.09617881710118,0.03275302449099988,1.3933163766922776e-07,0.04328456580253326,False,False
RARA-AS1,0.022924401673644457,1.4922363684337013e-06,0.022024682430665795,0.007604859427772968,9,0.7777777777777778,0.07863947883393717,43.35095199668583,0.13439408039586256,2.1489990814868572e-06,0.011084658741693326,False,False
AC008124.1,0.024091874535552327,4.2497327862419346e-07,0.02187911105394303,0.012133544495364895,9,0.8888888888888888,0.03540947523245107,51.5990944723841,0.04550922668361348,6.2511359944415e-07,0.017369746732947958,False,False
NORAD,-0.013695132242474123,0.004045030741754165,-0.02174943942081102,0.01728742516919149,9,0.8888888888888888,0.01726026253657914,56.948327058713,0.36012438432038063,0.004839949718367546,0.023963260825305782,False,False
TTC28-AS1,0.02204678353855333,3.69217620856815e-06,0.02169461183658148,0.003941519199685246,9,0.8888888888888888,0.2572911266381382,20.88171155177654,0.07808066822525617,5.269842006888072e-06,0.006135503996921046,False,False
SENCR,-0.021228328702564404,8.344434663194786e-06,-0.021152953570821854,0.012376067305431906,9,0.7777777777777778,0.07695569793921649,43.620642330817105,0.022584379326781204,1.163383499419331e-05,0.01766435719261943,False,False
AL355001.2,0.02142317016038503,6.889943777121299e-06,0.020581929979867197,0.004627311617815085,9,1.0,0.2690952423401855,19.536159869586893,0.029189459109789314,9.690242563729079e-06,0.007021252013151596,False,False
AL355881.1,-0.025589281328791524,7.793044046937405e-08,-0.020522832947581112,0.005190514280494292,9,0.8888888888888888,0.2541652743323296,21.238161031998064,0.04226343146378475,1.1862196792964847e-07,0.007801991777867982,False,False
LINC00528,0.02124068056752319,8.244122519554192e-06,0.02023108632173194,0.004493553987136779,9,0.8888888888888888,0.3345976372278177,12.010196723826708,0.08754567946070367,1.152739224391153e-05,0.006839871733584781,False,False
PXN-AS1,-0.018314333726789332,0.00012087342000427404,-0.019961922156191622,0.07202461545050225,9,0.6666666666666666,9.597193600112649e-05,74.94315055764132,0.04099235081825742,0.00015671190032899142,0.08617870654649647,False,False
DDN-AS1,0.021599096106361605,5.787742604809621e-06,0.01995785796720158,0.012768366908922156,9,0.7777777777777778,0.10063280185359677,40.03595174809149,0.026306829788682682,8.163941914702134e-06,0.018170368293466143,False,False
ZNF674-AS1,0.022476762595090825,2.3784634990647904e-06,0.019802980143550645,0.06026546643912679,9,0.7777777777777778,0.0023532424249480266,66.57116338678316,0.025194634223846265,3.41504759119452e-06,0.07376002380972006,False,False
AL135999.1,-0.019224468499614084,5.4502830736505446e-05,-0.019772003856647,0.031428931395242735,9,0.8888888888888888,0.017928486127286026,56.700279017808356,0.027010463717456742,7.182427831303868e-05,0.04096833604637332,False,False
AC008537.4,0.021016308548163894,1.02593124998542e-05,0.01965424311048827,0.005460738898534149,9,0.8888888888888888,0.3185222707283919,13.874746630922921,0.021154413600562954,1.4180256644913419e-05,0.008170255713929896,False,False
BX284668.5,-0.01794734789329101,0.00016502155464443203,-0.019642590760936014,0.019023647812375807,9,1.0,0.06829410484014628,45.05377104175176,0.04934516648886561,0.00021223360370045937,0.025995382379979438,False,False
AC012645.3,0.02094091092267172,1.1036344224379956e-05,0.019407555222281582,0.01620764003482149,9,0.8888888888888888,0.09937425345880266,40.21682221767022,0.02957532287718154,1.5210548916695584e-05,0.02272849812463305,False,False
SNHG16,0.02789466746466864,4.74157112224188e-09,0.019293700830065354,0.10614986283603933,9,0.5555555555555556,1.4069819287094158e-06,80.91219514880365,0.26733549719680016,7.404856200643975e-09,0.1245319122539876,False,False
BASP1-AS1,-0.021038189609376146,1.0043776472690732e-05,-0.019257200468082117,0.030718836003851276,9,0.8888888888888888,0.024785662674821116,54.439710581944986,0.026193340445332027,1.3922352977994935e-05,0.04026092675164159,False,False
AL627171.1,0.019548813148972013,4.069033086293564e-05,0.019054829782756477,0.00041359406235149786,9,1.0,0.8724254839634319,0.0,0.024672583244433253,5.436680318075567e-05,0.0008011738180389133,False,False
AL353807.5,0.019500136516416952,4.252681421751763e-05,0.018798606379665628,0.004355795807020193,9,0.8888888888888888,0.42848160396090396,0.6363366975526404,0.06453004062918384,5.6663151353534573e-05,0.006715185202489464,False,False
ZFAS1,-0.023821659841454727,5.712941950126719e-07,-0.018765071976454162,0.07189338265535206,9,0.6666666666666666,0.0011416940381372604,68.97784656160478,0.7395192591419676,8.377820359789487e-07,0.08617870654649647,False,False
FTX,0.01978690482094538,3.274103578899271e-05,0.018757164715908922,0.07752829999895212,9,0.6666666666666666,0.0002465052734573159,72.99285352210197,0.09194906598271042,4.436179778733942e-05,0.09207682049258265,False,False
AC020765.2,0.019742008343307037,3.4117123157864636e-05,0.018718310341141547,0.005953960139990221,9,0.8888888888888888,0.3517884621117135,9.996147278836883,0.02553510225389823,4.609645010936205e-05,0.008811861007185527,False,False
SNHG6,0.02022352327969707,2.184155251352709e-05,0.018716967726433102,0.11689368960290816,9,0.6666666666666666,1.906544880648257e-05,77.65661949281692,0.5225503325239867,2.9761435577922183e-05,0.13581126738888605,False,False
LINC01637,-0.018584488709057642,9.577016634872281e-05,-0.018611029218579888,0.0009218264070077517,9,0.8888888888888888,0.7912784716540284,0.0,0.07465329005606534,0.0001248386179234029,0.0016065163107635092,False,False
AC010642.2,-0.018724314935309464,8.47970115808258e-05,-0.018114477094116233,0.002269982943718572,9,0.7777777777777778,0.6521015185123169,0.0,0.09251651269946387,0.00011113722771219948,0.0036763023431940507,False,False
AL691432.2,0.021633209504729134,5.594523958303294e-06,0.01782497302173519,0.055585632316991165,9,0.8888888888888888,0.005336293111642675,63.272288654495156,0.03440996890391944,7.91460595277613e-06,0.06855561319095577,False,False
AC016831.1,0.016735974451954183,0.00044309896515396674,0.017799331015920888,0.0017631617744744226,9,1.0,0.7269785915412114,0.0,0.035272487913384415,0.0005608700058922579,0.002894473766287363,False,False
AL451123.1,-0.01956817707263598,3.998089882563494e-05,-0.017721034437154868,0.014144715200063263,9,0.8888888888888888,0.22918464708775638,24.094633364223032,0.020541571146469418,5.371735289142571e-05,0.02006964015112221,False,False
AC004817.3,-0.019334990872395836,4.936096932291588e-05,-0.01769812539826111,0.003640612295252103,9,0.7777777777777778,0.5693846315910536,0.0,0.02178995392332662,6.522699517671027e-05,0.0056855016688839655,False,False
CD27-AS1,0.017024528864956145,0.0003521534784652319,0.01760573602793767,0.0006608137930289193,9,1.0,0.8771359871508944,0.0,0.03806432575981052,0.00044692829325007003,0.001203982706238296,False,False
CPB2-AS1,0.019556409376868124,4.041061724430652e-05,0.017502715334516847,0.002411073396253806,9,0.8888888888888888,0.6834342537805522,0.0,0.06017204984451808,5.414347324376444e-05,0.0038657543453269353,False,False
AC005264.1,-0.018269159542799892,0.00012563386733301918,-0.017436760127581163,0.018405001306788932,9,0.8888888888888888,0.1741696157414583,30.52787396368169,0.02315182604353448,0.00016244594136339307,0.02529373036732993,False,False
AC116366.1,-0.016625897374668932,0.0004832410418749212,-0.01734356021437553,0.03683347636783681,9,0.6666666666666666,0.046768389558972216,49.067849798301616,0.02197153687268767,0.0006084789035126626,0.04712517976996804,False,False
SERPINB9P1,0.018133324938437726,0.0001410349194140127,0.017333210028130756,0.017007689992096467,9,0.8888888888888888,0.17884179266958128,29.968467047057356,0.024990353405815086,0.00018187076739447752,0.023712170684633046,False,False
LINC00921,0.019471623895354957,4.3638781214188545e-05,0.017240870060163033,0.01864354797903174,9,0.6666666666666666,0.18716587844824623,28.979484279633365,0.02149488163061492,5.7984126419957706e-05,0.025548565749043496,False,False
AC145207.2,0.021148224053835023,9.023859047625178e-06,0.0170744139475276,0.016841653926322336,9,0.8888888888888888,0.22978278146067288,24.02598503562258,0.020405383934448632,1.2544728907247717e-05,0.0235489405190728,False,False
MED14OS,0.018683158619954312,8.789684606798966e-05,0.016739949066612976,0.04689506355231324,9,0.7777777777777778,0.040321812470103344,50.45563256274305,0.030233561068615338,0.00011488691021386692,0.058588378100422514,False,False
LINC01002,-0.016185515080406485,0.0006802278190783258,-0.016676702699088507,0.026519915533091055,9,0.8888888888888888,0.07057493642745707,44.66842788488039,0.03000658238191403,0.0008520562004600904,0.03514071452180936,False,False
AC079630.1,0.018534596965876463,0.00010000032445877535,0.016516983420179134,0.006982491652222204,9,0.8888888888888888,0.4924687116221109,0.0,0.022652472932791597,0.00013000042179640796,0.010302387989935213,False,False
AL450998.2,0.020543225488306352,1.615604084012843e-05,0.01625808773812471,0.03683797836488146,9,0.6666666666666666,0.04442485590947135,49.55937976432028,0.07483487300542645,2.2203016126005073e-05,0.04712517976996804,False,False
AP001189.1,-0.013711288077622622,0.004001797702150047,-0.016163649363528942,0.042691667921384444,9,0.7777777777777778,0.06086826753009058,46.35392340442878,0.029257552715799707,0.0048001613335016775,0.053714333218343395,False,False
THAP9-AS1,0.014594142458859111,0.0021887273092029646,0.01603596952624013,0.1318143848087911,9,0.7777777777777778,0.0003091251130702092,72.47359764079394,0.14569761899358433,0.0026925264340834426,0.1506002828813029,False,False
CAHM,-0.017255870459156313,0.00029218428721033084,-0.016010167594162815,0.007086246260638558,9,0.8888888888888888,0.5358342293234659,0.0,0.03736069183103646,0.00037180064060362205,0.010423499851275676,False,False
FAM157C,-0.013677163977902607,0.004093611472942803,-0.015417834601742413,0.011346001668400961,9,0.8888888888888888,0.45036318310657386,0.0,0.0633043557209964,0.004885923370931732,0.0163396012050924,False,False
LINC00662,0.01778855795695944,0.00018848870311907203,0.015411989056543621,0.052643057389187925,9,0.7777777777777778,0.04599695179038137,49.22813646873262,0.03425108382322852,0.00024176817653406306,0.0652611098046376,False,False
AC008443.1,0.017695298902278292,0.0002036976086569176,0.015308375198428748,0.0800828047239002,9,0.7777777777777778,0.015624827911810017,57.582881817064234,0.022629775064121466,0.0002605812493722802,0.09464331467370024,False,False
LINC01678,-0.020156271724369547,2.3258982230927104e-05,-0.01529086353646574,0.1838994272457948,9,0.6666666666666666,6.7323299994766e-06,79.09182363135417,0.10293483441905717,3.160330636462129e-05,0.20458940950169952,False,False
AC104794.3,0.015016143209577032,0.0016218926590772392,0.015020701665677504,0.02993632450383734,9,0.8888888888888888,0.20403620268046344,27.000283941899678,0.032934607440360926,0.002010645280969464,0.03934254668400481,False,False
DOCK8-AS1,0.01533304423026407,0.0012887781728451219,0.014956161780601133,0.0004975427939828136,9,1.0,0.9620313343458944,0.0,0.023469596204916312,0.0016101358471129965,0.0009311987700612194,False,False
UBR5-AS1,-0.014170197774104915,0.002936048478911937,-0.014947178258404638,0.039530325956984476,9,0.7777777777777778,0.13706619155052369,35.11888904419943,0.037133713144335154,0.003557277879991541,0.05016909442034178,False,False
MIR4435-2HG,-0.01424355517248827,0.0027920148842795864,-0.014878355987994423,0.10004654486824362,9,0.7777777777777778,0.01518531704475665,57.76074919127792,0.09841795855369972,0.0033913110084305077,0.11765865056632073,False,False
LINC01136,0.019116189966016228,6.0029437201405515e-05,0.014649996407396795,0.16415203797963165,9,0.6666666666666666,0.0003040632125578389,72.51221903242529,0.023810064234968276,7.88911456116832e-05,0.18447927632757669,False,False
TMEM44-AS1,-0.014585949859452841,0.002201340766901123,-0.014430849801461795,0.0025682077013084443,9,0.8888888888888888,0.8622455749613412,0.0,0.09510406972785959,0.0027011349716312247,0.00406351284318869,False,False
AC023157.3,-0.015012404583894415,0.0016262574028397922,-0.014345242407487534,0.007943061897642977,9,0.7777777777777778,0.6607794623321347,0.0,0.022312004902739633,0.0020108735495268384,0.011542636775728919,False,False
AL590764.1,0.015143818223251606,0.0014791513226440668,0.014322303749159762,0.03179010743227328,9,0.7777777777777778,0.24697037364804955,22.05916044517374,0.02937104205915036,0.0018431911559372955,0.04132713966195526,False,False
AC008440.1,-0.014450792265795187,0.0024192799630239686,-0.014105671126432328,0.0663616254572042,9,0.8888888888888888,0.08587603599300163,42.22046114873472,0.021245205075243478,0.0029610016850242465,0.08040287618366554,False,False
ADPGK-AS1,0.01481051502022304,0.0018786551459755612,0.01404786936641905,0.05166457455834343,9,0.7777777777777778,0.13439786357349112,35.46210951241848,0.036452777084231225,0.0023170080133698588,0.06421359266812195,False,False
MBNL1-AS1,-0.013979554935078178,0.00334263152051872,-0.013998558133871462,0.05815254494896255,9,0.7777777777777778,0.1101617932972898,38.69441440101978,0.03538597725673507,0.00402958837435966,0.07135554622564026,False,False
LINC01465,0.01637187496600453,0.0005891736691551543,0.013838790373289948,0.04947864360514217,9,0.7777777777777778,0.13169289593655423,35.812289656413974,0.02816805501963342,0.0007399282894611729,0.06165602998464607,False,False
AC090517.5,0.012516311377812374,0.008609780132168303,0.013795773243645896,0.06958373845774818,9,0.7777777777777778,0.07949354055228326,43.215165753728805,0.02056426901513955,0.010200256757568851,0.08388415588515508,False,False
LINC02352,-0.012412040887298139,0.009179814819832117,-0.01377097092960514,0.0178376832731993,9,0.8888888888888888,0.4768177495596033,0.0,0.020882039176521382,0.010848872059801593,0.024654958777036964,False,False
TUG1,-0.007588823321531946,0.11119306070666504,-0.013606715158093282,0.07607673573050476,9,0.8888888888888888,0.04052762518010222,50.40949638885267,0.16519508818122086,0.12266940871538047,0.09057650961973462,False,False
AC003102.1,0.013884529294301364,0.0035638772014337052,0.012751022586653197,0.04192746336078202,9,0.7777777777777778,0.275451396592871,18.811474657148214,0.026216038314002158,0.00428556233472403,0.05293204692004239,False,False
TIPARP-AS1,0.012202952699088217,0.010425331996406455,0.01271178898192484,0.0074034200951141015,9,1.0,0.8102121656495921,0.0,0.03661166216492214,0.012290648750665453,0.0108238451846501,False,False
AP001816.1,-0.012638030312728032,0.007984540829379218,-0.012326738411887526,0.018216942416353705,9,0.7777777777777778,0.6338053618413986,0.0,0.02508114488049561,0.009482874417114578,0.025107018058069145,False,False
CHROMR,-0.01437984517935664,0.0025414234243383758,-0.011996673835466282,0.0290203691112408,9,0.8888888888888888,0.5161451621914812,0.0,0.02058696688380968,0.0031026006779359358,0.03824328093837486,False,False
AC004943.2,-0.015127623661420612,0.001496592778160679,-0.011910205435824711,0.17164937568088556,9,0.7777777777777778,0.006315198200975669,62.49816553409138,0.023991647184329324,0.0018601062694968648,0.1915622962935173,False,False
AL078459.1,-0.01213999208280796,0.010828759903036262,-0.011871902628259502,0.08287721846531734,9,0.8888888888888888,0.17182593297942259,30.80976271625941,0.020473477540459025,0.012735045264939956,0.09770574039661187,False,False
AL390728.6,0.012033463053040025,0.011543033987514526,0.011824194049384923,0.05673331320754244,9,0.6666666666666666,0.28979007114093286,17.174515155452145,0.02952992713984128,0.013541949629254845,0.06979213210441922,False,False
NUP50-DT,0.01426112587880522,0.0027584876655724995,0.01151528396525186,0.06855324421284803,9,0.7777777777777778,0.24800628318534987,21.940895085456855,0.031164173684090708,0.0033590697902287905,0.08284952378487412,False,False
AC026785.2,-0.012003835363964908,0.011748978325636431,-0.011033890756364158,0.12396643302878474,9,0.6666666666666666,0.05670000072618035,47.11864592998268,0.07000022697868707,0.013750020862849448,0.14333618818953234,False,False
AC091271.1,0.011279301353634023,0.01790841282607462,0.011004490802614128,0.1545975800351452,9,0.6666666666666666,0.055787792803790696,47.2897950015082,0.07177066073495783,0.020706602330148777,0.17414856205364132,False,False
CT70,-0.011932251653059164,0.012260068698461572,-0.010990104208378008,0.07047778009784572,9,0.6666666666666666,0.29530103336033764,16.54405831870827,0.02791837846426198,0.014278675651234906,0.08474953056765948,False,False
AL118516.1,-0.019697438641891177,3.553740805504305e-05,-0.010884586684109996,0.5848162373540639,9,0.3333333333333333,7.259642215630475e-31,95.0507341290799,0.1636289352429823,4.7880933541948764e-05,0.6141847383565605,False,False
AF117829.1,0.010560911275988872,0.026642998070869464,0.010839522104166369,0.021909966248385464,9,0.8888888888888888,0.7422765256818014,0.0,0.06661824454683653,0.03051257636211479,0.029770321371393807,False,False
MINCR,0.01198341260203743,0.011892829603649945,0.010722345475521552,0.12777759647983844,9,0.5555555555555556,0.08050540031530054,43.05514516919787,0.02458179176975273,0.0138845899013486,0.14703594236077103,False,False
AC005332.6,-0.010777584643290209,0.023685630052589786,-0.010561934760574055,0.024700923752397772,9,0.8888888888888888,0.7402097742474402,0.0,0.030801007785368612,0.027190424952973,0.0329117571326962,False,False
AL139384.1,0.013208213567702649,0.005564213216369541,0.010525123532635974,0.06362010863372115,9,0.7777777777777778,0.39673601527989893,4.598593971196063,0.030664820573347826,0.006624719200677597,0.07747157532359462,False,False
YTHDF3-AS1,0.008937829207481833,0.060653483003563685,0.01019948128191508,0.010161057646670104,9,0.8888888888888888,0.9158702114107389,0.0,0.03443266677258957,0.06848433174815524,0.014677083267412372,False,False
AL353719.1,0.011243358067617898,0.018276834963143567,0.01016571682879152,0.12809888938601396,9,0.7777777777777778,0.12829082518705726,36.25609309776493,0.02083664343918112,0.021081912751251933,0.14705385631186807,False,False
AC024909.1,-0.008966011402452997,0.05984570403438867,-0.010076354263537706,0.15433385954970782,9,0.6666666666666666,0.08006494813742625,43.12468796217809,0.047552034863925265,0.06773125562480224,0.17414856205364132,False,False
WAKMAR2,0.017324507804946723,0.0002763223655307333,0.01004560797310184,0.3895839715176349,9,0.6666666666666666,1.4568804920886616e-06,80.87537613670622,0.07024990353405859,0.0003525492249874873,0.41921675682322684,False,False
LINC01506,-0.008840619782048744,0.06350939106465466,-0.010032518865365525,0.15323085174049503,9,0.6666666666666666,0.10561620643151749,39.32846087986201,0.03633928774088057,0.07154102365831122,0.17342126985218378,False,False
AC103591.3,-0.009614133697635193,0.043594082837537476,-0.009960888755301215,0.061348795155654605,9,0.7777777777777778,0.495298685735133,0.0,0.030165467462604945,0.049571522091857036,0.07489535652251235,False,False
AC243829.1,0.007683688513760435,0.10679540368351981,0.00993588183486366,0.348720966276387,9,0.5555555555555556,5.3361473024615516e-05,76.00858741825898,0.04630365208706806,0.11808871073970811,0.37863382568609966,False,False
RELA-DT,0.011542725999327486,0.015401302390354529,0.009912228547579664,0.11483420879943936,9,0.6666666666666666,0.21132566151461846,26.15351158326626,0.052273191547312504,0.017850666144001274,0.1340661515352678,False,False
AL441992.1,0.008709238240034257,0.06754490657305447,0.009635909741628541,0.16885647060158032,9,0.7777777777777778,0.032132848914223154,52.413533169271744,0.030574029098667303,0.07573216797584895,0.18919866701647137,False,False
AC044849.1,0.01663283984740798,0.00048061231757827433,0.009560933317770644,0.3663498791863386,9,0.6666666666666666,3.0013914646676586e-05,76.96136731013998,0.1190049254375148,0.0006067572828219159,0.39598717278343565,False,False
TMEM202-AS1,0.011900142025034359,0.012495654340564544,0.009371501509296746,0.11582584546602838,9,0.6666666666666666,0.2795830640619621,18.340174056125328,0.033388564813763545,0.014517897917419191,0.1348964447195149,False,False
AC020911.2,0.014007083820549805,0.003280915139567371,0.00931297507268134,0.18417300273229914,9,0.8888888888888888,0.05906639150358398,46.68112983239007,0.08498082030097809,0.003965126085758556,0.20458940950169952,False,False
AC079305.3,0.008824624769968531,0.06398978617722141,0.009011435141872502,0.046019646035152406,9,0.8888888888888888,0.7425415851958481,0.0,0.0274190253535191,0.07191375502626986,0.05764440037215705,False,False
AC016831.5,-0.010162232278718075,0.03292286757972484,-0.008795728893823481,0.13066243155770169,9,0.7777777777777778,0.30578174479041303,15.342196892307808,0.042354222938465275,0.03761496272172838,0.14963959423632026,False,False
LINC01588,0.005919655648972619,0.21405320614463233,0.00865913971856261,0.28443944750731887,9,0.5555555555555556,0.012686676789078,58.84264819845245,0.04666681798579016,0.230334658066148,0.31236386815301453,False,False
RASSF1-AS1,0.00849008991878514,0.07474417666227841,0.008536884560441499,0.1358736274255914,9,0.6666666666666666,0.3356607648873949,11.886290694849404,0.021880745398007145,0.08341519483655664,0.154870177231539,False,False
DDIT4-AS1,3.871520108774138e-05,0.9935164638038914,0.008517221510515247,0.5713031130026629,9,0.6666666666666666,4.574631890095496e-14,90.01788465608371,0.0671402955262497,0.9955862897701494,0.6013059023069603,False,False
AC083862.3,-0.010007382581847414,0.03568325307002139,-0.008431615467072247,0.042770456595895054,9,0.7777777777777778,0.826595671940153,0.0,0.024740676850443646,0.04067214390208599,0.053714333218343395,False,False
AC025171.3,0.009066194081553347,0.05704609922976663,0.008345241713090635,0.36609049610652544,9,0.6666666666666666,0.002575895321453059,66.24013741625616,0.044011167351384835,0.06471503238093809,0.39598717278343565,False,False
AC124242.1,-0.008135483581973345,0.08771091589710174,-0.008162436030850036,0.03518221555304891,9,0.7777777777777778,0.8862045045428557,0.0,0.025013051274485217,0.09765960774654152,0.04536902327350275,False,False
PYCARD-AS1,0.010883162531424233,0.02235082499084128,0.007829480099327931,0.3339326953375706,9,0.6666666666666666,0.020981562869596588,55.63651429324389,0.02483146832512417,0.02571949000142262,0.3642213751867833,False,False
AL160408.2,-0.006450903102830752,0.17573487503076538,-0.0077013765827453,0.1235685908837735,9,0.6666666666666666,0.5307763282917044,0.0,0.022198515559388978,0.19167454623536995,0.14322046316890374,False,False
AL356512.1,0.007560582880054323,0.11252944879968742,0.00687171386436694,0.2555869958166809,9,0.5555555555555556,0.211158988352576,26.17282538096777,0.04666681798579016,0.12357686043983937,0.28196638758675113,False,False
AC132192.2,0.007263397000833968,0.1273722734291578,0.006798059248695162,0.13672317269449033,9,0.5555555555555556,0.6527892783666663,0.0,0.020450779671788894,0.13955823125153735,0.1554700852625292,False,False
LINC02256,0.0079697697784092,0.09436379926084168,0.006690805494500664,0.3394115475167482,9,0.6666666666666666,0.06807021743796433,45.09192773685596,0.10143677508682807,0.10482445137289803,0.36935962523881416,False,False
SNHG5,0.007797462245572092,0.1017042477771813,0.006600256615848237,0.704944593728619,9,0.5555555555555556,1.7258864580878846e-20,92.8361157123673,0.4568173048552272,0.1127183022599636,0.7292007517923994,False,False
AP003307.1,-0.005093536871732333,0.2850256321075706,-0.006534060685708557,0.24848545035128422,9,0.7777777777777778,0.2954644355207723,16.525350790411704,0.06205597294413895,0.30466073120831433,0.2747620726872821,False,False
AC022098.1,0.006020885924027182,0.2063215440047807,0.0063372393147575175,0.07803063897359384,9,0.7777777777777778,0.9018001556603841,0.0,0.07935174887078389,0.22351500600517907,0.09244516587758285,False,False
FO393401.1,0.008687154147891226,0.06824352317091507,0.006052615333439011,0.43064245209033725,9,0.5555555555555556,0.027316224585019987,53.70532867642195,0.03545407086274546,0.07633752243072128,0.4603089321232271,False,False
AC010173.1,-0.007568108591502509,0.1121720872565633,-0.0058121853119457,0.2461309800147963,9,0.5555555555555556,0.4736619027690654,0.0,0.02079124770184086,0.12346630199177791,0.27278571748183644,False,False
AC007298.1,-0.003878382139562419,0.4156202925843665,-0.005576509489714467,0.48088914325290755,9,0.6666666666666666,0.019559285209305218,56.118869278502345,0.02957532287718154,0.43554109092174353,0.512364101096813,False,False
AP003068.2,-0.004500176534001886,0.34488651387353875,-0.005039343782193851,0.27949968418801036,9,0.4444444444444444,0.5750479239212413,0.0,0.03259413941030896,0.3637947657306406,0.3076415288202128,False,False
AC073046.1,-0.002876413502927294,0.5460189145666922,-0.004905838077499049,0.1439078729491908,9,0.6666666666666666,0.9190640315002927,0.0,0.04255850375649645,0.5599895477752216,0.16325397851075654,False,False
KDM7A-DT,-0.005902718013893838,0.2153669971425229,-0.004899293776400272,0.37402042167531246,9,0.5555555555555556,0.321981507261007,13.474851695417605,0.02367387702294749,0.23123108398561049,0.40337180005790424,False,False
AC009961.4,-0.0043263374473306955,0.36384319109058627,-0.004838959763377005,0.1691381014908164,9,0.6666666666666666,0.8904254928444095,0.0,0.02342420046757605,0.38211479238989515,0.18919866701647137,False,False
AC127502.2,-0.004510888521382866,0.343739376532588,-0.0047105453855763564,0.4814731261866101,9,0.6666666666666666,0.08865325593781297,41.79785966929324,0.0405383934448548,0.3637947657306406,0.512364101096813,False,False
IL10RB-DT,0.005101802016898436,0.2842447266130274,0.004685502611205335,0.42135951429871443,9,0.6666666666666666,0.23159262442183381,23.818366783485164,0.07154368204825645,0.30450270267453494,0.4513895910416072,False,False
AL590617.2,0.006232533637132449,0.1908158576864733,0.004606008692535842,0.39233471858667,9,0.6666666666666666,0.3394911211871801,11.4391945181808,0.026216038314002158,0.20718380936161096,0.42123437419684884,False,False
BAIAP2-DT,-0.002915515864605141,0.5405750054822109,-0.004602131025888936,0.1266121471158978,9,0.7777777777777778,0.9585493927381435,0.0,0.0414917039290003,0.5555909778567167,0.14604422724879337,False,False
AC040169.1,0.004504976619853061,0.3443721752942508,0.004403842440021172,0.3275513983714373,9,0.5555555555555556,0.6155843392298448,0.0,0.02176725605465649,0.3637947657306406,0.35807323321968487,False,False
AC040970.1,-0.0019682940007238444,0.679512210720873,-0.0041998007143555244,0.2921010318536427,9,0.5555555555555556,0.7698017308404655,0.0,0.044260843906756275,0.6924690113490252,0.3200469164501188,False,False
AL132709.8,0.0026408476060899586,0.5793784783303787,0.003880029031840884,0.5265700433898299,9,0.6666666666666666,0.11257635592802202,38.36167351813717,0.0949905803845089,0.5929384001636429,0.5591174191401947,False,False
AL133243.3,0.002336523056625935,0.6238386212424674,0.003726450132958153,0.5519074437845959,9,0.5555555555555556,0.15330375207098437,33.07237473363481,0.02816805501963342,0.6370836025851949,0.582165527325418,False,False
LINC01503,0.005019588519705542,0.2920769460864029,0.0034664982637386058,0.5456083741665462,9,0.4444444444444444,0.241314931617466,22.705274356806562,0.0787616042853603,0.31081639616716766,0.5780564492821777,False,False
SH3BP5-AS1,0.004767357905340994,0.3170036659781336,0.0033247314032709375,0.5495077569371758,9,0.5555555555555556,0.2279781340937467,24.233157060680632,0.0395850829607093,0.336597711557356,0.5809082001907288,False,False
AC079922.2,0.006415595132805456,0.17811114608979048,0.003245723840850388,0.6918206619464067,9,0.4444444444444444,0.007470590878657613,61.687499420145095,0.025194634223846265,0.19382683545065432,0.7171675396470293,False,False
AC092944.1,0.005071237258520236,0.28713977161242865,0.0031075859122242614,0.6407133887807398,9,0.5555555555555556,0.10188421235460693,39.857006344499716,0.03604421544816887,0.3062399781498408,0.6699633478337735,False,False
AC083799.1,-0.003040097505128843,0.5234134544109205,-0.0025628268908395283,0.6595550140535686,9,0.5555555555555556,0.23140596256493062,23.8397732150516,0.030324352543295862,0.5391046500463657,0.6866795709085854,False,False
AC090114.2,0.0005134463108721021,0.9141796522078648,-0.0025327139998757224,0.7353296238274398,9,0.5555555555555556,0.033323905377587,52.112112009914945,0.02249358785210068,0.917996686246311,0.7557554467115354,False,False
AC003681.1,0.0031678081508082767,0.5061156634086406,0.002481721379422989,0.6501706875729505,9,0.5555555555555556,0.27183871135694176,19.223408213229778,0.035272487913384415,0.5257918663057367,0.6783776588342498,False,False
AL022069.3,0.003068246986395942,0.5195748480182533,0.0024613876894001648,0.6187891646586667,9,0.4444444444444444,0.43663485129838386,0.0,0.034795832671311665,0.5374526922511395,0.648447904576947,False,False
AC068587.4,0.00600437223865078,0.20756877327799067,0.0023619991782898404,0.6781471079473278,9,0.4444444444444444,0.2340630953711909,23.535190870902326,0.06968245681730514,0.22431562165374655,0.7045113583642866,False,False
RAB11B-AS1,-0.0030872729541266295,0.5169886217149329,-0.0023310582873535025,0.7101146350120114,9,0.6666666666666666,0.15768847611833497,32.53062040408725,0.032253671380257,0.5359300151829368,0.7329724022334281,False,False
SNHG30,0.00599876807929942,0.20799327912176915,0.0022433203424298874,0.7961368903819686,9,0.5555555555555556,0.0032487436570153186,65.35520785449572,0.08150804639444699,0.22431562165374655,0.8165071306476053,False,False
FOXN3-AS1,0.000527335729246297,0.9118674352992644,-0.0021403437340636413,0.7335882694446942,9,0.4444444444444444,0.15053536951593718,33.41662546381256,0.02553510225389823,0.9175904526756196,0.7555802089997814,False,False
AC027644.3,0.004391003778491336,0.3567166887521469,0.0014753010849412876,0.8122737371472135,9,0.6666666666666666,0.13925923578372487,34.83838161825143,0.09201715958872084,0.3754501691242509,0.8295194640505514,False,False
AC004854.2,0.0036519357960274504,0.4433709148339703,0.0013987528502909512,0.8041882034015122,9,0.5555555555555556,0.22968717446590087,24.036956810254537,0.08382322899880106,0.4626060955209104,0.8230096294385688,False,False
AC244090.1,-0.0009638742222469923,0.8396750182763995,-0.0009785202303910492,0.8421800185924816,9,0.5555555555555556,0.43614430840130836,0.0,0.03699752593231437,0.846716318220017,0.8582385358961517,False,False
AP001269.4,-1.8711354449419028e-06,0.9996866422686783,0.0007307155817149454,0.8966591112278701,9,0.6666666666666666,0.2744276122516883,18.928224137409874,0.027623306171550278,0.9996866422686783,0.911824593024536,False,False
Z93930.2,0.003624551321142961,0.4467971353633,0.0006330069580369473,0.9331381107708355,9,0.4444444444444444,0.01689653211548782,57.085961263031116,0.023333408992895526,0.46517190932845737,0.9469186313940334,False,False
AC087239.1,0.006645351114827249,0.1630704174169742,-0.0005437735202624706,0.9510824132808595,9,0.5555555555555556,0.0010975368802768812,69.09799400555418,0.10223120049028289,0.17826561540355587,0.9590579471448499,False,False
LINC01410,-0.0015019870858247225,0.7525682702093215,-0.0004216701779161398,0.9470694734066682,9,0.5555555555555556,0.07895508611556244,43.30069617740409,0.03885875116326511,0.762074395727755,0.95701768216094,False,False
AP002381.2,0.0015947043818017829,0.7378398371203041,0.00025845734088197404,0.9434299612979654,9,0.5555555555555556,0.820421462486114,0.0,0.05002610254896954,0.7503191578326982,0.9553469713354134,False,False
TRG-AS1,0.0030498371210366825,0.5220836664277693,-0.0002423728591705841,0.9844714735197163,9,0.4444444444444444,7.17905850505481e-08,83.5812038695488,0.07819415756860686,0.5388889346604228,0.9865224557562157,False,False
AC004951.1,-0.0015790607198648491,0.7403183112194869,-0.00023093224200319265,0.9740402924293263,9,0.5555555555555556,0.05891792530489956,46.70831380232091,0.02859931452436591,0.7512512820602809,0.980153516021979,False,False
AC073195.1,-0.0037718102141426615,0.4285506448549411,-0.00015423121941752233,0.9816639026358174,9,0.4444444444444444,0.0567230369006416,47.114342276557785,0.020518873277799287,0.4481149134244058,0.9857627080747978,False,False
AC079781.5,0.001379215159202797,0.7722095931963939,-7.977072105943806e-05,0.9928670907871016,9,0.4444444444444444,0.0012264377857479712,68.75704815869139,0.045668111764304395,0.7803210385030787,0.9928670907871016,False,False
