gene,rho
CD36,0.969474969474969
S100A9,0.965201465201465
CSTA,0.964590964590964
HNMT,0.962736893130897
MS4A6A,0.959096459096459
MITF,0.958363341045709
RBP7,0.956589316897345
KCTD12,0.956043956043956
SLC16A5,0.955672165107415
MAP3K20,0.953601953601954
CLEC4A,0.953601953601954
MGST2,0.952380952380952
S100A8,0.947496947496948
MNDA,0.947496947496948
MGST1,0.947079527347689
KLF10,0.945665445665446
GCA,0.943833943833944
TMEM167A,0.942612942612943
LY86,0.941230357478046
LYZ,0.939560439560439
AP1S2,0.937728937728938
MILR1,0.934799425766827
SLC22A15,0.934676434676435
ARHGEF40,0.934065934065934
RASSF2,0.934065934065934
SHTN1,0.932682044143831
RNASE2,0.932360634166896
FCGR1B,0.931069080201369
S100A10,0.93040293040293
CD302,0.928571428571428
HSD17B11,0.927960927960928
ATP5MC2,0.927960927960928
TMEM144,0.927103542697298
SCO2,0.926739926739927
ST3GAL6,0.926695347004804
GLRX,0.926129426129426
TLR2,0.925518925518925
EIF4A1,0.925518925518925
GASK1B,0.924862726015342
DUSP3,0.924297924297924
UBE2D1,0.922466422466422
SERPINB6,0.921855921855922
FCN1,0.921855921855922
CD93,0.921245421245421
BST1,0.920820397090062
C16orf70,0.92002442002442
VMA21,0.92002442002442
RETN,0.919859574142508
CHMP1B,0.918192918192918
RBM47,0.917582417582418
DPYSL2,0.916971916971917
JAML,0.916361416361416
FPR1,0.915750915750916
SIGLEC7,0.914974823665814
C4orf48,0.914529914529914
CPM,0.914364229856227
B3GNT5,0.912532448427467
TNNT1,0.912259990312552
SYK,0.91025641025641
FAM151B,0.910247897841238
CDA,0.910090073189119
TRMT1,0.90964590964591
POLE4,0.909035409035409
MPO,0.908900768768003
PLSCR1,0.908424908424908
RAC1,0.908424908424908
FOLR2,0.908406533246818
ARRDC4,0.907814407814408
ZGLP1,0.907536403469483
CDKN1A,0.907203907203907
TNFSF13B,0.907203907203907
SDCBP,0.906593406593407
MYCL,0.905699285243836
PLXDC2,0.905372405372405
LAT2,0.904761904761905
CSF2RA,0.904761904761905
FADS1,0.904289431998045
GRN,0.904151404151404
MARVELD1,0.904005947608005
SETD7,0.902930402930403
IL18,0.901961757166351
CHCHD5,0.901709401709402
ATOX1,0.901709401709402
NUP214,0.900488400488401
RNF217,0.900337340448284
GNG10,0.8998778998779
CD33,0.899725905921664
FCGR1A,0.898892816175652
TMEM170B,0.898046398046398
S100A6,0.897435897435897
PLAGL1,0.897435897435897
APLP2,0.897435897435897
OAF,0.89665700937821
ASGR1,0.895823875184954
ADAM9,0.895604395604395
NFE2,0.895604395604395
SERF2,0.895604395604395
PTX3,0.894596298788674
MAML3,0.894383394383394
SAT2,0.894383394383394
AP2S1,0.894383394383394
TM6SF1,0.894319042857635
PRRG4,0.894222995182082
ZNF467,0.893772893772894
ALDH2,0.893772893772894
RPGRIP1,0.893396309156936
GSTO1,0.893162393162393
CYFIP1,0.892551892551893
ASRGL1,0.891941391941392
LATS2,0.891941391941392
CLEC11A,0.890653800878711
KIF13A,0.89010989010989
C11orf74,0.889777593954898
DHRS4,0.88949938949939
CXCL8,0.888888888888889
CPVL,0.888278388278388
ATP5PD,0.888278388278388
NUDT12,0.888214296683735
FKBP9,0.887829977012656
GNAQ,0.887667887667888
TSPAN4,0.887667887667888
PEA15,0.887057387057387
RGS2,0.887057387057387
SGK1,0.886446886446887
ESD,0.886446886446887
ACSS2,0.886446886446887
TNS3,0.885836385836386
METTL22,0.885836385836386
SPOCK1,0.885563095031746
SMIM3,0.884615384615385
BASP1,0.883394383394383
CTSH,0.883394383394383
SIRPD,0.883191366892423
FXYD6,0.883025252886919
HACD4,0.882783882783883
CTSB,0.882173382173382
RASSF4,0.882173382173382
COMT,0.882173382173382
PYGL,0.881562881562882
DLG4,0.880781570328953
HPSE,0.88034188034188
GPAT3,0.88034188034188
OGFRL1,0.88034188034188
TMEM219,0.88034188034188
ATP6V0A1,0.88034188034188
RIN2,0.88034188034188
NKIRAS2,0.87973137973138
CCDC170,0.879480478796236
NRROS,0.879120879120879
IRS2,0.879120879120879
VIM,0.877899877899878
LRMDA,0.877899877899878
ARHGEF10L,0.877825453952474
EPHB2,0.87764031696131
TREM1,0.877289377289377
GSN,0.877289377289377
NLRP3,0.876068376068376
PLBD1,0.876068376068376
FCGRT,0.876068376068376
STAC3,0.875693020891606
RTN1,0.875457875457875
FAH,0.875457875457875
GAS7,0.875457875457875
SPECC1,0.874847374847375
CREG1,0.874236874236874
MEGF9,0.874236874236874
IL17RA,0.874236874236874
MARCO,0.873855902665959
BCL11A,0.873626373626374
FBXL5,0.873626373626374
RAB3D,0.873626373626374
TBC1D9,0.873015873015873
ATP6V1A,0.872405372405372
PLIN3,0.872405372405372
IL1RN,0.871927960089944
GPR162,0.87140641169843
LY96,0.871184371184371
FES,0.871184371184371
CYP1B1,0.871105843657779
IL13RA1,0.871012069375564
NCF4,0.870573870573871
CCR1,0.870096178661184
IMPA2,0.86996336996337
SERPINB1,0.869352869352869
FIS1,0.869352869352869
ANAPC11,0.869352869352869
DLEU7,0.868874650902204
EIF4EBP1,0.868742368742369
PTPRE,0.868742368742369
EIF2S3,0.868742368742369
NDUFA2,0.868131868131868
PRDX3,0.867521367521368
PGD,0.866910866910867
CEBPD,0.866300366300366
IQSEC2,0.86612731889887
VAMP8,0.865079365079365
MXD1,0.864468864468864
RILP,0.864468864468864
NFIC,0.864468864468864
INAFM1,0.863858363858364
TSPO,0.863858363858364
FAM114A1,0.863445566053961
PDE2A,0.863439819995264
SRGN,0.863247863247863
TNFAIP2,0.863247863247863
PTAFR,0.862769052946143
ARHGAP31,0.862637362637363
LPAR1,0.862351373252107
HLA-DRA,0.862026862026862
GABARAP,0.862026862026862
MSRB2,0.861416361416361
PICALM,0.861416361416361
SERPING1,0.860720991384159
SLC22A18AS,0.860224350359668
LGALS3,0.86019536019536
AQP9,0.86019536019536
CCDC88A,0.85958485958486
BLVRB,0.85958485958486
HAAO,0.859158956860786
TIMM13,0.858974358974359
GK,0.858974358974359
TMEM176A,0.858363858363858
SPG21,0.858363858363858
CDH26,0.858223869941128
LGALS1,0.857753357753358
TGFBI,0.857142857142857
ATP6V1F,0.857142857142857
OPLAH,0.85711435632366
AGTRAP,0.856532356532356
UBXN11,0.856532356532356
NAMPT,0.856532356532356
HEBP1,0.856532356532356
CC2D2A,0.85598306566798
MSRB1,0.855921855921856
TLR6,0.855834002078926
CHMP2A,0.855311355311355
GLIPR2,0.854700854700855
CD1A,0.854385486224777
AKR1A1,0.854090354090354
CD1D,0.854090354090354
EIF3H,0.854090354090354
TXNDC17,0.854090354090354
UBTD1,0.853562599161837
CPAMD8,0.853256881898527
CLMN,0.852869352869353
RAB11FIP1,0.851648351648352
DNAJC5,0.851037851037851
NCEH1,0.850947012773693
VNN3,0.850585738474434
MID1IP1,0.85042735042735
TFEC,0.84981684981685
RNASEK,0.84981684981685
FAM83H,0.849592747895169
KLK1,0.848568786828898
MTHFR,0.847374847374847
ZFHX3,0.847374847374847
LAP3,0.846764346764347
MAPK6,0.846764346764347
CLEC4G,0.846376102625206
ARPIN,0.846225384842394
CD74,0.846153846153846
RAB34,0.846153846153846
GPCPD1,0.845543345543345
TET3,0.844932844932845
CKAP4,0.844932844932845
RILPL2,0.844932844932845
TALDO1,0.844322344322344
SIGLEC15,0.84416097778828
RNASE3,0.844148584224424
CCDC69,0.843711843711844
ATP5MPL,0.843711843711844
SQOR,0.843711843711844
RCN3,0.843616528815843
COX7A2L,0.843101343101343
ARF5,0.843101343101343
LAMTOR1,0.843101343101343
TCN2,0.842862494945983
TRAPPC5,0.842490842490843
ACPP,0.842424301946796
VNN2,0.841269841269841
ARMCX1,0.84032038852922
TPD52L2,0.84004884004884
TRIM7,0.839932688753087
KCNK6,0.839438339438339
SH3BGRL3,0.838827838827839
STMP1,0.838827838827839
IL27,0.838788170668898
CEBPG,0.838217338217338
MBOAT7,0.838217338217338
NLRP12,0.838040003657877
NME2,0.837606837606838
ACSL1,0.836385836385836
NOD2,0.836385836385836
SERPINB8,0.836385836385836
PLPPR2,0.836385836385836
LIN7A,0.836186784340725
CARD19,0.835775335775336
RAB20,0.835775335775336
GPR34,0.835344398071608
RFX2,0.834554334554334
TMEM205,0.834554334554334
SPINT2,0.834554334554334
HADHB,0.833943833943834
MYADM,0.833943833943834
NDUFA11,0.833333333333333
JOSD2,0.833333333333333
TEX22,0.833094377593903
HBEGF,0.832722832722833
PKM,0.832722832722833
TMEM150B,0.832543251608632
TLR5,0.832214556217967
C2orf68,0.832112332112332
ARHGAP24,0.832112332112332
KBTBD11,0.831934065562009
NQO2,0.831501831501831
PLA2G7,0.831340553799888
SERINC2,0.831069220281211
CCDC149,0.830788181889607
LRP1,0.83028083028083
ANPEP,0.83028083028083
CEACAM4,0.830177308226453
PHPT1,0.82967032967033
FUOM,0.82967032967033
PPT1,0.829059829059829
EIF4EBP3,0.829059829059829
CCDC159,0.829059829059829
ODF3B,0.829059829059829
ALDH1A1,0.828540319766674
TNFAIP6,0.828493783570407
PIP4P2,0.828449328449328
GLT1D1,0.828449328449328
SULT1A1,0.828449328449328
GAS2L1,0.828449328449328
RPS24,0.827838827838828
VSIG4,0.826715809649495
TSHZ3,0.826438721275728
CLCN4,0.826015463590921
PTPN12,0.826007326007326
PRR22,0.825605445066711
COX4I1,0.825396825396825
DSC2,0.825238232398883
S100P,0.824931338299813
SIRPA,0.824912236751761
KCNE3,0.824825176410686
PODNL1,0.824250018502067
SGMS2,0.823565323565324
VAPA,0.823565323565324
DSE,0.822954822954823
ALKBH7,0.822954822954823
BPI,0.822368599023695
TK2,0.821733821733822
NRG1,0.820457457067242
FAM71F2,0.819889426178524
TNFRSF10D,0.819792455952833
RNF24,0.819291819291819
APP,0.819291819291819
MARC1,0.819100350417486
ZNF385A,0.818681318681319
GHRL,0.818497689178262
BACE1,0.818129983154675
CR1,0.818070818070818
RPS6KA4,0.818070818070818
C7orf61,0.817942388397293
DPCD,0.817517610412793
PRKAG2,0.817460317460317
BNIP3L,0.816849816849817
RSL1D1,0.816849816849817
HNRNPH2,0.816849816849817
PFDN5,0.816239316239316
ABHD5,0.815628815628816
HSD17B4,0.815628815628816
RGS10,0.815628815628816
GPX4,0.815628815628816
ATP5F1D,0.815628815628816
MVB12A,0.815628815628816
CEBPE,0.815085031921992
NFIL3,0.815018315018315
AP5B1,0.815018315018315
IGFBP7,0.813921548179199
UQCR11,0.813797313797314
SH3BP4,0.813487452478789
CDCP1,0.813487452478789
VIPR1,0.813186813186813
YWHAE,0.813186813186813
TUBB6,0.813186813186813
WDR49,0.812838085890084
NHS,0.812618628477735
PTGS2,0.812576312576313
H2AFY,0.812576312576313
CNPY3,0.812576312576313
SCNM1,0.811965811965812
ARF3,0.811965811965812
NDUFV3,0.811965811965812
PDLIM7,0.811355311355311
JPH4,0.810855438637363
H3F3A,0.810744810744811
WDFY3,0.810744810744811
HDAC9,0.810744810744811
DDT,0.810744810744811
BCL2L2,0.810629351005521
MYO7A,0.810040192964021
CD9,0.809407603679212
TRIOBP,0.808913308913309
NBPF14,0.807081807081807
CKLF,0.807081807081807
UBA52,0.807081807081807
PTTG1IP,0.807081807081807
CD209,0.806516072928435
TMEM256,0.806471306471306
PPP2R3A,0.805919304900411
SPINT1,0.80588252831703
ARL8B,0.805860805860806
TOM1,0.805860805860806
PXK,0.805250305250305
MIER2,0.805250305250305
NBPF10,0.804029304029304
TPP1,0.803418803418803
CHST13,0.80298550303081
IDO1,0.802744101498923
MS4A4E,0.802014968892256
LAMB2,0.801644910328298
CRTAP,0.801587301587302
IGFLR1,0.801587301587302
LGALS2,0.801587301587302
SHROOM1,0.801466246058209
SELENON,0.800976800976801
RUSC2,0.800183187463496
CLEC5A,0.800067785155887
CLTA,0.7997557997558
ZFP36L1,0.7997557997558
USP3,0.7997557997558
COPRS,0.7997557997558
RAB44,0.799459128077014
HLA-DRB1,0.799145299145299
HIF1A,0.799145299145299
ZNF577,0.799022751405592
ATP6V0B,0.798534798534799
TRIB1,0.797924297924298
ZDHHC7,0.797924297924298
ATF3,0.797313797313797
CPNE8,0.797313797313797
IKBIP,0.797313797313797
PIWIL4,0.79621185231506
LIF,0.796102410757055
RBPJ,0.796092796092796
MIPOL1,0.79591407860356
PPP1R26,0.795676255957354
MRPL14,0.795482295482295
ZBTB47,0.795476319132915
TET2,0.794871794871795
BCL2L13,0.794871794871795
SERPINB10,0.794693379941556
G0S2,0.794261294261294
SFXN5,0.794261294261294
MOB3A,0.794261294261294
SLC2A9,0.794253450079675
RBKS,0.792429792429792
PHACTR1,0.792429792429792
CHPT1,0.792429792429792
EVI2A,0.792429792429792
RAB13,0.791965367861168
KHSRP,0.791819291819292
IRF8,0.791208791208791
SEMA3C,0.791172987402128
FOLR3,0.791081393784589
ARSD,0.790598290598291
CD300LB,0.790584842919953
FMO5,0.790413686510107
CEP170,0.78998778998779
GSTP1,0.78998778998779
FCAR,0.78998778998779
ZNF124,0.789377289377289
TP53I3,0.789377289377289
ZNHIT1,0.789377289377289
FOS,0.789377289377289
PSMB3,0.789377289377289
HESX1,0.789343558852016
PID1,0.788766788766789
UBE2E1,0.788766788766789
TMEM121B,0.78868493526165
HOXA5,0.788254479764981
DENND1A,0.788156288156288
PPP1R9B,0.788156288156288
RAB5IF,0.788156288156288
PRLR,0.788139104813473
PMP22,0.787945239090299
HLA-DPB1,0.787545787545787
HAUS4,0.787545787545787
IAH1,0.786935286935287
IGF2BP2,0.786324786324786
PELI2,0.786324786324786
RAB32,0.786139529843
RNF181,0.785714285714286
LGALS12,0.785692310581342
KLF4,0.785103785103785
SFR1,0.785103785103785
QPCT,0.784776214917061
QRFP,0.784667704321296
CHP1,0.784493284493284
ASIC3,0.784163289392774
LAMTOR2,0.783882783882784
LRRK2,0.783882783882784
NREP,0.78383710960927
FBN2,0.783500634925381
POLR2L,0.783272283272283
HCAR3,0.783272283272283
SPRED3,0.783156011677065
ALDH1A2,0.782886846727241
PKP2,0.782664550883558
ZNF503,0.782529162500431
SLC1A3,0.782220688345558
GLIPR1,0.782051282051282
GSDME,0.780246003273248
TMSB10,0.78021978021978
CAST,0.78021978021978
BCKDK,0.78021978021978
CPED1,0.779904981548561
SIGLEC5,0.779904981548561
CXCL2,0.77960927960928
APOBR,0.778998778998779
ASB13,0.778863920521506
BMF,0.777777777777778
SLC22A16,0.777769942573734
ST6GALNAC3,0.777642173195198
SH3PXD2B,0.777080494747816
RNASE1,0.777080494747816
DNAJC4,0.776556776556777
QSOX1,0.775946275946276
HEXB,0.775946275946276
TMOD2,0.775946275946276
PARVB,0.775946275946276
ST14,0.775298979754448
SULT1B1,0.774725274725275
CLEC12B,0.774600706052355
NPEPL1,0.774114774114774
FP565260.3,0.77380275047429
CCL2,0.773698484364662
PLEKHB2,0.773504273504273
OSBPL1A,0.773504273504273
CSF2RB,0.773504273504273
FAAH,0.773158958911277
B3GALNT1,0.772853402301318
GNA11,0.77279244603087
BRK1,0.771672771672772
ANKRD22,0.77057187729756
NFKBID,0.77045177045177
TMEM14C,0.769230769230769
SEPTIN10,0.768878917224935
VNN1,0.768878917224935
CAPG,0.768620268620269
SLC16A6,0.768620268620269
IL10,0.768527791062214
ADM5,0.76842121892774
RTN3,0.767399267399267
GALK1,0.767399267399267
CMTM2,0.767327413650237
ADCY4,0.766916873211908
EVA1B,0.766788766788767
DUSP23,0.766178266178266
CD63,0.766178266178266
CNIH1,0.766178266178266
THBD,0.766078300094685
UQCRH,0.765567765567766
NIPAL2,0.765567765567766
ANO6,0.765567765567766
COLGALT1,0.765567765567766
CXorf21,0.764957264957265
SIGLEC14,0.763824466465086
RAB31,0.763736263736264
ANGPT1,0.763192536436234
KCNQ1,0.763125763125763
MAFG,0.763125763125763
ANKRD50,0.762981205279499
MPZL2,0.762938730287699
VSTM1,0.762764571958733
PLAUR,0.762515262515263
WDFY4,0.762021074364321
SRA1,0.761904761904762
SORD,0.761759457953191
APCDD1,0.761672754827447
IFI44,0.761294261294261
PANX2,0.760909509280696
CD1E,0.760876640369575
PEPD,0.760683760683761
COL8A2,0.760204543143779
CD14,0.76007326007326
CLNS1A,0.76007326007326
ANP32A,0.76007326007326
NTSR1,0.759557009461374
RAPSN,0.759539638058284
WLS,0.759315963300574
AATK,0.758484530272391
C6orf62,0.757631257631258
SGK3,0.757631257631258
TMTC2,0.757631257631258
CLEC4D,0.757614408414158
TLR4,0.757020757020757
NDST1,0.756831026982833
F8A1,0.756261594984804
BTF3L4,0.755799755799756
ADAM15,0.755799755799756
EIF3K,0.755189255189255
MTMR3,0.755189255189255
FPR3,0.754973237360366
SDSL,0.754959483711883
MPV17,0.754578754578755
STX3,0.754578754578755
ZADH2,0.754578754578755
KLHL8,0.753968253968254
MAFK,0.753968253968254
RFLNB,0.753968253968254
NCF2,0.753357753357753
BNIP2,0.753357753357753
CLEC10A,0.752606099773275
TMEM69,0.752136752136752
ADPRH,0.752136752136752
GM2A,0.752136752136752
RCVRN,0.75209068186644
CCDC151,0.750969860423974
ELOB,0.75030525030525
FOSB,0.75030525030525
NECTIN2,0.749541984690108
AZU1,0.749412083733509
STEAP4,0.749342267430391
HADHA,0.749084249084249
LILRB4,0.749084249084249
TRMT6,0.749084249084249
DAGLB,0.747863247863248
YBX3,0.747863247863248
OXA1L,0.747252747252747
IFT20,0.747252747252747
RPL23,0.747252747252747
RAB1A,0.746031746031746
CREB5,0.746031746031746
CTSD,0.746031746031746
HLA-DMA,0.745421245421245
ABHD2,0.745421245421245
LAMTOR4,0.744200244200244
SLC19A1,0.744200244200244
CARS2,0.743589743589744
ZNF516,0.743589743589744
STK32B,0.743006704451143
RASAL2,0.742666575798585
ATG101,0.742368742368742
CD300E,0.742368742368742
ABHD8,0.742368742368742
CXCL10,0.742044576991384
GLMP,0.741758241758242
RHOU,0.741758241758242
CRYBG3,0.741147741147741
TNFRSF10B,0.741147741147741
SNX33,0.740971017677513
PALLD,0.740537240537241
ASAP1,0.740537240537241
EPB41L2,0.73992673992674
CTSA,0.73992673992674
FZD2,0.739559500874236
ADPGK,0.739316239316239
DHX34,0.739316239316239
DHRS9,0.738943714445531
SRSF6,0.738705738705739
CD1C,0.73838720236211
PLD1,0.738095238095238
ADA2,0.738095238095238
WDR83OS,0.737484737484737
GAPT,0.737296781226219
UPP1,0.736874236874237
APIP,0.736874236874237
JAG1,0.73685273186676
DMXL2,0.736263736263736
APOBEC3A,0.736263736263736
QKI,0.735653235653236
PAFAH1B2,0.735653235653236
FGD6,0.735653235653236
RCBTB2,0.735653235653236
C19orf54,0.735653235653236
SULT1A2,0.735248995873303
TMEM176B,0.735042735042735
EGR2,0.734849649837709
SEMA4A,0.734432234432234
ARHGEF11,0.734432234432234
F13A1,0.733821733821734
KDM6B,0.733211233211233
HP,0.733008128482758
SPACA6,0.732600732600733
AZI2,0.731990231990232
CENPB,0.731990231990232
GPR84,0.731972676972817
CAVIN3,0.731964356921314
RPS9,0.730769230769231
NFAM1,0.730769230769231
GLB1L,0.730407955786293
AK2,0.73015873015873
TMEM18,0.73015873015873
ACAP2,0.73015873015873
FSTL3,0.73015873015873
OR2B11,0.730101061687223
VENTX,0.729948308323633
TMEM52B,0.729604600847354
SOGA1,0.729049008646634
TLE3,0.728937728937729
CLIC4,0.728327228327228
HCFC1R1,0.728327228327228
RNF130,0.727716727716728
MYO15B,0.727716727716728
XRN2,0.727716727716728
LAMP2,0.727716727716728
HCAR2,0.727522524122667
RPS13,0.727106227106227
MRPL23,0.726495726495726
DEF8,0.726495726495726
IL1B,0.725885225885226
ETV6,0.725885225885226
ATP6V0E1,0.725274725274725
FOSL1,0.724855631308279
CDC42EP1,0.724270073804896
CLIC1,0.724053724053724
OSCAR,0.724053724053724
ADAMTS5,0.723537323758846
HLA-DMB,0.723443223443223
SCPEP1,0.723443223443223
NR1H3,0.72324836745556
CYP2S1,0.723115046906722
DEK,0.722222222222222
SPHK1,0.722222222222222
MBOAT2,0.721375089937281
SH3TC2,0.721352522199463
ZCCHC24,0.721187024148558
PNKD,0.721001221001221
NIPSNAP2,0.721001221001221
TMEM164,0.721001221001221
LINGO3,0.720894238715127
NR6A1,0.720762717195399
CATSPER1,0.720587344616057
CDC42BPB,0.72039072039072
GNA15,0.72039072039072
HOMER3,0.72039072039072
PCBP1,0.71978021978022
STEAP3,0.71965261993213
C3orf62,0.719169719169719
SPTLC2,0.719169719169719
GPR161,0.71763268588663
MAN2B1,0.717338217338217
LRRC75B,0.717320975207891
OLFM1,0.717211509526289
PRICKLE1,0.717164624703324
IFI6,0.716727716727717
S100A12,0.716727716727717
ZNF330,0.716727716727717
ASPH,0.716727716727717
TMEM33,0.716117216117216
PRCP,0.716117216117216
RPA4,0.715754772205254
C18orf54,0.7148978304646
CACNA2D3,0.714118011111585
FAAP20,0.713675213675214
BAHCC1,0.713238375302495
LRG1,0.71322188623838
NHSL2,0.713064713064713
P2RY2,0.71280187155093
OTUD1,0.712454212454212
CUEDC2,0.712454212454212
HTRA1,0.712216787190629
SIRPB2,0.711952381978204
BMP2K,0.711843711843712
DAPP1,0.711843711843712
CPEB4,0.711843711843712
ARL3,0.711843711843712
MTIF3,0.711233211233211
FN1,0.710855416996082
ZNF185,0.710425897454237
TMEM88,0.710352380583401
BOLA2,0.71001221001221
ETFB,0.71001221001221
EPHX1,0.709835196585091
CTTNBP2NL,0.70981530364465
KRT7,0.709700639016906
CDK18,0.709127635099636
MFSD1,0.708791208791209
INAFM2,0.708791208791209
SLC36A1,0.708180708180708
MRPL45,0.708180708180708
ATP5F1E,0.708180708180708
TNFRSF1A,0.707570207570208
MAP2K1,0.707570207570208
DNTTIP1,0.707570207570208
CIAO2A,0.706959706959707
ATPAF2,0.706959706959707
PQBP1,0.706959706959707
NRN1L,0.706459247504142
KIAA1522,0.706307033724187
THSD1,0.705968646173697
CXCL3,0.705128205128205
LY6G5B,0.705128205128205
TSEN34,0.705128205128205
CC2D2B,0.704605415643502
RHOT1,0.704517704517705
PISD,0.704517704517705
DTX4,0.704228653164578
COX6B1,0.703907203907204
TRPM4,0.703401275068145
BTBD19,0.703296703296703
CHCHD1,0.703296703296703
MME,0.70313768292147
MARCH1,0.702686202686203
CD44,0.702686202686203
DENND6B,0.702686202686203
IL1R1,0.702285426382573
SLC47A1,0.702255959015182
CABP7,0.702255959015182
SNX8,0.702075702075702
ANO5,0.701976407343244
NEK6,0.701465201465202
AC015871.1,0.701465201465202
ZDHHC19,0.700992830710858
PBX3,0.700854700854701
CYBRD1,0.700061217974625
NOP10,0.6996336996337
DRAM2,0.699023199023199
NAA38,0.699023199023199
CLCN5,0.699023199023199
ECHDC3,0.698869663926919
GOLGA6L10,0.69860131077359
FITM1,0.698461732568199
ANXA1,0.698412698412698
RASSF3,0.698412698412698
VAMP3,0.697802197802198
ATP5PB,0.697802197802198
DUSP6,0.697802197802198
CTIF,0.697802197802198
TCEA2,0.697802197802198
NRGN,0.697191697191697
RHOQ,0.696581196581197
FRMD3,0.696409999384362
HK2,0.696382239833741
NBPF19,0.695970695970696
FEZ2,0.695970695970696
ICOSLG,0.695161052214567
CTSK,0.69455045840498
FCER1A,0.694454411369387
NAB2,0.694139194139194
ZNF618,0.693580663897909
H2AFJ,0.692918192918193
UPK3A,0.692759732292685
ABCC6,0.692617543688507
CLPB,0.692307692307692
TDRP,0.692213506491226
ADGRA2,0.692143945863981
IQCJ-SCHIP1,0.691948486565167
ZNF697,0.691771389264128
SDCCAG8,0.691697191697192
BCL6,0.691697191697192
EMP1,0.691528159435276
LRP3,0.69143240520442
TMEM51,0.691040674800861
SLITRK4,0.691040674800861
ATP5F1C,0.69047619047619
EVI2B,0.69047619047619
TSPAN33,0.68986568986569
IGSF10,0.689265087039482
TTLL4,0.689255189255189
DNAH14,0.6889758380792
ICAM1,0.688644688644689
SIK1B,0.688644688644689
IL1A,0.688369741842624
P2RY12,0.688349900420822
SOCS6,0.686946690657825
FIG4,0.686813186813187
TIFAB,0.686761983300649
PADI4,0.686202686202686
ZNF358,0.686002145070765
MRPL30,0.685592185592186
KDELR1,0.685592185592186
AKT1S1,0.685592185592186
KCTD3,0.685400250058926
CERS6,0.684981684981685
TKT,0.684981684981685
FAM20C,0.684981684981685
LTBR,0.684981684981685
SELENOH,0.684371184371184
DNAJC5B,0.683293151841054
ITIH4,0.683150183150183
INPPL1,0.683150183150183
GRHPR,0.682539682539682
C12orf10,0.682539682539682
SIGLEC6,0.682396970694925
OPHN1,0.682291363004707
SOWAHC,0.682183234456818
CCNY,0.681929181929182
CLEC7A,0.681929181929182
SLFN12,0.681929181929182
PLXNB1,0.681355202767347
DYSF,0.681318681318681
SCAMP4,0.681318681318681
ATP6V1B2,0.680708180708181
TNFSF13,0.680708180708181
DAB2,0.680506800784484
LCAT,0.679733743489289
MKNK1,0.679487179487179
ACER3,0.679487179487179
NEDD8,0.679487179487179
YIF1B,0.679487179487179
LBX2,0.679222697464033
CHSY1,0.678876678876679
ZNF524,0.678266178266178
IGBP1,0.678266178266178
CCDC153,0.677896625263642
PLXND1,0.677655677655678
PTGIR,0.677655677655678
CLEC1A,0.677539418940904
UBTD2,0.67736507157507
FCGR2A,0.677045177045177
PPP2CB,0.677045177045177
LSM12,0.677045177045177
TXNRD2,0.677045177045177
CAMSAP2,0.676749285146365
PRUNE2,0.676734652140643
OCEL1,0.676434676434676
ANKRD60,0.676211605363467
SVBP,0.675824175824176
CXCL1,0.675708028971403
C11orf45,0.675630276031872
PCBP2,0.675213675213675
CACNB4,0.675075935398933
OLR1,0.675015397785306
ENO1,0.674603174603175
OCRL,0.673793650458997
CASP4,0.673382173382173
ARSB,0.672771672771673
GNPTG,0.672771672771673
TMEM147,0.672161172161172
MINDY1,0.671550671550672
HSPBAP1,0.671550671550672
TIMM8B,0.671550671550672
SEC11A,0.671550671550672
SMARCD3,0.670940170940171
CTRL,0.670940170940171
SYCP2L,0.670651280391636
GLUL,0.67032967032967
KLHDC8B,0.668744061573206
NDUFB2,0.667887667887668
TST,0.667887667887668
MMP14,0.667607226559826
CRABP2,0.667490812529282
RPS11,0.667277167277167
NRP1,0.666829659592786
CCL20,0.666769351279358
RNASEH2C,0.666666666666667
CLEC9A,0.665581504062114
SERTAD2,0.665445665445665
CYYR1,0.665300671322504
DGAT2,0.664935047699497
CLIC2,0.664424424942233
SLC25A44,0.664224664224664
AP2M1,0.663614163614164
SLC9A3R2,0.663199679458468
F2RL1,0.663066157521985
OPN3,0.662799580306467
NCF1,0.662393162393162
EXTL3,0.662393162393162
SEMA6B,0.662187050859069
IER3,0.661782661782662
NEGR1,0.661184732055189
HDHD5,0.661172161172161
ZNF629,0.660662501972913
ZBTB18,0.66056166056166
PFKFB3,0.66056166056166
POLR1D,0.66056166056166
VKORC1,0.66056166056166
P2RX7,0.659340659340659
CRYL1,0.659340659340659
ERMAP,0.659136017448946
TRAPPC3L,0.658744982909256
PLOD1,0.658119658119658
NUDT14,0.658119658119658
HRH2,0.657509157509157
SFXN3,0.657509157509157
ZC3H12C,0.65745273921198
CTNND1,0.656898656898657
DRAM1,0.656898656898657
PTGFRN,0.656745221797276
TGFB2,0.656113128224805
PSRC1,0.656069247063503
HLA-DQB1,0.655677655677656
CACNA2D4,0.655677655677656
ATP6V0D1,0.655677655677656
PTPN20,0.65507002921943
NDUFB5,0.655067155067155
FAM200B,0.655067155067155
ADM,0.654556563877045
CCRL2,0.654456654456654
SERP1,0.654456654456654
UPK3BL1,0.653846153846154
AGAP3,0.653846153846154
IL31RA,0.653584753934922
ID2,0.653235653235653
TMEM150A,0.653235653235653
SLC36A4,0.652625152625153
SRD5A1,0.652014652014652
AGPAT2,0.650793650793651
SDC3,0.650642379531393
CLEC17A,0.650214833383479
TRIM34,0.65018315018315
GREM1,0.650123817134884
SAPCD2,0.649727479137059
TMEM154,0.64957264957265
TBC1D2,0.64957264957265
MICU1,0.64957264957265
CARD16,0.648962148962149
ATP5PO,0.648962148962149
ZBTB34,0.64784003197159
SLC15A3,0.647741147741148
ATP5MG,0.647741147741148
SP1,0.646520146520146
PRKAR1A,0.646520146520146
ATP6AP2,0.646520146520146
FAM83F,0.646353641931965
SLC46A2,0.64600825054283
LRRC6,0.6453675374928
IGSF6,0.645299145299145
CORO1C,0.644688644688645
MCEMP1,0.644688644688645
KCNJ15,0.644321301459409
DNASE1L3,0.644296013993237
ADAM17,0.644078144078144
SMIM20,0.644078144078144
NDUFS6,0.644078144078144
HOOK3,0.644078144078144
SOX4,0.643467643467643
TFEB,0.643467643467643
LACTB,0.642857142857143
PRKCG,0.642330693953136
PVALB,0.642265245138907
UAP1L1,0.642246642246642
SIGLEC1,0.640487984758821
RAP2B,0.64041514041514
S100A13,0.640171949371378
ASAP2,0.640036772610339
TPT1,0.63980463980464
JADE3,0.639414773803137
GALR2,0.639317142525061
IFI44L,0.639194139194139
MORN2,0.639194139194139
ENY2,0.639194139194139
SPR,0.638792774995936
SRGAP2C,0.638583638583639
PRDX5,0.638583638583639
ACTN1,0.638583638583639
CALCRL,0.638362977996058
LRRC36,0.637548777381532
RCC2,0.637362637362637
JDP2,0.637362637362637
TNNT3,0.637150321050678
ZBED3,0.636809059474966
MFSD2A,0.636197624948346
MED12L,0.636156134283295
MANBA,0.636141636141636
PADI2,0.635878419070751
ASGR2,0.635682780959928
USP6NL,0.635531135531136
EIF4EBP2,0.635531135531136
ZSWIM7,0.635531135531136
CSF3R,0.634920634920635
SLC25A24,0.634310134310134
MGST3,0.633699633699634
KCNK13,0.633280491285531
RRAD,0.633193415106238
C5orf15,0.633089133089133
MTCH2,0.633089133089133
MPEG1,0.633089133089133
WDR45B,0.633089133089133
CLEC6A,0.632894873808635
DNAAF1,0.632880483636714
CELF1,0.632478632478633
SUMO3,0.632478632478633
RSKR,0.632412662279634
SCIN,0.632093572470911
CLN8,0.631868131868132
ATF4,0.631868131868132
STON2,0.631281161786725
MEPCE,0.631257631257631
RHOBTB1,0.631181089422224
MICOS10,0.630647130647131
CDC42EP3,0.630647130647131
COX5B,0.630647130647131
CYB5R2,0.630084791695114
KRT8,0.629565198181027
CCDC9,0.629426129426129
TMEM220,0.629132903093236
HLX,0.628815628815629
SMCO4,0.628815628815629
TYMP,0.628815628815629
GPER1,0.628686291628955
RPH3A,0.628519114895096
LIPA,0.628205128205128
TMEM218,0.628205128205128
TBX6,0.628168237067282
ANKRD29,0.627175976779808
PLA2G4A,0.626984644399747
PARL,0.626984126984127
RRM2B,0.626984126984127
TIMM10,0.626984126984127
C14orf132,0.626560647580289
PAM16,0.626373626373626
MAPK10,0.626212366231497
HIP1,0.625763125763126
LILRB3,0.625763125763126
LRFN4,0.625534631069822
NME8,0.625517537203484
BRI3,0.625152625152625
TXN2,0.625152625152625
GBGT1,0.624923757406668
FAM210B,0.624542124542125
ARL11,0.624007823978005
GAS2L3,0.623968934415942
ANAPC15,0.623931623931624
METTL27,0.623791652277769
TMEM167B,0.623321123321123
TNK2,0.623321123321123
GPSM3,0.623321123321123
UBXN2B,0.623321123321123
HS3ST1,0.622927402473863
GPR35,0.622710622710623
TLR7,0.622440348099391
TDRD9,0.622192237460629
LTA4H,0.622100122100122
MOB3B,0.621869389090897
CNRIP1,0.621632335109053
MRPL20,0.621489621489621
FUCA1,0.621489621489621
SRGAP2,0.621489621489621
MX2,0.621489621489621
TIMM17B,0.621489621489621
PTK2,0.620879120879121
COX8A,0.620879120879121
AL592183.1,0.620232974220209
VSIG10L,0.619718312063171
NIBAN2,0.61965811965812
CREBL2,0.61965811965812
FAR2,0.61965811965812
APBB2,0.619541308073988
CHRFAM7A,0.619447419825804
LHFPL2,0.618496469301064
GLTP,0.618437118437118
AC093512.2,0.618266814358286
SUGCT,0.618193006080158
CRHBP,0.61755542030408
PPP1CB,0.617216117216117
EIF3E,0.617216117216117
SAMHD1,0.617216117216117
MPP1,0.617216117216117
ZDHHC15,0.616659246701966
FHL3,0.616605616605617
SLC39A4,0.616605616605617
SMS,0.616605616605617
FAM104B,0.616605616605617
FAM209B,0.616457501838048
BRD3,0.615995115995116
CRISPLD2,0.61577881912948
PPARG,0.615698183292302
AK4,0.615517780036466
PROSER2,0.615434605591653
MOB1B,0.615384615384615
HLA-DQB2,0.615173263158697
CITED4,0.614774114774115
PPBP,0.614774114774115
CLEC20A,0.614678426037802
MAP6D1,0.614578058234883
ZNF776,0.614538905133047
FPR2,0.614209860107889
GID8,0.614163614163614
DCBLD2,0.614109537967099
JARID2,0.613553113553114
LPAR6,0.613553113553114
CNFN,0.613325095832773
CD83,0.612942612942613
NOTCH1,0.612942612942613
TIMP2,0.612942612942613
SULT1A3,0.612706284143585
CSNK2B,0.612332112332112
MARCKS,0.612332112332112
NCOA4,0.612332112332112
CBX6,0.612332112332112
ATP5MC3,0.611721611721612
MED28,0.611721611721612
ZNF177,0.611488092782108
GALNT2,0.611111111111111
ZNF581,0.611111111111111
RAB36,0.611059371580983
FLVCR2,0.610535623656595
EREG,0.610500610500611
SDC4,0.610244350846268
AHCYL1,0.60989010989011
CLIP2,0.60989010989011
GRASP,0.60989010989011
TRAPPC1,0.60989010989011
BCKDHA,0.60989010989011
FKBP1A,0.60989010989011
GRTP1,0.609539605596363
DDO,0.608936832250264
RREB1,0.608669108669109
MRPL52,0.608669108669109
SOCS3,0.608669108669109
PAK1,0.608058608058608
ZFP36,0.608058608058608
FAU,0.607448107448107
LRRTM2,0.606433802621169
ARHGEF4,0.606373001145224
AGFG1,0.606227106227106
RPL26L1,0.606227106227106
BEND6,0.605883250664661
CLEC12A,0.605616605616606
GCNT2,0.605098465300515
PARP14,0.605006105006105
SULF2,0.605006105006105
GPX3,0.604411896237773
ZBTB7B,0.604395604395604
THAP2,0.604395604395604
APAF1,0.604395604395604
USF2,0.604395604395604
HIPK3,0.603785103785104
ASB16,0.60364936170972
GPRASP2,0.6033374956681
FAR1,0.603174603174603
FAM120A,0.602564102564102
SNCA,0.601953601953602
SRGAP1,0.601623340844403
NHSL1,0.601163871582237
RLN2,0.600951642810414
NAIP,0.600732600732601
SMIM26,0.600732600732601
COMMD9,0.6001221001221
SLC48A1,0.6001221001221
CDO1,0.599638115331652
C4orf33,0.599511599511599
ROGDI,0.599511599511599
ADPRHL1,0.599400550798854
KCNH2,0.599232781156117
ZFP92,0.59891602820851
RIT1,0.598901098901099
STX1B,0.59868434008925
C17orf107,0.59865618989104
IFI27L2,0.598290598290598
CCNB3,0.598133743535072
SERPINB2,0.597960519557481
TNFRSF21,0.597829704988109
RUFY3,0.597680097680098
DBNDD2,0.597680097680098
KCNH3,0.597677249771272
TEX14,0.597522810889039
SOX6,0.597143742811369
NPL,0.597069597069597
OTULINL,0.597069597069597
FRY,0.597069597069597
ORAI3,0.597069597069597
CYBB,0.597069597069597
VCAN,0.596459096459097
REEP3,0.595848595848596
ZNF511,0.595848595848596
DBI,0.595238095238095
C17orf113,0.594938584648667
DENND10,0.594627594627595
P2RX4,0.594627594627595
MKKS,0.594627594627595
ZNRF1,0.594017094017094
PEAK3,0.593742095389864
SNAPIN,0.593406593406593
FBXO11,0.593406593406593
TPCN2,0.593406593406593
RPL7,0.592796092796093
NXF1,0.592796092796093
VSIG2,0.592701973428183
DNM1,0.592382457539543
ZNF316,0.592185592185592
MFSD13A,0.592185592185592
ACSM1,0.591792942509669
S100A4,0.591575091575091
QRICH2,0.591447496417841
RSPH9,0.591198252036005
AURKAIP1,0.590964590964591
ZNF281,0.590964590964591
PF4,0.590964590964591
NKAPD1,0.590964590964591
OSM,0.590964590964591
C5,0.590939695916364
CLEC4C,0.590702861558155
UQCRQ,0.59035409035409
IFNGR1,0.59035409035409
ABCA1,0.59035409035409
GLCE,0.59035409035409
TRIM25,0.59035409035409
SIGLEC9,0.590034318188519
TAS1R3,0.59003237022835
NMNAT3,0.589850458412292
DPYD,0.58974358974359
ENHO,0.589422883661899
IL20RB,0.589144864340575
THG1L,0.589133089133089
C1orf162,0.588522588522589
SMIM4,0.588522588522589
ZFYVE16,0.587912087912088
SLC12A6,0.587912087912088
FHOD1,0.587912087912088
HSD17B13,0.587788872805413
HYAL2,0.587702199718803
NDN,0.587639366589522
FBLN2,0.587565850063172
VLDLR,0.587460193150519
VMP1,0.587301587301587
TRPM2,0.586780651012911
QSER1,0.586691086691087
NPFF,0.58654487519101
SSU72,0.586080586080586
FAM13A,0.586080586080586
DLGAP4,0.586080586080586
ABCD1,0.586080586080586
ACOX2,0.586073163586884
HES1,0.585470085470085
MANSC1,0.585392597173444
SLC7A8,0.585197495065261
ALOX15,0.584911689167078
NFKBIA,0.584859584859585
C9orf43,0.584722915211953
F11R,0.584249084249084
PHLDA2,0.584249084249084
SCML1,0.583638583638584
EFHD1,0.583338757616674
SAMD4A,0.583308538395697
CCDC106,0.583308538395697
ANG,0.582697103869076
PRKCD,0.582417582417582
BEST1,0.582417582417582
CFB,0.582314276380555
ARC,0.582190883540599
ZNF205,0.581918175125856
CADM4,0.581908020669166
GGCX,0.581807081807082
NCKAP5L,0.581807081807082
NAPSA,0.581807081807082
MCOLN3,0.581411696953345
SOD2,0.581196581196581
SIGLEC11,0.580946885926196
SASH1,0.580329979996417
SSPO,0.580261899528296
MTX1,0.57997557997558
ZFAND1,0.57997557997558
C16orf86,0.579719106333262
LSMEM1,0.579517024354482
TNFRSF10C,0.578802270845777
TAF13,0.578754578754579
ENTPD1,0.578754578754579
AP1B1,0.578754578754579
DACH1,0.57792890797317
TMEM60,0.577533577533577
DNAJC15,0.577533577533577
SLC27A1,0.577533577533577
TYROBP,0.577533577533577
CXorf40A,0.577533577533577
TMEM158,0.577467495594954
NFKBIL1,0.576923076923077
YWHAG,0.576923076923077
PNPO,0.576923076923077
ARID3A,0.576923076923077
PSMB4,0.576312576312576
PLBD2,0.575702075702076
FAM50A,0.575702075702076
GRB10,0.575665606812944
SNAI1,0.575442990691184
RNF19B,0.575091575091575
NEK3,0.575091575091575
DLGAP1,0.574573057376058
CMIP,0.574481074481074
TMEM91,0.574481074481074
G6PD,0.574481074481074
GDF10,0.574478474128926
TBX19,0.573891965260659
EVI5,0.573260073260073
EXOSC4,0.573260073260073
NDUFB7,0.573260073260073
TNFAIP8L2,0.572649572649573
ARHGAP22,0.572568513659896
VWF,0.572044683086174
PLEKHO1,0.572039072039072
COA3,0.572039072039072
F5,0.571777748712259
MTMR11,0.571166875049105
PLAAT1,0.571124707881442
TMEM255B,0.57085828546338
STX6,0.570818070818071
EAF1,0.570818070818071
BLOC1S3,0.570599915058861
HLA-DRB5,0.57020757020757
PPP4R1,0.57020757020757
GLA,0.57020757020757
C15orf48,0.569945127722797
CCDC9B,0.569602446551764
GNA12,0.56959706959707
NTNG2,0.56959706959707
PRKAR2B,0.568986568986569
HOXA9,0.568421175645178
PARK7,0.568376068376068
SNX10,0.568376068376068
PHF23,0.568376068376068
RENBP,0.568376068376068
KCTD20,0.567765567765568
ATP11A,0.567765567765568
SNF8,0.567765567765568
IFIT1,0.567546946010927
CTNNBIP1,0.567155067155067
CST3,0.566544566544567
POLL,0.565934065934066
DHX32,0.565715164582166
TTLL7,0.565223607005098
MEF2C,0.564713064713065
MEFV,0.564713064713065
C9orf72,0.564102564102564
ALDOA,0.564102564102564
RNASE4,0.564060368693422
SNX3,0.563492063492063
KRT23,0.562986995784614
RGS18,0.562881562881563
PGPEP1,0.562881562881563
ATP5MF,0.562271062271062
TMEM123,0.562271062271062
NDUFB10,0.562271062271062
EIF5AL1,0.561890305897595
GAB2,0.561660561660562
CTDSP2,0.561050061050061
RUFY4,0.560695519000654
C1QC,0.560653343198866
LAPTM5,0.56043956043956
NINJ1,0.56043956043956
VTI1B,0.56043956043956
RSAD2,0.56017114911233
DCDC2B,0.560116635280553
NIPSNAP3A,0.55982905982906
ELOVL3,0.559760953142577
IRF6,0.559623397542179
NEXN,0.559560275449177
VIL1,0.559472321009568
TMSB15B-1,0.559385233753187
DUSP22,0.559218559218559
BACH1,0.559218559218559
MEX3B,0.559176927674144
IDH1,0.558998632676712
NFKBIE,0.558608058608059
NR4A1,0.558608058608059
NDUFS4,0.557997557997558
BAG1,0.557387057387057
NACC2,0.557387057387057
ACSL4,0.557387057387057
GNG11,0.556776556776557
EGR3,0.556776556776557
PABPC1,0.556776556776557
NDUFB1,0.556776556776557
ERFL,0.556507803738103
HAVCR2,0.556166056166056
DUSP1,0.555555555555555
PLP2,0.555555555555555
ZNF616,0.555444934830935
DPH3,0.554945054945055
PSMA6,0.554945054945055
COX7B,0.554945054945055
TPBG,0.554496329748688
MOB1A,0.554334554334554
GTPBP2,0.554334554334554
C19orf33,0.554207785834148
DPM3,0.553724053724054
MN1,0.553636954722047
NOL3,0.553578938409331
DIRAS1,0.553437402041415
IL6R,0.553113553113553
TWF2,0.553113553113553
LYRM2,0.553113553113553
GSR,0.553113553113553
ST3GAL2,0.553113553113553
TATDN1,0.552503052503052
DNAJB12,0.552503052503052
CARD6,0.552282100771257
SLC66A1,0.551892551892552
TP53,0.551892551892552
EXOSC5,0.551892551892552
MYO7B,0.55174464011933
CCDC13,0.551685363633082
TUBGCP2,0.551282051282051
ATG16L2,0.551282051282051
AL162231.1,0.551181801929488
MCL1,0.550671550671551
CMPK2,0.550671550671551
GORASP1,0.550671550671551
GPN3,0.550671550671551
PRAM1,0.550671550671551
UQCR10,0.550671550671551
RRAGD,0.550145022437703
DECR2,0.550145022437703
SNX27,0.55006105006105
NUAK2,0.55006105006105
CBR1,0.55006105006105
MMP25,0.549954225533209
TMPRSS13,0.549829919584989
IL24,0.549679109228011
COA7,0.549450549450549
EIF4E2,0.549450549450549
TMEM14B,0.549450549450549
FERMT3,0.549450549450549
NEU3,0.549450549450549
DCUN1D3,0.549175423175556
LCN10,0.548901029893535
AGO4,0.548840048840049
SYPL1,0.548840048840049
TGM2,0.548762487641654
PLIN5,0.548283716211578
CIDEB,0.548229548229548
LDLRAD2,0.548112987229194
SEPTIN4,0.547969749018509
COX5A,0.547619047619048
SLC38A7,0.547619047619048
CCL3,0.547619047619048
SEMA5A,0.547445330967944
SLC22A4,0.547397350294563
C4orf3,0.547008547008547
MCTP1,0.547008547008547
GPR75,0.546710644630952
GABBR1,0.546398046398046
TMCO3,0.546398046398046
PROC,0.545907137798499
MTMR10,0.545787545787546
RAB40C,0.545787545787546
CIITA,0.545787545787546
GPR85,0.545350814047161
PAK2,0.545177045177045
RGL1,0.544566544566545
PTGS1,0.544566544566545
HSD3B7,0.544438959801614
ITGA10,0.544135558354823
NAGK,0.543956043956044
METTL21A,0.543956043956044
PCBD1,0.543956043956044
UBL5,0.543956043956044
GMFG,0.543956043956044
RAB25,0.543608595721008
MYRF,0.543506792343354
TAF9,0.543345543345543
GSAP,0.543345543345543
NETO2,0.543345543345543
GRB2,0.543345543345543
SMOX,0.543174622049549
F8A3,0.543123630117465
ECHS1,0.542735042735043
WDR66,0.542633225855611
ZFR2,0.542476863967197
CMTM4,0.542207302913075
PALD1,0.541772348559447
P2RY6,0.541760961072502
TXNRD3,0.54170419160757
ITGAM,0.541514041514041
SURF1,0.540903540903541
PLD3,0.540903540903541
NRP2,0.540747402561113
DYNLT1,0.54029304029304
ING1,0.54029304029304
LRRC24,0.540112758340137
LDHD,0.539894964650898
SORCS3,0.539745520492979
HDGF,0.53968253968254
SRSF9,0.53968253968254
CAMP,0.539272965843696
NPIPB3,0.539272965843696
TTC7A,0.539072039072039
CTNNB1,0.539072039072039
APPL1,0.539072039072039
SKAP2,0.539072039072039
BAALC,0.538636207780779
TLR8,0.538543740055554
EIF3M,0.538461538461538
SCARB1,0.538461538461538
CALD1,0.538197338687828
SAP30,0.537851037851038
EPHB6,0.537851037851038
CYSLTR1,0.537851037851038
CTSS,0.537240537240537
GOLIM4,0.537240537240537
DOK3,0.537240537240537
RPL26,0.537240537240537
C1orf53,0.537145231635869
SPRY3,0.536841811248336
TOMM6,0.536630036630037
LGALS4,0.536581148703545
ZNF418,0.53646717702745
S100Z,0.536438521888844
RASIP1,0.536305755977922
CLCN6,0.536019536019536
DAP,0.536019536019536
TICAM2,0.536019536019536
LSP1,0.536019536019536
NFIX,0.53549077100762
XXYLT1,0.535409035409035
IRAK3,0.535409035409035
CYSTM1,0.534798534798535
DCLK2,0.53470170510038
NBPF26,0.534188034188034
SMIM14,0.534188034188034
PLA1A,0.533688838282506
OSCP1,0.532894852167354
FLT3,0.532865189949528
TCEAL9,0.532854881592978
STAB1,0.532743098864479
HLA-DQA1,0.532356532356532
FGL2,0.532356532356532
FBP1,0.532356532356532
EPHB4,0.532272686937126
ID3,0.531746031746032
ZYG11B,0.531746031746032
NOTCH2,0.531746031746032
LHPP,0.531746031746032
PITPNA,0.531746031746032
ALDH7A1,0.53169962453532
FXYD5,0.531135531135531
UCP3,0.53071589103192
NADK,0.53052503052503
OSBPL11,0.53052503052503
BCL3,0.53052503052503
ERGIC3,0.53052503052503
THEM5,0.530476345586858
PIGZ,0.530419451843047
ZNF497,0.529437827477358
SAP25,0.529304029304029
NUMB,0.529304029304029
RTF2,0.529304029304029
FKBP1B,0.529090048986257
CLCN1,0.528801553706598
CHMP5,0.528693528693529
SHOC2,0.528693528693529
PLCE1,0.528618535452431
CEACAM19,0.528492313031916
ARHGAP32,0.528405718628316
SFT2D1,0.528083028083028
DICER1,0.528083028083028
PARVG,0.528083028083028
CD22,0.527564591007869
SNAPC1,0.527472527472528
ZNF470,0.527454988506868
ADI1,0.526862026862027
HMGN3,0.526862026862027
FGD4,0.526637160768611
TCL1A,0.526444883795479
CUX2,0.526358470691658
SLC24A4,0.526251526251526
NUPR2,0.526219169154133
PROX2,0.526219169154133
MTMR14,0.525641025641026
PLK2,0.525641025641026
ATG7,0.525030525030525
NDUFB4,0.525030525030525
C20orf194,0.525030525030525
KCNK17,0.52499784643023
NEFM,0.524707045104839
TULP2,0.524650037256327
PIK3CB,0.524420024420024
PGAM1,0.524420024420024
WDR41,0.523809523809524
MLKL,0.523809523809524
BEX1,0.523425043481391
PLEK,0.523199023199023
STX11,0.523199023199023
DOT1L,0.522588522588523
NDUFB11,0.522588522588523
EXOC3L1,0.522478998049256
NPC2,0.521978021978022
CEBPB,0.521978021978022
GJB6,0.5216432276032
MRPS24,0.521367521367521
TMED8,0.521367521367521
SLAMF8,0.521070536839542
MPZL1,0.520836519577537
LEPROT,0.520757020757021
ALPK1,0.520757020757021
SPART,0.520757020757021
MEF2A,0.520757020757021
TTC28,0.520292637476117
LTB4R,0.52014652014652
SERPINF1,0.52014652014652
NID1,0.519904457858023
SLC2A12,0.519580916571089
TAX1BP3,0.51953601953602
RASGRP4,0.51953601953602
ZNF221,0.519408007143366
NSUN7,0.519215092791449
CASP1,0.518925518925519
LILRA6,0.518925518925519
ABLIM3,0.518905852116767
PDK4,0.51863174001785
RBIS,0.518315018315018
PGLS,0.518315018315018
AFF2,0.518125006398845
TOMM40L,0.517704517704518
MEMO1,0.517704517704518
ZNF106,0.517704517704518
ITPRIPL2,0.517704517704518
NANP,0.517423451031803
SERPINF2,0.517260600111872
TCAIM,0.516483516483516
TRIM44,0.516483516483516
NME4,0.516483516483516
OGFR,0.516483516483516
EMILIN1,0.51622050966926
TBC1D7,0.515262515262515
MAP3K3,0.515262515262515
ETS2,0.515262515262515
GPR157,0.515035878386462
MAN1C1,0.514652014652015
ANAPC13,0.514652014652015
TMEM265,0.514652014652015
ALPK2,0.514652014652015
MAP3K21,0.514576482671216
ST6GALNAC2,0.514522154150921
MYO1E,0.514425284576876
SPA17,0.514355624375771
CTTN,0.514181667968349
CCDC112,0.514041514041514
STX10,0.514041514041514
IL6,0.513740721842964
MGAM,0.513494210147374
BAIAP2,0.513431013431013
ACRBP,0.513204096957702
NLN,0.512898800052909
AKAP6,0.512888981172625
MX1,0.512820512820513
ZSWIM1,0.512593503148115
POF1B,0.512509671774925
EGFL7,0.512334308682235
ZNF610,0.512161479071671
CLEC4E,0.511912129723155
STX12,0.511599511599512
DOCK4,0.511599511599512
CA6,0.511308341356607
HEBP2,0.510989010989011
MICOS13,0.510989010989011
MAFIP,0.510731606556496
CABP5,0.510556353900347
PDGFC,0.510486949396121
SRGAP2B,0.51037851037851
ADAMTSL4,0.51037851037851
FCHO2,0.51037851037851
PDE7B,0.51037851037851
ANXA2,0.51037851037851
KCNE1,0.51037851037851
HFE,0.510151127909768
GFRA2,0.509871162967416
COPS9,0.50976800976801
UBE2E2,0.50976800976801
AIF1,0.50976800976801
CAPZA2,0.50976800976801
TBC1D12,0.50976800976801
GAA,0.50976800976801
S1PR3,0.509137310356916
SLX1A,0.508407808884719
GSTZ1,0.507936507936508
SMDT1,0.507936507936508
HAL,0.507708752671421
SNX30,0.507326007326007
TMEM104,0.507326007326007
TMEM127,0.506715506715507
SMIM30,0.506715506715507
KCNH8,0.506561556513317
SLC25A37,0.506105006105006
SYN1,0.506068369366217
PPM1H,0.505819884794732
RASL11B,0.505763556864746
SYTL4,0.505723805958511
MUC20,0.505570329251326
KMO,0.505494505494506
NRM,0.505494505494506
ARPC1B,0.505494505494506
IFNGR2,0.505494505494506
CD163,0.505147687069008
SCX,0.505076272276105
SF3B5,0.504884004884005
PLD2,0.504884004884005
GZF1,0.504884004884005
ZHX3,0.504655783623487
ITGB1BP2,0.504605372360939
IQCD,0.504515588163397
GP5,0.50427642492133
CHMP3,0.504273504273504
MLXIP,0.504273504273504
CXCR2,0.50371329868037
LAMTOR5,0.503663003663004
SOAT1,0.503663003663004
CALM2,0.503663003663004
VDAC1,0.503663003663004
CHKA,0.503663003663004
ZNF385D,0.503618530042111
KCNAB1,0.503557040497475
SSC5D,0.503516332671757
KIAA0930,0.503052503052503
NDUFA1,0.503052503052503
PSMA7,0.502442002442002
IL10RB,0.502442002442002
BCORL1,0.50221340838514
SAT1,0.501831501831502
TNNC2,0.501464957880169
TNFSF11,0.501250671955616
RAP1A,0.501221001221001
CMTM6,0.501221001221001
AIMP2,0.501221001221001
CTNNA1,0.500610500610501
UQCRFS1,0.500610500610501
GPR27,0.500305530123226
SNX2,0.5
TPMT,0.5
LRRC34,0.499896002816863
LRFN2,0.499838205227503
RAPGEFL1,0.499696157375909
FCER1G,0.499389499389499
P2RY13,0.499389499389499
CHMP4B,0.499389499389499
TCEAL4,0.499389499389499
H1F0,0.498778998778999
SLC25A5,0.498778998778999
HECW2,0.498624856458795
SYT1,0.498243135189208
EGR1,0.498168498168498
ERLIN2,0.498168498168498
LTBP1,0.49786203547061
SDHAF4,0.49786203547061
LSM6,0.496947496947497
AHR,0.496947496947497
ZYX,0.496947496947497
TRAF7,0.496947496947497
PSTPIP2,0.496947496947497
POLR2E,0.496947496947497
ALOX12B,0.49673275019291
CNTLN,0.496718064098859
LST1,0.496336996336996
MS4A7,0.496336996336996
RBMS2,0.496336996336996
IL1R2,0.496208175058743
TMBIM4,0.495726495726496
CALCOCO2,0.495726495726496
TNFSF10,0.495115995115995
C1QTNF4,0.495065896612264
ZNF768,0.494886282670098
CYP27A1,0.494807667154839
LAMB3,0.494797175440852
RAPH1,0.494580985765305
COX14,0.494505494505494
PVR,0.494344814772453
ULK1,0.493894993894994
PXDC1,0.493860715821097
REG4,0.493708502094323
ZC3H12B,0.493481618736438
MAN2C1,0.493284493284493
DHRSX,0.493284493284493
AMY2B,0.493054501241338
TBC1D3L,0.49292963544346
HUS1B,0.492773132310405
SIPA1L2,0.492673992673993
GDI2,0.492673992673993
CCDC6,0.492673992673993
NAT9,0.492673992673993
ERCC1,0.492673992673993
HCCS,0.492673992673993
PYCARD,0.492063492063492
NAP1L1,0.491452991452991
STXBP2,0.491452991452991
GNB4,0.490842490842491
JAK2,0.490842490842491
MRPL28,0.490842490842491
RTN4RL2,0.490510566247676
PIP5KL1,0.490456889063214
STK17B,0.49023199023199
NEU4,0.489920677849606
SDC2,0.489898193505794
ADGRA3,0.489802737578513
KIAA0232,0.48962148962149
SH3TC1,0.48962148962149
CCT6A,0.48962148962149
ROBO1,0.489473790138903
LYPLA1,0.489010989010989
ALDH3A2,0.489010989010989
PHKA2,0.489010989010989
SCIMP,0.488698930523298
ZC2HC1C,0.488608331520014
CNIH4,0.488400488400488
SPOPL,0.488400488400488
SLC49A4,0.488400488400488
MS4A14,0.488230469506251
AIFM3,0.488061075280147
THBS3,0.487789987789988
SLC8A1,0.487789987789988
PSENEN,0.487789987789988
IRGQ,0.487789987789988
RP2,0.487789987789988
CHL1,0.487739872172446
SUCNR1,0.487715615021261
DUSP7,0.48747718319699
TTC21A,0.487313317716321
ARPC1A,0.487179487179487
IRF5,0.487179487179487
TBXAS1,0.487179487179487
FRAT1,0.487179487179487
SIRPB1,0.487179487179487
LPCAT2,0.48694856314547
IGLV10-54,0.486776705438389
ARL17B,0.486701883189701
CDC42EP2,0.486643266240676
BLVRA,0.486568986568987
BLOC1S1,0.486568986568987
SPTSSA,0.486568986568987
WDR61,0.486568986568987
UTF1,0.48609044866308
KLF7,0.485958485958486
IFIT3,0.485958485958486
CD4,0.485958485958486
GP1BB,0.485958485958486
ADGRE1,0.485644562207528
SGCD,0.485435722778779
NDUFS5,0.485347985347985
ANXA5,0.485347985347985
CYB5R4,0.485347985347985
SAG,0.485025118956325
MPZ,0.484892676530396
MARCH10,0.484883467572113
RNF144B,0.484737484737485
LRRK1,0.484737484737485
HSBP1,0.484737484737485
ZP3,0.484386838828853
CRAT,0.484126984126984
VPS37C,0.484126984126984
TPCN1,0.484126984126984
ANKRD9,0.484126984126984
CRK,0.484126984126984
UNC5CL,0.484008132961823
SLC12A5,0.483707660756732
PSEN1,0.483516483516483
CALML4,0.483516483516483
IFI30,0.483516483516483
SERPINE1,0.483293073195562
LYRM4,0.482905982905983
BST2,0.482905982905983
TRPV4,0.48267107438836
CACNA1F,0.482390524812294
KCNE5,0.482390524812294
MYCBP,0.482295482295482
NFE2L2,0.482295482295482
GRINA,0.482295482295482
TOLLIP,0.482295482295482
SLC37A2,0.482295482295482
CD300LF,0.482295482295482
RIPK2,0.481684981684982
SLC31A1,0.481684981684982
RPS17,0.481684981684982
EFNA1,0.481606390831599
CMTM5,0.481368446565449
MTHFD2L,0.481074481074481
SLC43A3,0.481074481074481
EPSTI1,0.481074481074481
TM9SF2,0.481074481074481
OXER1,0.480805077966756
ATP8B4,0.480537328144808
TPM1,0.48046398046398
ADAP2,0.48046398046398
MSL1,0.48046398046398
SUPT4H1,0.48046398046398
UBXN6,0.48046398046398
SAMD14,0.480183079159554
FUCA2,0.47985347985348
ZNF25,0.47985347985348
GNS,0.47985347985348
LGMN,0.47985347985348
ATP6AP1,0.47985347985348
ZNF415,0.479401300810534
CD86,0.479242979242979
RNASE6,0.479242979242979
PSMA4,0.479242979242979
TIAM1,0.479242979242979
LEAP2,0.478939081545151
NACA2,0.478939081545151
MAP3K1,0.478632478632479
NDUFS7,0.478632478632479
SGCA,0.47831708273795
STAT2,0.478021978021978
TMEM141,0.477411477411477
RNF41,0.477411477411477
SLC30A1,0.476800976800977
FAM49A,0.476800976800977
TMEM179B,0.476800976800977
TOP3A,0.476800976800977
SLC66A2,0.476800976800977
POU2F2,0.476800976800977
LARGE1,0.47664002609291
ABCG2,0.476319075527448
FTH1,0.476190476190476
TFE3,0.476190476190476
KCTD15,0.475813620442502
GRIK4,0.475580152367593
SLC49A3,0.475579975579976
PPIF,0.475579975579976
UQCC3,0.475579975579976
CTSZ,0.475579975579976
LHX4,0.475439642297109
CDC42,0.474969474969475
EXOC3,0.474969474969475
UBAC1,0.474969474969475
PDE6G,0.474765171261091
ZNF69,0.474473192657296
CHMP2B,0.474358974358974
MERTK,0.473844488963881
MAT2A,0.473748473748474
STYXL1,0.473748473748474
ZFAND5,0.473748473748474
MIEF1,0.473748473748474
OSR2,0.473427088944445
OOEP,0.47336687884229
SLC66A3,0.473137973137973
LAPTM4A,0.473137973137973
CDC40,0.473137973137973
ASAH1,0.473137973137973
STRN4,0.473137973137973
ETV5,0.472616912567602
FAM53C,0.472527472527473
RUBCNL,0.472527472527473
SUSD6,0.472527472527473
ZNF710,0.472527472527473
CBFA2T3,0.472527472527473
FOXRED2,0.472210510239751
ADGRD1,0.472027454550815
DCP2,0.471916971916972
KIAA1958,0.471916971916972
TMEM126A,0.471916971916972
SETD3,0.471916971916972
IFITM10,0.471527011249326
MSR1,0.471416020024195
SESTD1,0.471306471306471
PDLIM5,0.471306471306471
ZNF487,0.471306471306471
HVCN1,0.471306471306471
ZDHHC1,0.471306471306471
NUP62,0.471306471306471
LSM10,0.470695970695971
PLAC8,0.470695970695971
PRR13,0.470695970695971
CATIP,0.470302265765562
CDKN2B,0.470302265765562
PRX,0.470109453426221
PLEC,0.47008547008547
C20orf27,0.47008547008547
BAIAP2L1,0.469645524345887
GBE1,0.469474969474969
TMEM159,0.469474969474969
SLC25A6,0.469474969474969
KCNMB1,0.469150973302366
CRIP3,0.468934183378763
ABCB4,0.468875104064903
CD48,0.468864468864469
PBX2,0.468864468864469
GRK3,0.468864468864469
CD24,0.468814386061411
HTR3A,0.468807981077474
TRIQK,0.468630748857866
MS4A4A,0.468627289279693
TOR4A,0.468540099639212
NSA2,0.468253968253968
RPLP1,0.468253968253968
MCRIP2,0.468253968253968
EMILIN2,0.468253968253968
MARCH2,0.468253968253968
RNF175,0.467997685815503
MMEL1,0.467852774798033
TLDC2,0.467749243628474
PLB1,0.467747412864474
TENT5A,0.467643467643468
HHEX,0.467643467643468
CTDNEP1,0.467643467643468
BTK,0.467643467643468
DGKK,0.467246331231687
RHOB,0.467032967032967
ATG3,0.467032967032967
KLHL5,0.467032967032967
CTBP2,0.467032967032967
PPP4R4,0.466812713303814
CNTNAP2,0.46649026920704
HSPA6,0.466422466422466
CCNJ,0.466422466422466
THBS1,0.466422466422466
INSL6,0.466415254185393
ALOX12,0.466015656572386
PIGM,0.465811965811966
POLR2J,0.465811965811966
NEDD4L,0.465811965811966
TSSK3,0.465576717649384
METTL7A,0.465201465201465
APEX1,0.465201465201465
SCARF1,0.464690240231372
THEMIS2,0.464590964590965
SH3BP2,0.464590964590965
PILRA,0.464590964590965
CAMKK2,0.464590964590965
CPPED1,0.464590964590965
FTL,0.464590964590965
LIPN,0.464178538346739
NBPF9,0.463980463980464
KYNU,0.463980463980464
KDM1B,0.463980463980464
MNT,0.463980463980464
C18orf32,0.463980463980464
ZNF440,0.463980463980464
ABCA10,0.463952485830005
CDK3,0.463716983694575
FAM81A,0.463596088780646
SORT1,0.463440701476378
INPP1,0.463369963369963
CSGALNACT2,0.463369963369963
APH1B,0.463369963369963
DNAH6,0.463309508895216
WASF1,0.462953792862975
BSCL2,0.462759462759463
CFD,0.462759462759463
WDR97,0.462624049324603
STARD8,0.462550219388202
HTR7,0.46231480864992
YBX1,0.462148962148962
LIG4,0.462148962148962
CINP,0.462148962148962
MTHFS,0.462148962148962
CFP,0.462148962148962
BAZ2B,0.461538461538462
DAPK1,0.461538461538462
RNF141,0.461538461538462
BANF1,0.461538461538462
ATP2B1,0.461538461538462
RNF13,0.460927960927961
SNAP23,0.460927960927961
LILRA5,0.460927960927961
KATNAL2,0.460901116136308
TTC39A,0.460753076668243
FAM110B,0.460715915808341
GATA2,0.460396448190142
ITGA2B,0.46031746031746
SPIB,0.46031746031746
DIAPH2,0.46031746031746
KCP,0.460034254505737
HPCAL1,0.45970695970696
SLC11A1,0.45970695970696
ZCWPW2,0.45970695970696
DENND5A,0.45970695970696
TSPAN6,0.459685710985219
SMAD1,0.459493046755101
FRMD4B,0.459096459096459
DOCK5,0.459096459096459
PIGBOS1,0.459096459096459
FAM174C,0.459096459096459
CSTB,0.459096459096459
PPM1F,0.459096459096459
HGF,0.458766121028746
ATF6,0.458485958485959
GPR160,0.458485958485959
NAPRT,0.458485958485959
TOR2A,0.458485958485959
ZNF883,0.458465981932533
C1orf54,0.457875457875458
RAB10,0.457875457875458
ZDHHC3,0.457875457875458
VPS28,0.457875457875458
BCAT1,0.457875457875458
MIDN,0.457875457875458
PAK3,0.457598821500115
PTPRO,0.457579101713178
PAPLN,0.457546752533239
ADIPOR1,0.457264957264957
LRRC23,0.457264957264957
NATD1,0.457264957264957
SNX7,0.457169123293099
LACC1,0.45674159138531
FAM124B,0.456658419415968
DPEP2,0.456654456654457
MYO16,0.456652608508264
SYCE2,0.456511246095711
KLF5,0.45641887266613
NLRC4,0.456351525316898
RTN4,0.456043956043956
SBF2,0.456043956043956
IMPACT,0.456043956043956
IGF2BP3,0.455518722332069
FOXO3,0.455433455433455
PDE1B,0.455433455433455
KMT5A,0.455433455433455
METTL9,0.455433455433455
CCL3L1,0.455433455433455
SRC,0.455433455433455
PDXK,0.455433455433455
ELF4,0.455433455433455
CTDSPL,0.455123948920619
CAMTA1,0.454822954822955
S100A11,0.454822954822955
DDAH2,0.454822954822955
HLA-DPA1,0.454822954822955
SCRN1,0.454822954822955
BICD2,0.454822954822955
CEBPA,0.454822954822955
BTBD3,0.454295853278829
GPBAR1,0.454281794332576
ERLIN1,0.454212454212454
IFITM3,0.454212454212454
EHBP1L1,0.454212454212454
ROMO1,0.454212454212454
PELI3,0.453768201734741
ACTR2,0.453601953601954
FAM43A,0.453601953601954
ARAP3,0.453601953601954
ZBED1,0.453601953601954
PGM5,0.45343713044989
LOXL3,0.453155828992859
CCNG2,0.452991452991453
ADAP1,0.452991452991453
CDK2AP1,0.452991452991453
INSR,0.452991452991453
RTL8C,0.452991452991453
MYLK,0.45266879612806
ITGB5,0.452603025097888
PCP2,0.452578997889172
MRVI1,0.452543456250977
CHML,0.452380952380952
IMPDH1,0.452380952380952
PTEN,0.452380952380952
SLC43A2,0.452380952380952
PCTP,0.452380952380952
HCK,0.452380952380952
ISG15,0.451770451770452
ZRANB1,0.451770451770452
FIBP,0.451770451770452
WARS,0.451770451770452
NARS,0.451770451770452
TMSB4X,0.451770451770452
ZNF589,0.451159951159951
NAAA,0.451159951159951
REEP4,0.451159951159951
SLC31A2,0.451159951159951
CARD9,0.451159951159951
VASH1,0.451159951159951
YPEL2,0.451159951159951
ADORA2B,0.45070633802533
TLCD2,0.450682717171759
SCN9A,0.450563663011996
GNG5,0.450549450549451
CYBA,0.450549450549451
FNDC10,0.450213889744588
CNTF,0.450035909271658
CUEDC1,0.450007637665469
SLC6A12,0.449945181662631
ATP5ME,0.44993894993895
TXN,0.44993894993895
MYL6,0.44993894993895
SLC7A7,0.44993894993895
LDLRAD3,0.449906749236431
HEXIM2,0.449404377065867
GLB1,0.449328449328449
ARPC3,0.449328449328449
ITSN1,0.449091746951088
RET,0.449083138799479
RNPEP,0.448717948717949
LYST,0.448717948717949
RYBP,0.448717948717949
MEIS1,0.448560539955328
NUDT7,0.448381268755126
CRIPAK,0.448107448107448
ARHGAP21,0.448107448107448
TCF7L2,0.448107448107448
RASL11A,0.448107448107448
C1QB,0.447758490542942
TMED7,0.447496947496948
RRP12,0.447496947496948
CHST15,0.447496947496948
OAS3,0.447496947496948
MMP17,0.447159521428818
LRRC8D,0.446886446886447
MRPL33,0.446886446886447
LIMS1,0.446886446886447
NUDT16,0.446886446886447
GNPDA1,0.446886446886447
BCL2A1,0.446886446886447
ATF5,0.446886446886447
LILRB2,0.446886446886447
KCNJ2,0.446543534241127
RPL22,0.446275946275946
PHC2,0.446275946275946
ARL4A,0.446275946275946
PSAP,0.446275946275946
FNTB,0.446275946275946
IGKV1-27,0.445778441669628
SMIM10,0.445741374550581
PFKFB4,0.445733480998361
RALB,0.445665445665446
ZEB2,0.445665445665446
IL15,0.445665445665446
IGF1R,0.445665445665446
TNFSF12,0.445665445665446
LAIR1,0.445665445665446
OLIG1,0.445610231849453
CEACAM3,0.445213587953432
IRF2BP2,0.445054945054945
EXT1,0.445054945054945
CDH23,0.445054945054945
ATG4C,0.444444444444444
FAM204A,0.444444444444444
NACA,0.444444444444444
SH2B3,0.444444444444444
EBI3,0.44436178144705
GPR61,0.444079043472795
ADGRE2,0.443833943833944
C1orf115,0.443729687874579
ADGRB1,0.443729687874579
KLF11,0.443223443223443
TLR1,0.443223443223443
GOLM1,0.443223443223443
ALOX5,0.443223443223443
NAGA,0.443223443223443
SH3BGRL,0.443223443223443
CLDND2,0.44298580885522
AC005726.1,0.442680511950427
PRELID1,0.442612942612943
NUDT3,0.442612942612943
PLCB3,0.442612942612943
IKZF4,0.442612942612943
WASHC4,0.442612942612943
ZNF521,0.442524277671263
MYOF,0.442375215045634
SEZ6L,0.442372880009734
ADGRB2,0.442296284418344
FSD1L,0.442272532123585
RHOA,0.442002442002442
MAP3K11,0.442002442002442
GNMT,0.441518869381205
SRGAP3,0.441455728219804
SERPINA1,0.441391941391941
ATP5MC1,0.441391941391941
CCDC62,0.441201313584696
GNAI2,0.440781440781441
RASA4,0.440781440781441
SIAH1,0.440781440781441
LPL,0.440375155498659
FFAR3,0.440296001413332
LILRA2,0.44023813671208
TBCA,0.44017094017094
PAPSS2,0.439927141903253
ZNF888,0.439829037470968
BATF3,0.439621424639943
ZNF572,0.439617614435754
AOAH,0.43956043956044
FKBP15,0.43956043956044
A1BG,0.43956043956044
B4GALT5,0.43956043956044
CMBL,0.439014830992088
ARPC5,0.438949938949939
PPARGC1B,0.438949938949939
HEATR5A,0.438949938949939
IDH3G,0.438949938949939
FAM72A,0.438458883187685
C2orf92,0.438439937237682
COQ2,0.438339438339438
FAM241A,0.438339438339438
MTPN,0.438339438339438
AGTPBP1,0.438339438339438
GAPDH,0.438339438339438
CD68,0.438339438339438
TP53INP2,0.438339438339438
COPZ2,0.438101058378526
ASAP3,0.438040845722341
DMD,0.437956264774355
MSRA,0.437728937728938
STK38L,0.437728937728938
RIPOR1,0.437728937728938
VAT1,0.437728937728938
CETP,0.437575554675343
AMOTL1,0.437175686533462
AMPD2,0.437118437118437
JAGN1,0.437118437118437
SWAP70,0.437118437118437
MAFB,0.437118437118437
CLNK,0.436799552804756
LRRC4,0.43664316265545
TIGD2,0.436574573854559
DST,0.436507936507936
SLC2A6,0.436507936507936
RNH1,0.436507936507936
KCNC4,0.436344156534757
THNSL2,0.436338591976614
FNIP2,0.435897435897436
VSIR,0.435286935286935
FUT4,0.435286935286935
MPST,0.435286935286935
CACNA1C,0.43486851516373
MGAT1,0.434676434676435
GPANK1,0.434676434676435
C5AR1,0.434676434676435
IGLV9-49,0.434423138100414
C2,0.43412943223675
INKA2,0.434065934065934
STX7,0.434065934065934
ZFP91,0.434065934065934
ENGASE,0.434065934065934
GHSR,0.433696673039765
EPN1,0.433455433455433
SNAP29,0.433455433455433
CD180,0.433109427176273
KCNK7,0.433109427176273
TNFRSF8,0.432947528510745
CAMKK1,0.432911010997038
NANS,0.432844932844933
OAZ2,0.432844932844933
LRRC39,0.432466907724188
FAM122A,0.4322842103205
SPATA6,0.432234432234432
ITPRID2,0.432234432234432
TAF6L,0.432234432234432
PLXNC1,0.432234432234432
ZNF747,0.432234432234432
AFMID,0.432234432234432
PLXNB2,0.432234432234432
PLOD2,0.431958788127372
HK3,0.431623931623932
FGD2,0.431623931623932
VEGFA,0.431623931623932
C5AR2,0.431623931623932
SIGLEC10,0.431623931623932
SELP,0.431050500093226
DNMT3B,0.431026933776075
LRRFIP1,0.431013431013431
VPS9D1,0.431013431013431
JUP,0.431013431013431
ETHE1,0.431013431013431
SIAE,0.430665932523656
WDR17,0.430498037543216
AC072022.2,0.43044990674064
DISC1,0.43040293040293
SETD9,0.43040293040293
FAM214B,0.43040293040293
PPFIA1,0.43040293040293
NRIP1,0.43040293040293
SLC27A3,0.42979242979243
HS1BP3,0.42979242979243
ESRRA,0.42979242979243
MRPL21,0.42979242979243
HSD17B10,0.42979242979243
PTGES,0.429226056458923
PRDX6,0.429181929181929
UQCRC1,0.429181929181929
INCA1,0.429179176969032
SLC25A43,0.428942151234724
GAS8,0.42873105640061
TRBV11-1,0.428633116990027
FAM229A,0.428571428571429
ATP6V0C,0.428571428571429
VSIG10,0.428559442135277
FZD5,0.42855717816183
ACVR1B,0.428331557425137
PHETA1,0.428309885897469
BRICD5,0.428309885897469
HK1,0.427960927960928
MAN2A2,0.427960927960928
KIAA0513,0.427960927960928
ZNF780A,0.427960927960928
AGO1,0.427350427350427
EFCAB2,0.427350427350427
ZMAT2,0.427350427350427
CSF1R,0.427350427350427
SEM1,0.427350427350427
UBE2R2,0.427350427350427
FAM78A,0.427350427350427
MPP7,0.427350427350427
CS,0.427350427350427
FFAR2,0.427350427350427
ZNF219,0.427110369805964
SOCS5,0.426739926739927
CCS,0.426739926739927
RRAS,0.426739926739927
PALM,0.426691181740226
RIN1,0.426475582317608
TBC1D8B,0.426234195446467
MAPT,0.426231821688512
PTRHD1,0.426129426129426
CD151,0.426129426129426
SNN,0.426129426129426
PER1,0.426129426129426
LILRB1,0.426129426129426
AC011043.1,0.426077163022663
SOX15,0.426069182933024
SCML2,0.42600721671735
CYSLTR2,0.425518925518925
CCDC114,0.425515168362736
CCDC103,0.425447184125823
TRIM2,0.425329039415055
FGR,0.424908424908425
SECTM1,0.424908424908425
MSL3,0.424908424908425
RAB7A,0.424297924297924
CALHM6,0.424297924297924
RARA,0.424297924297924
ALG1L2,0.424134787127981
TMEM53,0.423687423687424
LGALS8,0.423687423687424
MYD88,0.423687423687424
LILRA1,0.423687423687424
TIMP1,0.423687423687424
C19orf38,0.423446806948443
RAB39A,0.423149564640629
MPIG6B,0.42314151004365
SMPDL3A,0.423112692421197
DAGLA,0.423112692421197
ZNF593,0.423076923076923
ZNF703,0.423076923076923
ITGB2,0.423076923076923
ARMH1,0.422466422466423
LPGAT1,0.422466422466423
TRAK1,0.422466422466423
MROH1,0.422466422466423
SPI1,0.422466422466423
RNF135,0.422466422466423
FUNDC2,0.422466422466423
FAM92A,0.422286280320143
ZMIZ1,0.421855921855922
LGALS9,0.421855921855922
USP32,0.421855921855922
MYO1F,0.421855921855922
ZNF787,0.421855921855922
DNASE1L1,0.421855921855922
CYP46A1,0.421739046447309
LYPD3,0.421309728614889
POU5F1,0.421308607709438
CUX1,0.421245421245421
ITM2B,0.421245421245421
GP1BA,0.421093192475412
FNBP1L,0.420995367108911
ABCC3,0.420891953913191
PRSS36,0.4207000736731
BMP1,0.420666954314716
TJP2,0.420634920634921
TAGLN,0.420634920634921
RAD9B,0.420055645307328
TBC1D8,0.42002442002442
PF4V1,0.419670206586882
CMTM7,0.419413919413919
MKRN1,0.419413919413919
ACOT9,0.419413919413919
REPS2,0.418862955447454
GTF2IRD1,0.418858361654295
MAPK7,0.418803418803419
RAB5C,0.418803418803419
ACOX1,0.418803418803419
CACFD1,0.418562056471749
CYTL1,0.418386589798285
TRIT1,0.418192918192918
PROK2,0.418192918192918
CNBP,0.418192918192918
PCGF3,0.418192918192918
AP3S1,0.418192918192918
UBE2D4,0.418192918192918
GNB2,0.418192918192918
RXRA,0.418192918192918
PPFIBP2,0.418192918192918
LCP1,0.418192918192918
ARHGAP27,0.418192918192918
PRKACA,0.418192918192918
PLAGL2,0.418192918192918
PHEX,0.417763248304037
NEFL,0.417659225151395
LYPD2,0.417582417582418
UNC93B1,0.417582417582418
TPI1,0.417582417582418
MSANTD1,0.417361199632203
KANSL1L,0.416971916971917
RGS12,0.416971916971917
ARRB1,0.416971916971917
CAPNS1,0.416971916971917
CHCHD10,0.416971916971917
ACKR4,0.41654966425833
ZNF491,0.41654966425833
UPB1,0.416547188796952
PLEK2,0.416368605980017
SERPINE3,0.416364157786584
TAGLN2,0.416361416361416
GIMAP8,0.416361416361416
FRAT2,0.416361416361416
FBXL15,0.416361416361416
MBD2,0.416361416361416
ERF,0.416361416361416
SH3BGRL2,0.416119681233401
C1QA,0.415841504239675
ECHDC1,0.415750915750916
TEC,0.415140415140415
MACROD2,0.41503413314926
B3GNT8,0.414783217281649
UPK3B,0.414731623455408
GPRC5C,0.414424266518202
GOLGA8O,0.414382504074176
PRG2,0.414104073897307
NANOS3,0.414073263399494
IQCE,0.413919413919414
CAT,0.413919413919414
CBL,0.413919413919414
SNRPD3,0.413919413919414
EDN3,0.413565927481768
NDRG2,0.413386351447116
ADGRE3,0.413351600770513
SPAG7,0.413308913308913
NIBAN3,0.412836300700765
TYW3,0.412698412698413
RAB24,0.412698412698413
ACTB,0.412698412698413
RABGEF1,0.412698412698413
VAV2,0.412698412698413
BRI3BP,0.412698412698413
RIN3,0.412698412698413
LONRF3,0.412339722629033
TPPP3,0.412126855286749
PSPN,0.412125009251034
PLA2G15,0.412087912087912
TGFA,0.411842194391066
CFAP97D2,0.411831422009747
RELT,0.411477411477411
OAZ1,0.411477411477411
CD37,0.411477411477411
AMDHD1,0.411238092753627
HSD17B6,0.411216948680362
PPM1J,0.411141211560188
ZMAT4,0.411106164467977
SFRP5,0.410940806311202
ARHGEF2,0.410866910866911
RAB3GAP1,0.410866910866911
SMIM7,0.410866910866911
PACSIN2,0.410866910866911
TNNI2,0.41062433694712
MMP9,0.410624304555487
PRCD,0.410314052397711
HS6ST1,0.41025641025641
FTCDNL1,0.41025641025641
ZBTB43,0.41025641025641
PTPN6,0.41025641025641
PLD4,0.409896227976416
CYP2E1,0.409888820962532
SYNPO,0.409773259842466
GLRX2,0.40964590964591
NABP1,0.40964590964591
ALCAM,0.40964590964591
LMO2,0.40964590964591
PNPLA6,0.40964590964591
ADGRG3,0.409275215138584
CFAP161,0.409092224288867
ZNF763,0.409089834060138
HIGD1A,0.409035409035409
ASCL2,0.409035409035409
SLC16A3,0.409035409035409
SHKBP1,0.409035409035409
MLANA,0.408881667434581
ELF3,0.408452618835455
PPM1M,0.408424908424908
ALDH3B1,0.408424908424908
MLX,0.408424908424908
ID1,0.408424908424908
DEPDC7,0.408401633868098
ANXA4,0.407814407814408
SLC6A6,0.407814407814408
NFKBIZ,0.407814407814408
STK3,0.407814407814408
ITPK1,0.407814407814408
C15orf39,0.407814407814408
SYNGR2,0.407814407814408
NDUFA7,0.407814407814408
AQP11,0.407715820880914
SCGB3A1,0.407555363564789
EGR4,0.407269968556485
EMP3,0.407203907203907
EGLN3,0.407063242128035
TLN2,0.406941575366649
FRMD6,0.406787219909778
APBB3,0.406593406593407
PECAM1,0.406593406593407
UGGT2,0.406230985997492
AGRN,0.406003127867926
MXD3,0.405982905982906
NOXA1,0.405982905982906
CXCL16,0.405982905982906
VASP,0.405982905982906
COX17,0.405372405372405
BX255925.3,0.405372405372405
PIK3AP1,0.405372405372405
NOMO1,0.405372405372405
SOX5,0.405249245210654
GRHL1,0.405187470087633
CTSL,0.404823695756046
CACUL1,0.404761904761905
FAM110A,0.404761904761905
CD300C,0.404398365008029
KRT2,0.404286755944994
NAV1,0.404213101946459
ZNF354A,0.404151404151404
COTL1,0.404151404151404
PIM3,0.404151404151404
CTXN2,0.403977155835584
STS,0.403787491344875
ACAA1,0.403540903540904
CERT1,0.403540903540904
R3HDM2,0.403540903540904
COA8,0.403540903540904
CES1,0.403176617681721
DEPP1,0.403140652878845
NRARP,0.402930402930403
PGP,0.402930402930403
ARRB2,0.402930402930403
LYL1,0.402930402930403
ZDHHC11B,0.402788987730186
NEK4,0.402319902319902
PWWP2B,0.402319902319902
SPOCD1,0.402011512091499
MAPRE3,0.401954870355413
TTYH3,0.401709401709402
STAT6,0.401709401709402
FZD4,0.401204763589654
TMEM38A,0.401101049462869
NDUFA10,0.401098901098901
AREG,0.401098901098901
PPCDC,0.401098901098901
ZG16B,0.400876965086701
TPM3,0.400488400488401
ETF1,0.400488400488401
KAT8,0.400488400488401
CAMK1,0.400244242184145
ITGB3,0.400244242184145
SEMA4G,0.400164751601776
DHX57,0.3998778998779
CTSO,0.3998778998779
IFIT2,0.3998778998779
HIGD2A,0.399267399267399
ITGAX,0.399267399267399
SNX21,0.398717757660178
COL9A2,0.398656898656899
ARFIP1,0.398656898656899
SQSTM1,0.398656898656899
COMMD6,0.398656898656899
PLEKHO2,0.398656898656899
RASA4B,0.398655434691762
OPRL1,0.398655434691762
ENG,0.398046398046398
ILK,0.398046398046398
CDC42EP4,0.398046398046398
TYK2,0.398046398046398
MRAS,0.397678754713334
DGKG,0.397678754713334
PLPP3,0.397586857084203
SLC22A18,0.397435897435897
FLII,0.397435897435897
HMOX1,0.397435897435897
PCSK6,0.397374266966654
SLC23A3,0.39703955960864
C6orf132,0.396930867244526
STK32C,0.396825396825397
RALBP1,0.396825396825397
IDH3B,0.396825396825397
CD40,0.396825396825397
ANKRD24,0.396519217802898
EPB41L3,0.396214896214896
MAST3,0.396214896214896
RGS19,0.396214896214896
SLC25A27,0.395714093605193
MFSD14B,0.395604395604396
HSDL2,0.395604395604396
FZD1,0.395279599601994
CISD3,0.394993894993895
TMEM101,0.394993894993895
CASP5,0.394900341569196
LIM2,0.39452862833978
COA5,0.394383394383394
TGIF1,0.394383394383394
ZNF239,0.394342467630825
EFCAB5,0.393794295649377
DYNC1I2,0.393772893772894
GUCD1,0.393772893772894
ARMCX2,0.393725244958546
TCAP,0.393103246151345
CATSPERE,0.393052945219995
LYN,0.392551892551893
OVCA2,0.392551892551893
MYBPC3,0.392530927546517
CHADL,0.392490472460912
STK40,0.391941391941392
CTBS,0.391941391941392
DENND3,0.391941391941392
TRIM8,0.391941391941392
MCOLN1,0.391941391941392
ZNF396,0.391807934822374
AKAP3,0.391710566708781
AP3S2,0.391330891330891
RCAN1,0.391330891330891
RNF208,0.391189453473009
CDK19,0.390720390720391
ERP29,0.390720390720391
C15orf65,0.390615250922539
C1QTNF12,0.390369294016876
C1orf43,0.39010989010989
DIPK2A,0.39010989010989
RNASET2,0.39010989010989
PTPN18,0.38949938949939
MLLT1,0.38949938949939
PDE4A,0.38949938949939
RHOG,0.388888888888889
TBL1X,0.388888888888889
EPHB1,0.388855963733353
CSDE1,0.388278388278388
PSMB10,0.388278388278388
EMC8,0.388278388278388
UNC119,0.388278388278388
LRRC25,0.388278388278388
CLMP,0.388214479957062
BEND3,0.387945450083904
SELL,0.387667887667888
SNX17,0.387667887667888
ZNF169,0.387667887667888
SNAPC2,0.387667887667888
SLC35A1,0.387057387057387
KCNC3,0.387057387057387
MROH6,0.386811178373235
ACOT11,0.386713877226495
IGKV1-16,0.386513241541137
ARMC9,0.386455618278208
TTLL3,0.386446886446886
SAMSN1,0.386446886446886
AGPAT3,0.386446886446886
SATB2,0.386209172779726
RSPH3,0.386200584563648
KAZALD1,0.38609809079779
S100A2,0.38597519347776
SULT2B1,0.385939864556138
GTF2H5,0.385225885225885
PON2,0.385225885225885
TMEM107,0.385225885225885
KSR1,0.385225885225885
LEKR1,0.384979396944475
LY6G6F,0.384866517940381
FKBP1C,0.384845200233618
PSME2,0.384615384615385
PTGER2,0.384615384615385
NPTN,0.384615384615385
SLC24A3,0.384312892062314
TMEM120A,0.384004884004884
ERI2,0.383634945082971
TNS1,0.383617623837339
ORAI2,0.383394383394383
VPS29,0.383394383394383
ZNF662,0.383256381815786
P2RX1,0.382783882783883
SEC14L1,0.382783882783883
MAPKAPK3,0.382173382173382
ELOC,0.382173382173382
ARL6IP4,0.382173382173382
MUC1,0.382044872619105
C3,0.381912233232543
C6orf201,0.38178451777243
WASF2,0.381562881562882
CLEC1B,0.381285268814517
EEF1AKMT4,0.380952380952381
PAPSS1,0.380952380952381
OSTF1,0.380952380952381
POLD4,0.380952380952381
SLCO3A1,0.380952380952381
HOOK2,0.380952380952381
BID,0.380952380952381
ZMYND15,0.380705240277367
AXDND1,0.380663270007315
MIIP,0.38034188034188
PURB,0.38034188034188
NDST2,0.38034188034188
TICAM1,0.38034188034188
TPM4,0.38034188034188
TMEM160,0.38034188034188
TSPYL5,0.38024178874757
TNNC1,0.380168583999403
OCM,0.37994039489996
SYNPO2,0.379888237055017
TMEM70,0.37973137973138
VDAC2,0.37973137973138
CDKN1C,0.37973137973138
WDFY2,0.37973137973138
SPRED1,0.379700841031161
ARAP1,0.379120879120879
KBTBD7,0.379120879120879
PNP,0.379120879120879
LRRC29,0.379089406504541
TNFRSF1B,0.378510378510379
UCHL3,0.378510378510379
FAM174B,0.378446354483226
LRRC69,0.378306812150388
SPARC,0.377899877899878
ARPC2,0.377289377289377
AAMDC,0.377289377289377
VPS35,0.377289377289377
IQCH,0.377028748595825
FSIP2,0.376816127350378
STK36,0.376736380515053
IL1RAP,0.376678876678877
DBNL,0.376678876678877
SLC12A9,0.376678876678877
FKBP2,0.376678876678877
CCR2,0.376345901088263
RMDN1,0.376068376068376
MT2A,0.376068376068376
POGK,0.375457875457875
NOTCH4,0.375457875457875
TIMM9,0.375457875457875
CHRNE,0.375457875457875
NRTN,0.375431169152623
DNAJB5,0.375013935081107
PCDH9,0.374948998831374
COX7C,0.374847374847375
MMP24OS,0.374847374847375
ADAM23,0.37480219692279
OSGIN1,0.374772118031932
GNB1,0.374236874236874
SLC29A1,0.374236874236874
PTCRA,0.374181216365487
P3H2,0.374134162031158
C10orf95,0.374009277029791
SDHB,0.373626373626374
ZNF267,0.373626373626374
ULK2,0.373626373626374
TREX1,0.373547372548168
SMIM1,0.373243808187169
HKDC1,0.37308226502812
STXBP1,0.373069555228209
OS9,0.373015873015873
TRIP6,0.372405372405372
ZNF277,0.372405372405372
DDX21,0.372405372405372
ZFYVE21,0.372405372405372
BCO2,0.371955648072684
UHRF1BP1L,0.371794871794872
USP12,0.371794871794872
C2CD2,0.371794871794872
EFNB1,0.371794871794872
SNX18,0.371184371184371
SLC25A11,0.371184371184371
DOK7,0.371036800018216
ATP5MGL,0.370711289092091
MXRA8,0.370708448884419
C2orf81,0.370114283478265
TMEM40,0.37008764365147
KBTBD8,0.36996336996337
BORCS7,0.36996336996337
DYNLL1,0.36996336996337
NUDT19,0.36996336996337
KIAA1211L,0.369440722722524
CCNI,0.369352869352869
SAMD4B,0.369352869352869
PLEKHG2,0.369352869352869
YWHAB,0.369352869352869
WDR78,0.368770231392719
MICAL2,0.368742368742369
TMTC1,0.36864839061311
PCSK5,0.368131868131868
TAF10,0.368131868131868
TPGS1,0.368131868131868
DLGAP3,0.367745945218782
C11orf96,0.367624497936652
AS3MT,0.367601295056084
GOLGA8N,0.367521367521368
IL17RE,0.367423645129345
SLC40A1,0.366910866910867
TMEM258,0.366910866910867
ELK3,0.366910866910867
CDKN2D,0.366910866910867
UACA,0.366524197892474
ABRAXAS1,0.366300366300366
WIPI1,0.366300366300366
ASIP,0.365881228662687
UBAP1L,0.365831718149067
SH3RF1,0.365745691942491
NMNAT1,0.365689865689866
RUFY1,0.365689865689866
CBWD1,0.365689865689866
SLC25A34,0.365161352221833
HES4,0.365079365079365
ABRACL,0.364468864468864
ZDHHC4,0.364468864468864
DNMBP,0.364468864468864
COPS7A,0.364468864468864
HEATR3,0.363858363858364
TEN1,0.363858363858364
CELA1,0.363667033426292
ODF3L1,0.363362613298727
TCIRG1,0.363247863247863
C22orf39,0.363247863247863
CYGB,0.362909771830436
NDUFA4L2,0.362120919583298
TUSC1,0.36208242007831
UBE2W,0.362026862026862
C2CD2L,0.362026862026862
GP9,0.361637208587241
HPS3,0.361416361416361
CACNA1D,0.361381306984069
DOK1,0.360805860805861
RASGEF1B,0.360805860805861
ZNF438,0.360805860805861
WDR13,0.360805860805861
TMEM8B,0.360555644561003
C1S,0.360526393811988
RNF146,0.36019536019536
TIGAR,0.36019536019536
TESC,0.35958485958486
UPK2,0.359023098790847
PPCS,0.358974358974359
AKIRIN2,0.358974358974359
TGOLN2,0.358363858363858
TMEM71,0.358363858363858
MAP7,0.358100701282012
GALNT4,0.357753357753358
SMCR8,0.357753357753358
RGMB,0.35764931414086
SERP2,0.357617337657909
CLDN12,0.357567282618929
PLA2G4C,0.357361092945162
XYLB,0.357156128648673
CRIP1,0.357142857142857
IL3RA,0.357142857142857
PIN4,0.357142857142857
SPATA24,0.357077763546212
LRP6,0.356907971976284
SSR1,0.356532356532357
OAS1,0.356532356532357
GRAMD4,0.356532356532357
H3F3C,0.356405316526457
SLC4A3,0.356143525322895
C4BPB,0.3560543755845
FNDC3B,0.355921855921856
IER2,0.355921855921856
HTATIP2,0.355311355311355
EEPD1,0.354700854700855
SH2B2,0.354700854700855
G6PC3,0.354700854700855
TRIM36,0.354692982933855
NUDT13,0.354692982933855
THRB,0.354689913466815
GOLGA8R,0.354604494156181
FAM89A,0.354090354090354
CDK5,0.354090354090354
RBMS3,0.35400292840614
OAZ3,0.353848896227561
IFI27,0.353848896227561
RPL8,0.353479853479853
TNFRSF11A,0.352905856910868
MRPL16,0.352869352869353
PPP4C,0.352869352869353
CAP1,0.352258852258852
RNF7,0.352258852258852
MTDH,0.352258852258852
FAM49B,0.352258852258852
RAB12,0.351648351648352
BABAM2,0.351037851037851
VAMP5,0.351037851037851
CDYL,0.351037851037851
RFNG,0.351037851037851
ADRB1,0.350829472590759
WBP4,0.35042735042735
YBEY,0.35042735042735
SAPCD1,0.350382477932923
TUBA8,0.350382477932923
TRNP1,0.350277208356642
FLOT1,0.34981684981685
IRF7,0.34981684981685
COX16,0.34981684981685
CKB,0.34981684981685
MYPOP,0.34981684981685
TMEM189,0.34981684981685
TINCR,0.349547745576414
ANKRD13A,0.349206349206349
ANKDD1A,0.349206349206349
MPLKIP,0.348595848595849
TUBA4B,0.348283558431472
LILRB5,0.347711014246164
MRPL36,0.347374847374847
SLC25A30,0.347374847374847
MAP1LC3B,0.346764346764347
ACSF2,0.346764346764347
CFAP45,0.346602971905349
ABHD1,0.346176543750815
AKR7A2,0.346153846153846
ABR,0.346153846153846
POFUT1,0.346153846153846
PDZK1IP1,0.345869649651745
CRLS1,0.345543345543346
MPL,0.345123090569117
ATP1B3,0.344932844932845
FAAP100,0.344932844932845
XAF1,0.344322344322344
CYB5D1,0.344322344322344
MSRB3,0.344184870921312
CLTCL1,0.34415348093782
MYLPF,0.343931921223878
CNDP2,0.343711843711844
FAT4,0.343664860926875
B3GNT10,0.343541108195938
CDC42BPA,0.343107602760116
ZP1,0.342840548511289
PLK3,0.342490842490842
CYB5R1,0.342490842490842
FBXL13,0.342201516734008
ETFRF1,0.341880341880342
COX6A1,0.341880341880342
MOSPD2,0.341880341880342
NDUFS8,0.341269841269841
LILRA4,0.341250250627574
OTOA,0.340345555868487
RPS6KA2,0.340100751939845
SRD5A3,0.34004884004884
DOK2,0.34004884004884
CIC,0.34004884004884
PPP1R12C,0.34004884004884
SIK1,0.34004884004884
CD34,0.33957642653531
SRSF12,0.33957642653531
PSMB1,0.339438339438339
PPP1R15A,0.339438339438339
SUCLG1,0.338827838827839
SGPL1,0.338827838827839
B3GNTL1,0.338827838827839
AP2A1,0.338827838827839
WASF3,0.338170061271937
ZBTB7C,0.337690816752985
NMI,0.337606837606838
NR2F6,0.337202262061076
ZSCAN31,0.337171125599715
TMEM192,0.336996336996337
MPC1,0.336996336996337
ARRDC1,0.336996336996337
SLC25A29,0.336996336996337
ZNF547,0.336717514850737
DRD4,0.336501354696009
B3GALNT2,0.336385836385836
TLN1,0.336385836385836
VWA5A,0.336131892177531
PTP4A2,0.335775335775336
PPA2,0.335775335775336
KLF6,0.335775335775336
BCL2L11,0.335164835164835
C3AR1,0.335164835164835
KDM4D,0.334854201963858
TBC1D30,0.334758767408459
KRT81,0.334623227996265
RTRAF,0.334554334554335
HOXA4,0.334127380121116
SYF2,0.333943833943834
REEP5,0.333943833943834
GLI4,0.333943833943834
GPR63,0.333479181581924
CHST2,0.333333333333333
UQCRB,0.333333333333333
FCHO1,0.333333333333333
COPE,0.333333333333333
PLPBP,0.332722832722833
KHDRBS2,0.33236630929267
ASB9,0.3321847790739
SLC2A3,0.332112332112332
SYT17,0.331506003259341
NEIL3,0.331501831501831
DLC1,0.33129309864308
GRPEL1,0.330891330891331
CPEB3,0.330891330891331
SMIM24,0.33088971170909
SMIM35,0.330831838797321
S100A5,0.330584938402286
ZBTB8A,0.330468833556474
GRID2IP,0.330417726234565
SCARB2,0.32967032967033
RFC3,0.32967032967033
ZNF562,0.32967032967033
RNF215,0.329456535132646
PDE3A,0.329320751257344
SPRED2,0.329110063367283
MARCKSL1,0.329059829059829
RPS8,0.329059829059829
RTKN,0.328504420861157
ATP5MD,0.328449328449328
SLIRP,0.328449328449328
FLCN,0.328449328449328
ASCL5,0.327913990342204
ACY1,0.327838827838828
VDR,0.327838827838828
TMCC3,0.327838827838828
CFL1,0.327228327228327
HSBP1L1,0.327228327228327
SMIM12,0.326617826617827
ASNSD1,0.326617826617827
CLU,0.326617826617827
ATP6V1G1,0.326617826617827
EIF3G,0.326617826617827
ICAM4,0.326617826617827
CAVIN2,0.326007326007326
SLC35A4,0.326007326007326
GPAT4,0.326007326007326
METRNL,0.326007326007326
NPW,0.325939671115061
WDR64,0.325486118380318
CCDC125,0.325396825396825
SPDYE5,0.325305376166382
PLEKHA4,0.32483050274698
MGLL,0.324786324786325
MAP3K8,0.324786324786325
CTNS,0.324786324786325
LKAAEAR1,0.324693956815924
ICA1,0.32467173363534
SARDH,0.324517803625593
VCL,0.324175824175824
HEY2,0.323594546548806
KIF1B,0.322954822954823
C2orf76,0.322954822954823
LRRFIP2,0.322954822954823
QTRT2,0.322954822954823
FCER2,0.322720434971942
ANKDD1B,0.322471773837821
AGER,0.322344322344322
SDHD,0.322344322344322
ZNF546,0.322195382130374
ATP6V1C1,0.321733821733822
RPL12,0.321733821733822
IL15RA,0.321733821733822
PBLD,0.321733821733822
ITGAE,0.321733821733822
PES1,0.321733821733822
MEIG1,0.32161030166951
EDAR,0.321176706473011
RNF149,0.321123321123321
RPF2,0.321123321123321
CLCN7,0.321123321123321
RBX1,0.321123321123321
IGLV4-69,0.321103534815223
VPREB3,0.320758374940123
MYH3,0.320682579645463
TSPAN3,0.320512820512821
CETN2,0.320512820512821
PPP1R17,0.320391691948999
MYO3B,0.320366097981386
RNF114,0.31990231990232
CDK5R1,0.319783651230806
CCSAP,0.319291819291819
DOCK2,0.319291819291819
CENPW,0.319291819291819
PLIN2,0.319291819291819
SIDT2,0.319291819291819
TSC22D1,0.319291819291819
C3orf67,0.319196372751889
KCTD11,0.319168822895758
SLC16A4,0.31882713559737
DPYSL4,0.318750068981584
SPEG,0.318302112376279
HIC2,0.318070818070818
TFCP2L1,0.317942286636386
TMEM45A,0.317841390479964
KARS,0.317460317460317
RPL15,0.316849816849817
PAQR7,0.316723084789278
IGLV2-8,0.316662450874594
EXPH5,0.316643970696174
TXLNB,0.316640245642765
NPHP4,0.315821683850681
BTF3,0.315628815628816
MTM1,0.315628815628816
TMLHE,0.315628815628816
KIAA0100,0.315018315018315
PC,0.314051078639351
TMEM86A,0.313952663348478
UBE2L6,0.313797313797314
MANBAL,0.313797313797314
ENPP3,0.3137594416367
TTYH2,0.313186813186813
PGK1,0.313186813186813
LCN2,0.312865400022352
PTGDR2,0.312642322103725
C3orf14,0.31262403050844
CASP10,0.312576312576313
LRCH4,0.312576312576313
MAMDC4,0.312418192853129
CAND2,0.312100325633076
ZMYM6,0.311965811965812
CCT5,0.311965811965812
OSGIN2,0.311965811965812
C12orf76,0.311965811965812
ZBTB46,0.311965811965812
SMUG1,0.311355311355311
MED22,0.310744810744811
ME2,0.310744810744811
VMO1,0.310323820882294
TRPV3,0.310302241500296
ACTR1A,0.31013431013431
SLC6A4,0.309868488112128
GNAI1,0.309755405986345
CPQ,0.30952380952381
WBP1L,0.30952380952381
IQGAP1,0.30952380952381
TMSB4Y,0.308163001416594
TNFRSF6B,0.308023489166768
DPPA4,0.307873233186578
SLC39A1,0.307692307692308
TPRKB,0.307692307692308
LSM3,0.307692307692308
TMEM65,0.307692307692308
ATF7,0.307692307692308
ZDHHC20,0.307692307692308
FAXDC2,0.307411116424885
ATP2A1,0.30737428487219
WASHC2C,0.307081807081807
FPGT,0.306823389317365
SH3BGR,0.306565382648392
FBXL19,0.306518092412572
NCSTN,0.306471306471306
TUBA1A,0.306471306471306
MAP2K3,0.306471306471306
MRPL40,0.306471306471306
FAM131B,0.306414537720859
IGSF22,0.306414537720859
OCLN,0.306280310871731
GMPR,0.306186370941121
PRR33,0.306148267935399
SNX4,0.305860805860806
PLCB2,0.305860805860806
HIST1H3E,0.305592171397205
GEMIN6,0.305250305250305
TPK1,0.305250305250305
NEURL1,0.305250305250305
TBCEL,0.305250305250305
ITGA5,0.305250305250305
GGA1,0.305250305250305
UQCRHL,0.304639804639805
SLC35F6,0.304639804639805
IFITM2,0.304639804639805
GAS6,0.304639804639805
FAM234A,0.304639804639805
WIPF2,0.304639804639805
PCDH12,0.304198495780077
PLEKHM2,0.304029304029304
DYNC1LI1,0.304029304029304
NDUFA13,0.304029304029304
DCHS1,0.303577242466943
FAM32A,0.303418803418803
HYKK,0.303220578319863
TMPRSS3,0.302903660710057
STK11IP,0.302808302808303
SPATA7,0.302808302808303
NUBP1,0.302808302808303
EIF6,0.302808302808303
RGS6,0.302581546542582
ACKR3,0.302351136493963
CCDC154,0.302351136493963
ADSSL1,0.302290687583823
COMMD8,0.302197802197802
KLHL18,0.301587301587302
PEAK1,0.301587301587302
PJVK,0.301024217106892
CAPN3,0.300976800976801
BEND2,0.300520069833842
NDUFA3,0.2997557997558
KIAA0408,0.29970962442281
CLEC4F,0.299528640692194
NDUFB3,0.299145299145299
MBD6,0.299145299145299
CHURC1,0.299145299145299
ANKUB1,0.298656417921735
CLTB,0.298534798534798
LSM4,0.298534798534798
GRAPL,0.298275861391172
CRYGS,0.297937428649516
EFHD2,0.297924297924298
SMAP2,0.297924297924298
CXXC5,0.297924297924298
ZNF318,0.297924297924298
GIMAP2,0.297924297924298
DBP,0.297924297924298
DNAH10,0.297697432846578
TMEM86B,0.297495473956058
CD200,0.297368485406968
MPG,0.297313797313797
ITGA3,0.297083979061328
LAMC3,0.29702765910359
ARL8A,0.296703296703297
RAB3A,0.296703296703297
LDHAL6A,0.296600986662584
TFAP2E,0.296193272206917
SLC12A7,0.296092796092796
CCDC74A,0.296045111485417
AL391650.1,0.295699126897926
PABPC4,0.295482295482296
NDUFC1,0.295482295482296
PCBD2,0.295482295482296
CYTH4,0.295482295482296
MYO5C,0.295016185114175
CDK20,0.294961699349508
FAM71E1,0.294899584489139
FMC1,0.294871794871795
ATP5PF,0.294871794871795
MRPL53,0.294306216220836
SVIL,0.294261294261294
GCHFR,0.294261294261294
RBM11,0.293870865008363
LRRC3,0.29377864094811
C1orf74,0.293697652809867
NRIP2,0.293315585772007
ITGB4,0.293291417626503
PNPLA2,0.293040293040293
CMTM3,0.292429792429792
SUOX,0.291997610987671
ELMSAN1,0.291819291819292
NONO,0.291819291819292
FAM86B1,0.291626999091068
KCNIP2,0.291613956225334
WBP2NL,0.291613956225334
SEPTIN5,0.291348551934538
DDIAS,0.291253247172902
TSACC,0.290789536614778
CGGBP1,0.290598290598291
FBXO9,0.290598290598291
LANCL2,0.290598290598291
TMEM268,0.290598290598291
NPIPA5,0.290035407919871
PROS1,0.289819965617988
SMIM18,0.289800910996961
PPP1R11,0.289377289377289
MAP3K7CL,0.289377289377289
DEGS2,0.288981763145931
PNMA5,0.287985662038127
WWC2,0.287894981220174
KDELR3,0.287602575474264
P2RY14,0.287554871284211
XKR8,0.287545787545788
TRPS1,0.287545787545788
LSM7,0.287545787545788
NEK5,0.287363448927091
LRRC37A3,0.286956475776348
ECI1,0.286935286935287
ARHGAP17,0.286935286935287
MICALL2,0.286368496696207
MTF1,0.286324786324786
PPP1R16A,0.286324786324786
CPNE2,0.286324786324786
FAM131A,0.286063199791414
MRPL11,0.285714285714286
TCTN1,0.285714285714286
MED13L,0.285714285714286
RIOK3,0.285714285714286
ZNF706,0.285103785103785
DERA,0.285103785103785
SUMO2,0.285103785103785
C19orf53,0.285103785103785
TUBB1,0.285103785103785
ADAT3,0.28484201217224
C20orf96,0.28484201217224
HYAL3,0.284622772141716
KCNMB4,0.284622772141716
CSRNP1,0.284493284493284
LY6E,0.284493284493284
NCKAP1L,0.284493284493284
TNFRSF12A,0.284493284493284
CSNK2A1,0.284493284493284
NRIP3,0.284056253366667
FEM1C,0.283882783882784
LASP1,0.283882783882784
C9orf116,0.283877543632825
ABITRAM,0.283272283272283
FLYWCH2,0.283272283272283
MIEN1,0.283272283272283
PGRMC1,0.283272283272283
CMC4,0.283272283272283
ZNF713,0.283094185825165
FYB1,0.282661782661783
DHRS4L2,0.282661782661783
SLC25A14,0.282661782661783
RPL11,0.282051282051282
TMEM251,0.282051282051282
ELOF1,0.282051282051282
UROD,0.281440781440781
GSTM4,0.281440781440781
MAP7D1,0.280830280830281
SEC13,0.280830280830281
PIP5K1C,0.280830280830281
YWHAH,0.280830280830281
C19orf57,0.280497511758274
RNF165,0.280265375858466
CXCR1,0.280263218547275
SKIL,0.28021978021978
MGRN1,0.28021978021978
NOG,0.280215434337745
NFE2L3,0.27960927960928
TEP1,0.27960927960928
LACTB2,0.278998778998779
PRXL2C,0.278998778998779
MGMT,0.278998778998779
ABCC2,0.278753265459672
EHD4,0.278388278388278
KIF1C,0.278388278388278
PTPN2,0.278388278388278
RPS6KL1,0.278033466819068
CMTM1,0.277947516735126
TREML1,0.277777777777778
WAS,0.277777777777778
LRRC32,0.277432265559163
HGSNAT,0.277167277167277
GVQW3,0.277103892917074
PFKL,0.276556776556777
CBX2,0.276167470397464
SYNE3,0.275946275946276
MIB1,0.275946275946276
TOMM22,0.275946275946276
C10orf105,0.275872320059665
SUSD4,0.275849348704642
MPPED2,0.275849348704642
PNPLA8,0.275335775335775
ZNF395,0.275335775335775
MIF4GD,0.275335775335775
HLA-DQA2,0.275072511218852
TLCD4,0.274668101367209
PTPRN,0.274554281339832
FMNL2,0.274282274756201
RPL29,0.274114774114774
RAB43,0.274114774114774
PPP1R14B,0.274114774114774
FOSL2,0.273504273504273
MRTFA,0.273504273504273
CRLF1,0.273409174344847
PLS1,0.273259213975021
SHISA4,0.273005516135931
SLC18B1,0.272893772893773
YY1,0.272893772893773
ZBTB21,0.272893772893773
RPL39,0.272283272283272
BTNL9,0.272182328872827
ZNF620,0.271822553045672
RCSD1,0.271672771672772
OSBPL8,0.271672771672772
PIK3R2,0.271672771672772
IGLV7-46,0.271381637677819
CNN3,0.271316612927805
EHHADH,0.271294383577766
TBC1D10B,0.271062271062271
RGS13,0.270949473567169
C11orf65,0.270585590346943
EBF1,0.27053604901755
XRCC4,0.27045177045177
MFSD12,0.27045177045177
DNAH8,0.270134938693725
IGLV3-25,0.269903955445079
EMID1,0.269867410456921
DESI1,0.26984126984127
CD109,0.269395285450968
LAMA2,0.26937401188059
BGLAP,0.269271861872608
BROX,0.269230769230769
RPP25L,0.269230769230769
GNGT2,0.269230769230769
NIFK,0.268620268620269
RPP21,0.268620268620269
SFXN4,0.268620268620269
PAX5,0.268081485903844
RECK,0.268009768009768
IGKV1D-8,0.267809971495369
MMACHC,0.267802424274803
ZNF20,0.267134791694223
ACAP3,0.266788766788767
ABTB1,0.266178266178266
PJA2,0.266178266178266
GRK2,0.266178266178266
WIZ,0.266178266178266
LRP5,0.266136343468563
ITLN1,0.266019737200391
PELI1,0.265567765567766
JAZF1,0.265567765567766
SPATA2L,0.265567765567766
VPS25,0.265567765567766
LMNTD2,0.265119169808889
NDUFA4,0.264957264957265
PSMD9,0.264957264957265
WFIKKN1,0.264788164342982
TBC1D16,0.264751150026558
C14orf119,0.264346764346764
PLCXD1,0.264346764346764
RGS5,0.264173583943148
SLC17A3,0.263865646601713
TKFC,0.263736263736264
PDE9A,0.263727494253434
CCR8,0.263719511595853
CHDH,0.263488762498353
FIGNL2,0.263473054829252
NECTIN1,0.263286548819427
MAP4K4,0.263125763125763
RACK1,0.263125763125763
MRPL51,0.263125763125763
FAM178B,0.263109584577066
AKR1E2,0.262545332805206
ARHGAP6,0.262064801493119
HCLS1,0.261904761904762
UBE2D3,0.261904761904762
SLC25A3,0.261904761904762
CELF6,0.261639447407942
LRRC43,0.261294748117121
PPP1R15B,0.261294261294261
CPSF7,0.261294261294261
ZNF844,0.261294261294261
METTL24,0.260841398503126
DUS2,0.260683760683761
NXT1,0.260683760683761
EIF3L,0.260683760683761
AK5,0.26038064808243
IFNAR1,0.26007326007326
TPTE2,0.259995501410225
CPXM1,0.25958021564916
PRADC1,0.259462759462759
RBP5,0.25944690157611
MEIKIN,0.25924608648464
DPEP3,0.258751503795822
ANKLE1,0.258630300055936
NPAS2,0.258557154644105
AGAP5,0.258404831416831
NENF,0.258241758241758
TPRN,0.258241758241758
PARP9,0.257631257631258
OXSR1,0.257020757020757
CCZ1B,0.257020757020757
ATP6V1E1,0.257020757020757
ZDHHC9,0.257020757020757
FCGR3B,0.256566938524732
LGALS14,0.256248254731003
NEURL2,0.255949678624273
MBOAT1,0.255799755799756
DCBLD1,0.255799755799756
SLC44A1,0.255799755799756
ARL5B,0.255799755799756
ARL2,0.255799755799756
FURIN,0.255799755799756
RTL8A,0.255799755799756
DNAAF4,0.255642784525203
PEAR1,0.25560433003041
FADS2,0.255189255189255
CRTC1,0.255189255189255
ZNF132,0.254733709705777
DNAJC10,0.254578754578755
LARP1,0.254578754578755
ARMC10,0.254578754578755
FAM149B1,0.254578754578755
APRT,0.254578754578755
KLHL15,0.254578754578755
TRPV1,0.254319795055004
HNRNPA1L2,0.254123443872115
TACC3,0.253968253968254
C8orf82,0.253968253968254
TCTEX1D4,0.253886593914103
NRXN2,0.253704008626299
B4GALT7,0.253357753357753
ATXN3,0.253357753357753
SPNS1,0.253357753357753
RFX1,0.253357753357753
ZSCAN21,0.252901696545807
MPP2,0.252443229031065
TESK2,0.252136752136752
APOBEC3B,0.251526251526252
RBMX2,0.251526251526252
COMMD5,0.250915750915751
RBM23,0.250915750915751
SRRM5,0.250595535090837
FAM234B,0.250382438650983
EPDR1,0.250093266017244
SPINK2,0.249671106663594
CIART,0.249422774687439
SEMA6C,0.249300467726026
SLC26A6,0.249084249084249
RGL2,0.249084249084249
LRP5L,0.249084249084249
BCL2L15,0.248652934043621
MFSD2B,0.248629502444506
DGCR6,0.248625580903728
NEXMIF,0.248355316905156
AC091057.6,0.248320261769823
TEAD2,0.24807821642534
RGPD8,0.247970432048456
MVP,0.247863247863248
GPM6B,0.247284908120112
TNRC18,0.247252747252747
CYC1,0.247252747252747
M6PR,0.247252747252747
RAB11A,0.247252747252747
PEX11G,0.247019548754572
STXBP3,0.246642246642247
SAC3D1,0.246642246642247
C16orf74,0.246642246642247
TNFAIP8L1,0.246642246642247
RDX,0.246031746031746
CD300A,0.246031746031746
SEMA6A,0.245884399691184
KRT86,0.245875877304613
ZNF223,0.245796679701331
ABCC11,0.245561469494779
GMPR2,0.245421245421245
GLYR1,0.245421245421245
YY2,0.245067530037389
LZIC,0.244810744810745
GIMAP1,0.244810744810745
BBIP1,0.244810744810745
PIK3R6,0.244542820739512
SCT,0.244366573677015
PSMD4,0.244200244200244
NCOR2,0.243589743589744
RAE1,0.243589743589744
C20orf204,0.243472664584379
MAP1B,0.243471107144084
C6orf163,0.243201533615785
NRCAM,0.243057815673614
TBC1D24,0.242979242979243
BAX,0.242979242979243
GINS1,0.242512559478162
PTK6,0.242499605785368
WASHC1,0.242368742368742
OVGP1,0.242091838256359
DCUN1D1,0.241758241758242
SRF,0.241758241758242
TRBV1,0.241406171488783
ZNF781,0.241406171488783
CACHD1,0.241166946466277
ZC2HC1A,0.241147741147741
MPHOSPH6,0.241147741147741
SRXN1,0.241147741147741
FILIP1L,0.240772493623502
ENTPD7,0.240537240537241
CHD4,0.240537240537241
RPS4Y1,0.240537240537241
WNT11,0.240377452008007
MMRN1,0.240091539579777
L1TD1,0.240050114817839
P4HA1,0.23992673992674
CXorf40B,0.23992673992674
ADCY3,0.239462475956416
NUDT1,0.239316239316239
TNXB,0.23914478859609
KIAA1257,0.238925134337388
TSPAN9,0.238847541965374
RPL35A,0.238705738705739
FSCN1,0.238705738705739
DCAF12,0.238705738705739
ANP32B,0.238705738705739
MMGT1,0.238705738705739
SFTPD,0.238309347908684
DDR1,0.238292395125137
RPL34,0.238095238095238
CA2,0.238095238095238
CALHM2,0.238095238095238
SAMD1,0.238095238095238
ZNF417,0.238095238095238
GJC3,0.237880020640743
VWA7,0.237828998837652
GANC,0.237484737484738
RPS16,0.237484737484738
ZNF469,0.2370189813038
PIGQ,0.236874236874237
P2RY1,0.236615350382871
KCNAB3,0.23646198862257
TRIP12,0.236263736263736
ANTKMT,0.236263736263736
FBXW9,0.236263736263736
MOCS1,0.236262574084903
ASDURF,0.236122241705352
CLDN5,0.235950634782535
CPSF2,0.235653235653236
PFKFB2,0.235042735042735
FARP2,0.235042735042735
DTX3L,0.234432234432234
HOXA1,0.233998842907752
GALNT7,0.233821733821734
SPIDR,0.233821733821734
TOP1MT,0.233821733821734
C8orf37,0.2337596593483
GPR141,0.233552132166949
AAMP,0.233211233211233
NLGN3,0.232424525591378
ZNF609,0.231990231990232
PUDP,0.231990231990232
SOWAHD,0.231476896431487
RPS10,0.231379731379731
STARD3NL,0.230769230769231
CYB561A3,0.230769230769231
MPP5,0.230769230769231
SLC29A3,0.23015873015873
COA4,0.23015873015873
TPD52L1,0.22979138965157
PCMT1,0.22954822954823
IGHV3-53,0.229276365407806
DLK2,0.228978878985576
ADAM28,0.228937728937729
PGS1,0.228937728937729
DNAJC28,0.228453860377979
UQCC2,0.228327228327228
NDUFAB1,0.228327228327228
ZNF347,0.227855876356488
GPD2,0.227716727716728
SCLT1,0.227716727716728
PLEKHF2,0.227716727716728
BLOC1S2,0.227716727716728
HIKESHI,0.227716727716728
MATR3,0.227651563435747
ZNF670,0.227245002693334
MSANTD4,0.227106227106227
NAPA,0.227106227106227
NME9,0.226921592517057
PRR4,0.226786194781884
GNAZ,0.22663412903018
DDX41,0.226495726495727
TCEAL3,0.226495726495727
PLXNA2,0.226230774849484
MLF2,0.225885225885226
TAOK1,0.225885225885226
AGBL3,0.225657943572102
CLEC18A,0.225657405372115
USF1,0.225274725274725
HERC5,0.224664224664225
PAQR8,0.224190634377563
RBM44,0.223579760714409
INKA1,0.223530473619773
APLF,0.223443223443223
MRPS34,0.223443223443223
MYL9,0.222832722832723
EP300,0.222832722832723
RAC3,0.222751586747411
SLC35G6,0.222603121495241
HDLBP,0.222222222222222
CPEB2,0.222222222222222
ZCWPW1,0.222222222222222
EIF1AY,0.222222222222222
PHYHD1,0.222104053065005
ANKRD35,0.221683114333659
RHBDL1,0.221683114333659
DECR1,0.221611721611722
PPP6C,0.221611721611722
DHRS7B,0.221611721611722
FOXO4,0.221001221001221
BCL2L14,0.220513322625627
GDPD3,0.220454187077607
PDPK1,0.22039072039072
TRO,0.220222022950267
PPARD,0.21978021978022
IGKV1-9,0.219736889659131
AMT,0.219169719169719
TRIO,0.219169719169719
PAK1IP1,0.219169719169719
UCN,0.218328698567642
SLX1B,0.218282126003421
RAMACL,0.217699582520523
KNDC1,0.217471024082868
TBC1D1,0.217338217338217
RPL9,0.217338217338217
CANX,0.217338217338217
MSN,0.217338217338217
MYH10,0.216808095357522
SFT2D2,0.216727716727717
NCAM1,0.216667233943329
FOXB1,0.216286230179129
ZNF333,0.216117216117216
GUCY1A1,0.215555205142549
HOXA10,0.21554390821258
SMIM29,0.215506715506716
HRH4,0.215272076545179
ZNF391,0.215227716867387
RAB4A,0.214896214896215
INPP5A,0.214896214896215
IL18BP,0.214896214896215
IDH3A,0.214896214896215
SPTY2D1OS,0.21451897524984
ZNF625,0.214303787554779
DGAT1,0.214285714285714
IFT74,0.214285714285714
AHNAK,0.214285714285714
IFI35,0.214285714285714
SLC12A3,0.213965552975028
MIS18BP1,0.213675213675214
LDLRAD4,0.213675213675214
PFN2,0.213647627495168
FSTL1,0.21363008955973
S1PR2,0.21310571417502
MTFR1L,0.213064713064713
MUSTN1,0.212791942640998
IRAK2,0.212473498000529
NDUFC2,0.212454212454212
SNX29,0.212454212454212
KDM4B,0.212454212454212
KDF1,0.212453428925735
TAL1,0.212383440350226
TTC7B,0.211880968691256
TRIM58,0.211233211233211
KIF27,0.211233211233211
KCNMB3,0.210902140133275
LYNX1,0.210656223207491
PPP1R18,0.210622710622711
PYM1,0.210622710622711
DEDD2,0.210622710622711
HSCB,0.210622710622711
EDN1,0.210598958616976
PINLYP,0.210598958616976
FAM20A,0.210333477157358
GAL3ST4,0.210197413910456
THOC6,0.21001221001221
PLCD3,0.209915563763792
RTN2,0.209722042630738
C1D,0.209401709401709
ATP8B1,0.209301775565652
RASL10A,0.208994881466582
CXCL5,0.208804890840807
OGG1,0.208791208791209
PSME3,0.208791208791209
GMIP,0.208791208791209
CP,0.208618239951291
CERKL,0.207747601605299
DDX60L,0.207570207570208
ARMT1,0.207570207570208
MCMBP,0.207570207570208
MAPK3,0.207570207570208
RAB8A,0.207570207570208
DAPL1,0.207276304524257
TRBV5-7,0.206741250339387
GUCY1B1,0.20668600454513
ADARB2,0.206563244687279
FNIP1,0.206349206349206
MTSS1,0.206349206349206
SLC4A8,0.206349206349206
GGA3,0.206349206349206
POLR2F,0.206349206349206
PSD3,0.206288453616044
RASGRF1,0.205743896155213
FBXO15,0.205718499062885
PGLYRP2,0.205464816925957
AMN,0.205172593345489
OLA1,0.205128205128205
IGHV4-31,0.205058083168029
HSPA1A,0.204517704517705
ENTPD6,0.204517704517705
RTL5,0.204517704517705
PCSK4,0.204490168729939
ZNF471,0.204064339317619
STXBP6,0.203158872930898
FSIP1,0.202996262837915
MRPS33,0.202686202686203
IGHV3-74,0.202666668541269
TTC23,0.202593735043816
KCTD21,0.202079111047985
SUSD1,0.202075702075702
EPS8,0.202075702075702
NAA10,0.202075702075702
SOX8,0.20186856058068
RNF2,0.201465201465201
EPPK1,0.201382975228037
EDDM13,0.201382975228037
IGHV3-48,0.201006438543444
WIPI2,0.200854700854701
SEMA3A,0.200746375757703
SPIRE2,0.200473984337577
ARHGAP29,0.200401846692626
OGDH,0.2002442002442
CHRAC1,0.2002442002442
NDUFS3,0.2002442002442
SSH2,0.2002442002442
TMEM191C,0.2002442002442
ARNTL2,0.200130589328998
SCN1B,0.199969472639676
NANOS1,0.199847503136522
ZNF133,0.199755687851398
KLHL35,0.199741568900808
POPDC2,0.19966161711168
ACADVL,0.1996336996337
TMEM11,0.1996336996337
SLC25A33,0.198412698412698
GALE,0.198412698412698
SLC9A7,0.198412698412698
DCTN3,0.197802197802198
SAMD8,0.197802197802198
BLOC1S6,0.197802197802198
BORCS8,0.197802197802198
TTC9C,0.197191697191697
PSMB5,0.197191697191697
PEMT,0.197191697191697
SMN1,0.196611206686948
STRADB,0.196581196581197
FAM192A,0.196581196581197
TMC4,0.196090445872473
MTUS1,0.196052674007249
DCLRE1B,0.196000612877361
C7orf31,0.195970695970696
C1R,0.195929624268471
CACNA1H,0.195820064383506
MFN2,0.195360195360195
GABARAPL1,0.195360195360195
NFIA,0.194749694749695
MARK2,0.194139194139194
TMEM45B,0.1938959317265
GRK4,0.193646951219857
SPAST,0.193528693528694
TM9SF4,0.193528693528694
MYCT1,0.193420633176099
TOM1L2,0.192918192918193
MYO10,0.192897413692906
NOTCH2NLA,0.192307692307692
ARPC4,0.192307692307692
RTCB,0.192307692307692
CAGE1,0.192115706017739
CRYM,0.191853356921018
HLA-DOB,0.191726456210254
RER1,0.191697191697192
UBR4,0.191697191697192
PSEN2,0.191697191697192
PTPMT1,0.191697191697192
ZNF646,0.191697191697192
ATP8A2,0.19168472991794
C14orf178,0.191447409852716
FRS3,0.191421159305461
CCDC122,0.19120345656724
TMEM186,0.191086691086691
TMEM106A,0.191086691086691
SUSD2,0.190789514973497
PAGE5,0.190502952898937
MED8,0.19047619047619
GINM1,0.19047619047619
PIANP,0.190241799399491
DLG2,0.189878048349014
TRMT10B,0.18986568986569
FLT1,0.189835549983495
IL9R,0.189727368944742
NAALAD2,0.189628071741273
GCNT1,0.189255189255189
ACOT8,0.189255189255189
TIGD3,0.189046765027041
ALDH4A1,0.188644688644689
EEA1,0.188644688644689
MMP11,0.18825566498202
SEZ6,0.188126082729831
TRBV12-5,0.188105613869145
GALNT6,0.188034188034188
OAS2,0.188034188034188
CES2,0.188034188034188
CLTC,0.188034188034188
TANC2,0.188034188034188
PET100,0.188034188034188
NIT1,0.187423687423687
SCNN1D,0.187090608182744
WDR74,0.186813186813187
F12,0.186793247882479
TRIM16L,0.186773686274084
TLCD1,0.186599642160449
PTGR2,0.186316467262007
INF2,0.186202686202686
KIT,0.185855319526876
CD248,0.185638731300148
FBXO30,0.185592185592186
TDRD7,0.185592185592186
CFAP44,0.185570378829239
GATAD1,0.184371184371184
FAM91A1,0.184371184371184
OAT,0.184371184371184
DACT1,0.183939229589035
ZNF711,0.183797880565324
RABIF,0.183760683760684
TRIM27,0.183760683760684
ANKRD42,0.183760683760684
SIVA1,0.183760683760684
MED11,0.183760683760684
MAST1,0.183489648124441
ZNF555,0.183262098946237
MMP28,0.183215777144713
IL17RC,0.183150183150183
MRFAP1,0.183150183150183
AKAP7,0.183150183150183
ERP44,0.183150183150183
RPL36A,0.183150183150183
LCN12,0.182769161084548
TAFA2,0.182567549066452
CHCHD4,0.182539682539683
MIOS,0.182539682539683
ACSM3,0.182207488932828
IGLV2-18,0.182083348097364
BANK1,0.182040351619929
CHPF2,0.181929181929182
CA13,0.181874704339026
TRAV18,0.18170315037714
GSC,0.18170315037714
CAMSAP1,0.181318681318681
NXPH4,0.181032659047335
TANGO2,0.180708180708181
AC233755.1,0.180368815629403
ECRG4,0.18036216771753
PSMG4,0.18009768009768
VPS41,0.18009768009768
RPS28,0.18009768009768
PLGLB1,0.179978072665053
PSMB6,0.17948717948718
PDE8B,0.179425213371497
GLI3,0.179413383915215
ZNF433,0.179173623501709
GALNT1,0.178876678876679
TLCD3A,0.177962277895632
CA11,0.17776423597785
MRPL57,0.177655677655678
RBPMS,0.177331318195494
SLC35E4,0.177072204780171
RHOC,0.177045177045177
WDR11,0.177045177045177
RCN1,0.177045177045177
PRICKLE3,0.177045177045177
ZNF835,0.177009711068505
SPDYE16,0.176730705038223
IL17C,0.176419259481364
OMG,0.176114918609518
SEC22A,0.175851017160997
RWDD4,0.175824175824176
MRPS36,0.175824175824176
NFKB2,0.175824175824176
ZNF592,0.175824175824176
H2AFY2,0.175481709140005
BEGAIN,0.175481709140005
PTPRB,0.175278833712329
OTOF,0.175236530568896
IQSEC1,0.175213675213675
DMAC2L,0.175213675213675
LGR4,0.174788255094325
LRRC27,0.174603174603175
NSDHL,0.174603174603175
DUSP19,0.174475014493797
HOXC5,0.174289317202896
FRRS1,0.174258840086765
PYGM,0.174008954172617
UBN2,0.173992673992674
HILPDA,0.173713938827443
RPS14,0.173382173382173
GTF2I,0.173382173382173
SLC4A2,0.173382173382173
FOXJ2,0.173382173382173
EEF1AKMT3,0.173301485952675
ZNF514,0.172771672771673
FCRL1,0.172424536506904
ROBO3,0.172424536506904
COL13A1,0.172382141619457
TSPAN14,0.172161172161172
HMG20B,0.172161172161172
MYO9B,0.172161172161172
STAM2,0.171550671550672
NHP2,0.171550671550672
ZNF580,0.171550671550672
FLACC1,0.17131933377395
PTCH2,0.170940170940171
IPMK,0.17032967032967
C11orf71,0.17032967032967
PGBD1,0.170089646086413
GPSM1,0.169957054322472
FKBP5,0.16971916971917
ATP6V1D,0.16971916971917
AIRE,0.169463889725857
KLHL29,0.16914992428483
DSTYK,0.169108669108669
UBE2M,0.169108669108669
SPACA9,0.168829188350749
TSKS,0.168791754488429
MEST,0.168601131030538
ZNF445,0.168498168498168
DAZAP2,0.168498168498168
C12orf45,0.168498168498168
EIF2AK4,0.168498168498168
MEF2B,0.168498168498168
FZD6,0.168293323781041
CLBA1,0.168177966290289
LIMK2,0.167887667887668
KCND1,0.167608445677764
UQCRC2,0.167277167277167
PPP1R3D,0.167277167277167
MARC2,0.166952341121431
RHBDF2,0.166666666666667
NIPSNAP3B,0.166615908504012
UIMC1,0.166056166056166
PSPH,0.166056166056166
ZNF579,0.166056166056166
KRT18,0.165704277679028
PRKD3,0.165445665445665
JUND,0.165445665445665
PPM1L,0.164835164835165
IGHV3-33,0.164473719804739
SERAC1,0.164224664224664
PDLIM2,0.164224664224664
MRPS35,0.164224664224664
ZNF615,0.164224664224664
CTDSP1,0.163614163614164
MAPK14,0.163614163614164
CHN2,0.163614163614164
PSMB7,0.163614163614164
IL10RA,0.163614163614164
NT5C3B,0.163614163614164
SWSAP1,0.163614163614164
STX4,0.163003663003663
MBD3,0.163003663003663
SIN3B,0.163003663003663
CCDC17,0.162891149340676
C8G,0.162885112274281
MKRN3,0.162500035167082
HDAC11,0.162492394398997
EBLN2,0.162112656445294
CENPBD1,0.162112656445294
CASP9,0.161782661782662
FOXO3B,0.161318909271644
CCDC87,0.161183860980082
SMIM5,0.160812507912612
MT3,0.160798750263968
DENND4B,0.160561660561661
INIP,0.160561660561661
ZNRD2,0.160561660561661
ZNF587,0.160561660561661
SEC31B,0.15995115995116
NLK,0.15995115995116
RPL38,0.15995115995116
ENOX2,0.15995115995116
ZNF667,0.159924997559161
IGLV1-51,0.159877428810708
PXT1,0.159364984302154
GATM,0.158872898605789
PODXL,0.158799396654343
C4orf46,0.158730158730159
DOCK8,0.158730158730159
CSK,0.158730158730159
PHLDB1,0.158223718452159
ARHGAP26,0.158119658119658
MDH2,0.158119658119658
ALDH16A1,0.158119658119658
RGS7,0.158026358018037
GIPC3,0.158023393117728
EYS,0.158021984762615
C4orf47,0.157712744087933
COPG2,0.157509157509158
NDUFA12,0.157509157509158
DDX3Y,0.157509157509158
SPTB,0.15740350341325
RHCE,0.157025539319675
ARMCX5,0.156922609063807
PRDX1,0.156898656898657
GTF2H2C,0.156617312159013
SPTBN5,0.156475781389204
IGHV4-28,0.156412951705127
PIGX,0.156288156288156
STKLD1,0.155902202327495
SPDYA,0.155772784104301
PTMA,0.155677655677656
PSMA2,0.155677655677656
ANKRD13D,0.155677655677656
SMTN,0.155161910441147
C2orf69,0.155067155067155
MAP1S,0.155067155067155
GP6,0.154930303696207
BCL10,0.154456654456654
KLHL2,0.154456654456654
ENDOV,0.154456654456654
RPL28,0.154456654456654
RAB23,0.154255704185971
REXO5,0.154255704185971
DLL3,0.154230445402264
SPDYE1,0.154001855991746
ZNF2,0.153705558212443
ANKRD46,0.153235653235653
CIPC,0.153235653235653
NEDD4,0.153235653235653
RASSF6,0.152872023195527
TFDP1,0.152625152625153
CCDC173,0.152389707764366
LRRC75A,0.152343155491906
IGHV7-4-1,0.152201531865722
PDGFA,0.152099247890038
FCGR2B,0.152014652014652
GLTPD2,0.151732561682319
CEP63,0.151404151404151
MRPL15,0.151404151404151
SSH3,0.151404151404151
HDHD2,0.151404151404151
SPESP1,0.150981969454237
GGPS1,0.150793650793651
SP110,0.150793650793651
SMIM13,0.150793650793651
TMEM191B,0.150511374063145
TMPPE,0.150412893548576
NEU1,0.15018315018315
TECPR2,0.15018315018315
JPT1,0.15018315018315
JTB,0.14957264957265
C9orf64,0.14957264957265
VPS35L,0.14957264957265
RPL27,0.14957264957265
GFI1B,0.149190024495335
YOD1,0.148962148962149
ELOVL7,0.148806576277385
MB21D2,0.148442300146452
HIST1H2BO,0.148404529317811
NDUFS2,0.148351648351648
FBXO41,0.148351648351648
RMI1,0.148351648351648
UPK3BL2,0.148272872705405
AGAP9,0.148068998824798
TMEM244,0.147948235627417
ANK1,0.147788742889106
SSH1,0.147741147741148
MFSD4A,0.1476376795884
RRNAD1,0.147130647130647
DUSP28,0.147130647130647
LFNG,0.146520146520147
CORO1B,0.146520146520147
INO80B,0.145909645909646
TCF4,0.145909645909646
SPX,0.145325597174288
DVL1,0.145299145299145
CCDC88B,0.145299145299145
BPHL,0.145016029776864
RPGRIP1L,0.144925722077948
L1CAM,0.144749428095839
ANKRD23,0.14473687342817
ZNF687,0.144688644688645
WDFY1,0.144688644688645
C7orf50,0.144688644688645
CLIP3,0.144303723270747
SERHL2,0.144090676242633
ACO1,0.144078144078144
FAM168A,0.144078144078144
HAVCR1,0.143462633999598
ARMCX4,0.143184248348104
UBP1,0.142857142857143
CCDC50,0.142857142857143
NUP50,0.142857142857143
IGHV2-5,0.142853147378426
SPATA1,0.142464244702513
STOX1,0.142457410129158
ZNF804A,0.142246642246642
SIRT4,0.142144161918648
TRIP10,0.14207047611668
DNM3,0.141852810175893
BHLHB9,0.141732645442027
CASP2,0.141636141636142
MYO5A,0.141636141636142
ECSIT,0.141636141636142
MSS51,0.14163087860206
PLGLB2,0.141171285572141
E2F6,0.141025641025641
TTL,0.141025641025641
MTMR6,0.141025641025641
MAGIX,0.141025641025641
PLEKHH2,0.140586991001833
FSBP,0.140267475113193
CBWD2,0.13980463980464
CDV3,0.13980463980464
FAM89B,0.13980463980464
BRWD3,0.13980463980464
NUP210L,0.139327732813135
PDE4DIP,0.139194139194139
FAM20B,0.139194139194139
ABHD11,0.139194139194139
TMOD3,0.139194139194139
SPRY1,0.139023026878652
COA6,0.138583638583639
ACYP2,0.138583638583639
ZCCHC10,0.138583638583639
TMEM30A,0.138583638583639
COX15,0.138583638583639
NAALADL1,0.138583638583639
SLC25A25,0.137973137973138
TLNRD1,0.137973137973138
HDX,0.137446574209678
IGHV3-66,0.137380504511173
CENPI,0.137277140669916
PPP1R3B,0.136752136752137
POMT2,0.136162419537855
QARS,0.136141636141636
SERINC4,0.136088800743719
RAB38,0.136065896860177
IGLV3-19,0.136065896860177
SEMA7A,0.136044182173001
WWTR1,0.135847220050594
FARP1,0.135613953220215
LRPAP1,0.135531135531136
DDX28,0.135531135531136
TMOD1,0.134973741162724
FAM160A2,0.134920634920635
RBM7,0.134920634920635
USP22,0.134920634920635
ABRAXAS2,0.134310134310134
GPR137,0.134310134310134
CAPN1,0.134310134310134
ARHGEF28,0.13403947225789
ZNF532,0.134025341204302
TIGD6,0.133781332230753
CCDC126,0.133699633699634
CYB5R3,0.133699633699634
MATN1,0.133557641451742
PDP1,0.133089133089133
GHDC,0.133089133089133
CCSER1,0.132559584904445
AMPD3,0.132478632478632
HIST2H2AA4,0.132375575013279
ZMAT5,0.131868131868132
ELOVL1,0.131257631257631
PFDN6,0.131257631257631
SNRNP25,0.131257631257631
PKIG,0.131162509314082
TMEM255A,0.130745809311964
EIF1B,0.130647130647131
LRP11,0.130546722885377
APOE,0.130546722885377
UTS2B,0.130362482565336
ENKD1,0.130361778346781
RPS23,0.13003663003663
GATD3A,0.13003663003663
TFPI,0.129509309807486
AP2A2,0.129426129426129
MRPL34,0.129426129426129
ZRSR2,0.129426129426129
SLC16A14,0.129404826652354
LINC00672,0.12889434292552
ZMYM4,0.128815628815629
FAM135A,0.128815628815629
REPIN1,0.128815628815629
TXNRD1,0.128815628815629
ASPHD2,0.128815628815629
RDH5,0.128598275795271
PIPOX,0.128334879993122
DBT,0.128205128205128
IVNS1ABP,0.128205128205128
LAYN,0.128063843992744
NDRG1,0.127594627594628
GPR183,0.127594627594628
CDKL5,0.127594627594628
TRAPPC11,0.126984126984127
GLUD1,0.126984126984127
RNFT1,0.126984126984127
MAVS,0.126984126984127
MELTF,0.126872664273697
PARD3B,0.126812773394929
ACER2,0.126788676619711
ATP6V1E2,0.126373626373626
MAK,0.126261229747077
BMPR2,0.125763125763126
RPL4,0.125763125763126
CARMIL1,0.125229100946595
SH3GLB1,0.125152625152625
SLC7A11,0.125152625152625
KRBA1,0.125152625152625
NUDT2,0.125152625152625
RBM5,0.124542124542125
EPHA2,0.124120896600118
SNTG2,0.123994711763931
PHACTR4,0.123931623931624
C12orf60,0.123652648903885
CARD17,0.123387029198206
SNRPE,0.123321123321123
IARS2,0.123321123321123
SLC10A1,0.123064533727018
EIF2S2,0.122710622710623
PRPF6,0.122100122100122
UBE2F,0.121489621489621
POLR2G,0.121489621489621
AANAT,0.121361965914415
COL9A3,0.121223169132599
RHOBTB3,0.120952985304516
KDM7A,0.120879120879121
PPTC7,0.120879120879121
TRIB3,0.120879120879121
IGKV2-30,0.12066776859709
TMED5,0.12026862026862
TMCC1,0.12026862026862
CMKLR1,0.12026862026862
SYNGR1,0.12026862026862
INSL3,0.120137974128839
GPRIN1,0.120078353597399
TMEM119,0.120078353597399
DSC1,0.119793731244974
HTD2,0.119731237978208
CREB3L4,0.119676386679012
ZNF135,0.119676141102019
NCOA1,0.11965811965812
IGHV3-21,0.119465685197002
HSD17B1,0.119412684667037
ZBTB42,0.11938180453818
IMPG2,0.119063103909683
CCDC183,0.119057659752655
MTURN,0.119047619047619
MORN1,0.118618298164324
IGHE,0.118582842455515
DELE1,0.118437118437118
ARHGEF25,0.118250313652815
PKIB,0.118230994311285
AFAP1L2,0.11820149805206
TXLNA,0.117826617826618
RPL37,0.117826617826618
DUSP18,0.117826617826618
CCDC39,0.117557774561083
LRFN1,0.117287743325592
STBD1,0.117233545844691
ANKRD34A,0.116935775753881
MCMDC2,0.116935775753881
CDRT4,0.116838743996744
KISS1R,0.116764087203129
PEX10,0.116605616605617
KLHL6,0.116605616605617
VPS8,0.116605616605617
LRTOMT,0.116350820957626
CCDC24,0.116318120726285
GNAI3,0.115995115995116
MRPS18C,0.115995115995116
POMZP3,0.115995115995116
RB1,0.115995115995116
WDR81,0.115995115995116
MORF4L2,0.115995115995116
RHOBTB2,0.115866842794533
LDLR,0.115384615384615
UTP11,0.114774114774115
UHRF1BP1,0.114774114774115
RPLP2,0.114774114774115
CPD,0.114774114774115
EFTUD2,0.114774114774115
RBPMS2,0.114447780525075
IGKV3-20,0.114181042392731
ZNF677,0.114163614163614
JRKL,0.114032539214672
CEP85,0.113553113553114
EFCAB13,0.113553113553114
BABAM1,0.113553113553114
PI4KA,0.113553113553114
BRSK1,0.113393097390942
IGHV1-3,0.113203782910672
SNX15,0.112942612942613
FOXO6,0.112563605584328
HSD17B14,0.112473329898183
AGAP4,0.11234926096397
APOOL,0.112332112332112
NEB,0.11206421176445
FP565260.6,0.11206421176445
PRRT1,0.112023327056111
TEPP,0.112023327056111
IGKV3D-11,0.111880562327351
MYOT,0.111184234588004
HYPK,0.111111111111111
LAMC1,0.110616375182409
TNK1,0.110616375182409
RELL1,0.110500610500611
MGAT4B,0.110500610500611
RPP25,0.110363932054951
C22orf15,0.109904403608939
NBEAL2,0.10989010989011
PHYH,0.10989010989011
UBXN1,0.10989010989011
SPATA20,0.10989010989011
USP2,0.109433192326489
ZNF442,0.109352188037468
PINK1,0.109279609279609
TWISTNB,0.109279609279609
GPA33,0.108947405169804
SLC5A10,0.108947405169804
ADGRF3,0.108852717488142
REM2,0.107719828773525
PPFIBP1,0.107605793645859
TSSC4,0.107448107448107
YIF1A,0.107448107448107
CTU1,0.107448107448107
EGFL8,0.107357338583218
NSUN4,0.106837606837607
OST4,0.106837606837607
RPL19,0.106837606837607
MPND,0.106837606837607
STAP2,0.106501804179338
IGLV2-11,0.106361796031456
SEC22B,0.106227106227106
ZSWIM6,0.106227106227106
ALAD,0.106227106227106
NPIPA1,0.106227106227106
AASS,0.106191720175113
ZDHHC2,0.105616605616606
FAM216A,0.105616605616606
NSMCE1,0.105616605616606
PIP4K2B,0.105616605616606
PKN1,0.105616605616606
AK8,0.105272293532751
DAB1,0.105092621425897
ERGIC1,0.105006105006105
THTPA,0.105006105006105
ARHGAP8,0.104495799609851
PRMT9,0.104395604395604
C12orf40,0.10433655940125
PHKG1,0.104067906451079
KCNJ14,0.104067906451079
CLCN2,0.103251801995448
SLC25A13,0.103174603174603
SORBS3,0.103174603174603
ABI3,0.103174603174603
GNL3L,0.103174603174603
EPS8L1,0.103031252312758
GLI1,0.102960548597767
DYRK3,0.102878620636217
ADD2,0.102878620636217
CLDN15,0.102878620636217
USP4,0.102564102564103
PIP5K1B,0.102274463105788
RBMXL1,0.101953601953602
SLC25A28,0.101953601953602
MED29,0.101953601953602
PLVAP,0.101803195171426
CZIB,0.101343101343101
IGHD,0.100988974307556
NCR3LG1,0.100968158593988
NHLRC4,0.100763806766642
NAF1,0.100732600732601
AFF3,0.1001221001221
CPT1A,0.1001221001221
TTLL12,0.1001221001221
C3orf52,0.100041187900444
PDCD1LG2,0.100008473144486
PWP2,0.0998167569268054
P3H3,0.0996710742016718
FAM209A,0.0996105109677334
NDUFB9,0.0995115995115995
SWI5,0.0995115995115995
ZCCHC14,0.0995115995115995
CNTROB,0.0995115995115995
BTBD2,0.0995115995115995
JAM3,0.0993581105757869
TP73,0.0990726534080053
SCCPDH,0.0989010989010989
TFAP4,0.0989010989010989
GSTA4,0.098592011443041
ZNF501,0.0982758115378362
CAPZB,0.0976800976800977
GTF3C6,0.0976800976800977
GPR107,0.0976800976800977
MRPL41,0.0976800976800977
ALKBH1,0.0976800976800977
PRKCB,0.0976800976800977
DDRGK1,0.0976800976800977
TEF,0.0971289124415055
TMEM35B,0.0970695970695971
GUSB,0.0970695970695971
IFIT5,0.0970695970695971
PCK2,0.0970695970695971
IGLV8-61,0.0968133142580806
TMEM8A,0.0964590964590965
SCNN1A,0.096142520475512
DRAP1,0.0958485958485958
AC092835.1,0.0954461294431075
MYL5,0.0952380952380952
WSB1,0.0952380952380952
RBM3,0.0952380952380952
PROCR,0.0948302766125902
SALL2,0.094642192231398
HTT,0.0946275946275946
ARHGAP18,0.0946275946275946
EIF1,0.0946275946275946
ZNF296,0.0946275946275946
LTC4S,0.09433674358116
KIAA0753,0.0940745441257349
ZNF672,0.094017094017094
TMEM173,0.094017094017094
FCHSD2,0.094017094017094
DTD2,0.094017094017094
NGFR,0.0935498487256948
SPAG9,0.0934065934065934
MRPL12,0.0934065934065934
EGLN2,0.0934065934065934
IFT122,0.0927960927960928
CCZ1,0.0927960927960928
LONRF1,0.0927960927960928
ZNF668,0.0927960927960928
MAP3K14,0.0927960927960928
GEMIN7,0.0927960927960928
FCRL2,0.0926596077057537
NUMBL,0.0926323307829644
L3MBTL4,0.0922419231362725
RPL32,0.0921855921855922
CBX1,0.0921855921855922
PSMG2,0.0921855921855922
HMGB3,0.0921855921855922
MRC2,0.0919497829015474
CEP295NL,0.0916310494731184
CCNYL1,0.0915750915750916
TEDC1,0.0915750915750916
PRICKLE4,0.091283774533226
SLC25A40,0.090964590964591
CAPRIN1,0.090964590964591
SGSH,0.090964590964591
MT-ND4,0.090964590964591
SCN8A,0.09042299648527
HAUS7,0.0904093021468101
RPL37A,0.0903540903540904
TTC34,0.0901898270442168
NPHP1,0.0897839647079889
TMEM39B,0.0897435897435897
SETDB1,0.0897435897435897
PNRC1,0.0897435897435897
C9orf85,0.0897435897435897
PSTPIP1,0.0897435897435897
LRRC59,0.0897435897435897
BEST4,0.0891447561341685
GPR155,0.0891330891330891
CCDC191,0.0891330891330891
ENDOG,0.0891330891330891
NT5C2,0.0891330891330891
CHMP6,0.0891330891330891
STPG2,0.0889603305497996
SLC35A5,0.0885225885225885
DHX58,0.0885225885225885
ZNF660,0.0880645808071158
MCF2,0.0880645808071158
SLC9A3,0.0880574593047591
ADAMTS1,0.0874411558659655
MCFD2,0.0873015873015873
KLHDC9,0.0871638728746426
TREML2,0.0871294200433823
PRR36,0.0868421240569022
FAM117B,0.0866910866910867
TIMM23B,0.0861331865047313
CYP4F22,0.0861331865047313
IGFBP6,0.0856008337268318
CHCHD2,0.0854700854700855
PTPN9,0.0854700854700855
CDIP1,0.0854700854700855
OPA3,0.0854700854700855
POLD3,0.0848595848595848
LRRC26,0.0847559915184461
IGHV3-11,0.0846717104897405
THAP9,0.0843779646735913
KRT72,0.0843521946010999
POLK,0.0842490842490842
ARHGAP19,0.0842490842490842
PTPRK,0.0841793787126842
FCGBP,0.0837469543038269
STAT5A,0.0836385836385836
LAGE3,0.0836385836385836
PDGFRB,0.0831683008479351
ACACB,0.0830407581038043
KLHDC3,0.083028083028083
LRRC20,0.0826703201541027
AC015802.6,0.0818195704846307
HIST2H2BE,0.0818070818070818
MATN2,0.0817960674919757
RAVER2,0.0816338303525857
SLC9B1,0.0816265093038003
ESAM,0.0814455746703382
SNTB1,0.0811965811965812
SLC39A11,0.0811965811965812
RBFOX2,0.0808986366372014
RAMP1,0.0808598449361944
TSSK4,0.0808160749360856
MAPK8IP1,0.0807093575138699
SIPA1L1,0.0805860805860806
TFPT,0.0805860805860806
CASS4,0.0805860805860806
KTI12,0.07997557997558
CTH,0.07997557997558
RNF185,0.07997557997558
SLC5A5,0.0797884682467883
CATSPERG,0.0794135762100359
CAPS,0.0793650793650794
B9D2,0.0793650793650794
ANKRD31,0.0789991092534421
TPH1,0.0789366313329208
LY6G5C,0.0788027025468818
IL4R,0.0787545787545788
ZNF784,0.0787545787545788
KRTAP12-3,0.0785702269030404
SLA,0.0781440781440781
SH2D3C,0.0781440781440781
BFAR,0.0781440781440781
PNPLA4,0.0781440781440781
CFAP70,0.0776194093452374
LEPR,0.0775335775335775
RPL24,0.0775335775335775
FASTKD3,0.0775335775335775
MOK,0.0771589654771625
IGHV1-18,0.077057187729756
C17orf97,0.0770304188665376
MAP3K6,0.0769230769230769
GRM2,0.0765058532857839
SKOR1,0.0763575171593715
DBNDD1,0.0763158059893989
AHDC1,0.0763125763125763
CCT6B,0.0763125763125763
STK11,0.0763125763125763
PEX11A,0.0758838544785824
PKP4,0.0757020757020757
SLC9A5,0.0752618556713809
ZNF597,0.0751374605679571
FAM167A,0.0751259443019623
PNMA3,0.0751139071590105
MTLN,0.0750915750915751
MLH3,0.0744810744810745
RCOR1,0.0744810744810745
HDAC4,0.0738705738705739
C11orf21,0.0738705738705739
UEVLD,0.0738705738705739
MMAB,0.0738705738705739
FAM218A,0.0737248961222847
SUN3,0.073338016390734
MICAL1,0.0732600732600733
STARD10,0.0726606633408287
TRAPPC3,0.0726495726495726
MRPS21,0.0726495726495726
LYPLAL1,0.0726495726495726
DHTKD1,0.0726495726495726
AP1M1,0.0726495726495726
DLX2,0.0723585787218441
UBE2E3,0.072039072039072
FBXO25,0.072039072039072
RFK,0.072039072039072
TRAV22,0.0718910749441192
POU6F1,0.0716476108002223
FAM189B,0.0714285714285714
KMT2D,0.0714285714285714
PDE8A,0.0714285714285714
CD8B2,0.0712520431668382
MED7,0.0708180708180708
SOCS7,0.0708180708180708
ATXN7L3,0.0708180708180708
YJEFN3,0.0708154393010301
RUNDC3B,0.0707923757192067
ZNF81,0.0705235850072749
EFEMP2,0.0704228653164578
PHETA2,0.0703149705613261
IRS1,0.0702858652137689
HSD11B1L,0.0702504712627241
NR4A2,0.0702075702075702
NDUFA8,0.0702075702075702
ZNF518A,0.0702075702075702
TMX1,0.0702075702075702
SYCP3,0.0698526539176243
HSF4,0.0698104925745756
SCP2,0.0695970695970696
COX7A2,0.0695970695970696
CPA5,0.0695577062675003
DYNC2LI1,0.0689971004833079
CERS2,0.068986568986569
MRPL35,0.068986568986569
ARSG,0.068986568986569
ZNF865,0.068986568986569
CATSPER2,0.0687863842447755
H6PD,0.0683760683760684
ARID1A,0.0683760683760684
GPSM2,0.0683760683760684
ATP1B1,0.0683760683760684
CD55,0.0683760683760684
IBA57,0.0683760683760684
TRIM38,0.0683760683760684
TGFB1I1,0.0683421891047708
ARHGEF38,0.068286450914987
CNIH2,0.0678692324548452
DMAC1,0.0677655677655678
FAM219A,0.0677655677655678
SCYL1,0.0677655677655678
CARM1,0.0677655677655678
ZNF234,0.0677655677655678
NUCB1,0.0677655677655678
TRIM17,0.0677196243102993
KLHL32,0.0673435029701474
YPEL5,0.0671550671550672
AP1AR,0.0671550671550672
GABARAPL2,0.0671550671550672
ZNF414,0.0671550671550672
EPHA1,0.0670019186819165
KRT73,0.0667788207258708
C1orf198,0.0666463634016047
RFESD,0.06655387237056
RMND5B,0.0665445665445666
TAFA1,0.0660484356053369
TEX261,0.0659340659340659
TRIM14,0.0659340659340659
RAB21,0.0659340659340659
WWC3,0.0659340659340659
LAMP5,0.065868263707313
IGHV1-2,0.0655007571713087
KHDRBS3,0.0654672855102399
PROCA1,0.0653335376257872
CDKL1,0.0653235653235653
FAHD1,0.0653235653235653
TMEM169,0.0652497823579486
PEG10,0.0647533682405263
CTPS2,0.064417646911407
C11orf95,0.0641123500066136
RC3H1,0.0641025641025641
SUPT6H,0.0641025641025641
TMEM201,0.0634920634920635
ZNF449,0.0631964592922334
NEFH,0.0628815628815629
PI4KB,0.0622710622710623
STK19,0.0622710622710623
NUDT22,0.0622710622710623
GFER,0.0622710622710623
SYMPK,0.0622710622710623
PLTP,0.0616982399785664
SPAG8,0.0616857139130441
SMN2,0.0616699747682664
COL6A3,0.0610873663154123
ZBTB48,0.061050061050061
LMO4,0.061050061050061
EFNA4,0.061050061050061
SH3BP5L,0.061050061050061
TMEM208,0.061050061050061
PIGA,0.061050061050061
IGHV4-4,0.0608552763277534
AXL,0.0606809829572074
TRAV34,0.0598044613050718
MTCP1,0.0596834502136686
IGKV1-6,0.0594167958122656
MAP4K3,0.0592185592185592
EME2,0.0592185592185592
ATRN,0.0592185592185592
DOP1B,0.0592185592185592
LNP1,0.059089886684142
FUT7,0.0586438716627958
FBXO6,0.0586080586080586
DOCK7,0.0586080586080586
KPTN,0.0586080586080586
IFT52,0.0586080586080586
ADTRP,0.0578839242982333
VPS54,0.0573870573870574
ZNF518B,0.0573870573870574
AVPI1,0.0573870573870574
CDS1,0.056652351440824
KIF3C,0.0566018914553361
CEBPZOS,0.0561660561660562
UXT,0.0561660561660562
CLDN7,0.055725919511284
ACVR2A,0.0555555555555556
FOXN3,0.0555555555555556
GYS1,0.0555555555555556
MGME1,0.0555555555555556
WNT2B,0.0554207785834148
BBS12,0.0554207785834148
GPR19,0.0552079454683155
FBRSL1,0.054945054945055
C1QTNF3,0.0548049921547102
PPP1R32,0.0546481459580182
ZFAND3,0.0543345543345543
MAFF,0.0543345543345543
TESK1,0.0537240537240537
FKBP4,0.0537240537240537
FMNL1,0.0537240537240537
RPS6KA1,0.0531135531135531
GFOD1,0.0531135531135531
SLC11A2,0.0531135531135531
PACS2,0.0531135531135531
TATDN3,0.0525030525030525
TXNDC16,0.0525030525030525
ARHGEF10,0.0522776520260294
KLHDC10,0.0518925518925519
SLC39A3,0.0518925518925519
HRK,0.0518316729426147
GPLD1,0.0518026945924211
IFT81,0.0513133877049463
SBNO2,0.0512820512820513
SPDYE3,0.0511102735824826
USP40,0.0506715506715507
HSD17B12,0.0506715506715507
ELL,0.0506715506715507
ZNF665,0.0504433484461687
RGS17,0.0503819033833211
AUNIP,0.0503306322474589
C8orf58,0.0500610500610501
CCDC124,0.0500610500610501
GPT2,0.050023738148389
RNF227,0.0498319139195485
PIGP,0.0494505494505495
SLC29A2,0.0492629142963687
LRP2BP,0.0491030558511794
ZNF425,0.0488655336822843
RLIM,0.0488400488400488
ZNF492,0.0485650261803948
FAM111A,0.0482295482295482
CD3EAP,0.0479316140525635
PHKG2,0.0476190476190476
KLF16,0.0476190476190476
ZSCAN5A,0.0476190476190476
SUMO4,0.0470804585497575
FHIT,0.047008547008547
JMJD1C,0.047008547008547
TCEANC2,0.0463980463980464
RPL31,0.0463980463980464
UBASH3B,0.0463980463980464
PLEKHH3,0.045857589496517
CLCF1,0.0457875457875458
PLA2G4B,0.0457875457875458
NLRP2,0.0454198870764822
MAGI3,0.0453155828992859
CEP170B,0.0449229190969312
GRAMD1C,0.0447934058754273
B3GALT6,0.0445665445665446
GADD45G,0.0445665445665446
SCARF2,0.0445665445665446
UBA1,0.0445665445665446
ROM1,0.0443290031799664
ZNF860,0.0438920311797788
SLC4A5,0.0438536840738449
ZNF691,0.0434784646736392
UBL7,0.0433455433455433
ZBTB33,0.0433455433455433
XRCC2,0.042815129077831
MUC12,0.0427415666710757
STAT1,0.0427350427350427
ANAPC16,0.0427350427350427
IFT27,0.0427350427350427
MINDY4,0.0426752131061465
NUP62CL,0.0424956131891905
ZNF93,0.0424946996001058
UNC13B,0.0421889823367957
SLC38A10,0.0421245421245421
TNKS1BP1,0.0415394090944803
JKAMP,0.0415140415140415
IGHV5-51,0.0410519212752987
SLC15A2,0.0409285354313262
DEDD,0.0402930402930403
CSNK1A1,0.0402930402930403
RIMKLB,0.0402930402930403
ABAT,0.0402930402930403
SMAD2,0.0402930402930403
PRR14L,0.0402930402930403
PFN1,0.0396825396825397
POLI,0.0396825396825397
ST6GALNAC1,0.0394528628339779
ENKUR,0.0391918554804635
STX1A,0.0391859248536942
CSAD,0.0390720390720391
YPEL4,0.0387945450083904
RPP14,0.0384615384615385
UTP6,0.0384615384615385
TCEAL1,0.0384615384615385
SORBS2,0.0382180057988818
DVL3,0.0378510378510379
EIF4G2,0.0378510378510379
MCF2L,0.0374181216365487
ZFP28,0.0374181216365487
ZNF793,0.0372935207757837
GBA,0.0372405372405372
MR1,0.0372405372405372
ZNF319,0.0372405372405372
CR2,0.037171060675871
FKBP7,0.0367423645129345
LGALS9B,0.0366909948143463
APOM,0.0366300366300366
PI4K2A,0.0366300366300366
RGCC,0.0366300366300366
TOR1AIP2,0.036019536019536
BARD1,0.0354090354090354
KCTD6,0.0354090354090354
TOMM7,0.0354090354090354
TUT7,0.0354090354090354
ZNF765,0.0354090354090354
DNPH1,0.0347985347985348
NUP58,0.0347985347985348
LGALS9C,0.0345077159731772
FMN1,0.034498550241654
PPFIA3,0.0338815862797762
IL2,0.0338167395719811
CHD1L,0.0335775335775336
ANXA11,0.0335775335775336
RSPH4A,0.0335167442564386
GAS1,0.0333979928656799
ACVR1,0.032967032967033
EIF2B1,0.032967032967033
FKBPL,0.0323763041471685
ACCS,0.0323565323565324
SNX6,0.0323565323565324
RPGR,0.0323565323565324
TMA7,0.0317460317460317
AKT1,0.0317460317460317
MED13,0.0317460317460317
TCEAL2,0.0315130925008323
C5orf24,0.0311355311355311
MAD2L1BP,0.0311355311355311
C17orf49,0.0311355311355311
KLHL34,0.0309985430105164
CX3CR1,0.0305250305250305
CCDC22,0.0305250305250305
TP53I11,0.0299145299145299
ACADS,0.0299145299145299
CD79B,0.0299145299145299
MCRIP1,0.0299145299145299
GIGYF1,0.0293040293040293
GPATCH2L,0.0293040293040293
DNAJC7,0.0293040293040293
RFXANK,0.0293040293040293
TPST1,0.0291549394116378
IGHV1-69D,0.0290759458662882
XK,0.0290686234201288
ABO,0.0287374227511507
STARD4,0.0286935286935287
MCAM,0.0281806163099843
IQCK,0.0281259882245304
RPL18,0.0280830280830281
SLC8B1,0.0274725274725275
POMP,0.0274725274725275
AHCY,0.0274725274725275
ZNF117,0.0268620268620269
NUTF2,0.0268620268620269
SLFN11,0.0268620268620269
RUNX1,0.0268620268620269
ZSCAN20,0.0267459487096643
PRRG3,0.0262675675156273
DERPC,0.0262515262515262
PRR11,0.0262515262515262
ZNF799,0.0262515262515262
SLC35A2,0.0262515262515262
ABCB7,0.0262515262515262
LRRC37A,0.0259859673813596
ZMYND10,0.0259013472962105
BMP6,0.0257196551590542
CISH,0.0256410256410256
FOXP4,0.0256410256410256
MYCBPAP,0.0252417552026019
Z82206.1,0.0252417552026019
ZNF594,0.0251653161237294
PANK1,0.0251072824171719
PDE4B,0.025030525030525
PFDN2,0.025030525030525
PHKB,0.025030525030525
ZBTB7A,0.025030525030525
NAGS,0.0244949096752897
LRRC28,0.0244200244200244
FBXL8,0.0244200244200244
NDUFA6,0.0244200244200244
SZRD1,0.0238095238095238
TXNDC12,0.0238095238095238
ITGA1,0.0233112125665895
THAP8,0.0232131991998567
TMEM38B,0.0231990231990232
ZC3H10,0.0228972678595048
TLR10,0.0228838099264843
TPRA1,0.0225885225885226
HLA-DOA,0.0225885225885226
WDR91,0.0225885225885226
NAGPA,0.0225885225885226
BCAS1,0.022016145201779
MYOM2,0.0219914518735484
NDUFAF3,0.021978021978022
RTP4,0.021978021978022
ERV3-1,0.021978021978022
GHITM,0.021978021978022
NLRX1,0.021978021978022
CLIP1,0.021978021978022
MCTS1,0.021978021978022
IL4I1,0.0213707833355379
KDM3B,0.0213675213675214
NINJ2,0.0213675213675214
STK33,0.0209172961091133
FAM156A,0.0207887739050877
RPL22L1,0.0207570207570208
PHF21A,0.0207570207570208
SPATC1L,0.0207570207570208
TGFB3,0.0197368463765687
PPIP5K2,0.0189255189255189
EEF2,0.0189255189255189
USE1,0.0189255189255189
HNRNPA1P48,0.0186231111923973
ZIK1,0.0184735928611383
THOC7,0.0183150183150183
AC055839.2,0.0183150183150183
ZNF397,0.0183150183150183
DHRS11,0.0180373185352967
PEBP4,0.0177998577460525
CD101,0.0177045177045177
NOP9,0.0177045177045177
SNUPN,0.0177045177045177
FOXJ1,0.0176986200291855
ALAS1,0.0170940170940171
SNX1,0.0170940170940171
SYNJ1,0.0170940170940171
SH3BP1,0.0170940170940171
MAP7D3,0.0170940170940171
PRKG2,0.0167622832451236
HNRNPAB,0.0164835164835165
TNF,0.0164835164835165
EBPL,0.0164835164835165
GCH1,0.0164835164835165
CHRNB1,0.0164835164835165
CXorf38,0.0164835164835165
BBOF1,0.0162885112274281
TNS4,0.0162038543782409
OGN,0.0160805150834755
DNAJC16,0.0158730158730159
PAK6,0.0156412951705127
ISM1,0.0154213005855137
HES6,0.0152625152625153
DNAJC13,0.0152625152625153
SH3GL1,0.0152625152625153
GNRH1,0.0151527930594288
HGD,0.0148435523847466
TMEM200A,0.0147948235627417
ANO10,0.0146520146520147
HPCAL4,0.0142457410129158
RAB5B,0.014041514041514
DIPK1B,0.0129315150027968
SUMF1,0.0128205128205128
AKIP1,0.0128205128205128
EEF1G,0.0128205128205128
HMBS,0.0128205128205128
LOXL1,0.0126418714494182
SSTR3,0.0123031399657
POLR2J2,0.0122100122100122
NXT2,0.0122100122100122
HIPK1,0.0115995115995116
FAM153A,0.0111959785296269
NRSN2,0.0111959785296269
PDE5A,0.0109957259367742
CCDC42,0.0108552655071128
CAPN5,0.0108234236138777
TMEM79,0.0103800947629755
PRSS57,0.0102049422645133
TMEM230,0.00976800976800977
HMGXB4,0.00976800976800977
FAM171B,0.00918559112823363
BAP1,0.00915750915750916
PANK3,0.00915750915750916
NMT1,0.00915750915750916
ATP5F1A,0.00915750915750916
TMEM183A,0.00854700854700855
VHL,0.00854700854700855
MRPS23,0.00854700854700855
ZNF213,0.00824301642942175
MSMP,0.0078868493526165
SDK2,0.00783101501318659
ORMDL2,0.00732600732600733
EFNA3,0.00673610016070466
HLA-G,0.00610500610500611
SNX16,0.00610500610500611
PDHX,0.00610500610500611
MS4A1,0.00610500610500611
KXD1,0.00610500610500611
MFAP3L,0.00551135467694018
HERC3,0.00549450549450549
ABL1,0.00549450549450549
RAPGEF5,0.00503192824054534
AIMP1,0.00488400488400488
SLC45A4,0.00488400488400488
CNEP1R1,0.00488400488400488
RRAGB,0.00488400488400488
CCNI2,0.00442465500729637
RPL41,0.00427350427350427
RALGAPA2,0.00427350427350427
CCND1,0.00407212780685703
CALCB,0.00383419066368636
KIAA1841,0.00366300366300366
ASL,0.00366300366300366
MTPAP,0.00366300366300366
LRRC7,0.00351467477504583
IGHV3-23,0.00335826595272738
ATP13A4,0.0031951588864053
PAQR6,0.00276204689162884
USP49,0.00274767214314058
KRTCAP3,0.00247392539745777
GDPD5,0.00244200244200244
HAGH,0.00244200244200244
IGHV3-64D,0.00205743896155213
MEGF8,0.00183150183150183
HBQ1,0.00125296240210985
ZC3HAV1L,0.000632093572470911
LIPC,0.000621998807201495
NFYC,0.000610500610500611
FCGR3A,0.000610500610500611
NPIPB15,0.000610500610500611
AKAP10,0.000610500610500611
TXNL4A,0.000610500610500611
LIAS,0
INSIG1,0
TBX1,0
SNX32,-0.000305296904793398
TONSL,-0.000610500610500611
C8orf33,-0.000610500610500611
PITPNM1,-0.000610500610500611
WWP2,-0.000610500610500611
ENO3,-0.000610500610500611
SLC25A19,-0.000610500610500611
PLCB1,-0.000610500610500611
CNIH3,-0.000611434526620227
PBX1,-0.000615786428704609
DEPTOR,-0.000621998807201495
NLGN2,-0.000626481201054927
ATP13A3,-0.00122100122100122
BMT2,-0.00122100122100122
UBC,-0.00122100122100122
C13orf46,-0.00122757639627948
GPR22,-0.00189628071741273
DIXDC1,-0.00194260104721579
NT5DC3,-0.00244200244200244
SLC12A4,-0.00244200244200244
PPP5D1,-0.00275145536979102
ICAM2,-0.00305250305250305
TIAF1,-0.00313240600527463
RLN1,-0.00335245664902472
ANKS1B,-0.00361842183570426
ANTXR2,-0.00366300366300366
CYHR1,-0.00366300366300366
LLPH,-0.00366300366300366
ADCK1,-0.00366300366300366
YIPF1,-0.00427350427350427
ZNF627,-0.00427350427350427
UGT8,-0.00453273577683684
ARNT,-0.00488400488400488
TUSC2,-0.00488400488400488
FOXK2,-0.00488400488400488
IGLV1-40,-0.00491030558511794
GFPT2,-0.00518026945924211
MRPS12,-0.00549450549450549
ANKRD55,-0.00559798926481346
ZNF280D,-0.00610500610500611
MT-ND1,-0.00610500610500611
TMEM217,-0.00618481349364442
UBE4B,-0.00671550671550672
ARHGAP1,-0.00671550671550672
ATXN10,-0.00671550671550672
CCDC78,-0.00684198687921645
APH1A,-0.00732600732600733
CBX3,-0.00732600732600733
NPM3,-0.00732600732600733
EIF3F,-0.00732600732600733
MEX3D,-0.00767235247674678
MORN4,-0.00777040418886316
AZIN1,-0.00793650793650794
PAN2,-0.00793650793650794
MT-ND3,-0.00793650793650794
C12orf74,-0.00831668227111416
SPG11,-0.00854700854700855
GSK3A,-0.00854700854700855
KRT5,-0.00894794131832265
HMGN2,-0.00915750915750916
NHEJ1,-0.00915750915750916
WASL,-0.00915750915750916
YTHDF3,-0.00915750915750916
STON1,-0.00918559112823363
CEP41,-0.00946420404859534
NMD3,-0.00976800976800977
COQ9,-0.00976800976800977
HAUS1,-0.00976800976800977
UBOX5,-0.00976800976800977
IGKV3-15,-0.00979796387011587
TRBV7-7,-0.00986321570849448
EME1,-0.00986321570849448
PTRH2,-0.0103785103785104
BZW2,-0.010989010989011
CNOT7,-0.010989010989011
RPL18A,-0.010989010989011
GLIPR1L2,-0.0111959785296269
ANKRD18A,-0.0113776843044764
C2orf15,-0.0115025719910591
FAM118B,-0.0115995115995116
SIL1,-0.0122100122100122
ANKS1A,-0.0122100122100122
DCTN6,-0.0122100122100122
CLP1,-0.0122100122100122
C16orf87,-0.0122100122100122
CALY,-0.0123031399657
EDF1,-0.0128205128205128
TMPO,-0.0134310134310134
C19orf47,-0.0134310134310134
LRRC42,-0.014041514041514
SLK,-0.014041514041514
RERE,-0.0146520146520147
LUZP1,-0.0146520146520147
RPS6KC1,-0.0146520146520147
ZCCHC9,-0.0146520146520147
IFFO1,-0.0146520146520147
CLN6,-0.0146520146520147
CBLN3,-0.0146609679156989
MRPL55,-0.0152625152625153
ASTL,-0.0152718415788531
PGBD2,-0.0155701421444633
SCN3A,-0.015842241405317
SAYSD1,-0.0158730158730159
CACNA1I,-0.0159757944320265
C16orf46,-0.0163897557581577
ZNF684,-0.0164835164835165
BIN3,-0.0164835164835165
C16orf95,-0.0164835164835165
RASA1,-0.0170940170940171
XPO7,-0.0170940170940171
RSL24D1,-0.0170940170940171
PAK4,-0.0170940170940171
TMED6,-0.0174327745749285
ARAF,-0.0177045177045177
PCDH1,-0.0181032659047335
PKD2,-0.0183150183150183
RGS14,-0.0183150183150183
POLE3,-0.0183150183150183
MRPS11,-0.0183150183150183
KHK,-0.0183178142876039
ZNF225,-0.0183711822564673
C5orf51,-0.0189255189255189
CCL4L2,-0.0189255189255189
SHD,-0.0192890582554238
GNE,-0.0195360195360195
SERPINH1,-0.0197051657185475
HIC1,-0.0198442988115709
BBS10,-0.0198716221151574
ATP10D,-0.0201465201465201
ZNF350,-0.0201465201465201
LINGO2,-0.0203700588267142
EID1,-0.0207570207570208
PAQR4,-0.0207570207570208
GGT1-1,-0.0207570207570208
ST13,-0.0207570207570208
OXT,-0.0207685327616344
EPAS1,-0.0207697045472402
IGLV1-44,-0.0208206732239962
ZNF727,-0.0209871202353401
PTP4A1,-0.0211479594448508
ROCK2,-0.0213675213675214
RBMS1,-0.0213675213675214
TBC1D14,-0.0213675213675214
ROPN1L,-0.0217059256950181
TADA3,-0.021978021978022
NDUFAF2,-0.021978021978022
LSM5,-0.0225885225885226
BFSP2,-0.0226636788841842
B3GNT7,-0.0227553686089528
AIM2,-0.0228972678595048
IGHV3-15,-0.0230051439821182
AIG1,-0.0231990231990232
PZP,-0.023467196543173
TBC1D5,-0.0238095238095238
ZNRF3,-0.0240156707194798
KIAA2013,-0.0244200244200244
AC233755.2,-0.0248081792027829
AC233723.1,-0.0248584220246596
NCKIPSD,-0.025030525030525
PACRGL,-0.025030525030525
RCBTB1,-0.025030525030525
SREBF1,-0.025030525030525
TANK,-0.0256410256410256
SERPINB9,-0.0256410256410256
MKNK2,-0.0256410256410256
CUL4B,-0.0256410256410256
SYCP2,-0.0256566938524732
PPM1N,-0.0262515262515262
IL7,-0.0263928925200089
PSMB2,-0.0268620268620269
KDSR,-0.0268620268620269
NPAS1,-0.0272182328872827
CCDC157,-0.0274725274725275
CAVIN1,-0.0279742949119295
USP15,-0.0280830280830281
AC104389.5,-0.0284369140890072
PSMG1,-0.0286935286935287
C7orf25,-0.0287110621682438
COMMD4,-0.0293040293040293
ACLY,-0.0293040293040293
ZNF226,-0.0293040293040293
TRBV11-3,-0.0293954617549288
CRYBG2,-0.029757857050109
CSNK2A3,-0.0298559427456718
EIF3I,-0.0299145299145299
ZFY,-0.0299145299145299
TRIM16,-0.029919096669753
CBWD6,-0.029932809494552
IGLV5-45,-0.0302424809858697
CCNJL,-0.030384338251164
ZDHHC14,-0.0305250305250305
BRAT1,-0.0305250305250305
DND1,-0.0305717263310113
TPTE,-0.0305717263310113
RIBC2,-0.0306894099069871
TRMT61A,-0.0311355311355311
IGHV3-72,-0.0313240600527463
JAG2,-0.0318517894922688
TIMMDC1,-0.0323565323565324
IGHV1-46,-0.0328947439609478
IGHV3-20,-0.0329190233848341
SEC61G,-0.032967032967033
DIP2C,-0.0332296524186151
NECAP2,-0.0335775335775336
ZNF304,-0.0335980514734767
GBP1,-0.0341880341880342
PER2,-0.0341880341880342
MEA1,-0.0341880341880342
ACP2,-0.0341880341880342
SRI,-0.0347985347985348
ZDHHC12,-0.0347985347985348
ABCB6,-0.0350998264361627
AEBP1,-0.0351467477504583
MARVELD2,-0.0352838518962728
BCAR3,-0.03551761902917
RANBP17,-0.0358719182631376
GSTM3,-0.0359066095911749
IFNL1,-0.0359302857952299
TENT4A,-0.036019536019536
RPS26,-0.036019536019536
RBBP8,-0.036019536019536
HOXB3,-0.0361052954163799
PAXIP1,-0.0366300366300366
IQCN,-0.0366300366300366
RBM41,-0.0366300366300366
NKX3-1,-0.0366614272033128
GATD3B,-0.0369409254800012
ETFBKMT,-0.0369917888605237
NTPCR,-0.0372405372405372
YIPF3,-0.0372405372405372
CCDC71L,-0.0372405372405372
ADCY9,-0.0372405372405372
NPIPA9,-0.0372756314627681
EBF4,-0.0377028748595825
FAM168B,-0.0378510378510379
NBN,-0.0378510378510379
SURF6,-0.0378510378510379
CLN5,-0.0378510378510379
DCUN1D2,-0.0378510378510379
MAPK8IP3,-0.0378510378510379
SELENOO,-0.0378510378510379
BEX3,-0.0378510378510379
USP27X,-0.037967109996699
SH3RF3,-0.0383617623837339
NME6,-0.0384615384615385
TAF8,-0.0384615384615385
ZNHIT2,-0.0384615384615385
TRBV10-2,-0.0384868504343089
MRPS14,-0.0390720390720391
GGCT,-0.0390720390720391
ATP23,-0.0390720390720391
IGKV1-5,-0.0390959144418639
EPOP,-0.0391859248536942
COL1A1,-0.0401470883091263
RMDN2,-0.0402930402930403
PXYLP1,-0.0402930402930403
MYO1G,-0.0402930402930403
ZNF300,-0.040354678756935
MSANTD2,-0.0406044883375219
GATA1,-0.0407212780685703
RAB33B,-0.0409035409035409
DCTN4,-0.0409035409035409
CWC25,-0.0409035409035409
KIF16B,-0.0409035409035409
RTL10,-0.0409035409035409
ZMYM3,-0.0409035409035409
CNTD1,-0.0412576907232088
GIN1,-0.0412718305468653
MED20,-0.0415140415140415
WBP2,-0.0415140415140415
OXLD1,-0.0415140415140415
RRP7A,-0.0415140415140415
ACSBG1,-0.0416413464479925
ZNF175,-0.0420444915725723
CXorf56,-0.0421245421245421
RGPD5,-0.0423513856716422
PER3,-0.0427350427350427
PDZD7,-0.0427611564207886
LDB2,-0.0429114451075164
PDCD6IP,-0.0433455433455433
ZKSCAN2,-0.0433455433455433
DDTL,-0.0433720300839427
GPR146,-0.0434784646736392
COL4A3,-0.0438920311797788
USP35,-0.043956043956044
PUS1,-0.043956043956044
TAF4,-0.043956043956044
CASC1,-0.0442465500729637
CPLX1,-0.0442524277671263
KLHL23,-0.0443844706882252
TCEA3,-0.0445665445665446
ZNF3,-0.0445665445665446
LARP4B,-0.0445665445665446
KCTD17,-0.0445665445665446
CATSPERB,-0.0446076594541578
AVIL,-0.0447032101574037
TMEM267,-0.0451770451770452
TESMIN,-0.0451770451770452
ADAM10,-0.0451770451770452
AL136454.1,-0.0457875457875458
EIF4G1,-0.0457875457875458
SPOP,-0.0457875457875458
CLASRP,-0.0457875457875458
IGHV5-78,-0.0462923766349229
EIF4E3,-0.0463980463980464
GARNL3,-0.0466499105401121
PRKAB2,-0.047008547008547
HINT3,-0.047008547008547
POLR3K,-0.047008547008547
MON1B,-0.047008547008547
SMC1A,-0.047008547008547
FOXD2,-0.0476125712801744
CLCN3,-0.0476190476190476
ADK,-0.0476190476190476
ZSWIM4,-0.0482295482295482
QDPR,-0.0488400488400488
CAMK1D,-0.0488400488400488
MTG2,-0.0488400488400488
SGSM2,-0.0494505494505495
SS18L1,-0.0494505494505495
SGCE,-0.0494701428648773
KIR2DL4,-0.0496021920924616
TBXA2R,-0.0497599045761196
MAST2,-0.0500610500610501
EIF2A,-0.0500610500610501
RNF169,-0.0500610500610501
MTCH1,-0.0506715506715507
MTMR9,-0.0506715506715507
NUDT18,-0.0506715506715507
COX6C,-0.0506715506715507
SCAND1,-0.0506715506715507
IRF2,-0.0512820512820513
PDPR,-0.0512820512820513
IGLV2-23,-0.0513133877049463
POP1,-0.0513605002360991
HBA1,-0.0517260600111872
HNRNPU,-0.0518925518925519
DMXL1,-0.0518925518925519
AGPAT4,-0.0518925518925519
STUB1,-0.0518925518925519
EIF3C,-0.0518925518925519
STX16,-0.0518925518925519
TRBV10-1,-0.0522983237247856
SENP2,-0.0525030525030525
NEDD9,-0.0525030525030525
CDHR1,-0.0529605377771259
WDSUB1,-0.0531135531135531
CYREN,-0.0531135531135531
PPP2R3C,-0.0531135531135531
FAM207A,-0.0531135531135531
CELSR1,-0.0532509020896688
RILPL1,-0.0532764285437551
MRPS5,-0.0537240537240537
MRPS17,-0.0537240537240537
KCTD10,-0.0537240537240537
SNAI3,-0.0537240537240537
HSPA1L,-0.05380623834258
SSBP2,-0.0543345543345543
TRAFD1,-0.0543345543345543
RAB28,-0.054945054945055
RPL30,-0.054945054945055
TRIM5,-0.054945054945055
KNSTRN,-0.054945054945055
FECH,-0.054945054945055
PTPRN2,-0.0551135467694018
CORO6,-0.0552762487348117
SLC22A5,-0.0555555555555556
TSG101,-0.0555555555555556
MPV17L2,-0.0555555555555556
ANKRD53,-0.0556539107229869
SLC19A2,-0.0561660561660562
BCAP29,-0.0561660561660562
WSB2,-0.0561660561660562
PREX1,-0.0561660561660562
ARHGEF35,-0.056256327949911
MBLAC1,-0.0564799273867786
PKN2,-0.0567765567765568
WDR26,-0.0567765567765568
ASPSCR1,-0.0567765567765568
LNX1,-0.0572368544920492
CCDC121,-0.0572681378695287
MTHFD2,-0.0573870573870574
CSTF3,-0.0573870573870574
CCDC43,-0.0573870573870574
ZNF561,-0.0573870573870574
BCAP31,-0.0573870573870574
ZNF724,-0.0574748455023013
TSPAN13,-0.0577805627656114
DOK6,-0.0578839242982333
TRMT10A,-0.057997557997558
PHF20L1,-0.057997557997558
C14orf93,-0.057997557997558
ZDHHC23,-0.0580029847242056
SLC16A10,-0.0580029847242056
FAM167B,-0.0582780314164737
ADAL,-0.058311708815539
KCNAB2,-0.0586080586080586
KIAA0319L,-0.0586080586080586
SNRPG,-0.0586080586080586
RAB2A,-0.0586080586080586
HEXA,-0.0586080586080586
XYLT1,-0.0586080586080586
ZNF283,-0.0586438716627958
PSMA8,-0.059110439398498
MASTL,-0.0592185592185592
CCDC144A,-0.0592185592185592
SLC26A1,-0.0592305611204851
STAP1,-0.0597118854913435
MICA,-0.0598290598290598
PIEZO1,-0.0598290598290598
EFCAB11,-0.059838193339506
ZNF630,-0.059865618989104
PMF1,-0.0604395604395604
PEX5,-0.0604395604395604
HLF,-0.0605883250664661
ZNF232,-0.0607540840538862
IGHV4-61,-0.0608552763277534
BRPF1,-0.061050061050061
TTBK2,-0.061050061050061
RPL36,-0.0616605616605617
HBB,-0.0616982399785664
LAMTOR3,-0.0622710622710623
CPNE3,-0.0622710622710623
CD72,-0.0622710622710623
ERC1,-0.0622710622710623
MDM1,-0.0622710622710623
IRAK1,-0.0622710622710623
LCORL,-0.0628815628815629
NUDT9,-0.0628815628815629
COPS2,-0.0628815628815629
CBX8,-0.0634920634920635
RPS15,-0.0634920634920635
KAT14,-0.0634920634920635
RABL2A,-0.0635017561970268
WDR92,-0.0641025641025641
ALS2,-0.0641025641025641
CLHC1,-0.0641417346311829
CCDC113,-0.0644477608046729
CDH1,-0.0648093272888921
PTPRS,-0.0648093272888921
CMTM8,-0.0649115106395177
PPIL6,-0.0649115106395177
CHMP4A,-0.0653235653235653
HCFC1,-0.0653235653235653
B3GNT4,-0.0653684431018825
MND1,-0.0655007571713087
GTF2IRD2,-0.0659340659340659
ATN1,-0.0659340659340659
SNX22,-0.0659340659340659
MTMR7,-0.0661362561232821
SPRY2,-0.0665049343000978
DDR2,-0.0665334581689133
SUFU,-0.0665445665445666
GUCA1B,-0.0667486288651644
CACNB3,-0.0669029135972319
MON1A,-0.0671550671550672
RPL17,-0.0671550671550672
FARSA,-0.0671550671550672
ZNF717,-0.0671653190545476
SLC35F3,-0.0675167017953716
TM2D1,-0.0677655677655678
DLL1,-0.0678235958944415
SKI,-0.0683760683760684
ERICH1,-0.0683760683760684
DCLRE1C,-0.0683760683760684
SPATA5L1,-0.0683760683760684
ACAD10,-0.068986568986569
UBE2V1,-0.068986568986569
RPS21,-0.068986568986569
ANGPT2,-0.069041867599366
SLC6A16,-0.0691981198326933
ERBB2,-0.0693580663897909
ARG2,-0.0693978187713957
ZBTB5,-0.0695970695970696
QPRT,-0.0695970695970696
TMEM94,-0.0695970695970696
ZNF700,-0.0695970695970696
ZNF100,-0.0695970695970696
SPHK2,-0.0695970695970696
IGHV3-30,-0.0698883924781819
TRBV23-1,-0.0699336376997685
TMEM63C,-0.070009253298016
MECR,-0.0702075702075702
GREM2,-0.0703947520764283
MRPS16,-0.0708180708180708
HPS5,-0.0708180708180708
SLC35C1,-0.0708180708180708
EGLN1,-0.0714285714285714
EIF2AK2,-0.0714285714285714
SNX11,-0.0714285714285714
MBNL3,-0.0714285714285714
AQP10,-0.071434595851593
ARRDC5,-0.0717447726264485
MOB3C,-0.072039072039072
LYRM7,-0.072039072039072
ZFP62,-0.072039072039072
UCP2,-0.072039072039072
CDKL3,-0.0724270073804896
TRMT1L,-0.0726495726495726
ZBTB10,-0.0726495726495726
ZNF576,-0.0726495726495726
TMEM44,-0.0726627985871439
LEXM,-0.0726961766415086
MRPL37,-0.0732600732600733
VAV1,-0.0732600732600733
BCL9,-0.0733048395784947
USP44,-0.0733476896776992
HPDL,-0.0738081702759624
NBPF1,-0.0738705738705739
PRXL2A,-0.0742892949843576
PDIA5,-0.0744810744810745
HOMEZ,-0.0744810744810745
ST5,-0.0745270025984152
CEPT1,-0.0750915750915751
SNX24,-0.0750915750915751
PHF19,-0.0750915750915751
SYNJ2BP,-0.0750915750915751
GALNS,-0.0750915750915751
VPS53,-0.0750915750915751
IFNAR2,-0.0750915750915751
BMP8A,-0.0752191351240384
C8orf88,-0.0758042253276462
B4GAT1,-0.075934219993398
SETD1A,-0.0763125763125763
TTC32,-0.0769230769230769
SMIM8,-0.0769230769230769
UNC119B,-0.0769230769230769
ZNF619,-0.0769700815574194
SLC35G2,-0.077057187729756
ZKSCAN5,-0.0775335775335775
MTSS2,-0.0775454138175231
PYROXD2,-0.0775809552205736
SLC5A2,-0.0776194093452374
RRAGC,-0.0781440781440781
CDK14,-0.0781440781440781
FIZ1,-0.0781440781440781
CCDC134,-0.0781440781440781
IGHV3-43,-0.0782064758525634
IER5,-0.0787545787545788
KMT2C,-0.0787545787545788
PPP1CA,-0.0787545787545788
COL24A1,-0.0789960837028092
BCL7A,-0.0793650793650794
HDGFL2,-0.0793650793650794
LRRN3,-0.0794364493028946
TRAPPC12,-0.07997557997558
HPF1,-0.07997557997558
RBM12B,-0.07997557997558
TMX4,-0.07997557997558
IGLV6-57,-0.0804025754173774
FAM193B,-0.0805860805860806
ZKSCAN3,-0.0807093575138699
KIFC2,-0.0811965811965812
WASHC2A,-0.0811965811965812
MMD,-0.0811965811965812
ZDHHC8,-0.0811965811965812
EIF4G3,-0.0818070818070818
PPP3R1,-0.0818070818070818
ACTR3,-0.0818070818070818
LYSMD2,-0.0818070818070818
FUZ,-0.0818070818070818
RPS10-NUDT3,-0.0818570708626525
SOCS2,-0.0820690373381954
CD46,-0.0824175824175824
CAMLG,-0.0824175824175824
TRIM3,-0.0824175824175824
ESPN,-0.082470433566008
EFCAB14,-0.083028083028083
B4GALT6,-0.0831683008479351
IGHV4-39,-0.0832826928959849
HDAC5,-0.0836385836385836
SPAG4,-0.0836385836385836
FGFRL1,-0.0842490842490842
DTNBP1,-0.0842490842490842
MAPKAP1,-0.0842490842490842
NFE2L1,-0.0842490842490842
PHLDB3,-0.0842490842490842
ALS2CL,-0.0843779646735913
IGLV3-1,-0.0845074383797494
MID2,-0.0847319448629285
DDX58,-0.0848595848595848
ALDH6A1,-0.0848595848595848
GIT1,-0.0848595848595848
CRACR2B,-0.0854831333421514
UMODL1,-0.0857321838635139
MDP1,-0.0860805860805861
NUP93,-0.0860805860805861
AP1S3,-0.0861331865047313
SLC41A2,-0.0862372418386338
UBE2K,-0.0866910866910867
USP31,-0.0866910866910867
RBCK1,-0.0866910866910867
ZNF80,-0.0871710714965116
CCDC96,-0.0873015873015873
TMEM275,-0.0878343642044476
SLC2A5,-0.0878610065734566
MAP3K13,-0.0879120879120879
NOCT,-0.0879120879120879
ACP5,-0.0879120879120879
IGKV3-11,-0.0879255085804986
SERF1B,-0.0883338493487447
IGHV1-24,-0.0884868612549496
ATP5F1B,-0.0885225885225885
AC240274.1,-0.0885361023900854
NRAS,-0.0891330891330891
FAM86C1,-0.0894519931044656
ETV3,-0.0897435897435897
TSNAX,-0.0897435897435897
C3orf38,-0.0897435897435897
TFCP2,-0.0897435897435897
CDKL2,-0.0902102605183056
PCYOX1L,-0.0903540903540904
RPS3A,-0.090964590964591
ACTG1,-0.090964590964591
CALM3,-0.090964590964591
U2AF1,-0.090964590964591
MT1X,-0.0915750915750916
CEP57L1,-0.0921855921855922
ARL17A,-0.0921855921855922
MCC,-0.092462961729984
ALG1L,-0.0925278035130822
PRKCE,-0.0927960927960928
SRFBP1,-0.0927960927960928
SNRPF,-0.0927960927960928
ANKRD6,-0.0931155559619864
NBPF20,-0.0934065934065934
HMGA1,-0.0934065934065934
EIF4A3,-0.0934065934065934
NPLOC4,-0.0934065934065934
LRRC63,-0.0935498487256948
OSTC,-0.094017094017094
PDCD6,-0.094017094017094
AC138969.1,-0.094017094017094
DNASE2,-0.0946275946275946
GPR55,-0.0949119019598214
AGPAT1,-0.0952380952380952
SRR,-0.0952526342955402
UBA7,-0.0958485958485958
ANXA7,-0.0958485958485958
ZNF443,-0.0964098151162317
EIF2B3,-0.0964590964590965
GBP2,-0.0964590964590965
NBPF12,-0.0964590964590965
LRRC70,-0.0964830905008529
DTWD2,-0.0976800976800977
ARMC7,-0.0976800976800977
SAXO2,-0.0977200531995818
XKR9,-0.0978917341515217
RHEB,-0.0982905982905983
GEMIN4,-0.0982905982905983
IGKV2D-28,-0.0987570701545022
INTS3,-0.0989010989010989
EIF3A,-0.0989010989010989
ZNF608,-0.0990131793224528
SNAPC3,-0.0995115995115995
ZNF480,-0.1001221001221
BAMBI,-0.100275262365717
TRAV8-5,-0.100556249278017
KYAT3,-0.100732600732601
PTGES2,-0.100732600732601
DCTN5,-0.100732600732601
CARMIL3,-0.100763806766642
DOK4,-0.101134971595346
WNT10B,-0.101315811399719
ITGB3BP,-0.101343101343101
MRRF,-0.101343101343101
SLC39A9,-0.101343101343101
ZMIZ2,-0.101953601953602
AHCYL2,-0.101953601953602
SEMA4B,-0.101953601953602
WDR25,-0.102564102564103
KLF13,-0.102564102564103
COQ7,-0.102564102564103
LPAR2,-0.102564102564103
SMPD3,-0.102721000472198
ZNF653,-0.102885056915375
ZNF674,-0.103026717735508
FUBP3,-0.103174603174603
ZNF641,-0.103174603174603
TBCB,-0.103174603174603
SLC25A1,-0.103174603174603
LRRC61,-0.103730205485616
WAC,-0.103785103785104
OGFOD3,-0.103785103785104
POMC,-0.104395604395604
TMEM42,-0.104395604395604
ZNF605,-0.104395604395604
TEX9,-0.104683692879784
GLIS3,-0.104715738861863
MAP10,-0.104861021315369
RNASEL,-0.105006105006105
EXOC1,-0.105006105006105
TJAP1,-0.105006105006105
TRAPPC2L,-0.105006105006105
KLHL26,-0.105006105006105
VAMP7,-0.105006105006105
RAB40B,-0.105022135248929
TBC1D9B,-0.105616605616606
E2F3,-0.105616605616606
TUBGCP3,-0.105616605616606
TP53RK,-0.105616605616606
DHX16,-0.106227106227106
HDAC2,-0.106227106227106
BAD,-0.106227106227106
OSGEP,-0.106227106227106
FKBP8,-0.106227106227106
CLN3,-0.106837606837607
PTK7,-0.106843057596868
WDR90,-0.106853916677689
NUDT6,-0.106902891051971
NIT2,-0.107448107448107
INPP5F,-0.107448107448107
PLEKHG3,-0.107448107448107
PRRT2,-0.107455907320055
TRMT5,-0.107513764715126
MAP3K2,-0.108058608058608
TBC1D22A,-0.108058608058608
RNF32,-0.108234236138777
SENP8,-0.108234236138777
CCDC189,-0.10852962847509
ERP27,-0.108669108669109
HOMER1,-0.108990995011243
IPO9,-0.109279609279609
TRIM26,-0.109279609279609
FANK1,-0.109593949803702
CES4A,-0.10989010989011
C12orf43,-0.110500610500611
LGALS3BP,-0.110500610500611
UCK2,-0.111111111111111
BOD1,-0.111111111111111
TBC1D2B,-0.111111111111111
CAMTA2,-0.111111111111111
ADGRE5,-0.111111111111111
MYH11,-0.111721611721612
NUDT11,-0.111880562327351
FAM53A,-0.111892518371502
MYO1B,-0.111972052077426
PPP1R9A,-0.11206421176445
PAIP2B,-0.112400754020359
ZNF551,-0.112942612942613
CHN1,-0.113108624578748
NAPG,-0.113553113553114
ELK1,-0.113553113553114
TADA2B,-0.114163614163614
SCRIB,-0.114163614163614
NET1,-0.114163614163614
ADO,-0.114163614163614
CYB5D2,-0.114163614163614
CTNNBL1,-0.114163614163614
ADAMTS17,-0.114513702731979
TXNIP,-0.114774114774115
LARS,-0.114774114774115
SEC61B,-0.114774114774115
CPLANE2,-0.114778393052132
MCF2L2,-0.115096933107111
MACC1,-0.115260995468137
TACC1,-0.115384615384615
CH25H,-0.115455122336129
CHCHD3,-0.115995115995116
KCTD2,-0.115995115995116
MED25,-0.115995115995116
ZCCHC3,-0.115995115995116
DRAXIN,-0.116350820957626
RARG,-0.116605616605617
IQCC,-0.116838743996744
PDIK1L,-0.117216117216117
IMPDH2,-0.117216117216117
TMA16,-0.117216117216117
CCPG1,-0.117216117216117
FOPNL,-0.117216117216117
EBAG9,-0.117826617826618
ZNF785,-0.117826617826618
SMARCD2,-0.117826617826618
IGIP,-0.1181542281419
ZSCAN9,-0.118437118437118
SLC27A4,-0.118437118437118
DYNLRB1,-0.118437118437118
GNG3,-0.118676965375475
DDN,-0.118718187599909
KLHL25,-0.11876801634004
STAMBP,-0.119047619047619
TMEM87B,-0.119047619047619
ARL5A,-0.119047619047619
UBAP1,-0.11965811965812
NOB1,-0.11965811965812
WDR18,-0.11965811965812
FP565260.1,-0.11965811965812
SPEN,-0.12026862026862
TMEM250,-0.12026862026862
N4BP2L1,-0.12026862026862
KCTD1,-0.120637430150802
SETMAR,-0.120879120879121
TCF25,-0.120879120879121
INO80C,-0.120879120879121
PPA1,-0.121489621489621
HELZ2,-0.121489621489621
KRCC1,-0.122100122100122
RPE,-0.122100122100122
TXNL4B,-0.122100122100122
RELB,-0.122100122100122
ZNF382,-0.122174732630825
ABCC5,-0.122710622710623
ATP2A2,-0.122710622710623
KIAA0895L,-0.123321123321123
XRCC3,-0.123396479957133
SART1,-0.123931623931624
OTUB2,-0.124007353620287
ENPP2,-0.124311666602095
MEOX1,-0.124326467021811
SNED1,-0.124542124542125
MIER3,-0.124542124542125
ADSL,-0.124542124542125
PNPLA7,-0.124618227283441
GIGYF2,-0.125152625152625
VPS18,-0.125152625152625
BRCA1,-0.125152625152625
NAA20,-0.125152625152625
SLC22A17,-0.125643759054702
ZBTB22,-0.125763125763126
UVRAG,-0.125763125763126
CCNQ,-0.125763125763126
ETNK2,-0.125786620921711
PLXNA4,-0.12598686937043
FSD1,-0.12631581681004
ABL2,-0.126373626373626
PACC1,-0.126373626373626
ZFYVE19,-0.126373626373626
GIPR,-0.126418714494182
TIAM2,-0.126984126984127
CLECL1,-0.126984126984127
HIST1H2AJ,-0.127564135433837
IFIH1,-0.127594627594628
ATL3,-0.127594627594628
MARF1,-0.127594627594628
XIAP,-0.127594627594628
LZTS2,-0.12761410620364
CENPQ,-0.127919403108434
COL19A1,-0.128063843992744
PHLDA1,-0.128205128205128
SRSF5,-0.128205128205128
SOGA3,-0.128741886816787
PLEKHM3,-0.128815628815629
LIMD1,-0.128815628815629
NUP43,-0.128815628815629
RPS27L,-0.128815628815629
TVP23A,-0.129140590727607
TANGO6,-0.129426129426129
PFDN4,-0.129426129426129
MAP1LC3B2,-0.13003663003663
SPRYD4,-0.130647130647131
USP30,-0.130647130647131
PRR29,-0.130972372156368
LIMK1,-0.131257631257631
CRAMP1,-0.131257631257631
GDE1,-0.131257631257631
JUNB,-0.131257631257631
TRAV38-1,-0.131449337528268
RFX5,-0.131868131868132
BLCAP,-0.132478632478632
CRB3,-0.13256581816262
CCDC136,-0.132884884988447
RETSAT,-0.133089133089133
SSR3,-0.133089133089133
BAG4,-0.133089133089133
CBWD5,-0.133089133089133
KLF9,-0.133089133089133
TSPAN31,-0.133089133089133
RPL6,-0.133089133089133
LGALSL,-0.133170458567599
SDCBP2,-0.133170458567599
GEM,-0.133497257730329
PUSL1,-0.133699633699634
COQ8A,-0.133699633699634
UBAC2,-0.133699633699634
FAM200A,-0.134025341204302
GTF2E1,-0.134310134310134
MLYCD,-0.134310134310134
ZNF275,-0.134310134310134
TOMM20,-0.134920634920635
NOMO3,-0.134920634920635
NAGLU,-0.134920634920635
CARD8,-0.134920634920635
IRGM,-0.135439248620599
SREK1IP1,-0.135531135531136
SYNCRIP,-0.135531135531136
ZNF789,-0.135531135531136
AFG3L2,-0.135531135531136
STXBP5,-0.136141636141636
JMJD8,-0.136141636141636
NEURL4,-0.136141636141636
CDC34,-0.136141636141636
MAP2K7,-0.136141636141636
HIST1H4H,-0.136752136752137
ASH2L,-0.136752136752137
ATXN1L,-0.136752136752137
CYBC1,-0.136752136752137
MAPRE1,-0.136752136752137
ZNF790,-0.136773013347442
TRBV13,-0.137171082317152
ARHGEF19,-0.137362637362637
ABHD6,-0.137362637362637
MRPL54,-0.137362637362637
RTL6,-0.137362637362637
C1GALT1C1,-0.137362637362637
ING3,-0.137973137973138
TMEM138,-0.137973137973138
DHCR24,-0.138396239665387
GPC2,-0.138551946458537
TAF12,-0.138583638583639
PTK2B,-0.138583638583639
TBC1D13,-0.138583638583639
SEC16A,-0.138583638583639
TOB2,-0.138583638583639
C10orf88,-0.139194139194139
DHPS,-0.139194139194139
KLF8,-0.139329920977721
GNA13,-0.13980463980464
MYL12B,-0.13980463980464
RAF1,-0.14041514041514
AK6,-0.14041514041514
RNF20,-0.14041514041514
RAB1B,-0.14041514041514
SLC9A8,-0.14041514041514
PHKA1,-0.140803179259038
ZNF57,-0.140935658385962
NDUFAF8,-0.141025641025641
CEP89,-0.141025641025641
TAS2R14,-0.141547092912583
CD58,-0.141636141636142
INTS1,-0.141636141636142
GET3,-0.141636141636142
ST3GAL5,-0.142246642246642
AL354822.1,-0.142246665030765
ZNF320,-0.142333563514911
NUAK1,-0.142524473239996
DEAF1,-0.142857142857143
PABPN1,-0.142857142857143
PACRG,-0.143059725656344
TPPP,-0.143104943811563
FOXD1,-0.143150954441051
GLS2,-0.143178432377868
IFI16,-0.143467643467643
SDHC,-0.143467643467643
COP1,-0.143467643467643
PRR7,-0.143467643467643
ZNF658,-0.143467643467643
SETX,-0.143467643467643
TRAPPC13,-0.144078144078144
TEX2,-0.144078144078144
RAB6B,-0.144547120661909
FAM228B,-0.144688644688645
PKD2L2,-0.144777058167527
ME1,-0.145299145299145
COA1,-0.145299145299145
TMEM126B,-0.145299145299145
SPIRE1,-0.145299145299145
RIDA,-0.145909645909646
PCGF5,-0.145909645909646
POU5F2,-0.145998805493835
MUC6,-0.145998805493835
HARBI1,-0.145998805493835
NUFIP1,-0.146520146520147
ZSCAN22,-0.146609679156989
SDR42E1,-0.146645708813251
MYL6B,-0.146847811205624
TRBV6-5,-0.147002273454468
PCGF6,-0.147130647130647
TRIM69,-0.147130647130647
CEP19,-0.147220552820144
NELFE,-0.147741147741148
SPATA2,-0.147741147741148
RIOX2,-0.148351648351648
RASD1,-0.148351648351648
SLCO5A1,-0.148932746953211
MAN1A2,-0.148962148962149
ZNF772,-0.149190024495335
HAS3,-0.149418949019267
PCBP3,-0.149495741758645
ULBP3,-0.149519566546502
MRPS28,-0.14957264957265
DNAL4,-0.14957264957265
EEF1AKMT1,-0.149900780253558
PGM1,-0.15018315018315
ZMAT3,-0.15018315018315
PSME1,-0.15018315018315
CNP,-0.15018315018315
LMAN2L,-0.150511374063145
CDNF,-0.150685002643307
NKAPL,-0.150718610811886
BAG6,-0.150793650793651
MKS1,-0.150885794799068
CPSF3,-0.151404151404151
SFT2D3,-0.151404151404151
WDR19,-0.151404151404151
CD164,-0.151404151404151
NOL6,-0.151404151404151
HINFP,-0.151404151404151
NR1H2,-0.151404151404151
MDK,-0.151496668462222
ZBTB3,-0.151496668462222
ANKRD13B,-0.151770047104252
FAM102B,-0.152014652014652
RNF187,-0.152014652014652
THUMPD2,-0.152014652014652
NME3,-0.152014652014652
LRRC37A2,-0.152014652014652
ALG10B,-0.152625152625153
SOS2,-0.152625152625153
HOMER2,-0.152625152625153
ARHGEF6,-0.152625152625153
RNF138,-0.153235653235653
SLC46A1,-0.153259046206286
PRDM5,-0.153687142436095
CCDC163,-0.153692615317064
HEMGN,-0.153753943634005
MRPL18,-0.153846153846154
ZC3H11B,-0.153940163114839
PLEKHG5,-0.154113016412453
RAB4B,-0.154456654456654
EFNB2,-0.15462033734111
EVC,-0.154645690102017
MESP1,-0.154981520030285
KIAA0040,-0.155067155067155
MRPL27,-0.155067155067155
PTPN13,-0.15539612453984
DOLPP1,-0.155677655677656
ATP8B3,-0.155677655677656
CRYBB2,-0.155915804288158
ITPA,-0.156288156288156
DDX17,-0.156288156288156
SH3D19,-0.156898656898657
TMEM254,-0.156898656898657
CORO1A,-0.156898656898657
PHF20,-0.156898656898657
UBE2G2,-0.156898656898657
SCD,-0.157025539319675
TCTN2,-0.157129778723774
TFRC,-0.157509157509158
CDC26,-0.157509157509158
USP8,-0.157509157509158
WRAP53,-0.157509157509158
RND1,-0.158021984762615
RPL13,-0.158119658119658
ELL3,-0.158655486690199
MRM2,-0.158730158730159
KIAA0556,-0.158730158730159
KAT2A,-0.158730158730159
ZNF212,-0.159340659340659
RAP1B,-0.159340659340659
IRF2BPL,-0.159340659340659
TMEM184B,-0.159340659340659
B4GALT2,-0.159853693450784
SLC45A1,-0.159890128711189
TMEM134,-0.15995115995116
ZSCAN18,-0.159975578111741
ECE1,-0.160561660561661
PGM2,-0.160561660561661
TRMT12,-0.160561660561661
IER5L,-0.160561660561661
RAVER1,-0.160561660561661
FBXO2,-0.160716491986187
ZNF837,-0.160812507912612
SHB,-0.160891468826121
ANKRD33B,-0.161119402011682
HMGCL,-0.161172161172161
OSER1,-0.161172161172161
PEX7,-0.161782661782662
ZSCAN2,-0.161782661782662
TRIR,-0.161782661782662
COMMD1,-0.162393162393162
HSPA1B,-0.162393162393162
SNX9,-0.162393162393162
PSMD13,-0.162393162393162
MEAK7,-0.162393162393162
ME3,-0.163333844064468
CAPZA1,-0.163614163614164
ANKMY1,-0.163614163614164
SPTY2D1,-0.163614163614164
ZDHHC5,-0.163614163614164
HEATR9,-0.163712235269966
ADGRV1,-0.163881448903311
MRPL24,-0.164224664224664
ZNF707,-0.164224664224664
CHST14,-0.164224664224664
LYRM1,-0.164224664224664
ANKRD40,-0.164224664224664
DOCK11,-0.164224664224664
LAPTM4B,-0.164555031683642
CCDC127,-0.164835164835165
ARMC5,-0.164835164835165
HIST1H2BI,-0.165030762892835
PKHD1L1,-0.165340640308205
ATP9A,-0.165415919398661
UBQLN4,-0.165445665445665
ZNF429,-0.165445665445665
NISCH,-0.166056166056166
MFSD3,-0.166056166056166
NKD1,-0.166062242304353
FAM161A,-0.166310191240702
HNRNPH1,-0.166666666666667
GLRX3,-0.166666666666667
PLAG1,-0.16725728399308
NAIF1,-0.167277167277167
IGSF9B,-0.167504796704791
MST1,-0.167608000731575
GDAP2,-0.167887667887668
FLVCR1,-0.167887667887668
DDX39B,-0.167887667887668
AP1S1,-0.167887667887668
ZNF77,-0.167887667887668
QPCTL,-0.167887667887668
LRRC46,-0.167990257367384
TTPAL,-0.168498168498168
ZNF528,-0.168601131030538
LDOC1,-0.168791754488429
ICK,-0.169108669108669
RANBP3,-0.169108669108669
YTHDF1,-0.169108669108669
SPTBN4,-0.169401077422204
ZCCHC18,-0.169463164885358
SP3,-0.16971916971917
ATRIP,-0.16971916971917
DNAH1,-0.16971916971917
TMEM63B,-0.16971916971917
HECA,-0.16971916971917
GGT7,-0.16971916971917
L3MBTL1,-0.169822878356846
ARHGEF37,-0.170019330884709
CHEK2,-0.17032967032967
NRG2,-0.170851994985146
MAD2L2,-0.170940170940171
NTMT1,-0.170940170940171
ARMH3,-0.170940170940171
FEM1B,-0.170940170940171
RAB19,-0.17094889215499
GATAD2B,-0.171550671550672
SLC26A2,-0.171550671550672
RALA,-0.171550671550672
TRBV6-6,-0.171671670787613
TRBV24-1,-0.171929451712088
LMNA,-0.172161172161172
ARHGAP30,-0.172161172161172
PTAR1,-0.172161172161172
CEP152,-0.172161172161172
LRRC37B,-0.172161172161172
ZNF473,-0.172161172161172
KCNMA1,-0.172266373009463
TAS2R30,-0.172293669594814
RIMS3,-0.172420200037291
TBCE-1,-0.17249275120827
ZMYM1,-0.172771672771673
RAPGEF2,-0.172771672771673
DNM1L,-0.172771672771673
PFKM,-0.172771672771673
CD99L2,-0.172771672771673
BAIAP3,-0.17290881149116
ACY3,-0.173103345017857
DCTN2,-0.173382173382173
TRBV10-3,-0.173484018496726
FAM153B,-0.173537667209217
DBF4B,-0.173713938827443
ZNF566,-0.173713938827443
DDX43,-0.173913858694557
CREB3L2,-0.173992673992674
PNOC,-0.173992673992674
LRSAM1,-0.173992673992674
GATD1,-0.174603174603175
SH3D21,-0.174629829541824
ING2,-0.175213675213675
RPUSD1,-0.175213675213675
AMFR,-0.175213675213675
LRRC56,-0.175499132180814
MPDU1,-0.175824175824176
PSMC3IP,-0.175931614988387
SYDE2,-0.176025662438023
ZNF324B,-0.176093143666625
PRTFDC1,-0.176267184568866
SEC62,-0.176434676434676
HSF1,-0.177045177045177
ZNF33A,-0.177045177045177
PLEKHA7,-0.177269660052426
MRPS25,-0.177655677655678
TRIM56,-0.177655677655678
SERINC3,-0.177655677655678
MT-ND2,-0.178266178266178
PRSS16,-0.178430637816631
CACNA1A,-0.178598689304138
ZNF496,-0.178876678876679
C2orf49,-0.178876678876679
PSMD1,-0.178876678876679
IQCG,-0.178876678876679
STAU2,-0.178876678876679
ZHX1,-0.178876678876679
NAA60,-0.178876678876679
B9D1,-0.178876678876679
ABCA7,-0.178876678876679
LMLN,-0.179150316299726
CDH24,-0.179366830026258
IKBKG,-0.17948717948718
RNF207,-0.179596856967312
ESR2,-0.179800104702764
FOXN2,-0.18009768009768
TMEM165,-0.18009768009768
SLC35B4,-0.18009768009768
C15orf40,-0.18009768009768
RPS2,-0.18009768009768
DTX1,-0.180379654088434
ZNF30,-0.181001652895635
UBE2B,-0.181318681318681
ZBED6CL,-0.181318681318681
ZNF34,-0.181318681318681
CRYZL1,-0.181318681318681
CLIC5,-0.181410855299151
DIAPH3,-0.181410855299151
SLC24A1,-0.181956955256865
CYP2D6,-0.182040351619929
TUFT1,-0.182262252161659
KLHL3,-0.182272782896564
SUN1,-0.182539682539683
C11orf54,-0.182539682539683
TRPC3,-0.18304413303675
DNAJC6,-0.183082604191024
DPAGT1,-0.183150183150183
GATC,-0.183150183150183
RAI1,-0.183150183150183
DHX40,-0.183150183150183
ZBTB14,-0.183150183150183
GRIPAP1,-0.183150183150183
ZNF775,-0.183262098946237
UBXN8,-0.183760683760684
TOMM34,-0.183760683760684
TRBV5-5,-0.184041151856945
MEF2D,-0.184371184371184
MCU,-0.184371184371184
TMEM80,-0.184371184371184
ZNF256,-0.184483846272545
DLGAP5,-0.1845470994855
TCTA,-0.184981684981685
PTBP3,-0.184981684981685
TM7SF2,-0.184981684981685
UBXN10,-0.185544404809333
FADS3,-0.185592185592186
PLCG2,-0.185592185592186
ESCO2,-0.185967501468792
SLC35E1,-0.186202686202686
TIGD5,-0.186316467262007
IGHV4-59,-0.186591612234482
IQSEC3,-0.186696583053646
COL5A3,-0.186696583053646
TM4SF19,-0.186781367508061
KRTAP16-1,-0.187171093137793
IGHV3-7,-0.187205400432621
PTOV1,-0.187423687423687
GNAL,-0.187819188630761
COPB2,-0.188034188034188
RPL35,-0.188034188034188
EFHC1,-0.188644688644689
PPP2R5B,-0.188644688644689
FLI1,-0.188644688644689
KCTD5,-0.188644688644689
TMEM262,-0.188759961914624
GOLGA6L9,-0.189046433612315
TRAV39,-0.189078555004994
MRPS18B,-0.189255189255189
BHLHE40,-0.18986568986569
C8orf76,-0.18986568986569
TAOK3,-0.18986568986569
SLC50A1,-0.19047619047619
FAM126A,-0.19047619047619
POP5,-0.19047619047619
CDIPT,-0.19047619047619
PROSER3,-0.19047619047619
PLEKHG4,-0.190592582904086
CNOT6,-0.191086691086691
XRCC1,-0.191086691086691
ZNF134,-0.191086691086691
GCNA,-0.191379006832131
GVQW2,-0.191672668209142
C2orf88,-0.191697191697192
TMTC4,-0.191697191697192
TMEM50A,-0.192307692307692
MED18,-0.192307692307692
PPIL3,-0.192307692307692
PUS3,-0.192307692307692
PHB2,-0.192307692307692
EMC10,-0.192307692307692
ANKEF1,-0.192741152184543
UGP2,-0.192918192918193
DENR,-0.192918192918193
EXOC7,-0.192918192918193
JMJD6,-0.192918192918193
PCIF1,-0.192918192918193
SPIN4,-0.192918192918193
SEH1L,-0.193528693528694
DGCR6L,-0.193528693528694
POLR3H,-0.193528693528694
SH3KBP1,-0.193528693528694
WDR77,-0.194139194139194
KIAA1586,-0.194139194139194
E2F7,-0.194260104721579
TRAV36DV7,-0.194265660293442
SERPINE2,-0.194570858810298
METTL25,-0.194749694749695
UFSP1,-0.195346904660435
HINT2,-0.195360195360195
ZNF558,-0.195360195360195
MC1R,-0.195959277402317
CD52,-0.195970695970696
WDR24,-0.195970695970696
DAG1,-0.196581196581197
IL6ST,-0.196581196581197
TIMM50,-0.196581196581197
EID2,-0.196581196581197
PSMF1,-0.196581196581197
ZFYVE9,-0.197028337731775
SLC39A14,-0.197173621882874
OXSM,-0.197191697191697
FAM8A1,-0.197191697191697
NUDT17,-0.197221800496535
TMEM163,-0.19766744361418
TAF11,-0.197802197802198
BEND5,-0.197968059533357
IL11RA,-0.198412698412698
CRY2,-0.198412698412698
ERCC2,-0.198412698412698
PYCR1,-0.198907781334939
RPAP3,-0.199023199023199
DYNC1LI2,-0.199023199023199
RUNDC1,-0.199023199023199
ZNF761,-0.199023199023199
CASTOR1,-0.199023199023199
EFNA5,-0.199109475328337
CYTH2,-0.1996336996337
FHL2,-0.200130589328998
USP7,-0.2002442002442
ATAD3C,-0.200245886595493
ATP1A1,-0.200854700854701
TOP2B,-0.200854700854701
DNHD1,-0.200854700854701
AMIGO1,-0.201006438543444
RPS29,-0.201465201465201
VPS37D,-0.202030508910442
SLC25A35,-0.202075702075702
NRDC,-0.202686202686203
REX1BD,-0.202686202686203
LENG8,-0.202686202686203
UQCC1,-0.202686202686203
MROH8,-0.202695377563022
IGKV4-1,-0.202810056167169
CAPN2,-0.203296703296703
CEP192,-0.203296703296703
ZNF749,-0.203296703296703
RRBP1,-0.203907203907204
MAPK1,-0.203907203907204
PPP1R14A,-0.203913414627846
DPY19L2,-0.203920123046787
COX18,-0.204517704517705
PSMA1,-0.204517704517705
STYX,-0.204517704517705
BTBD7,-0.205128205128205
NPIPB4,-0.205128205128205
PDXP,-0.205128205128205
PLEKHN1,-0.20567266718734
LSM11,-0.205738705738706
COMMD3,-0.205738705738706
TARBP2,-0.205738705738706
NFS1,-0.205738705738706
CHODL,-0.206087748173142
UGDH,-0.206349206349206
PATL1,-0.206349206349206
NPIPB5,-0.206959706959707
ETV2,-0.206959706959707
PDSS2,-0.207570207570208
UBE2I,-0.207570207570208
ZNF813,-0.207570207570208
CUL9,-0.208180708180708
GEMIN2,-0.208180708180708
NCLN,-0.208180708180708
SNRPB2,-0.208180708180708
CUBN,-0.208369600412501
RPL5,-0.209401709401709
MAF1,-0.209401709401709
RPL10,-0.209401709401709
PDZD2,-0.209613598026904
RBM17,-0.21001221001221
NACC1,-0.21001221001221
TRAPPC6A,-0.21001221001221
ZNF586,-0.21001221001221
TRBV7-4,-0.210598958616976
MLLT11,-0.210622710622711
PA2G4,-0.210622710622711
KIFC3,-0.210751413788172
PRSS22,-0.211230400052685
RNF5,-0.211233211233211
HM13,-0.211233211233211
MRTO4,-0.211843711843712
IDUA,-0.211843711843712
GIMAP6,-0.211843711843712
RBM4,-0.211843711843712
SPRYD7,-0.211843711843712
PSMC1,-0.211843711843712
ADGRL1,-0.211843711843712
ATL2,-0.212454212454212
C6orf120,-0.212454212454212
IFT88,-0.212454212454212
TIMM44,-0.212454212454212
GPR153,-0.212584034777635
FAM110C,-0.212763653140381
IFT172,-0.213064713064713
IDE,-0.213064713064713
LOXL2,-0.213376065530732
SIRT6,-0.213675213675214
LRRC58,-0.214285714285714
GBA2,-0.214285714285714
NR1D1,-0.214285714285714
NPM2,-0.21487719936363
PELO,-0.214896214896215
RARS,-0.214896214896215
TBC1D4,-0.214896214896215
ADAMTS4,-0.215034193055077
MFF,-0.215506715506716
DHX33,-0.215506715506716
PANK2,-0.215506715506716
PCMTD2,-0.215506715506716
ARHGAP4,-0.215506715506716
APOO,-0.216117216117216
NBEA,-0.21644782242356
KIDINS220,-0.216727716727717
SPTLC1,-0.216727716727717
CHID1,-0.216727716727717
FAM160A1,-0.216779950626314
CYB5RL,-0.217066099308106
RAD23B,-0.217338217338217
EHD3,-0.217948717948718
SORL1,-0.217948717948718
SUGT1,-0.217948717948718
ZC4H2,-0.217981990022486
FBLN5,-0.217988395761432
TLR9,-0.218004696110078
NEK2,-0.218399776402378
PDSS1,-0.218559218559219
ACVR1C,-0.218704376074935
TRAV4,-0.218943580134926
COMMD10,-0.219169719169719
SEPTIN9,-0.219169719169719
EXTL2,-0.21930364507233
C10orf143,-0.21978021978022
UBALD1,-0.21978021978022
GOLGA6L4,-0.219914518735484
CCDC18,-0.22039072039072
TELO2,-0.22039072039072
ERBIN,-0.221001221001221
CPSF4,-0.221001221001221
SESN3,-0.221001221001221
ZBTB45,-0.221001221001221
MZF1,-0.221001221001221
ARHGAP10,-0.221611721611722
KMT5B,-0.221611721611722
THNSL1,-0.221725563747152
TMEM121,-0.222087585773972
RWDD2A,-0.222222222222222
CENPX,-0.222222222222222
LSM14B,-0.222222222222222
NAB1,-0.222832722832723
ATG10,-0.222832722832723
ST3GAL4,-0.222832722832723
RACGAP1,-0.222832722832723
TNFAIP1,-0.222832722832723
NUFIP2,-0.222832722832723
GNLY,-0.223443223443223
SIRT5,-0.223443223443223
ZNF284,-0.223516050787018
E2F2,-0.224053724053724
CAB39,-0.224053724053724
HMGCR,-0.224664224664225
EYA3,-0.225274725274725
C12orf4,-0.225274725274725
RPL21,-0.225274725274725
FKRP,-0.225274725274725
USP51,-0.225567162816355
NPIPB11,-0.225614412642321
LIN7C,-0.225885225885226
C16orf72,-0.225885225885226
FBLN7,-0.225993619334592
PALB2,-0.226495726495727
SLC2A11,-0.226495726495727
SEMA3G,-0.226636788841842
SKA3,-0.226842209376104
CDKN2C,-0.227106227106227
RNF11,-0.227106227106227
ARRDC3,-0.227106227106227
PAIP2,-0.227106227106227
ZC3H4,-0.227106227106227
PLXNA1,-0.227245002693334
CCDC142,-0.227716727716728
EXD3,-0.227716727716728
PTER,-0.227716727716728
PKNOX1,-0.227716727716728
CEACAM1,-0.227855876356488
DARS2,-0.228327228327228
SMPD2,-0.228327228327228
HCN3,-0.228415032722076
MYB,-0.228636103807054
ERH,-0.228937728937729
LIN7B,-0.228937728937729
CASTOR2,-0.22954822954823
RNF170,-0.22954822954823
LTB4R2,-0.22954822954823
FBXO36,-0.229639778205841
DNAI2,-0.229918600787158
TOP3B,-0.23015873015873
MAGEF1,-0.230769230769231
MTRF1L,-0.230769230769231
GIMAP4,-0.230769230769231
PIH1D1,-0.230769230769231
VWDE,-0.231034676292211
PGGT1B,-0.231379731379731
PUS7,-0.231379731379731
BIK,-0.231427968325756
KIR2DL1,-0.231476896431487
LCA5L,-0.231817058301084
EIF4E,-0.231990231990232
HNRNPC,-0.231990231990232
THRA,-0.231990231990232
POLD1,-0.231990231990232
IGLV2-14,-0.231990231990232
TCEAL8,-0.231990231990232
KCMF1,-0.232600732600733
NELFB,-0.232600732600733
CISD1,-0.232600732600733
COQ5,-0.232600732600733
NSRP1,-0.232600732600733
FER,-0.233211233211233
GTF2H4,-0.233211233211233
BORCS6,-0.233211233211233
FLOT2,-0.233211233211233
TMEM187,-0.233211233211233
JAKMIP1,-0.233552682122729
BECN1,-0.233821733821734
ZNF607,-0.233853303491242
UBE2Q1,-0.234432234432234
ERMN,-0.234432234432234
POLR1C,-0.234432234432234
FXN,-0.234432234432234
CEP164,-0.234432234432234
SRCAP,-0.234432234432234
ADCY7,-0.234432234432234
ASAH2B,-0.234603630780619
BHLHE41,-0.23484417815079
SMARCAL1,-0.235042735042735
NDOR1,-0.235042735042735
MAPK12,-0.235151132882781
RNF145,-0.235653235653236
MAGT1,-0.235653235653236
UBAP2L,-0.236263736263736
ZNF585A,-0.236263736263736
GINS4,-0.236605101214883
ELAC1,-0.236874236874237
RNLS,-0.23721569502447
RPUSD3,-0.237484737484738
SMAD5,-0.237484737484738
PRELID2,-0.237484737484738
CHST7,-0.237484737484738
HMGN5,-0.237484737484738
RPS7,-0.238095238095238
NSUN3,-0.238095238095238
MAP3K4,-0.238095238095238
AVL9,-0.238095238095238
ZNF746,-0.238095238095238
ZNF583,-0.238095238095238
LHFPL5,-0.238705738705739
RPS20,-0.238705738705739
SET,-0.238705738705739
DET1,-0.238705738705739
GAL3ST2,-0.23876360907636
DHDH,-0.239315818802982
HPS1,-0.239316239316239
TEPSIN,-0.239316239316239
HCST,-0.239316239316239
HDAC10,-0.239316239316239
PDHA1,-0.239316239316239
SSBP1,-0.23992673992674
UBE3C,-0.23992673992674
CBWD3,-0.23992673992674
TENT4B,-0.23992673992674
BCAT2,-0.23992673992674
RUVBL2,-0.23992673992674
ISL2,-0.24007334961957
PAWR,-0.240091539579777
IPO13,-0.240537240537241
AGA,-0.240537240537241
PHF2,-0.240537240537241
MTA1,-0.240537240537241
ZNF28,-0.240537240537241
TRBV30,-0.240911867769849
GTF3C2,-0.241147741147741
TOMM5,-0.241147741147741
ITPR2,-0.241147741147741
KHNYN,-0.241147741147741
CRLF3,-0.241147741147741
TMED1,-0.241147741147741
LARP1B,-0.241758241758242
SKP2,-0.241758241758242
ZFAND6,-0.241758241758242
ZC3H7A,-0.241758241758242
IRAK1BP1,-0.242004066480911
MRPS15,-0.242368742368742
SZT2,-0.242368742368742
C6orf226,-0.242368742368742
XYLT2,-0.242368742368742
CCR9,-0.24271786138939
ERCC8,-0.242979242979243
SHLD3,-0.242979242979243
VARS2,-0.242979242979243
CANT1,-0.242979242979243
NDRG3,-0.242979242979243
FN3K,-0.24304522433154
TRBV14,-0.243372410974908
NT5DC1,-0.243589743589744
SLC1A5,-0.243589743589744
ARFGAP1,-0.243589743589744
TCP11L1,-0.244200244200244
GIT2,-0.244200244200244
DNAL1,-0.244200244200244
RAD23A,-0.244200244200244
ECH1,-0.244200244200244
FAM217B,-0.244200244200244
DGKD,-0.244810744810745
TAB2,-0.244810744810745
ZNF517,-0.244810744810745
TMEM229B,-0.244848117644305
LMTK3,-0.245082998624434
PTGDS,-0.245421245421245
MRPL17,-0.245421245421245
LRR1,-0.245421245421245
NOA1,-0.246031746031746
PTRH1,-0.246031746031746
ATXN2,-0.246031746031746
PRRG2,-0.246031746031746
MAP1LC3A,-0.246031746031746
SLC17A9,-0.246031746031746
TAB1,-0.246031746031746
ARVCF,-0.246182086251111
ZSCAN30,-0.246374602168272
ZDHHC16,-0.246642246642247
CIR1,-0.247252747252747
MOV10,-0.247863247863248
HIST1H2AC,-0.247863247863248
CCDC47,-0.247863247863248
CRPPA,-0.248320261769823
ITPR1,-0.248473748473748
ETV7,-0.248473748473748
MISP3,-0.248473748473748
SNX12,-0.248473748473748
MAL,-0.248816977406619
MCEE,-0.249084249084249
BEX4,-0.249084249084249
ABHD10,-0.24969474969475
RFC2,-0.24969474969475
SLF2,-0.24969474969475
NOL12,-0.24969474969475
TNFRSF14,-0.25030525030525
VAV3,-0.25030525030525
CRIPT,-0.25030525030525
OSBPL5,-0.25030525030525
ZNF468,-0.25030525030525
HDAC6,-0.25030525030525
LRRCC1,-0.25064875883538
ZC3H3,-0.250915750915751
GADD45B,-0.250915750915751
C17orf53,-0.251072824171719
ITPRIP,-0.251526251526252
NTHL1,-0.251526251526252
LCNL1,-0.251573241843422
MDM4,-0.252136752136752
CCNL1,-0.252136752136752
VIPAS39,-0.252136752136752
TAB3,-0.252136752136752
PSD,-0.252522459494154
KNOP1,-0.252747252747253
NPIPB2,-0.252901696545807
CDCA5,-0.252909942397366
NINL,-0.253153514531008
GPATCH11,-0.253357753357753
CYP2U1,-0.253357753357753
SNRNP48,-0.253357753357753
HIPK2,-0.253357753357753
MACROD1,-0.253357753357753
GPAT2,-0.253512570208961
RTN4R,-0.253833203502863
SUMO1,-0.253968253968254
GTF2H2,-0.253968253968254
HUS1,-0.253968253968254
EXOC6,-0.253968253968254
SETD1B,-0.253968253968254
GTF2A2,-0.253968253968254
RPRD1A,-0.253968253968254
MYEOV,-0.254108314029853
LRRIQ3,-0.254334647357862
FBXL18,-0.254578754578755
SND1,-0.254578754578755
RRAGA,-0.254578754578755
PDCD11,-0.254578754578755
SENP3,-0.254578754578755
NOP14,-0.255189255189255
ABCF2,-0.255189255189255
GSDMD,-0.255189255189255
ZNF891,-0.255189255189255
DNAJC18,-0.255228212407281
WNT7A,-0.255335890426133
RNF122,-0.255799755799756
SETDB2,-0.255799755799756
PICK1,-0.255799755799756
TMEM30B,-0.255917570630938
GPR15,-0.255932226801065
BYSL,-0.256410256410256
AKAP1,-0.256410256410256
COMMD7,-0.256410256410256
SRBD1,-0.257020757020757
GATB,-0.257020757020757
NDUFB6,-0.257020757020757
RNF31,-0.257020757020757
STAU1,-0.257020757020757
RNF43,-0.257108218443805
LMCD1,-0.257148123828606
POLR3G,-0.257177255020552
LRP12,-0.257177812187886
PXN,-0.257631257631258
SEPHS2,-0.257631257631258
DHFR2,-0.257975884550421
ADAMTS10,-0.258014513627231
SPC25,-0.25811025483463
AP4M1,-0.258241758241758
PRMT5,-0.258241758241758
ACE,-0.258331087497046
TRIM46,-0.258834444709019
RWDD3,-0.258852258852259
FRG1,-0.258852258852259
PCNX3,-0.258852258852259
CCDC171,-0.259010433177348
TTLL11,-0.259197072169595
RPS12,-0.259462759462759
ZNF557,-0.259462759462759
CCDC180,-0.259632407813111
HHLA3,-0.26007326007326
PSMB9,-0.26007326007326
CCDC15,-0.260232180503656
UVSSA,-0.260683760683761
BTN2A2,-0.260683760683761
STN1,-0.260683760683761
DAPK2,-0.261239499024628
PHF13,-0.261639447407942
MEGF6,-0.2617806665066
SPATS2L,-0.261904761904762
ZNF322,-0.261904761904762
SUSD3,-0.261904761904762
STAG2,-0.261904761904762
JRK,-0.262515262515263
OASL,-0.262515262515263
ZNF436,-0.262555338122322
ANKRD28,-0.263125763125763
HEMK1,-0.263125763125763
SAMD9L,-0.263125763125763
TGIF2,-0.263125763125763
SH3RF2,-0.263546208738942
NPTXR,-0.263727494253434
NFXL1,-0.263736263736264
RNF103,-0.264346764346764
B3GALT4,-0.264346764346764
ENTR1,-0.264346764346764
BBS1,-0.264346764346764
H3F3B,-0.264346764346764
STIMATE,-0.264957264957265
METAP2,-0.264957264957265
NBR1,-0.264957264957265
YIPF6,-0.264957264957265
CYP2F1,-0.265157397235011
RASSF5,-0.265567765567766
PFDN1,-0.265567765567766
CAMK2G,-0.265567765567766
SRRD,-0.265567765567766
LRRN1,-0.265789531204458
KDELR2,-0.266178266178266
ZC3HC1,-0.266178266178266
SGTA,-0.266178266178266
UBE2A,-0.266788766788767
ZNF439,-0.26682949478943
TRAV27,-0.266837488289441
SLC35G1,-0.266994515460658
IL23R,-0.267124158508185
EPN2,-0.267399267399267
MOSPD1,-0.267399267399267
COL6A1,-0.267459487096643
DGLUCY,-0.268009768009768
FOXP3,-0.268111664949486
CD244,-0.268620268620269
ZNF575,-0.268620268620269
EIF4ENIF1,-0.268620268620269
SGSM1,-0.268639768300137
PRKN,-0.268784411787814
GRAP,-0.268831633686304
NEIL1,-0.269230769230769
JPT2,-0.269230769230769
COLQ,-0.269714455772619
SLC35E2A,-0.26984126984127
MLEC,-0.26984126984127
ITPKC,-0.26984126984127
THOC5,-0.26984126984127
F8,-0.26984126984127
GPR135,-0.270056379170069
HSF5,-0.270276349672261
CCDC28B,-0.27045177045177
TRIP13,-0.27056948113265
TRAV26-1,-0.27056948113265
TJP3,-0.27056948113265
CEP112,-0.270878497241197
BCS1L,-0.271062271062271
TNFRSF10A,-0.271062271062271
SCAF1,-0.271062271062271
PRNP,-0.271062271062271
XPNPEP3,-0.271062271062271
ERRFI1,-0.271103651456537
TRBV6-4,-0.271168142590021
LIPT1,-0.271672771672772
ZBED5,-0.271672771672772
ZNF740,-0.271672771672772
STK24,-0.271672771672772
CPOX,-0.272283272283272
OSTM1,-0.272283272283272
TGFBR3L,-0.272441034395037
BSPRY,-0.272697427436257
CD200R1,-0.272832563059421
ANAPC2,-0.272893772893773
PRDM10,-0.272893772893773
DNAJC17,-0.272893772893773
USP9Y,-0.273504273504273
MOCS2,-0.274114774114774
FBXW11,-0.274114774114774
EXOSC2,-0.274114774114774
MEN1,-0.274114774114774
NEK9,-0.274114774114774
UBA3,-0.274725274725275
CHMP7,-0.274725274725275
RNFT2,-0.274977112766605
RPL7A,-0.275335775335775
PHRF1,-0.275335775335775
UBE2Z,-0.275335775335775
ZNF416,-0.275504022082509
PPIAL4G,-0.276224891169788
HACD1,-0.276278209665223
SLC35D2,-0.276556776556777
AJM1,-0.276556776556777
NSUN6,-0.276556776556777
PAAF1,-0.276556776556777
RBSN,-0.277167277167277
GBP4,-0.277777777777778
TMEM168,-0.277777777777778
KLHL36,-0.277777777777778
ZKSCAN4,-0.278125480266786
CLCC1,-0.278388278388278
PTP4A3,-0.278388278388278
ZNF33B,-0.278388278388278
NF2,-0.278388278388278
C1QTNF6,-0.278784134469443
IGHV3-64,-0.278947428788837
KDM5D,-0.278998778998779
KIF23,-0.279273630153583
CHAD,-0.279594884528661
BTBD8,-0.27960927960928
RAB27A,-0.27960927960928
MLST8,-0.27960927960928
CIAPIN1,-0.27960927960928
PET117,-0.27960927960928
ZC3H7B,-0.27960927960928
MCAT,-0.27960927960928
PLPP2,-0.279734550799074
WDR12,-0.28021978021978
USP10,-0.28021978021978
ZNF652,-0.28021978021978
P3H1,-0.280830280830281
ZNF35,-0.280830280830281
TTC37,-0.280830280830281
NECAB3,-0.280830280830281
RCAN2,-0.281029618163884
SLC30A4,-0.281178449314719
TBL2,-0.281440781440781
WDR5,-0.281440781440781
RASGRP2,-0.281440781440781
ATF1,-0.281440781440781
SRRM2,-0.281440781440781
IGHV4-34,-0.281691461265831
LPP,-0.282051282051282
MAML2,-0.282051282051282
AMN1,-0.282051282051282
ZNF696,-0.282177034035235
ZNF485,-0.282303834007714
CPT2,-0.282661782661783
SSNA1,-0.282661782661783
TFR2,-0.282916206749596
C2CD4D,-0.282947341177686
JUN,-0.283272283272283
D2HGDH,-0.283272283272283
GGACT,-0.283272283272283
STK16,-0.283882783882784
CABP4,-0.283882783882784
TUBA1C,-0.283882783882784
RBBP9,-0.283882783882784
FAAP24,-0.28392612145786
ZFP3,-0.284056253366667
CD19,-0.284231418362654
FBH1,-0.284493284493284
PRKCA,-0.284493284493284
MARK4,-0.284493284493284
MLC1,-0.28484201217224
ZNF329,-0.285103785103785
CPT1B,-0.285103785103785
SHF,-0.285452605981827
ZNF19,-0.285452605981827
AGBL5,-0.285714285714286
PPP1CC,-0.285714285714286
TRAV8-6,-0.286047624081054
IGHM,-0.286324786324786
IVD,-0.286324786324786
KIAA0355,-0.286324786324786
RABL2B,-0.286324786324786
MEIOC,-0.28633219443219
CETN3,-0.286935286935287
INTS5,-0.286935286935287
SARNP,-0.286935286935287
ENTPD5,-0.286935286935287
ZFPM1,-0.286935286935287
STX8,-0.286935286935287
ZNF582,-0.286935286935287
CCT8,-0.286935286935287
TMIGD2,-0.287374227511507
IKBKE,-0.287545787545788
PRDM8,-0.287545787545788
CCR7,-0.287545787545788
NAP1L3,-0.287593827454465
GPBP1L1,-0.288156288156288
DHX9,-0.288156288156288
WDYHV1,-0.288156288156288
STYK1,-0.288311271816126
TSEN2,-0.288505575029761
TSTD3,-0.288766788766789
EXD2,-0.288766788766789
UTP18,-0.288766788766789
TCEANC,-0.288766788766789
OSBP2,-0.289039934168418
RPS6,-0.289377289377289
ZNF45,-0.289377289377289
POLDIP3,-0.289377289377289
BTG2,-0.28998778998779
C5orf22,-0.28998778998779
HDAC7,-0.28998778998779
KIF3B,-0.28998778998779
ZNF621,-0.290598290598291
MAK16,-0.290598290598291
GPS1,-0.290598290598291
TM7SF3,-0.291208791208791
SPIN3,-0.291253247172902
BOLA1,-0.291819291819292
RBM18,-0.291819291819292
GTF2F2,-0.291819291819292
CERCAM,-0.291959986461158
ATP6V1C2,-0.291997610987671
LZTS3,-0.291997610987671
MAMLD1,-0.292037690764774
LANCL3,-0.292101797877829
PYURF,-0.292429792429792
CUL7,-0.292429792429792
HNRNPK,-0.292429792429792
LTBP3,-0.292429792429792
DALRD3,-0.293040293040293
KPNA1,-0.293040293040293
FAM222B,-0.293040293040293
ACTR10,-0.293650793650794
CD274,-0.293697652809867
TNFSF4,-0.293938916103476
GAK,-0.294261294261294
PWWP2A,-0.294261294261294
NCOA3,-0.294261294261294
TMEM234,-0.294871794871795
HDDC2,-0.294871794871795
SPIN1,-0.294871794871795
RBM12,-0.294871794871795
AKAP5,-0.29544943342071
MTFR1,-0.295482295482296
FUNDC1,-0.295482295482296
KIAA0895,-0.296071432227912
AASDH,-0.296092796092796
VPS26A,-0.296092796092796
MT1F,-0.296092796092796
USB1,-0.296092796092796
SRP9,-0.296703296703297
PIGF,-0.296703296703297
TGFBR2,-0.296703296703297
NTN4,-0.296830260547052
FAM229B,-0.29685146267412
BNC2,-0.296871047694932
HIST1H2BM,-0.297083979061328
SUCLG2,-0.297313797313797
PLAAT3,-0.297313797313797
SNX20,-0.297313797313797
HEXD,-0.297313797313797
POLB,-0.297924297924298
PTGES3,-0.297924297924298
DCAF7,-0.297924297924298
ROCK1,-0.297924297924298
HIST1H2BE,-0.29827507598315
HEATR5B,-0.298534798534798
AK9,-0.298534798534798
POLR3A,-0.298534798534798
LMNB2,-0.298534798534798
USP9X,-0.298534798534798
ZNF573,-0.298580372887943
SESN2,-0.299145299145299
NDUFS1,-0.299145299145299
AARS2,-0.299145299145299
NSMCE2,-0.299145299145299
DDX10,-0.299145299145299
RPL36AL,-0.299145299145299
ZNF208,-0.29934497309239
DOLK,-0.2997557997558
RABL6,-0.2997557997558
VPS36,-0.2997557997558
AC099489.1,-0.299887990779145
ACTR3C,-0.299938968608674
MRM1,-0.299938968608674
PDP2,-0.300025419433458
EDEM1,-0.3003663003663
MAP2K6,-0.3003663003663
ZNF786,-0.300717451221497
TEX264,-0.300976800976801
ILVBL,-0.300976800976801
RMI2,-0.301119563636554
SYNGR3,-0.301509657815165
KRTCAP2,-0.301587301587302
POT1,-0.301587301587302
HMBOX1,-0.301587301587302
ZNF331,-0.301587301587302
FKBP14,-0.301771589598137
BTBD11,-0.302197802197802
GFOD2,-0.302197802197802
KPNA6,-0.302808302808303
PPP1R21,-0.302808302808303
POLR1A,-0.302808302808303
EAF2,-0.302808302808303
SLC17A5,-0.302808302808303
RAB8B,-0.302808302808303
RPS15A,-0.302808302808303
MED24,-0.302808302808303
TWSG1,-0.302808302808303
KLHDC7B,-0.302808302808303
ZNF90,-0.302966922922668
MTA3,-0.303418803418803
TMBIM1,-0.303418803418803
RWDD1,-0.303418803418803
ING4,-0.303418803418803
YAF2,-0.303418803418803
GTF2F1,-0.303418803418803
CELSR2,-0.303983583212623
FAM76A,-0.304029304029304
UGGT1,-0.304029304029304
SLC7A6,-0.304029304029304
PHLPP1,-0.304029304029304
TRIM24,-0.304639804639805
XPO6,-0.304639804639805
UTS2,-0.304686310983811
HIST1H3F,-0.30491130523667
BRPF3,-0.305250305250305
RRP8,-0.305250305250305
C1RL,-0.305250305250305
ZSCAN29,-0.305250305250305
PSMD10,-0.305250305250305
KIR3DL1,-0.305401414335934
CXCR5,-0.305717263310113
PHOSPHO2,-0.305860805860806
ANGPTL6,-0.306047705240215
RGPD2,-0.306349307315859
C1orf109,-0.306471306471306
SPDL1,-0.306823389317365
CAMK2D,-0.307081807081807
MXI1,-0.307081807081807
VEZF1,-0.307081807081807
EEF1A2,-0.307267410757539
CDC45,-0.3075784991425
ENSA,-0.307692307692308
ALG3,-0.307692307692308
TMEM273,-0.307692307692308
DDIT4,-0.307692307692308
ZNF550,-0.307692307692308
SNX5,-0.307692307692308
AMER1,-0.307880326229678
AACS,-0.308302808302808
SRP14,-0.308302808302808
ARL2BP,-0.308302808302808
ANO8,-0.308302808302808
FBXO10,-0.308468718679904
C19orf73,-0.308491199892832
ZCCHC17,-0.308913308913309
LZTFL1,-0.308913308913309
ZNF736,-0.308913308913309
FANCB,-0.308913308913309
APC,-0.30952380952381
FAM120C,-0.30952380952381
PKIA,-0.309876358365299
LNPK,-0.31013431013431
CCDC58,-0.31013431013431
SMIM27,-0.31013431013431
TBKBP1,-0.31013431013431
SRP72,-0.310744810744811
STOML2,-0.310744810744811
GADD45GIP1,-0.310744810744811
GOLPH3L,-0.311355311355311
PIK3C2B,-0.311355311355311
GTF2H3,-0.311355311355311
FKBP3,-0.311355311355311
PARD6A,-0.311355311355311
KDM5C,-0.311355311355311
AKR1C3,-0.311402842889266
RORB,-0.311847507313157
PRKCI,-0.311965811965812
GRK6,-0.311965811965812
HIST1H4E,-0.311965811965812
LBHD1,-0.311965811965812
RNF40,-0.311965811965812
TSHR,-0.312111234919337
PYCR3,-0.312137325839626
CNTNAP1,-0.31225422480063
ATP13A2,-0.312576312576313
AGPAT5,-0.312576312576313
CSNK2A2,-0.312576312576313
SLC25A53,-0.312576312576313
TLR3,-0.312614119326409
ZNF74,-0.312767315534911
PPP3CA,-0.313186813186813
SLC25A51,-0.313186813186813
RPS6KB2,-0.313186813186813
COPZ1,-0.313186813186813
ELP5,-0.313186813186813
MICALL1,-0.313186813186813
TIMM8A,-0.313186813186813
PSMD2,-0.313797313797314
C18orf25,-0.313797313797314
SLC9A6,-0.313797313797314
MRS2,-0.314407814407814
KMT5C,-0.314407814407814
POLQ,-0.314759589327472
NSL1,-0.315018315018315
MAP3K5,-0.315018315018315
TNFSF8,-0.315018315018315
STX2,-0.315018315018315
ABCD4,-0.315018315018315
DDA1,-0.315018315018315
IFT46,-0.315066405746787
ADAMTSL5,-0.31528265149676
C1orf56,-0.315628815628816
ZNF598,-0.315628815628816
C11orf98,-0.316239316239316
SELPLG,-0.316239316239316
NUDT15,-0.316239316239316
TUFM,-0.316239316239316
ZNF681,-0.316407816141037
SLC22A23,-0.316596707553119
INSYN2B,-0.316723084789278
ACVR2B,-0.316849816849817
GTF2H1,-0.316849816849817
HIRA,-0.316849816849817
RAP2C,-0.316849816849817
TRAV9-2,-0.317028802052588
F2RL2,-0.31704343117699
AK1,-0.317209080295001
ZNF257,-0.317328498438247
VPS45,-0.317460317460317
FAHD2A,-0.317460317460317
ZNF879,-0.317460317460317
RGP1,-0.317460317460317
ADD3,-0.317460317460317
WDR62,-0.317460317460317
NSFL1C,-0.317460317460317
IGKV1-17,-0.317625968934848
MMP24,-0.317654304840144
RORC,-0.317939038060984
RCC1,-0.318070818070818
C2orf42,-0.318070818070818
ZNF841,-0.318070818070818
FBL,-0.318681318681319
NOL4L,-0.318681318681319
ATP7A,-0.318681318681319
TRBV3-1,-0.318862968933596
TRBV9,-0.318862968933596
HHAT,-0.319035265509101
UNC50,-0.319291819291819
TM2D2,-0.319291819291819
BRMS1,-0.319291819291819
GEN1,-0.319340562413894
GPR132,-0.31990231990232
SMG9,-0.31990231990232
USP18,-0.31990231990232
SNPH,-0.320373338970781
MRPL43,-0.320512820512821
EIF4B,-0.320512820512821
AP001453.3,-0.320561750033068
FYTTD1,-0.321123321123321
TES,-0.321123321123321
STRADA,-0.321123321123321
YKT6,-0.321733821733822
C18orf21,-0.321733821733822
POLE2,-0.322108062230059
CMAS,-0.322344322344322
PFAS,-0.322344322344322
ZMAT1,-0.322344322344322
UTY,-0.322344322344322
WDR46,-0.322954822954823
ARMC2,-0.322954822954823
GTF2IRD2B,-0.322954822954823
FAM114A2,-0.323565323565324
SLC18A2,-0.323920015985795
HSPG2,-0.323945180455706
IGHV6-1,-0.324061378551979
SOS1,-0.324175824175824
CCDC115,-0.324175824175824
ACOT13,-0.324175824175824
DNAAF5,-0.324175824175824
TCEA1,-0.324175824175824
KTN1,-0.324175824175824
IL27RA,-0.324175824175824
EIF1AX,-0.324175824175824
MDGA1,-0.32468337735918
TXNDC15,-0.324786324786325
PYGB,-0.324786324786325
MGP,-0.32483050274698
CALU,-0.325396825396825
POC1B,-0.325396825396825
DHRS12,-0.325396825396825
TLK2,-0.325396825396825
ATP11C,-0.325396825396825
IFT140,-0.325751797414556
POLR3C,-0.326007326007326
CDK8,-0.326007326007326
RABAC1,-0.326007326007326
MYOM1,-0.326535321410343
RPP40,-0.326617826617827
SNX13,-0.326617826617827
ZW10,-0.326617826617827
FLYWCH1,-0.326617826617827
ANKFY1,-0.326617826617827
ZNF846,-0.326617826617827
ATP6V1G2,-0.327171372587986
ZNF512,-0.327228327228327
CHUK,-0.327228327228327
ADAM8,-0.327228327228327
ALG10,-0.327228327228327
TCHP,-0.327228327228327
BOLA2B,-0.327228327228327
CHTF8,-0.327228327228327
ZNF714,-0.327228327228327
ARHGEF39,-0.32742828345061
PRDM11,-0.32742828345061
APOA1,-0.327762897806622
PCF11,-0.327838827838828
STRN3,-0.327838827838828
PRSS53,-0.328034623531752
TPM2,-0.328340340795062
COG2,-0.328449328449328
KLRF1,-0.328449328449328
RAB3IP,-0.328449328449328
ZNF260,-0.328449328449328
H2AFZ,-0.329059829059829
MMS19,-0.329059829059829
TRAF3,-0.329059829059829
AP3D1,-0.329059829059829
SLX4IP,-0.329059829059829
ZNF165,-0.329260904440072
PLK1,-0.329563209848302
CLINT1,-0.32967032967033
UBAP2,-0.32967032967033
LAMA5,-0.329868927111612
TIGD7,-0.329871778103226
SERBP1,-0.33028083028083
CRTC3,-0.33028083028083
YPEL3,-0.33028083028083
MRI1,-0.33028083028083
DDX49,-0.33028083028083
SYP,-0.33063654789125
STIL,-0.330681280616411
RPL10A,-0.330891330891331
CDK9,-0.330891330891331
PPP3CB,-0.330891330891331
STARD3,-0.330891330891331
MAP2K2,-0.330891330891331
UBA2,-0.330891330891331
ZNF669,-0.331501831501831
ZNF197,-0.331501831501831
TTC1,-0.331501831501831
EPM2A,-0.331501831501831
TXNL1,-0.331501831501831
UBE2Q2L,-0.331525364238397
PDK1,-0.332112332112332
MFSD4B,-0.332112332112332
PARP12,-0.332112332112332
GPR150,-0.33267320339174
SERINC5,-0.332722832722833
LCP2,-0.332722832722833
DTX2,-0.332722832722833
NAT1,-0.332722832722833
ZDHHC24,-0.332722832722833
PTS,-0.332722832722833
CCDC61,-0.332722832722833
A2M,-0.33274296595807
UBE3D,-0.332773626224804
PM20D1,-0.332894808884792
FA2H,-0.332962205277853
TTC8,-0.333078923129597
HIVEP3,-0.333333333333333
C2orf74,-0.333333333333333
ZNF200,-0.333333333333333
GPI,-0.333333333333333
MRGBP,-0.333333333333333
TRAV10,-0.333574587740713
ENPP5,-0.333601239561749
FXYD2,-0.333843251534644
RSU1,-0.333943833943834
ABHD13,-0.333943833943834
ALYREF,-0.333943833943834
EML5,-0.333979928656799
NT5E,-0.334147893745305
KALRN,-0.334372030786603
EPS15,-0.334554334554335
PCYOX1,-0.334554334554335
FARSB,-0.334554334554335
CEP44,-0.334554334554335
SMURF1,-0.334554334554335
SIGMAR1,-0.334554334554335
SPPL2B,-0.334554334554335
TRAV35,-0.334635358274404
TRAF3IP2,-0.334910704558358
NFYA,-0.335164835164835
MOSPD3,-0.335164835164835
DHODH,-0.335164835164835
UBALD2,-0.335164835164835
TBCE,-0.335369641071613
RBM6,-0.335775335775336
SLC35B2,-0.335775335775336
FCSK,-0.335775335775336
IGHG4,-0.336219390072717
FOXJ3,-0.336385836385836
NOTCH2NLC,-0.336385836385836
SF3B6,-0.336385836385836
PCGF1,-0.336385836385836
CPLANE1,-0.336385836385836
DGKH,-0.336385836385836
PSKH1,-0.336385836385836
DCTN1,-0.336996336996337
SH3BP5,-0.336996336996337
RPL14,-0.336996336996337
FANCE,-0.337353079796705
BFSP1,-0.337365048533142
CKAP2L,-0.337537967699466
APEH,-0.337606837606838
WDR5B,-0.337606837606838
DDX54,-0.337606837606838
FTSJ3,-0.337606837606838
CFH,-0.337690816752985
PMVK,-0.338217338217338
BBS7,-0.338217338217338
L3MBTL3,-0.338217338217338
TRIAP1,-0.338217338217338
ARHGDIA,-0.338217338217338
ZNF48,-0.338268970511085
YY1AP1,-0.338827838827839
SNRPC,-0.338827838827839
WDR73,-0.338827838827839
SERTAD3,-0.338827838827839
PLLP,-0.338879564320672
TGFBRAP1,-0.339438339438339
PIK3CG,-0.339438339438339
RPL27A,-0.339438339438339
RDH11,-0.339438339438339
TTC9,-0.339438339438339
FEM1A,-0.339438339438339
HAUS8,-0.339438339438339
RAB11FIP5,-0.339490158130259
NDFIP2,-0.339546260801079
UHRF1,-0.340038661769417
ZRANB3,-0.34004884004884
WDR6,-0.34004884004884
VKORC1L1,-0.34004884004884
ARFIP2,-0.34004884004884
MAPKAPK5,-0.34004884004884
HDDC3,-0.34004884004884
SMKR1,-0.340284421402164
ZNF502,-0.340569031327466
SNX14,-0.340659340659341
CCR5,-0.340711345749432
INTS10,-0.341269841269841
ZNF623,-0.341269841269841
GOLGA3,-0.341269841269841
ZNF182,-0.341269841269841
FAM111B,-0.341477345153621
NMB,-0.341627236463812
COQ4,-0.341880341880342
ZNF343,-0.341932533368606
ADCK2,-0.342490842490842
NTRK1,-0.342545317992384
SCD5,-0.342638667547901
SARS,-0.343101343101343
LSM2,-0.343101343101343
HASPIN,-0.343414496859186
NT5DC2,-0.343626203960568
SMIM19,-0.343711843711844
MAPK8,-0.343711843711844
TM9SF1,-0.343711843711844
P2RY11,-0.343711843711844
TRBV7-2,-0.343921872355771
CARNS1,-0.344224613645877
EIF2D,-0.344322344322344
EMC9,-0.344322344322344
COLGALT2,-0.344494111595994
HOOK1,-0.34456466058021
FITM2,-0.344680205511746
SPON1,-0.344877901180737
UBE2J2,-0.344932844932845
LEMD2,-0.344932844932845
CHCHD7,-0.344932844932845
TRBV5-4,-0.345421833620041
PPIA,-0.345543345543346
CREBBP,-0.345543345543346
ZNF585B,-0.345543345543346
KIR2DL3,-0.345731074294723
CNKSR2,-0.34607197293199
HYI,-0.346153846153846
TMEM131,-0.346153846153846
CDC42BPG,-0.346483437849884
MRPL48,-0.346764346764347
SEPSECS,-0.347374847374847
GON7,-0.347374847374847
DPY19L3,-0.347374847374847
SLC3A1,-0.347587114334696
DDX18,-0.347985347985348
DPM2,-0.347985347985348
ZNF317,-0.347985347985348
SPATA21,-0.34819798799785
DNA2,-0.348517680173529
NPIPB12,-0.348535118646809
WTAP,-0.348595848595849
ZNF143,-0.348595848595849
TAOK2,-0.348595848595849
TRAV1-1,-0.348631696543374
BLNK,-0.348808861661004
RAD54L2,-0.349206349206349
ARL6IP5,-0.349206349206349
FXR1,-0.349206349206349
SPSB2,-0.349206349206349
STARD5,-0.349206349206349
MTHFSD,-0.349206349206349
ZNF529,-0.349206349206349
DPH5,-0.34981684981685
RPS27A,-0.34981684981685
ORMDL1,-0.34981684981685
SAR1A,-0.34981684981685
TBL3,-0.34981684981685
RALGPS2,-0.35042735042735
BOP1,-0.35042735042735
TUBG2,-0.35042735042735
ZNF345,-0.35042735042735
PRR12,-0.35042735042735
CENPA,-0.350807327261643
LMNB1,-0.351037851037851
C6orf47,-0.351037851037851
URM1,-0.351037851037851
BEND4,-0.35133745681779
ZNF362,-0.351648351648352
LSM8,-0.351648351648352
RPL13A,-0.351648351648352
FAM3A,-0.351648351648352
TOGARAM2,-0.351880570069941
FAM227B,-0.352007331226788
TRAV16,-0.352051324876046
TTC12,-0.352258852258852
TAF1C,-0.352258852258852
TRBV15,-0.352395675593396
TRBV18,-0.352843609812414
CSPP1,-0.352869352869353
RABGAP1,-0.352869352869353
RPS5,-0.352869352869353
TTLL1,-0.352869352869353
KLHL14,-0.353553390593274
PODN,-0.353566021063682
CHRNA1,-0.353618497580189
TMCC2,-0.353951444807936
AFTPH,-0.354090354090354
KLF3,-0.354090354090354
EI24,-0.354090354090354
RBM42,-0.354090354090354
NQO1,-0.354306724629391
GLB1L3,-0.354343120502348
GPR25,-0.354588359797089
ZFP1,-0.354700854700855
RYR1,-0.354700854700855
PANO1,-0.3551761902917
IFFO2,-0.355311355311355
ELMOD3,-0.355311355311355
PDE6D,-0.355311355311355
PRPSAP2,-0.355311355311355
DISP1,-0.355549177229662
RASGRF2,-0.355690260821981
EVC2,-0.355783317719255
PDGFB,-0.355841322199198
ZSWIM8,-0.355921855921856
C12orf73,-0.355921855921856
TMEM97,-0.355921855921856
ICAM3,-0.355921855921856
DNAJB6,-0.356532356532357
GPR180,-0.356532356532357
GOSR2,-0.356532356532357
SLC26A11,-0.356532356532357
HIST1H4I,-0.356540342219969
SLCO4C1,-0.35661094311919
HIST1H2AM,-0.356750219282008
JHY,-0.356750219282008
UBE2J1,-0.357142857142857
SELENOS,-0.357142857142857
C17orf58,-0.357142857142857
SCART1,-0.357383480809523
VARS,-0.357753357753358
ZKSCAN1,-0.357753357753358
ALDH1B1,-0.357753357753358
TLE4,-0.357753357753358
PTPRJ,-0.357753357753358
BIRC3,-0.357753357753358
ZFYVE26,-0.357753357753358
R3HDM4,-0.357753357753358
TSPAN2,-0.357971966608316
SORBS1,-0.358300632599453
USP48,-0.358363858363858
THAP5,-0.358363858363858
METTL2B,-0.358363858363858
PEX12,-0.358759201812679
SPC24,-0.358893311755263
SNRNP27,-0.358974358974359
NDFIP1,-0.358974358974359
DNASE1,-0.358974358974359
GAREM2,-0.359003487934787
RCCD1,-0.359334456941829
C17orf100,-0.359462799484876
ZFP69,-0.35958485958486
RUBCN,-0.35958485958486
SH2D1B,-0.36019536019536
PPP1R7,-0.36019536019536
TMEM175,-0.36019536019536
POLR2K,-0.36019536019536
CDADC1,-0.36019536019536
FBRS,-0.36019536019536
SLC1A7,-0.360413922386518
WNT1,-0.36053993120711
PNPT1,-0.360805860805861
NXPE3,-0.360805860805861
GAPVD1,-0.360805860805861
CRADD,-0.360805860805861
MPRIP,-0.360805860805861
FAM221A,-0.361416361416361
YAE1,-0.361416361416361
EIF1AD,-0.361416361416361
COPS3,-0.361416361416361
RNF212,-0.361663522495864
SUDS3,-0.362026862026862
RPLP0,-0.362026862026862
GMEB1,-0.362637362637363
FBXO45,-0.362637362637363
ZNF32,-0.362637362637363
PRKAB1,-0.362637362637363
PDF,-0.362637362637363
CABLES2,-0.362637362637363
TSPAN15,-0.363247303405673
KBTBD6,-0.363247863247863
SLX4,-0.363247863247863
FLNA,-0.363247863247863
TRBV25-1,-0.363266395829353
STOML1,-0.363303316704144
LRFN3,-0.363749408678052
RCOR3,-0.363858363858364
FZR1,-0.363858363858364
WDR1,-0.364468864468864
CUTA,-0.364468864468864
CIB1,-0.364468864468864
PCED1A,-0.364468864468864
FMR1,-0.364468864468864
AURKA,-0.364829801228111
THAP12,-0.365079365079365
PRPS2,-0.365079365079365
HDAC8,-0.365079365079365
VIPR2,-0.365522477474385
ZNF543,-0.365637846918896
MTIF2,-0.365689865689866
PTPN23,-0.365689865689866
CCDC14,-0.365689865689866
EIF3J,-0.365689865689866
PPP1R13L,-0.365745691942491
GLYCTK,-0.366300366300366
TMED10,-0.366300366300366
GTPBP6,-0.366300366300366
SKA1,-0.366614272033128
TOR1A,-0.366910866910867
CFDP1,-0.366910866910867
LONP1,-0.366910866910867
VPS26C,-0.366910866910867
TCAF1,-0.367521367521368
ZNF16,-0.367521367521368
SDR42E2,-0.367521367521368
TRAV30,-0.36776278782525
SOX12,-0.367882770276045
HIST1H4B,-0.367966024784775
ATAD3A,-0.368131868131868
USPL1,-0.368131868131868
RFX7,-0.368131868131868
TRBV6-2,-0.368223293863285
CDCA3,-0.368223293863285
RAD54L,-0.368510552750541
HIST1H2BL,-0.368579812982915
SHC1,-0.368742368742369
KLHDC1,-0.368742368742369
RAD54B,-0.368886707081985
PGAP1,-0.369352869352869
PLOD3,-0.369352869352869
ZNF777,-0.369352869352869
OTUB1,-0.369352869352869
ZNFX1,-0.369352869352869
ESS2,-0.369352869352869
KIF14,-0.369917888605237
CMPK1,-0.36996336996337
METTL1,-0.36996336996337
VRK2,-0.370573870573871
NEPRO,-0.370573870573871
CRTC2,-0.371184371184371
TMEM9,-0.371184371184371
KAT2B,-0.371184371184371
TARS,-0.371184371184371
WASHC5,-0.371184371184371
SPRYD3,-0.371184371184371
ZNF154,-0.37170729096803
DDI2,-0.371794871794872
EEF1B2,-0.371794871794872
UBL3,-0.371794871794872
MTFMT,-0.371794871794872
IGHG3,-0.372057909448408
FMO4,-0.372156926943152
CEP126,-0.372156926943152
SEC31A,-0.372405372405372
ERMARD,-0.372405372405372
PARG,-0.372405372405372
BRAP,-0.372405372405372
ZNF268,-0.372405372405372
SLC38A6,-0.372405372405372
TNRC6A,-0.372405372405372
LARGE2,-0.372443074027154
GPR137C,-0.372632934524015
TRAV41,-0.372935207757837
TAF1A,-0.373015873015873
ECT2,-0.373015873015873
DPM1,-0.373015873015873
PARD6G,-0.373199284320897
ZBTB40,-0.373626373626374
ICA1L,-0.373626373626374
PRSS21,-0.373626373626374
COQ8B,-0.373626373626374
DDX3X,-0.373626373626374
AMMECR1L,-0.374236874236874
CARF,-0.374236874236874
CCL4,-0.374236874236874
SASH3,-0.374236874236874
MXD4,-0.374847374847375
NEK1,-0.374847374847375
IFRD1,-0.374847374847375
EXOSC1,-0.374847374847375
LTO1,-0.374847374847375
CERS5,-0.374847374847375
USP54,-0.375457875457875
ARHGAP45,-0.375457875457875
CSE1L,-0.375457875457875
WDR45,-0.375457875457875
DXO,-0.376068376068376
TECPR1,-0.376068376068376
SGMS1,-0.376068376068376
NPEPPS,-0.376068376068376
NFATC1,-0.376068376068376
EDEM2,-0.376068376068376
APOL3,-0.376068376068376
TAF1,-0.376068376068376
NECTIN3,-0.376515201834011
LETM1,-0.376678876678877
GSTK1,-0.376678876678877
RAD51D,-0.376678876678877
KDM5B,-0.377289377289377
ZNF131,-0.377289377289377
SLC38A2,-0.377289377289377
CHAF1A,-0.377289377289377
HCN2,-0.377519923829248
CBX5,-0.377899877899878
CCDC92,-0.377899877899878
ATMIN,-0.377899877899878
FAM171A1,-0.378081404836648
TRAV5,-0.378081404836648
SEC14L2,-0.37809286722463
HNRNPD,-0.378510378510379
PCMTD1,-0.378510378510379
CARHSP1,-0.378510378510379
CCDC120,-0.378741671155556
LIMS2,-0.379058727225108
UXS1,-0.379120879120879
QSOX2,-0.379120879120879
SLC35E3,-0.379120879120879
PIGS,-0.379120879120879
AGBL2,-0.379395123767851
XCL1,-0.379419272392912
ASNS,-0.379438307835085
P3H4,-0.379647607839286
CSF1,-0.37967109996699
EOGT,-0.37973137973138
TUBB,-0.37973137973138
PTMS,-0.37973137973138
DGCR2,-0.37973137973138
IGHG1,-0.380283472708872
MFN1,-0.38034188034188
IREB2,-0.38034188034188
TNFRSF13C,-0.38034188034188
BLK,-0.38054868284664
WDTC1,-0.380952380952381
AP3M1,-0.380952380952381
NEMP1,-0.380952380952381
NEK8,-0.380952380952381
C17orf67,-0.380952380952381
PIAS4,-0.380952380952381
CEP104,-0.381562881562882
ZNF570,-0.381562881562882
CHAC1,-0.382044872619105
CSRP1,-0.382173382173382
XRCC5,-0.382173382173382
TSC22D4,-0.382173382173382
TBC1D15,-0.382173382173382
NT5M,-0.382173382173382
PHLDA3,-0.382416611344901
PLCH2,-0.382696941540129
SLC25A10,-0.382758013664262
GOLGA2,-0.382783882783883
PDS5B,-0.382783882783883
DCAKD,-0.382783882783883
BRIP1,-0.382839955256589
GDPD1,-0.383147615515714
FRMPD3,-0.383339939983916
SLC43A1,-0.383345336418284
ATAD2B,-0.383394383394383
ODF2,-0.383394383394383
IER3IP1,-0.383394383394383
OMA1,-0.384004884004884
ABCD3,-0.384004884004884
EXOC5,-0.384004884004884
BLMH,-0.384004884004884
HINT1,-0.384615384615385
CGAS,-0.384615384615385
MARCH9,-0.384615384615385
SDF2,-0.384615384615385
EPS15L1,-0.384615384615385
KIAA1324L,-0.384845200233618
IGHG2,-0.384979396944475
ALOX5AP,-0.385225885225885
N4BP3,-0.38528593864878
GLDC,-0.38565567758912
ASXL2,-0.385836385836386
ARHGAP5,-0.385836385836386
ZNF519,-0.385836385836386
FAM118A,-0.385836385836386
DSCC1,-0.385912419849835
SPNS3,-0.386379670728968
CCDC85B,-0.386446886446886
SNX19,-0.386446886446886
PWWP3A,-0.386446886446886
KANK3,-0.386860084027458
PLXDC1,-0.38688325807933
SMG5,-0.387667887667888
REV1,-0.387667887667888
MED30,-0.387667887667888
PRPF4,-0.387667887667888
ERCC4,-0.387667887667888
ISOC2,-0.387667887667888
YDJC,-0.387667887667888
ZNF726,-0.387727069087615
AGPS,-0.388278388278388
ACAD9,-0.388278388278388
TSPAN17,-0.388278388278388
COX19,-0.388278388278388
TFAM,-0.388278388278388
TSPAN32,-0.388278388278388
PGM2L1,-0.388278388278388
CAB39L,-0.388278388278388
MRPL58,-0.388278388278388
EPOR,-0.388278388278388
CYP3A5,-0.388642959801996
SFMBT1,-0.388888888888889
STK10,-0.388888888888889
ZNF862,-0.388888888888889
CCDC59,-0.388888888888889
DAAM1,-0.388888888888889
TERF2,-0.388888888888889
SNRPD1,-0.388888888888889
ZSWIM5,-0.389177022941313
RUSC1,-0.38949938949939
ZNF341,-0.38949938949939
CAV1,-0.389802715937231
GPR89B,-0.39010989010989
CYTIP,-0.39010989010989
C12orf66,-0.39010989010989
NKAP,-0.39010989010989
HIST3H2BB,-0.390400945247015
PSMA5,-0.390720390720391
NBPF15,-0.390720390720391
ZC3H12D,-0.390720390720391
CHM,-0.390720390720391
EPHX2,-0.390959144418639
BUB1B,-0.39123724972974
DFFB,-0.391330891330891
KIF9,-0.391330891330891
CTSC,-0.391330891330891
P4HB,-0.391330891330891
MBD4,-0.391941391941392
TTC38,-0.391941391941392
NUGGC,-0.392490472460912
RNPEPL1,-0.392551892551893
ABHD16A,-0.392551892551893
ELOVL5,-0.392551892551893
QRSL1,-0.392551892551893
RPAIN,-0.392551892551893
KRI1,-0.392551892551893
UBE2C,-0.393044897521103
NNT,-0.393162393162393
FAM24B,-0.393162393162393
NCBP3,-0.393162393162393
CIAO1,-0.393772893772894
MRPL13,-0.394383394383394
TMEM19,-0.394383394383394
MIF,-0.394383394383394
BIRC5,-0.394591100894514
PRR14,-0.394993894993895
CD79A,-0.394993894993895
OXCT2,-0.395235260060717
ZNF530,-0.39535949170745
SMYD2,-0.395604395604396
ZNF408,-0.395604395604396
TRPT1,-0.395604395604396
TEFM,-0.395604395604396
NF1,-0.395604395604396
EFHC2,-0.395893387800134
C3orf33,-0.395970085517037
FAM161B,-0.395970085517037
NDC1,-0.396214896214896
ZC3H11A,-0.396214896214896
PLA2G12A,-0.396214896214896
ASB8,-0.396214896214896
MAX,-0.396214896214896
NDEL1,-0.396214896214896
SPINDOC,-0.396275382421831
ITGAV,-0.396825396825397
LPCAT3,-0.396825396825397
TMED3,-0.396825396825397
NME1,-0.396825396825397
L3MBTL2,-0.396825396825397
SRSF3,-0.397435897435897
NHLRC3,-0.397435897435897
CHAMP1,-0.397435897435897
DAD1,-0.397435897435897
GPRC5D,-0.397502322069351
GINS3,-0.397678754713334
CLIP4,-0.398046398046398
STARD7,-0.398046398046398
PDCL3,-0.398046398046398
ABHD14B,-0.398046398046398
R3HCC1,-0.398046398046398
PMEPA1,-0.398289628376488
FCRL5,-0.398413819371882
SEPTIN2,-0.398656898656899
VPS52,-0.398656898656899
EIF3B,-0.398656898656899
TGFBR1,-0.398656898656899
SLC2A8,-0.398656898656899
PTPA,-0.398656898656899
KDM2B,-0.398656898656899
RNF111,-0.398656898656899
ZNF814,-0.398656898656899
SEC23IP,-0.399267399267399
ABHD15,-0.399267399267399
KLHL12,-0.3998778998779
ZFAND2B,-0.3998778998779
GCN1,-0.3998778998779
ZFYVE1,-0.3998778998779
DPH6,-0.3998778998779
TNPO2,-0.3998778998779
IGLC1,-0.399879400449104
NAXE,-0.400488400488401
VAMP4,-0.400488400488401
ZNF513,-0.400488400488401
VGLL4,-0.400488400488401
RHNO1,-0.400488400488401
CCNB1IP1,-0.400488400488401
ZNF780B,-0.400488400488401
ZNF337,-0.400488400488401
TNFSF14,-0.400491773190986
FLT4,-0.400747324946557
NOS3,-0.400854835993732
SH3YL1,-0.401098901098901
BNIP3,-0.401098901098901
AAGAB,-0.401098901098901
ABCA5,-0.401098901098901
CRIP2,-0.401160132898525
GPATCH3,-0.401709401709402
SCMH1,-0.401709401709402
GPD1L,-0.401709401709402
MRPS27,-0.401709401709402
OXR1,-0.401709401709402
FCRLA,-0.401712483989489
REL,-0.402319902319902
NCBP2,-0.402319902319902
PRPSAP1,-0.402319902319902
SLC35E2B,-0.402930402930403
FOCAD,-0.402930402930403
CCP110,-0.402930402930403
ZNF136,-0.402930402930403
BICRA,-0.402930402930403
LIPE,-0.403249839785616
DNPEP,-0.403540903540904
PLEKHM1,-0.403540903540904
BBC3,-0.403540903540904
IL12A,-0.403553636900397
ELOVL6,-0.403559080460298
ABCF3,-0.404151404151404
RP9,-0.404151404151404
POP7,-0.404151404151404
TDG,-0.404151404151404
GID4,-0.404151404151404
EPHX4,-0.40418759913027
RABEPK,-0.404761904761905
SDF4,-0.405372405372405
RCAN3,-0.405372405372405
FBXO4,-0.405372405372405
FOXK1,-0.405372405372405
SUCLA2,-0.405372405372405
DNAJC3,-0.405372405372405
DCXR,-0.405372405372405
KMT2B,-0.405372405372405
CSNK1E,-0.405372405372405
CDK16,-0.405372405372405
TRAV25,-0.405959818283593
GRSF1,-0.405982905982906
IQGAP2,-0.405982905982906
ZNF783,-0.405982905982906
FKTN,-0.405982905982906
HSDL1,-0.405982905982906
TCF20,-0.405982905982906
TRABD,-0.405982905982906
ZNF326,-0.406593406593407
TRAF3IP1,-0.406593406593407
FGFBP3,-0.406593406593407
ZNF563,-0.406593406593407
PRDX4,-0.406593406593407
GALNT12,-0.406909677465761
MOCS3,-0.4069607740896
FAM126B,-0.407203907203907
CNOT1,-0.407203907203907
MYO18A,-0.407203907203907
CERS4,-0.407203907203907
GSS,-0.407203907203907
AFF1,-0.407814407814408
SGF29,-0.407814407814408
LYRM9,-0.407814407814408
TRAV24,-0.407946219915316
ZNF138,-0.408424908424908
DUS1L,-0.408424908424908
TBCD,-0.408424908424908
DUS3L,-0.408424908424908
ZNF302,-0.408424908424908
TAF9B,-0.408424908424908
FGF9,-0.408438263782312
TRIM47,-0.408653216331382
CHST10,-0.408882188659861
HDHD3,-0.409035409035409
RAB14,-0.409035409035409
AP4E1,-0.409035409035409
BX664615.2,-0.409403149327947
B3GAT2,-0.40964590964591
TOR1B,-0.40964590964591
CCDC90B,-0.40964590964591
SNRPD2,-0.40964590964591
DGUOK,-0.41025641025641
UBQLN1,-0.41025641025641
RPS25,-0.41025641025641
ZBTB44,-0.41025641025641
CRACR2A,-0.41025641025641
BRD7,-0.41025641025641
FBXO46,-0.41025641025641
HOXC4,-0.410362375303307
USP33,-0.410866910866911
ALKBH3,-0.410866910866911
KIAA1324,-0.411290097327354
NBPF3,-0.411477411477411
ELOA,-0.411477411477411
ATP5IF1,-0.411477411477411
LRRC8B,-0.411477411477411
FAM50B,-0.411477411477411
CIAO2B,-0.411477411477411
RFFL,-0.411477411477411
FAM210A,-0.411477411477411
AURKB,-0.411514482544867
HIBADH,-0.412087912087912
POR,-0.412087912087912
NAXD,-0.412087912087912
VMAC,-0.412087912087912
NCOA6,-0.412087912087912
ZNF823,-0.412106870942033
AXIN2,-0.412224630294142
FCRLB,-0.412339722629033
RHPN1,-0.412412588205343
ZNF852,-0.412698412698413
RPS18,-0.412698412698413
SFXN2,-0.412698412698413
ZNF664,-0.412698412698413
KPNA3,-0.412698412698413
ZNF432,-0.412698412698413
MAPK11,-0.412698412698413
AFG1L,-0.413308913308913
IGF2R,-0.413308913308913
DIP2B,-0.413308913308913
NUP85,-0.413308913308913
S100PBP,-0.413919413919414
FBXO28,-0.413919413919414
FBXO48,-0.413919413919414
RAD1,-0.413919413919414
FABP5,-0.413919413919414
LPXN,-0.413919413919414
KIF22,-0.413919413919414
SUB1,-0.414529914529915
PLEKHA8,-0.414529914529915
SNAPC4,-0.414529914529915
ACTA2,-0.414529914529915
VEGFB,-0.414529914529915
ZNF10,-0.414529914529915
ASB2,-0.414529914529915
SSR4,-0.414529914529915
TET1,-0.415040052946907
DCUN1D4,-0.415140415140415
ZNF282,-0.415140415140415
TRIM21,-0.415140415140415
GTF3A,-0.415140415140415
MTRF1,-0.415140415140415
C3orf18,-0.41518871899616
KLHL17,-0.415750915750916
HS2ST1,-0.415750915750916
MAP4K2,-0.415750915750916
NUSAP1,-0.415750915750916
FAM117A,-0.415750915750916
SLC23A2,-0.415750915750916
CAMK2N1,-0.415841504239675
EBNA1BP2,-0.416361416361416
ELMO1,-0.416361416361416
TM9SF3,-0.416361416361416
LRRC45,-0.416361416361416
BCOR,-0.416361416361416
SLCO4A1,-0.416413464479925
CCNA2,-0.416856429471634
BDH2,-0.416971916971917
DNAJA2,-0.416971916971917
MBTPS1,-0.416971916971917
PPT2,-0.416998347154995
ZNF222,-0.417025837221807
FGFR1,-0.417226711934266
MFHAS1,-0.417582417582418
INPP5E,-0.417582417582418
TRIM65,-0.417582417582418
HGS,-0.417582417582418
ZNF486,-0.417582417582418
JOSD1,-0.417582417582418
FUT10,-0.417609781681615
AGO2,-0.418192918192918
RGS3,-0.418192918192918
FKBP11,-0.418192918192918
LMO7,-0.418192918192918
FXR2,-0.418192918192918
PRKCSH,-0.418192918192918
GMEB2,-0.418192918192918
ALG13,-0.418192918192918
TSHZ2,-0.418562056471749
CLOCK,-0.418803418803419
ATAT1,-0.418803418803419
TAX1BP1,-0.418803418803419
RPL23A,-0.418803418803419
ZCCHC2,-0.418803418803419
HOXB7,-0.419078038548214
TRBV6-1,-0.419330354869092
TRAV20,-0.419330354869092
COX20,-0.419413919413919
SLC25A20,-0.419413919413919
ZKSCAN8,-0.419413919413919
TRDMT1,-0.419413919413919
PRORP,-0.419413919413919
CDYL2,-0.419413919413919
RRP1,-0.419413919413919
HIST1H4A,-0.419749802524786
ZNF721,-0.42002442002442
DGKZ,-0.42002442002442
GNPTAB,-0.42002442002442
EMC6,-0.42002442002442
GET1,-0.42002442002442
DHRS3,-0.420088540995716
ARL10,-0.420393837900509
THEM6,-0.420634920634921
ARHGEF18,-0.420634920634921
ZBTB6,-0.420699134805302
XPNPEP2,-0.420699134805302
HOXB4,-0.420891953913191
ZNF195,-0.421245421245421
RAP1GAP2,-0.421245421245421
C5orf34,-0.421584106104646
PARP8,-0.421855921855922
CREB3,-0.421855921855922
SMAGP,-0.421855921855922
TCP11L2,-0.421855921855922
ZNF140,-0.421855921855922
RPS19,-0.421855921855922
NLGN4Y,-0.422004729242014
PVRIG,-0.422238506410568
TPBGL,-0.422429490091362
FAF2,-0.422466422466423
ECPAS,-0.422466422466423
ATF7IP2,-0.422466422466423
PSMD7,-0.422466422466423
ZNF525,-0.422466422466423
C1orf35,-0.423076923076923
GNL3,-0.423076923076923
BCLAF3,-0.423076923076923
SEPTIN8,-0.423446806948443
PEX11B,-0.423687423687424
MAPK9,-0.423687423687424
MRPL50,-0.423687423687424
EAPP,-0.423687423687424
DHX38,-0.423687423687424
RHBDD1,-0.424297924297924
PSMB8,-0.424297924297924
APBB1IP,-0.424297924297924
BAZ1A,-0.424297924297924
CDCA4,-0.424297924297924
ZNF24,-0.424297924297924
NUP35,-0.424908424908425
SMIM15,-0.424908424908425
TMEM140,-0.424908424908425
ALKBH2,-0.424908424908425
UBE3B,-0.424908424908425
TSC2,-0.424908424908425
LAS1L,-0.424908424908425
ARID5A,-0.425518925518925
OCIAD1,-0.425518925518925
EVI5L,-0.425518925518925
PRKY,-0.425518925518925
TROAP,-0.425914679557827
JMJD4,-0.426129426129426
SATB1,-0.426129426129426
ESYT2,-0.426129426129426
C9orf16,-0.426129426129426
METTL4,-0.426129426129426
FBXL16,-0.426389816881578
COPA,-0.426739926739927
CHFR,-0.426739926739927
ZNF444,-0.426739926739927
ZNF552,-0.426739926739927
CHKB,-0.426739926739927
FXYD7,-0.426823801091923
TRAV3,-0.42726017911946
RNF44,-0.427350427350427
MRPL32,-0.427350427350427
PRPF38A,-0.427960927960928
ATXN7,-0.427960927960928
RANBP10,-0.427960927960928
TRAPPC2B,-0.427960927960928
NAPB,-0.427960927960928
NLRP6,-0.428331557425137
ZNF71,-0.428331557425137
RANBP2,-0.428571428571429
TSR3,-0.428571428571429
MED14,-0.428571428571429
SPAG5,-0.428942151234724
GSTM2,-0.429181929181929
ERMP1,-0.429181929181929
SMIM10L1,-0.429181929181929
CENPJ,-0.429181929181929
BAG5,-0.429181929181929
BAHD1,-0.429181929181929
SPATA6L,-0.429203140807113
TRBV12-3,-0.429226056458923
TNFRSF9,-0.42965173869782
TMEM59,-0.42979242979243
TTLL5,-0.42979242979243
APOBEC3F,-0.42979242979243
ULBP2,-0.429818927235817
SRRM1,-0.43040293040293
XPR1,-0.43040293040293
CNNM4,-0.43040293040293
UBR3,-0.43040293040293
LARP7,-0.43040293040293
FRA10AC1,-0.43040293040293
OSBP,-0.43040293040293
ZNF683,-0.430434713664522
SLAIN2,-0.431013431013431
SLC35B3,-0.431013431013431
BICDL1,-0.431050500093226
INPP5B,-0.431623931623932
PPP4R2,-0.431623931623932
RALGDS,-0.431623931623932
KIF1BP,-0.431623931623932
MCRS1,-0.431623931623932
BIN2,-0.431623931623932
HECTD4,-0.431623931623932
EDC3,-0.431623931623932
MRPS6,-0.431623931623932
TTC3,-0.431623931623932
ATG9B,-0.431887679849965
GZMK,-0.432234432234432
OARD1,-0.432234432234432
ALKBH4,-0.432234432234432
DENND11,-0.432234432234432
MLLT10,-0.432234432234432
TRMT112,-0.432234432234432
XPOT,-0.432234432234432
PKMYT1,-0.432300417187451
ZNF792,-0.432300417187451
CEP72,-0.432335155768863
KCNQ5,-0.432335155768863
TMEM248,-0.432844932844933
SVIP,-0.432844932844933
DCTPP1,-0.432844932844933
NLRP1,-0.432844932844933
CNPY2,-0.433455433455433
PIGN,-0.433455433455433
HAPLN3,-0.433559901252627
CCHCR1,-0.434065934065934
SYNJ2,-0.434065934065934
PHTF2,-0.434065934065934
SERGEF,-0.434065934065934
MPZL3,-0.434065934065934
PAN3,-0.434065934065934
VAC14,-0.434065934065934
ACBD4,-0.434065934065934
DMKN,-0.434248284287516
TRAM2,-0.434676434676435
NOD1,-0.434676434676435
CEP131,-0.434676434676435
SNRPA,-0.434676434676435
SAMM50,-0.434676434676435
TRIM32,-0.434784646736392
WDR47,-0.435286935286935
ARV1,-0.435286935286935
CCDC51,-0.435286935286935
PRKAR2A,-0.435286935286935
ZNF354B,-0.435286935286935
SESN1,-0.435286935286935
SH3PXD2A,-0.435286935286935
CD27,-0.435286935286935
MFSD5,-0.435286935286935
TRBV12-4,-0.435410869952567
HIST1H1A,-0.435482726580147
ARHGAP42,-0.435512471432457
SRP19,-0.435897435897436
DENND4C,-0.435897435897436
SDHAF2,-0.435897435897436
NARS2,-0.435897435897436
TRABD2A,-0.436507936507936
MSH3,-0.436507936507936
SKP1,-0.436507936507936
ADAT2,-0.436507936507936
PCED1B,-0.436507936507936
NMRAL1,-0.436507936507936
ZNF816,-0.436507936507936
KIF15,-0.436774669155198
NR3C2,-0.436879870759353
POLR1B,-0.437118437118437
HIST1H4C,-0.437118437118437
AP4S1,-0.437118437118437
VPS39,-0.437118437118437
EZH1,-0.437118437118437
SLC5A3,-0.437118437118437
HIST1H2BB,-0.437175686533462
C9orf40,-0.437175686533462
PTPRCAP,-0.437481403796772
SYNGAP1,-0.437728937728938
CD82,-0.437728937728938
APPL2,-0.437728937728938
MAZ,-0.437728937728938
MINK1,-0.437728937728938
PDCD5,-0.437728937728938
EDA,-0.437728937728938
TRAV8-2,-0.437937879372706
TPD52,-0.438101058378526
RPP30,-0.438339438339438
ERO1A,-0.438339438339438
RNASEH2A,-0.438339438339438
TNFRSF18,-0.438858561669916
RPS27,-0.438949938949939
PEX19,-0.438949938949939
FH,-0.438949938949939
PIK3CA,-0.438949938949939
TRBC2,-0.438949938949939
TMEM102,-0.438949938949939
ZNF611,-0.438949938949939
IL23A,-0.439071255929568
TRAV13-2,-0.439121758048754
CD28,-0.43956043956044
ELF2,-0.43956043956044
DDX60,-0.43956043956044
PM20D2,-0.43956043956044
PHACTR2,-0.43956043956044
PLGRKT,-0.43956043956044
CWC15,-0.43956043956044
NRL,-0.43956043956044
CSGALNACT1,-0.439627542902493
DTL,-0.439789803140559
ORC2,-0.44017094017094
CTLA4,-0.44017094017094
FBXW7,-0.44017094017094
CCDC28A,-0.44017094017094
DDX52,-0.44017094017094
DIAPH1,-0.440781440781441
ALG2,-0.440781440781441
UCK1,-0.440781440781441
CD3E,-0.440781440781441
ZNF91,-0.440781440781441
LENG9,-0.440781440781441
MORC2,-0.440781440781441
DZANK1,-0.440848730521667
IGFBP3,-0.440977202096847
NADK2,-0.441391941391941
HIST1H4F,-0.441391941391941
RTN4IP1,-0.441391941391941
DNAJA1,-0.441391941391941
MRPS2,-0.441391941391941
L3HYPDH,-0.441391941391941
PSMD8,-0.441391941391941
SREK1,-0.442002442002442
HIST1H2BK,-0.442002442002442
GOLGA7,-0.442002442002442
NLE1,-0.442002442002442
TRBV19,-0.442067162746424
PLEKHB1,-0.442067162746424
RUNX2,-0.442612942612943
PRDM1,-0.442612942612943
TBK1,-0.442612942612943
PARP4,-0.442612942612943
SUGP1,-0.442612942612943
TRAV38-2DV8,-0.442848184957824
ADHFE1,-0.443223443223443
PPRC1,-0.443223443223443
KRT10,-0.443223443223443
POLG2,-0.443223443223443
ISYNA1,-0.443223443223443
OSBPL10,-0.443290031799664
KIF13B,-0.443833943833944
TTI2,-0.443833943833944
NSMF,-0.443833943833944
TRMT2A,-0.443833943833944
SHISAL2A,-0.444105153113047
TATDN2,-0.444444444444444
LEF1,-0.444444444444444
EMB,-0.444444444444444
SDHAF3,-0.444444444444444
COASY,-0.444444444444444
MBTD1,-0.444444444444444
ZNF181,-0.444444444444444
WDR63,-0.444535751660677
IP6K1,-0.445054945054945
HEG1,-0.445054945054945
TRA2B,-0.445054945054945
BACH2,-0.445054945054945
LCOR,-0.445054945054945
DHCR7,-0.445054945054945
METTL17,-0.445054945054945
DENND4A,-0.445054945054945
PARP6,-0.445054945054945
SPN,-0.445054945054945
ZSWIM3,-0.445122887188774
B3GNT9,-0.44519498334839
SLC4A10,-0.445351145956271
KANK1,-0.445430052642835
STK25,-0.445665445665446
EEF1A1,-0.445665445665446
POLE,-0.445665445665446
WDR89,-0.445665445665446
GPATCH1,-0.445665445665446
ZNF808,-0.445665445665446
BTG3,-0.445665445665446
RAB9A,-0.445665445665446
VANGL1,-0.44593777410251
RNF115,-0.446275946275946
EMC3,-0.446275946275946
TOX4,-0.446275946275946
GNG7,-0.446275946275946
PXMP4,-0.446275946275946
TSPAN18,-0.446344074807948
CDC7,-0.446649371712741
TRBV20-1,-0.446649371712741
DNAJC8,-0.446886446886447
SLC4A1AP,-0.446886446886447
MZT2A,-0.446886446886447
IRF4,-0.446886446886447
SEPTIN1,-0.446886446886447
SPATA33,-0.446886446886447
DIPK1A,-0.447496947496948
CDC42SE1,-0.447496947496948
CLPTM1L,-0.447496947496948
HMGB1,-0.447496947496948
LTBP4,-0.447496947496948
P2RY8,-0.447496947496948
JSRP1,-0.447870559331915
SLC25A46,-0.448107448107448
CCND2,-0.448107448107448
KNTC1,-0.448107448107448
GZMH,-0.448107448107448
SLC27A5,-0.448107448107448
UFSP2,-0.448717948717949
ATG12,-0.448717948717949
ZNF484,-0.448717948717949
RTF1,-0.448717948717949
FDX2,-0.448717948717949
APOL6,-0.448717948717949
IGLC3,-0.448792942539247
MGAT4A,-0.449328449328449
PECR,-0.449328449328449
PDAP1,-0.449328449328449
KLRB1,-0.449328449328449
SYCE1L,-0.449702340760675
ACADM,-0.44993894993895
ZC3H8,-0.44993894993895
ATXN1,-0.44993894993895
MTERF2,-0.44993894993895
S100B,-0.44993894993895
XBP1,-0.44993894993895
ZNF540,-0.450520537434571
NAA50,-0.450549450549451
PIM1,-0.450549450549451
PPP2R2D,-0.450549450549451
CLEC2D,-0.450549450549451
FBXL20,-0.450549450549451
ZNF70,-0.450824763407742
CD38,-0.451159951159951
NAA25,-0.451159951159951
CCDC85C,-0.451159951159951
PPIB,-0.451159951159951
CHAC2,-0.451238680645728
SNTA1,-0.451534122189436
TRBV27,-0.45174811383085
R3HDM1,-0.451770451770452
USP19,-0.451770451770452
HMGB2,-0.451770451770452
MVB12B,-0.451770451770452
RITA1,-0.451770451770452
ERG28,-0.451770451770452
HMG20A,-0.451770451770452
GAMT,-0.451770451770452
ELMO3,-0.451839419094229
NCOA2,-0.452380952380952
ZNF510,-0.452380952380952
SRSF8,-0.452380952380952
RORA,-0.452380952380952
SCAPER,-0.452380952380952
ITGAL,-0.452380952380952
TUBG1,-0.452380952380952
DDX42,-0.452380952380952
METTL23,-0.452380952380952
TTC39C,-0.452380952380952
GCAT,-0.452543456250977
CDC20,-0.452754014203631
IGLV3-21,-0.452767266962278
PKN3,-0.45297569022713
ODR4,-0.452991452991453
RNF144A,-0.452991452991453
AAK1,-0.452991452991453
CFLAR,-0.452991452991453
CASTOR3,-0.452991452991453
RIC1,-0.452991452991453
C2CD5,-0.452991452991453
TNRC6C,-0.452991452991453
RNF213,-0.452991452991453
GTPBP3,-0.452991452991453
EIF3D,-0.452991452991453
CFAP54,-0.453378701488898
USP46,-0.453601953601954
TAGAP,-0.453601953601954
AMOT,-0.453990136015518
AHSA1,-0.454212454212454
DGCR8,-0.454212454212454
ZXDB,-0.454212454212454
USP53,-0.454281794332576
HIST1H4D,-0.454281794332576
FAAH2,-0.454450384384002
CCDC30,-0.454822954822955
THEM4,-0.454822954822955
IMMT,-0.454822954822955
IL7R,-0.454822954822955
CD6,-0.454822954822955
C11orf24,-0.454822954822955
SLC38A1,-0.454822954822955
AATF,-0.454822954822955
SDHAF1,-0.454822954822955
SHLD1,-0.454822954822955
KIF21A,-0.454892388142163
CROCC,-0.455433455433455
ITSN2,-0.455433455433455
ABHD14A,-0.455433455433455
VPS37A,-0.455433455433455
CTSW,-0.455433455433455
MATK,-0.455433455433455
CACNA2D2,-0.455605319960388
MTFR2,-0.455711752712976
TRBV4-1,-0.455737737118758
PRSS23,-0.455808278856543
RAD51,-0.455925125678696
PYHIN1,-0.456043956043956
AKR1B1,-0.456043956043956
NRBF2,-0.456043956043956
CWF19L1,-0.456043956043956
IKZF5,-0.456043956043956
BCL11B,-0.456043956043956
FBF1,-0.456043956043956
CCDC117,-0.456043956043956
TRGC2,-0.456130156858689
DUSP14,-0.45621769270227
TRAV12-1,-0.456351525316898
GAB1,-0.456654456654457
GDAP1,-0.456654456654457
IPO5,-0.456654456654457
TRAPPC8,-0.456654456654457
SNRNP70,-0.456654456654457
TRBV7-6,-0.45691353009882
ABCB1,-0.456965313515038
MTOR,-0.457264957264957
TARBP1,-0.457264957264957
GYG1,-0.457264957264957
AOPEP,-0.457264957264957
GABPA,-0.457264957264957
N6AMT1,-0.457264957264957
GEMIN8,-0.457264957264957
TRBV5-1,-0.457544373702438
RABGGTB,-0.457875457875458
SPTBN1,-0.457875457875458
TTC31,-0.457875457875458
BZW1,-0.457875457875458
TNFAIP8,-0.457875457875458
PTDSS1,-0.457875457875458
HELB,-0.457875457875458
TMEM260,-0.457875457875458
ATP10A,-0.457875457875458
C5orf63,-0.458054810927917
PLD6,-0.458054810927917
TNFRSF4,-0.458145102956229
CD247,-0.458485958485959
PCNX2,-0.458485958485959
YIPF4,-0.458485958485959
SCML4,-0.458485958485959
CD59,-0.458485958485959
C11orf1,-0.458485958485959
KATNAL1,-0.458485958485959
PAFAH2,-0.459096459096459
TTN,-0.459096459096459
ABLIM1,-0.459096459096459
CTSF,-0.459096459096459
WBP11,-0.459096459096459
HDGFL3,-0.459096459096459
MORN3,-0.459279556411682
CCL28,-0.459471841714064
TMEM14A,-0.459471841714064
SLC2A1,-0.459493046755101
CD96,-0.45970695970696
PCYT1A,-0.45970695970696
WDR60,-0.45970695970696
SPATS2,-0.45970695970696
GOLGA8B,-0.45970695970696
PSMD12,-0.45970695970696
CADM1,-0.459992462242343
FZD3,-0.460104481281721
MCOLN2,-0.46031746031746
PRRC2A,-0.46031746031746
SLC37A3,-0.46031746031746
ARHGAP9,-0.46031746031746
UNC45A,-0.46031746031746
NDE1,-0.46031746031746
ACAP1,-0.46031746031746
SYAP1,-0.46031746031746
NSG1,-0.460410198545031
ZEB1,-0.460598742018209
VCAM1,-0.460627543575996
CD5,-0.460693029333238
OBSCN,-0.460715915808341
ADAM19,-0.460715915808341
CD84,-0.460927960927961
GTPBP8,-0.460927960927961
ANXA2R,-0.460927960927961
KLC4,-0.460927960927961
HSPB1,-0.460927960927961
VPS50,-0.460927960927961
ZBTB16,-0.460927960927961
VPS33B,-0.460927960927961
ZNF720,-0.460927960927961
RPH3AL,-0.460998326238031
TRBV29-1,-0.461116674637328
DPH2,-0.461538461538462
CC2D1B,-0.461538461538462
SWT1,-0.461538461538462
SAP30L,-0.461538461538462
DYNC2H1,-0.461538461538462
LDHB,-0.461538461538462
CDK4,-0.461538461538462
NR2C1,-0.461538461538462
SGPP1,-0.461538461538462
FCF1,-0.461538461538462
NELL2,-0.461608920047618
TRAV26-2,-0.462060401476236
GALM,-0.462148962148962
INPP5D,-0.462148962148962
ADH5,-0.462148962148962
TMX2,-0.462148962148962
CCDC86,-0.462148962148962
RAD52,-0.462148962148962
COG3,-0.462148962148962
TC2N,-0.462148962148962
E2F4,-0.462148962148962
ZNF738,-0.462148962148962
BEX2,-0.462148962148962
TRIM61,-0.462524810761998
METTL6,-0.462759462759463
ZSCAN16,-0.462759462759463
NADSYN1,-0.462759462759463
TRAC,-0.462759462759463
ARMC6,-0.462759462759463
AZIN2,-0.462796301397366
AIDA,-0.463369963369963
NSD1,-0.463369963369963
TRBC1,-0.463369963369963
ITGB7,-0.463369963369963
SLC7A6OS,-0.463369963369963
IKZF3,-0.463369963369963
SAFB,-0.463369963369963
SH2D1A,-0.463440701476378
BTLA,-0.463716983694575
ANO9,-0.463773088441442
TGFBR3,-0.463980463980464
FCMR,-0.463980463980464
TRERF1,-0.463980463980464
GCLC,-0.463980463980464
PSMG3,-0.463980463980464
MYCBP2,-0.463980463980464
SDR39U1,-0.463980463980464
YJU2,-0.463980463980464
ARSA,-0.463980463980464
TRAV2,-0.464011110172315
MAMSTR,-0.464263983997133
ZNF483,-0.464479493372696
PTPN22,-0.464590964590965
TOR3A,-0.464590964590965
RPSA,-0.464590964590965
KPNA4,-0.464590964590965
TUBE1,-0.464590964590965
NSMAF,-0.464590964590965
TRIM22,-0.464590964590965
BATF,-0.464590964590965
SKAP1,-0.464590964590965
ZNF431,-0.464590964590965
ZNF850,-0.464590964590965
ZNF441,-0.464967186000345
CAPN10,-0.465201465201465
SPPL3,-0.465201465201465
ARID3B,-0.465201465201465
TMX3,-0.465201465201465
ADNP2,-0.465201465201465
PPP2R1A,-0.465201465201465
TRBV21-1,-0.465251454189925
KLRC1,-0.465272482905139
TTC16,-0.465301674757993
TIGIT,-0.465577779809932
AIFM2,-0.465577779809932
MAP1A,-0.465577779809932
TMEM156,-0.465607392021303
MAIP1,-0.465811965811966
NOM1,-0.465811965811966
ACBD5,-0.465811965811966
NAA40,-0.465811965811966
PIK3R5,-0.465811965811966
SMAD4,-0.465811965811966
PAX8,-0.465883076714725
NEO1,-0.466015656572386
RECQL4,-0.466172136487134
SLC16A13,-0.466188373619519
CD2,-0.466422466422466
H2AFX,-0.466422466422466
HAGHL,-0.466422466422466
CHD3,-0.466422466422466
DAPK3,-0.466422466422466
UPF1,-0.466422466422466
PABPC1L,-0.466422466422466
ZNF280C,-0.466422466422466
ZNF419,-0.466493670524312
OR4D1,-0.466953418770154
PPM1K,-0.467032967032967
PMS2,-0.467032967032967
DNLZ,-0.467032967032967
C12orf75,-0.467032967032967
PPP2R5C,-0.467032967032967
C17orf80,-0.467032967032967
ZNF682,-0.467032967032967
SIPA1L3,-0.467032967032967
PAFAH1B3,-0.467032967032967
FAM169A,-0.467092818784344
TRGV7,-0.467092818784344
LMOD3,-0.467318352312904
PTGDR,-0.467318352312904
SLC25A4,-0.467381899386798
SIT1,-0.467441695601163
TTK,-0.467571900119518
KLHL21,-0.467643467643468
ZAP70,-0.467643467643468
MTERF4,-0.467643467643468
GZMA,-0.467643467643468
HSPA4,-0.467643467643468
TBC1D31,-0.467643467643468
EEF1D,-0.467643467643468
KLRK1,-0.467643467643468
KLRC2,-0.467643467643468
EIF5,-0.467643467643468
IL32,-0.467643467643468
ZNF649,-0.467643467643468
EPB41L5,-0.468253968253968
CAMK4,-0.468253968253968
ATF6B,-0.468253968253968
SPOCK2,-0.468253968253968
KBTBD3,-0.468253968253968
GMFB,-0.468253968253968
AREL1,-0.468253968253968
ARHGAP11A,-0.468253968253968
VPS16,-0.468253968253968
EPHA4,-0.468320395180623
ATP8B2,-0.468540099639212
ZNF507,-0.468630748857866
PNRC2,-0.468864468864469
GPR137B,-0.468864468864469
C1QBP,-0.468864468864469
CD320,-0.468864468864469
ZFP37,-0.468934183378763
VSIG1,-0.469077520281797
TRGV10,-0.469241077477833
C1orf122,-0.469474969474969
RHOH,-0.469474969474969
SRPK2,-0.469474969474969
CD3D,-0.469474969474969
GZMB,-0.469474969474969
NUBP2,-0.469474969474969
EEF2K,-0.469474969474969
THEMIS,-0.469546639572246
TRBV4-2,-0.469845045101617
TUT4,-0.47008547008547
DUSP10,-0.47008547008547
TMEM39A,-0.47008547008547
PAM,-0.47008547008547
ZFP41,-0.47008547008547
PDCL,-0.47008547008547
ANGEL1,-0.47008547008547
ZNF500,-0.47008547008547
PAGR1,-0.47008547008547
CNOT3,-0.47008547008547
ITM2A,-0.47008547008547
ELOVL4,-0.470277617918358
ANK3,-0.470302265765562
VPS72,-0.470695970695971
GCC1,-0.470695970695971
GATA3,-0.470695970695971
BICD1,-0.470695970695971
UBN1,-0.470695970695971
NCALD,-0.470983594291829
NIBAN1,-0.471306471306471
ERO1B,-0.471306471306471
LMTK2,-0.471306471306471
PRF1,-0.471306471306471
ZCRB1,-0.471306471306471
ALDOC,-0.471306471306471
GZMM,-0.471306471306471
REXO1,-0.471306471306471
WDR76,-0.471378421001007
SLC38A5,-0.471527011249326
TRGV2,-0.471592028890387
ST8SIA6,-0.471594467954983
CD40LG,-0.471721737287505
CD8A,-0.471916971916972
AQP3,-0.471916971916972
TRUB2,-0.471916971916972
VEZT,-0.471916971916972
ZNF121,-0.471916971916972
PRDX2,-0.471916971916972
CAPN12,-0.472139383991209
GPRASP1,-0.472205341618137
TRAV14DV4,-0.472210510239751
TRDC,-0.472294311715387
S1PR1,-0.472527472527473
DDX20,-0.472527472527473
DEGS1,-0.472527472527473
RASA2,-0.472527472527473
TNFAIP3,-0.472527472527473
CKS2,-0.472527472527473
ANKRD10,-0.472527472527473
TSPOAP1,-0.472527472527473
ZNF527,-0.47259960862018
TRDV1,-0.472616912567602
CCDC152,-0.472816215281291
TRIB2,-0.472904905524973
KLRC4,-0.472904905524973
DNTTIP2,-0.473137973137973
TNIP2,-0.473137973137973
HPGD,-0.473137973137973
AC073111.4,-0.473137973137973
ZDHHC17,-0.473137973137973
ZNF253,-0.473137973137973
AMACR,-0.473210202429767
TRBV2,-0.473230700765741
ADGRG5,-0.473427088944445
CEP128,-0.47351549933456
ANP32E,-0.473748473748474
TMEM41A,-0.473748473748474
AP3M2,-0.473748473748474
ZNF248,-0.473748473748474
HIF1AN,-0.473748473748474
UFM1,-0.473748473748474
DNM2,-0.473748473748474
ABLIM2,-0.473963091087539
POLR3GL,-0.474358974358974
UFC1,-0.474358974358974
SHQ1,-0.474358974358974
TOPBP1,-0.474358974358974
BNIP1,-0.474358974358974
ABCA2,-0.474358974358974
ZNF22,-0.474358974358974
STAMBPL1,-0.474358974358974
ZNF584,-0.47443139004894
TNFRSF13B,-0.474458277162021
MICU3,-0.474588874958738
CDC14B,-0.474969474969475
NHLRC2,-0.474969474969475
IMMP1L,-0.474969474969475
ZNF84,-0.474969474969475
CKAP2,-0.474969474969475
P2RX5,-0.474969474969475
ZNF626,-0.474969474969475
SARS2,-0.474969474969475
SREBF2,-0.474969474969475
UTP14A,-0.474969474969475
SLC14A1,-0.475207088701942
ELL2,-0.475579975579976
SAMD3,-0.475579975579976
IPCEF1,-0.475579975579976
ANKIB1,-0.475579975579976
CCR10,-0.475579975579976
TUBD1,-0.475579975579976
ZNF461,-0.475579975579976
PPARA,-0.475579975579976
LAG3,-0.475870583597061
PLEKHF1,-0.475870583597061
ITPR3,-0.475957874572907
PIP5K1A,-0.476190476190476
SLAMF6,-0.476190476190476
PASK,-0.476190476190476
SENP7,-0.476190476190476
FNTA,-0.476190476190476
RPS19BP1,-0.476190476190476
MBTPS2,-0.476190476190476
SLAMF1,-0.476425993184384
ANLN,-0.476481457260216
MAP3K9,-0.476539879685302
ITGA6,-0.476568468382494
TRGV4,-0.476618695817368
TNIP1,-0.476800976800977
PHYKPL,-0.476800976800977
FGFR1OP,-0.476800976800977
NSUN5,-0.476800976800977
ZNHIT3,-0.476800976800977
OSBPL7,-0.476800976800977
ACO2,-0.476800976800977
TRAV6,-0.476849120359985
INPP4B,-0.476873765287288
ADAM12,-0.47691342995458
DLG5,-0.477038365926267
HID1,-0.477065434603327
PALM2-AKAP2,-0.47709233092337
TRAV1-2,-0.477158361034667
TBX21,-0.477179062192081
AGO3,-0.477411477411477
ANKRD36C,-0.477411477411477
STAT4,-0.477411477411477
SEC22C,-0.477411477411477
CCDC167,-0.477411477411477
RIC3,-0.477411477411477
TRAV8-3,-0.477527218152719
RRM2,-0.477703204586524
OCIAD2,-0.477789656001668
KLRC3,-0.477834112251789
ZC3H12A,-0.478021978021978
TIFA,-0.478021978021978
TMEM242,-0.478021978021978
UBR5,-0.478021978021978
HAUS6,-0.478021978021978
TSC1,-0.478021978021978
FICD,-0.478021978021978
RBM26,-0.478021978021978
NRDE2,-0.478021978021978
UFD1,-0.478021978021978
APEX2,-0.478021978021978
MYO6,-0.478263111410031
GPR68,-0.47831708273795
PPID,-0.478632478632479
AP5Z1,-0.478632478632479
MPP6,-0.478632478632479
IKBKB,-0.478632478632479
FAM120AOS,-0.478632478632479
ANKLE2,-0.478632478632479
IGHA2,-0.478632478632479
TMSB15B,-0.478704564408078
SLFN13,-0.479010843620841
LCK,-0.479242979242979
ITM2C,-0.479242979242979
TMEM43,-0.479242979242979
ENC1,-0.479242979242979
ANKRD26,-0.479242979242979
STX5,-0.479242979242979
FNDC3A,-0.479242979242979
DTWD1,-0.479242979242979
GOT2,-0.479242979242979
CACNB1,-0.479242979242979
ZNF227,-0.479242979242979
URB1,-0.479242979242979
CFAP298,-0.479242979242979
CD99,-0.479242979242979
CCDC65,-0.479323045757442
SLC25A23,-0.479487856893796
TRDV3,-0.4798224586623
FLAD1,-0.47985347985348
RGS1,-0.47985347985348
DARS,-0.47985347985348
EXOG,-0.47985347985348
CHST12,-0.47985347985348
AK3,-0.47985347985348
FGD3,-0.47985347985348
CD3G,-0.47985347985348
PRKCH,-0.47985347985348
BCL2,-0.47985347985348
RHBDD3,-0.47985347985348
CCR6,-0.480100229635678
SGPP2,-0.480313414389595
CD8B,-0.48046398046398
NEK11,-0.48046398046398
SLC39A8,-0.48046398046398
MRPS18A,-0.48046398046398
ABTB2,-0.48046398046398
AEBP2,-0.48046398046398
PML,-0.48046398046398
PRC1,-0.48046398046398
ZBTB4,-0.48046398046398
MLLT6,-0.48046398046398
S1PR5,-0.48046398046398
GOLGA7B,-0.480596159143418
CHI3L2,-0.48071260237756
IL18R1,-0.48071260237756
TMEM177,-0.480842625049602
PLEKHA5,-0.480842625049602
TTC24,-0.480869249130853
FEZ1,-0.480893255186808
ECHDC2,-0.481074481074481
TIPARP,-0.481074481074481
SYTL3,-0.481074481074481
POLR2J3,-0.481074481074481
RPS3,-0.481074481074481
CD69,-0.481074481074481
LIMA1,-0.481074481074481
ZFC3H1,-0.481074481074481
SMAD3,-0.481074481074481
SMURF2,-0.481074481074481
ASMTL,-0.481074481074481
PRAF2,-0.481074481074481
TRAV13-1,-0.481324975119442
VSIG8,-0.481453218859189
NPDC1,-0.481453218859189
GNL2,-0.481684981684982
CLK2,-0.481684981684982
RABGAP1L,-0.481684981684982
CDK2,-0.481684981684982
GPALPP1,-0.481684981684982
HEATR6,-0.481684981684982
RNF125,-0.481684981684982
PLEKHJ1,-0.481684981684982
LIME1,-0.481684981684982
MADCAM1,-0.481979320228603
SGO1,-0.482063812668775
CXorf65,-0.482063812668775
KCNK12,-0.482160773675709
ITPRIPL1,-0.482160773675709
AP4B1,-0.482295482295482
ZC3H15,-0.482295482295482
FGFBP2,-0.482295482295482
DOP1A,-0.482295482295482
CCDC146,-0.482295482295482
RASGRP1,-0.482295482295482
ZNF805,-0.482295482295482
RPS4X,-0.482295482295482
MYO1D,-0.482590193891757
IL18RAP,-0.482727558766669
TOX,-0.482905982905983
HSPA14-1,-0.482905982905983
APBB1,-0.482905982905983
APBA2,-0.482905982905983
DEXI,-0.482905982905983
COG4,-0.482905982905983
SSPN,-0.482919489367776
ZNF773,-0.482979703383156
TRAT1,-0.483285000287949
CKS1B,-0.483516483516483
NUCKS1,-0.483516483516483
TCF7,-0.483516483516483
PAG1,-0.483516483516483
PEBP1,-0.483516483516483
DDX55,-0.483516483516483
NIN,-0.483516483516483
CDK10,-0.483516483516483
MED31,-0.483516483516483
FASN,-0.483516483516483
CD7,-0.483516483516483
FHL1,-0.483516483516483
EOMES,-0.483774466086971
CD160,-0.483811941218065
CCNF,-0.483895594097536
TWNK,-0.48395042781991
LY9,-0.484126984126984
TNIK,-0.484126984126984
SLC10A7,-0.484126984126984
HIST1H1D,-0.484126984126984
TRMT11,-0.484126984126984
UBE4A,-0.484126984126984
RABGGTA,-0.484126984126984
RSPRY1,-0.484126984126984
CACTIN,-0.484126984126984
TRGV3,-0.484278888332257
GLB1L2,-0.484386087179044
POU2AF1,-0.484386838828853
TXK,-0.48456186234653
ALDH5A1,-0.48456186234653
DLG3,-0.484623919390527
SLC16A1,-0.484737484737485
TCTEX1D2,-0.484737484737485
NPM1,-0.484737484737485
PTPN11,-0.484737484737485
GNPNAT1,-0.484737484737485
MYO9A,-0.484737484737485
MAP4K1,-0.484737484737485
ZNF836,-0.484737484737485
PLCG1,-0.484737484737485
WDR82,-0.485347985347985
CREM,-0.485347985347985
CCDC97,-0.485347985347985
CSTF1,-0.485347985347985
RWDD2B,-0.485347985347985
SOD1,-0.485347985347985
ZNF831,-0.485644562207528
PARD6B,-0.48578473139977
EPB41,-0.485958485958486
PRCC,-0.485958485958486
UBA6,-0.485958485958486
TMEM131L,-0.485958485958486
ZNF346,-0.485958485958486
AHI1,-0.485958485958486
KLRG1,-0.485958485958486
TMBIM6,-0.485958485958486
FCRL6,-0.48603267243109
WHRN,-0.48603267243109
IL2RB,-0.48603267243109
MFGE8,-0.486120252926676
CNR2,-0.486471278676641
EHBP1,-0.486568986568987
POMGNT2,-0.486568986568987
ISY1,-0.486568986568987
SCOC,-0.486568986568987
CBR4,-0.486568986568987
PRR3,-0.486568986568987
CLIC3,-0.486568986568987
BCL9L,-0.486568986568987
VPS13C,-0.486568986568987
BPTF,-0.486568986568987
ELMO2,-0.486568986568987
TKTL1,-0.486568986568987
SH2D2A,-0.486643266240676
ZACN,-0.486643266240676
TRAV17,-0.487054062624498
TUBB4A,-0.487087065105346
TENT5C,-0.487179487179487
GNB5,-0.487179487179487
MAGED1,-0.487179487179487
PERP,-0.487313317716321
CRIM1,-0.48747718319699
ZDBF2,-0.48747718319699
ADAMTS6,-0.48747718319699
ATP1A3,-0.487672543973862
PCBP4,-0.48770285153405
RTKN2,-0.48770285153405
INTS11,-0.487789987789988
DPY19L4,-0.487789987789988
TRUB1,-0.487789987789988
DHRS1,-0.487789987789988
WDR44,-0.487789987789988
NCKAP1,-0.488088056860144
BUB1,-0.488268511620165
TYMS,-0.488291025323227
SRM,-0.488400488400488
SLC35F5,-0.488400488400488
OSBPL3,-0.488400488400488
CCM2,-0.488400488400488
PAXX,-0.488400488400488
NSMCE4A,-0.488400488400488
DGKA,-0.488400488400488
METTL16,-0.488400488400488
STARD9,-0.488475047669437
DTX3,-0.488673448022029
L2HGDH,-0.48878034457423
DUSP2,-0.489010989010989
CNOT11,-0.489010989010989
ITK,-0.489010989010989
DEF6,-0.489010989010989
MINPP1,-0.489010989010989
NUMA1,-0.489010989010989
TIPIN,-0.489010989010989
CHD2,-0.489010989010989
ZNF101,-0.489010989010989
ZNF628,-0.489010989010989
DSEL,-0.489085641479024
RADX,-0.489085641479024
LRATD2,-0.489147621296182
BAG2,-0.489309804186452
DUSP4,-0.489309804186452
SBK1,-0.489390938383817
TYW1B,-0.48962148962149
CORO2A,-0.48962148962149
KLRD1,-0.48962148962149
GXYLT1,-0.48962148962149
ATP2A3,-0.48962148962149
SETBP1,-0.48962148962149
ZNF613,-0.48962148962149
ZNF701,-0.48962148962149
PRDM15,-0.48962148962149
CDCA7,-0.489898193505794
IFNG,-0.489898193505794
MMP23B,-0.489920677849606
CDK11B,-0.49023199023199
LRIG2,-0.49023199023199
XPO1,-0.49023199023199
MTX3,-0.49023199023199
TMEM263,-0.49023199023199
CDK1,-0.490370490349422
PPP2R2B,-0.490510566247676
PPP1R12B,-0.490842490842491
F2R,-0.490842490842491
FAM185A,-0.490842490842491
NRBP2,-0.490842490842491
LMBR1L,-0.490842490842491
LIG3,-0.490842490842491
CENPM,-0.491030558511794
SIDT1,-0.491222719812577
CXCR3,-0.491287642139352
SQLE,-0.491452991452991
ABHD4,-0.491452991452991
VAMP2,-0.491452991452991
ZNF880,-0.491452991452991
USP16,-0.491452991452991
B3GALT2,-0.491528016717371
ZFYVE28,-0.491528016717371
TRAV29DV5,-0.491692672744731
PDCD1,-0.49173531173144
BEX5,-0.49173531173144
IL5RA,-0.492001913419413
MARCH7,-0.492063492063492
MAP3K12,-0.492063492063492
UPF3A,-0.492063492063492
GPX7,-0.492347684473323
CD70,-0.492347684473323
ETFDH,-0.492673992673993
TCTE3,-0.492673992673993
STK17A,-0.492673992673993
MLLT3,-0.492673992673993
LIPT2,-0.492673992673993
HERPUD1,-0.492673992673993
ACSF3,-0.492673992673993
MEX3C,-0.492673992673993
GAB3,-0.492673992673993
UBASH3A,-0.492749204336544
SV2A,-0.49292963544346
HMMR,-0.492960057215205
SCYL3,-0.493284493284493
CSNK1G3,-0.493284493284493
GRPEL2,-0.493284493284493
VTA1,-0.493284493284493
INTS8,-0.493284493284493
SYNE2,-0.493284493284493
FAN1,-0.493284493284493
CFAP410,-0.493284493284493
TRAV23DV6,-0.493485711304353
GSK3B,-0.493894993894994
DLD,-0.493894993894994
MKLN1,-0.493894993894994
NSD3,-0.493894993894994
EEF1AKMT2,-0.493894993894994
NUCB2,-0.493894993894994
GPR18,-0.493894993894994
TLE5,-0.493894993894994
SLA2,-0.493894993894994
RTEL1,-0.493894993894994
ABCD2,-0.494099499502492
NLRC3,-0.494275688860511
GSDMB,-0.494344814772453
OSBPL9,-0.494505494505494
ILF2,-0.494505494505494
HNRNPLL,-0.494505494505494
CCNG1,-0.494505494505494
MAP3K7,-0.494505494505494
SMU1,-0.494505494505494
NUP160,-0.494505494505494
ICOS,-0.494797175440852
TRGV5,-0.494797175440852
SGCB,-0.494886282670098
ACSL6,-0.495020181799702
BACE2,-0.495094320166236
C1orf112,-0.495115995115995
OPTN,-0.495115995115995
AGAP2,-0.495115995115995
SLC46A3,-0.495115995115995
SNW1,-0.495115995115995
MESD,-0.495115995115995
ZNF737,-0.495191579574891
HIP1R,-0.495418540817994
POU3F1,-0.495561360817194
ADSS,-0.495726495726496
MZT2B,-0.495726495726496
ANXA6,-0.495726495726496
NCR3,-0.495726495726496
PPHLN1,-0.495726495726496
PCNX1,-0.495726495726496
MRPL4,-0.495726495726496
SLFN12L,-0.496021920924616
ZNF142,-0.496336996336996
MCUB,-0.496336996336996
PARP10,-0.496336996336996
NR4A3,-0.496336996336996
C11orf68,-0.496336996336996
CST7,-0.496336996336996
RPRD1B,-0.496336996336996
APOL1,-0.496336996336996
BRCC3,-0.496336996336996
MELK,-0.496640523539647
TRGV8,-0.496861546394121
TPRG1L,-0.496947496947497
STMN1,-0.496947496947497
FAM162A,-0.496947496947497
IK,-0.496947496947497
ABCF1,-0.496947496947497
MSANTD3,-0.496947496947497
ALG8,-0.496947496947497
VAMP1,-0.496947496947497
PMM1,-0.496947496947497
NCR1,-0.497096270142245
MKI67,-0.497246666408381
PATJ,-0.497251161807456
RNF157,-0.497251161807456
THAP3,-0.497557997557998
HIST2H2AB,-0.497557997557998
PCNP,-0.497557997557998
ZNF709,-0.497557997557998
BMP8B,-0.497633954813239
CCDC102B,-0.497633954813239
TRGV9,-0.49786203547061
LAX1,-0.498168498168498
PDE4D,-0.498168498168498
PRKCQ,-0.498168498168498
RAP2A,-0.498168498168498
FXYD1,-0.498168498168498
BIVM,-0.498244548622825
GCNT4,-0.498549845527619
FBXO42,-0.498778998778999
ARL13B,-0.498778998778999
PPIL1,-0.498778998778999
PRPF40B,-0.498778998778999
REEP6,-0.498778998778999
TNFSF9,-0.498778998778999
ADGRG1,-0.498855142432412
XCL2,-0.498930573722105
DOCK9,-0.499083782796918
ATRAID,-0.499389499389499
TRIM59,-0.499389499389499
RBAK,-0.499389499389499
BCL7B,-0.499389499389499
PDE7A,-0.499389499389499
C9orf78,-0.499389499389499
PFKP,-0.499389499389499
SFMBT2,-0.499389499389499
PTDSS2,-0.499389499389499
RAB30,-0.499389499389499
WASHC3,-0.499389499389499
METTL3,-0.499389499389499
MARK3,-0.499389499389499
MAP2K5,-0.499389499389499
ZNF778,-0.499389499389499
STAT3,-0.499389499389499
YES1,-0.499389499389499
RAB27B,-0.499389499389499
TRAV21,-0.499423689611787
SLC4A4,-0.49962359328575
MANEAL,-0.499696157375909
PRMT6,-0.5
CUL1,-0.5
B4GALT1,-0.5
TMEM245,-0.5
CDK2AP2,-0.5
PIP4P1,-0.5
AKTIP,-0.5
BANP,-0.5
APBA3,-0.5
COL6A2,-0.500153442775346
AFAP1,-0.500308530117792
TSC22D2,-0.500610500610501
LYSMD3,-0.500610500610501
HIST1H3H,-0.500610500610501
FBXO22,-0.500610500610501
CHD9,-0.500610500610501
LIMD2,-0.500610500610501
FASTKD5,-0.500610500610501
LTK,-0.500634366536847
TTC22,-0.500709039797204
CDHR3,-0.500764877301966
LAMP3,-0.500871720243414
CCDC141,-0.500920902859674
RRAS2,-0.500992220765966
LRP8,-0.501221001221001
SCRN3,-0.501221001221001
MRPL47,-0.501221001221001
ZNF354C,-0.501221001221001
NUB1,-0.501221001221001
ARMC1,-0.501221001221001
ATXN2L,-0.501221001221001
BCAS4,-0.501221001221001
RBMX,-0.501221001221001
ZNF512B,-0.501527277449535
FRMD4A,-0.501602814575553
LRRC8C,-0.501831501831502
ARL4C,-0.501831501831502
TXNDC5,-0.501831501831502
AUTS2,-0.501831501831502
R3HCC1L,-0.501831501831502
BIRC2,-0.501831501831502
CFL2,-0.501831501831502
ASF1B,-0.501831501831502
MAP3K10,-0.501831501831502
C1orf61,-0.501865939394257
TRAV19,-0.501865939394257
FBXL22,-0.501908111480346
FAM184A,-0.502206855683927
CYB561D2,-0.502442002442002
CARD11,-0.502442002442002
STIP1,-0.502442002442002
NOP2,-0.502442002442002
TAF4B,-0.502442002442002
TMEM238,-0.502442002442002
ITGB1BP1,-0.503052503052503
WBP1,-0.503052503052503
VILL,-0.503052503052503
SFXN1,-0.503052503052503
BLOC1S5,-0.503052503052503
CEP162,-0.503052503052503
NUDCD1,-0.503052503052503
RPP38,-0.503052503052503
PDZD8,-0.503052503052503
CASC4,-0.503052503052503
NFATC2,-0.503052503052503
TSPYL2,-0.503052503052503
TRAV12-2,-0.503306322474589
IL12RB2,-0.503370393827203
AGAP1,-0.503370393827203
ESR1,-0.503443818382656
DCAF16,-0.503663003663004
FAM160B2,-0.503663003663004
INTS13,-0.503663003663004
TRAV8-1,-0.50371329868037
MAPK13,-0.503970772102151
MAP9,-0.503982766569085
NMUR1,-0.504127767198377
GPR82,-0.504127767198377
C1orf21,-0.504273504273504
GLCCI1,-0.504273504273504
NMT2,-0.504273504273504
MORC4,-0.504433484461687
OLFM2,-0.504630607449744
HNRNPA3,-0.504884004884005
EEFSEC,-0.504884004884005
TBL1XR1,-0.504884004884005
KYAT1,-0.504884004884005
NUDT5,-0.504884004884005
GANAB,-0.504884004884005
RAB11B,-0.504884004884005
PLCXD2,-0.50494487153778
PCSK1N,-0.505044918988307
HIST1H3I,-0.505192519428459
TRBV7-9,-0.505192519428459
SLC9B2,-0.505350636251618
KCNA3,-0.505494505494506
CAD,-0.505494505494506
PSD4,-0.505494505494506
CNPY4,-0.505494505494506
PRRC2B,-0.505494505494506
NUDT8,-0.505494505494506
CLPX,-0.505494505494506
ZNF155,-0.505494505494506
UNC45B,-0.505560657966484
CARMIL2,-0.505803393091614
B3GAT1,-0.505917743780113
CCNE2,-0.506068369366217
KANSL3,-0.506105006105006
SMAP1,-0.506105006105006
AP2B1,-0.506105006105006
NARF,-0.506105006105006
TRAV12-3,-0.506176444395189
DNAJC11,-0.506715506715507
USP45,-0.506715506715507
FAM3C,-0.506715506715507
HNRNPUL1,-0.506715506715507
ASXL1,-0.506715506715507
HIST1H3C,-0.506929027869219
IGFBP4,-0.506929027869219
ARL6,-0.507025140417922
TRGC1,-0.507025140417922
KIR3DL2,-0.507098158861834
PRUNE1,-0.507326007326007
FAIM,-0.507326007326007
HERC4,-0.507326007326007
EML3,-0.507326007326007
TMEM199,-0.507326007326007
CCL5,-0.507326007326007
SSBP4,-0.507326007326007
ADRM1,-0.507326007326007
CWC27,-0.507936507936508
VDAC3,-0.507936507936508
MTRNR2L8,-0.507936507936508
ENO2,-0.507936507936508
SLAIN1,-0.507936507936508
CMTR2,-0.507936507936508
ARL4D,-0.507936507936508
CDK5RAP3,-0.507936507936508
TMEM241,-0.507936507936508
C19orf12,-0.507936507936508
RAB15,-0.508023803681303
CCR4,-0.508407808884719
ARF1,-0.508547008547009
ZNF782,-0.508547008547009
ETS1,-0.508547008547009
KRAS,-0.508547008547009
GOLGA8A,-0.508547008547009
TUBGCP4,-0.508547008547009
ARPP19,-0.508547008547009
CYLD,-0.508547008547009
LIN37,-0.508547008547009
BCL2L1,-0.508547008547009
PLAAT2,-0.508639590110007
ARHGEF5,-0.508881748504143
CPNE7,-0.508961474370537
GCSAM,-0.509137310356916
RNPC3,-0.509157509157509
LBR,-0.509157509157509
CENPK,-0.509157509157509
UTP15,-0.509157509157509
ZNRD1,-0.509157509157509
DPY19L1,-0.509157509157509
MYBL1,-0.509157509157509
XPA,-0.509157509157509
FAM102A,-0.509157509157509
TSHZ1,-0.509157509157509
CDC37,-0.509157509157509
PBX4,-0.509157509157509
GTPBP1,-0.509157509157509
CDPF1,-0.509157509157509
ADAM22,-0.509494121246025
TASOR,-0.50976800976801
CREBRF,-0.50976800976801
STRBP,-0.50976800976801
EPG5,-0.50976800976801
CSNK1G2,-0.50976800976801
NBDY,-0.50976800976801
TSPAN5,-0.509845831004975
TMEM171,-0.5101974788343
PHGDH,-0.510242112464579
GFI1,-0.510364886753196
ANKRD36,-0.51037851037851
BRD8,-0.51037851037851
ANKRD16,-0.51037851037851
LITAF,-0.51037851037851
SIRPG,-0.510456424814561
ATAD3B,-0.510989010989011
ZBTB38,-0.510989010989011
GRAMD2B,-0.510989010989011
POLR3D,-0.510989010989011
IPO7,-0.510989010989011
NTAN1,-0.510989010989011
ST7L,-0.511599511599512
RPL7L1,-0.511599511599512
CIZ1,-0.511599511599512
GTPBP4,-0.511599511599512
MPI,-0.511599511599512
CCDC102A,-0.511899357248545
TRAV8-4,-0.511943612213554
CENPF,-0.511982909338528
LY75,-0.512210012210012
IFT22,-0.512210012210012
RBM33,-0.512210012210012
TRIM66,-0.512210012210012
PGBD4,-0.512210012210012
ZNF567,-0.512210012210012
CD80,-0.512523003386309
IKZF2,-0.512555984955437
EPS8L2,-0.512820039545755
HBS1L,-0.512820512820513
TUBA1B,-0.512820512820513
CEP290,-0.512820512820513
CCNK,-0.512820512820513
RAB11FIP4,-0.512820512820513
DPP4,-0.513133877049463
TIA1,-0.513431013431013
JCHAIN,-0.513431013431013
REPS1,-0.513431013431013
MTERF3,-0.513431013431013
NDUFV1,-0.513431013431013
RNF214,-0.513431013431013
RESF1,-0.513431013431013
TUBGCP5,-0.513431013431013
SNAPC5,-0.513431013431013
ZNF671,-0.513431013431013
MEI1,-0.513431013431013
KIF2C,-0.51371458486504
OTUD7B,-0.513910719624301
TMEM63A,-0.514041514041514
AHCTF1,-0.514041514041514
RB1CC1,-0.514041514041514
NDUFB8,-0.514041514041514
WDHD1,-0.514041514041514
NOSIP,-0.514041514041514
LGR6,-0.514181667968349
NAP1L2,-0.514181667968349
LSR,-0.514522154150921
DENND2D,-0.514652014652015
LBH,-0.514652014652015
IGKC,-0.514652014652015
PDHB,-0.514652014652015
TMEM129,-0.514652014652015
CHST11,-0.514652014652015
MT1E,-0.514652014652015
RECQL5,-0.514652014652015
SPSB1,-0.514966498038925
PLEKHG1,-0.515015012362838
TMTC3,-0.515262515262515
C12orf65,-0.515262515262515
RGS9,-0.515262515262515
EID2B,-0.515262515262515
INTS7,-0.515873015873016
CCDC12,-0.515873015873016
AC093323.1,-0.515873015873016
GIMAP5,-0.515873015873016
HNRNPUL2,-0.515873015873016
RXYLT1,-0.515873015873016
IGHA1,-0.515873015873016
FAM219B,-0.515873015873016
AKT2,-0.515873015873016
ZNF428,-0.515873015873016
CPNE1,-0.515873015873016
ZNF827,-0.516188245365234
CHTOP,-0.516483516483516
MRPL44,-0.516483516483516
SEC24A,-0.516483516483516
NOC4L,-0.516483516483516
PEX2,-0.517094017094017
ANKRD49,-0.517094017094017
CERK,-0.517094017094017
PI16,-0.517454966890495
LDLRAP1,-0.517704517704518
OXNAD1,-0.517704517704518
TAPT1,-0.517704517704518
ERI1,-0.517704517704518
MAN1B1,-0.517704517704518
SLC25A15,-0.517704517704518
ZNF764,-0.517704517704518
FOXM1,-0.517876386540576
FAM241B,-0.51797813009272
SUV39H2,-0.518020866354696
ZFP69B,-0.518190761310642
ICMT,-0.518315018315018
ELK4,-0.518315018315018
RRP9,-0.518315018315018
RFT1,-0.518315018315018
HSPA9,-0.518315018315018
SUPT3H,-0.518315018315018
BUD23,-0.518315018315018
ISCA1,-0.518315018315018
TMEM216,-0.518315018315018
CLYBL,-0.518315018315018
CDK12,-0.518315018315018
SAMD10,-0.518315018315018
TOP2A,-0.51839414433919
C12orf42,-0.518496478573952
IFNLR1,-0.518679712374259
ORC1,-0.518679712374259
SH2D3A,-0.518699441243983
FCRL3,-0.518802195837263
NCBP2AS2,-0.518925518925519
MZB1,-0.518925518925519
UBLCP1,-0.518925518925519
LRRC1,-0.518925518925519
WDR27,-0.518925518925519
CYCS,-0.518925518925519
PIAS2,-0.518925518925519
MTFP1,-0.518925518925519
GPR171,-0.518957921527152
PTCH1,-0.519264815626222
PRRT3,-0.51931003505357
ZNF654,-0.51953601953602
CHD1,-0.51953601953602
CDCA7L,-0.51953601953602
TMEM9B,-0.51953601953602
MBP,-0.51953601953602
ZNF66,-0.51953601953602
PHF8,-0.51953601953602
SMPD1,-0.52014652014652
ACACA,-0.52014652014652
LAIR2,-0.52014652014652
SAMD12,-0.520464361007312
COCH,-0.520613001627651
DTHD1,-0.520636499417123
FAM193A,-0.520757020757021
GFM2,-0.520757020757021
TSTD2,-0.520757020757021
PMPCA,-0.520757020757021
ADIPOR2,-0.520757020757021
PPM1A,-0.520757020757021
SOX13,-0.521070536839542
SEMA4F,-0.521129203341788
ISG20L2,-0.521367521367521
GUK1,-0.521367521367521
BIN1,-0.521367521367521
HAT1,-0.521367521367521
DCAF1,-0.521367521367521
CLDND1,-0.521367521367521
SCAMP1,-0.521367521367521
MDC1,-0.521367521367521
UTRN,-0.521367521367521
GKAP1,-0.521367521367521
TGFB1,-0.521367521367521
TLE2,-0.521856999242054
SYNC,-0.521978021978022
GCLM,-0.521978021978022
RBM8A,-0.521978021978022
POLR2D,-0.521978021978022
CNOT10,-0.521978021978022
STX18,-0.521978021978022
NDUFAF6,-0.521978021978022
RANBP6,-0.521978021978022
KLHL9,-0.521978021978022
DNAJC25,-0.521978021978022
CCDC77,-0.521978021978022
AMIGO2,-0.521978021978022
NDUFAF1,-0.521978021978022
SCRN2,-0.521978021978022
ATP13A1,-0.521978021978022
MIS18A,-0.521978021978022
UBE2L3,-0.521978021978022
TXLNG,-0.521978021978022
TRBV7-3,-0.522353948825552
COL4A4,-0.522478998049256
MYSM1,-0.522588522588523
ATXN7L2,-0.522588522588523
WDR3,-0.522588522588523
TSGA10,-0.522588522588523
ATIC,-0.522588522588523
ZNF595,-0.522588522588523
MAP11,-0.522588522588523
CAPS2,-0.522588522588523
ZSCAN32,-0.522588522588523
LUC7L3,-0.522588522588523
MTMR4,-0.522588522588523
SLC35F2,-0.522802677970213
SCAMP5,-0.522907855659929
NPHP3,-0.523199023199023
PLSCR3,-0.523199023199023
RBBP4,-0.523809523809524
NAA15,-0.523809523809524
PTCD2,-0.523809523809524
H2AFV,-0.523809523809524
ARCN1,-0.523809523809524
BCL7C,-0.523809523809524
RNMT,-0.523809523809524
ZNF17,-0.523809523809524
CASK,-0.523809523809524
NIPA1,-0.523999389313534
RNF14,-0.524420024420024
VPS11,-0.524420024420024
CEP83,-0.524420024420024
ZNF544,-0.524420024420024
COL18A1,-0.524420024420024
IGLC2,-0.524420024420024
BBS5,-0.52448201531041
PTPN7,-0.525030525030525
HOPX,-0.525030525030525
PLPP6,-0.525030525030525
CHMP1A,-0.525030525030525
USP36,-0.525030525030525
MED26,-0.525030525030525
SYNM,-0.525527975630085
TRBV5-6,-0.525588992085263
TIAL1,-0.525641025641026
NKG7,-0.525641025641026
TCFL5,-0.525641025641026
TRBV28,-0.526016485805759
PIGV,-0.526251526251526
SPON2,-0.526251526251526
DPP7,-0.526251526251526
PEX16,-0.526251526251526
ARID4A,-0.526251526251526
ZNF559,-0.526251526251526
AIFM1,-0.526251526251526
EDARADD,-0.526445127420015
AGMAT,-0.526630274003899
CEP55,-0.526640558018728
BMERB1,-0.526640558018728
SEC63,-0.526862026862027
EIF4H,-0.526862026862027
PLEKHA2,-0.526862026862027
TAF1D,-0.526862026862027
MIS12,-0.526862026862027
DYM,-0.526862026862027
MALT1,-0.526862026862027
CHIC1,-0.526862026862027
ZMPSTE24,-0.527472527472528
SLC20A1,-0.527472527472528
NOP58,-0.527472527472528
SS18L2,-0.527472527472528
FBXL4,-0.527472527472528
PRKAR1B,-0.527472527472528
MYC,-0.527472527472528
EFR3A,-0.527472527472528
SCO1,-0.527472527472528
EML6,-0.527667996473256
DHX15,-0.528083028083028
AFF4,-0.528083028083028
MFAP3,-0.528083028083028
CEP85L,-0.528083028083028
SLC39A6,-0.528083028083028
CDC25B,-0.528083028083028
TENM1,-0.528471638598318
DESI2,-0.528693528693529
HGH1,-0.528693528693529
PMM2,-0.528693528693529
NDUFAF5,-0.528693528693529
IGLV1-47,-0.528890865526496
CBY1,-0.529079536006959
CCDC174,-0.529304029304029
DNAJC21,-0.529304029304029
ZNF83,-0.529304029304029
ZNF264,-0.529304029304029
BRD1,-0.529304029304029
MSC,-0.529808017316427
ZBTB37,-0.52991452991453
DROSHA,-0.52991452991453
FGFR1OP2,-0.52991452991453
SLC2A13,-0.52991452991453
ANAPC7,-0.52991452991453
ZNF571,-0.52991452991453
KIAA1671,-0.530038516405327
MUL1,-0.53052503052503
PRAG1,-0.53052503052503
SIRT1,-0.53052503052503
HRAS,-0.53052503052503
GRAMD1B,-0.53052503052503
TMED2,-0.53052503052503
GGA2,-0.53052503052503
SLC35B1,-0.53052503052503
ZNF829,-0.530849213280933
CDC42SE2,-0.531135531135531
HELZ,-0.531135531135531
BRD4,-0.531135531135531
ADA,-0.531135531135531
PCLAF,-0.531460086944087
MYBL2,-0.531540579589017
NIF3L1,-0.531746031746032
KIFC1,-0.531746031746032
GPAA1,-0.531746031746032
VPS26B,-0.531746031746032
NFATC2IP,-0.531746031746032
TADA2A,-0.531746031746032
ZFP64,-0.531746031746032
ACOT4,-0.531827208150099
TRPC1,-0.532132505054893
CELSR3,-0.532356532356532
TRIM41,-0.532356532356532
FAM98B,-0.532356532356532
TMEM237,-0.532743098864479
ZBTB41,-0.532967032967033
CEP70,-0.532967032967033
TBCK,-0.532967032967033
CASP6,-0.532967032967033
AL135905.2,-0.532967032967033
MAD1L1,-0.532967032967033
ZDHHC13,-0.532967032967033
FBXL3,-0.532967032967033
CENPV,-0.532967032967033
LPIN2,-0.532967032967033
SGSM3,-0.532967032967033
AKAP17A,-0.532967032967033
MAST4,-0.533292707933549
TIRAP,-0.533577533577534
PXMP2,-0.533577533577534
ST8SIA1,-0.533749404501513
SLC9A1,-0.534188034188034
MAPKAPK2,-0.534188034188034
DNAJB2,-0.534188034188034
PEX6,-0.534188034188034
POLD2,-0.534188034188034
RAB2B,-0.534188034188034
UBE2Q2,-0.534188034188034
FDXR,-0.534188034188034
POLA1,-0.534188034188034
TPX2,-0.534609520579715
FAM136A,-0.534798534798535
GMDS,-0.534798534798535
CCNC,-0.534798534798535
CHAF1B,-0.53521377640508
TIMM17A,-0.535409035409035
PBRM1,-0.535409035409035
ZNF26,-0.535409035409035
LMAN1,-0.535409035409035
FAM122C,-0.535409035409035
CIB2,-0.535922362582629
BDH1,-0.536019536019536
TBRG4,-0.536019536019536
PCOLCE,-0.536019536019536
KLC2,-0.536019536019536
SHMT2,-0.536019536019536
FRS2,-0.536019536019536
ZNF770,-0.536019536019536
PREPL,-0.536630036630037
SCLY,-0.536630036630037
ARL15,-0.536630036630037
KCNN4,-0.536630036630037
ZBTB11,-0.537240537240537
GARS,-0.537240537240537
NOC3L,-0.537240537240537
SIRT7,-0.537240537240537
IRF2BP1,-0.537240537240537
TRDV2,-0.537568823575628
BTN2A1,-0.537851037851038
TRIM35,-0.537851037851038
RALGPS1,-0.537851037851038
TRIM13,-0.537851037851038
RBL2,-0.537851037851038
POLDIP2,-0.537851037851038
ZNF85,-0.537851037851038
OGT,-0.537851037851038
FBXO44,-0.538461538461538
MFSD14C,-0.538461538461538
PITRM1,-0.538461538461538
YPEL1,-0.538849036960347
ZNF141,-0.539072039072039
UTP3,-0.539072039072039
MARCH5,-0.539072039072039
CUTC,-0.539072039072039
SMYD4,-0.539072039072039
STMN3,-0.539072039072039
FAM83G,-0.539500385598255
ELP4,-0.53968253968254
ZBTB39,-0.53968253968254
TMEM185A,-0.53968253968254
MIXL1,-0.540131695838763
LRMP,-0.54029304029304
DENND5B,-0.54029304029304
LAT,-0.54029304029304
RTP5,-0.540375521484314
SLC16A11,-0.540440508462043
KHDC1,-0.540516963458099
CDCA2,-0.540552699344522
ZMYND12,-0.540903540903541
ETAA1,-0.540903540903541
SETD5,-0.540903540903541
RMND1,-0.540903540903541
SPTAN1,-0.540903540903541
TESPA1,-0.540903540903541
BLM,-0.540903540903541
ZNF624,-0.540903540903541
HOXB2,-0.540903540903541
HMGN1,-0.540903540903541
TMEM25,-0.541138962265301
DHDDS,-0.541514041514041
KDM4A,-0.541514041514041
OTUD6B,-0.541514041514041
FBXO32,-0.541514041514041
C15orf41,-0.541514041514041
GPR108,-0.541514041514041
ASCC2,-0.541514041514041
CFAP36,-0.542124542124542
GYPC,-0.542124542124542
MTRNR2L12,-0.542124542124542
CPNE5,-0.542124542124542
LDB1,-0.542124542124542
PCSK7,-0.542124542124542
SAV1,-0.542124542124542
TRIP4,-0.542124542124542
ZNF675,-0.542124542124542
ZC3H6,-0.542735042735043
MARCH3,-0.542735042735043
NUP188,-0.542735042735043
HNRNPF,-0.542735042735043
RIPK3,-0.542735042735043
UNC13D,-0.542735042735043
ZBTB8OS,-0.543345543345543
C1orf50,-0.543345543345543
SSBP3,-0.543345543345543
IMP4,-0.543345543345543
RNF25,-0.543345543345543
NGLY1,-0.543345543345543
DNAJC30,-0.543345543345543
ENDOD1,-0.543345543345543
PDGFD,-0.543509449452742
ZBTB17,-0.543956043956044
UMPS,-0.543956043956044
LYAR,-0.543956043956044
MMUT,-0.543956043956044
TCAF2,-0.543956043956044
PLAA,-0.543956043956044
PGAP2,-0.543956043956044
DDX51,-0.543956043956044
SPECC1L,-0.543956043956044
ZBED4,-0.543956043956044
FAHD2B,-0.544288433870323
AGGF1,-0.544566544566545
ZPR1,-0.544566544566545
SCYL2,-0.544566544566545
MVK,-0.544566544566545
SPATA13,-0.544566544566545
ZNF688,-0.544566544566545
MYBBP1A,-0.544566544566545
COX10,-0.544566544566545
PPAN,-0.544566544566545
SLC44A2,-0.544566544566545
IL2RA,-0.544572828115391
WNT10A,-0.544970989403579
ZNF365,-0.544970989403579
RRP15,-0.545177045177045
RIF1,-0.545177045177045
HACD2,-0.545177045177045
MCM2,-0.545177045177045
MRPS22,-0.545177045177045
TRRAP,-0.545177045177045
APTX,-0.545177045177045
NCOA5,-0.545177045177045
PJA1,-0.545177045177045
MREG,-0.545191309464755
ERICH6,-0.545260271961009
HAX1,-0.545787545787546
ACP1,-0.545787545787546
NAP1L5,-0.545787545787546
OXCT1,-0.545787545787546
LPAR5,-0.545787545787546
ANKRD52,-0.545787545787546
PTPRM,-0.545787545787546
SMARCA4,-0.545787545787546
RPL3,-0.545787545787546
ASTN2,-0.546114952722913
VPS13D,-0.546398046398046
GABPB2,-0.546398046398046
PLPP5,-0.546398046398046
TUBB4B,-0.546398046398046
PIK3C2A,-0.546398046398046
OBI1,-0.546398046398046
TMEM204,-0.546398046398046
ZNF23,-0.546398046398046
GAS2,-0.54673192852294
EXO1,-0.54688528454251
PLCL1,-0.547008547008547
SGO2,-0.547008547008547
KIAA1143,-0.547008547008547
SPICE1,-0.547008547008547
STK38,-0.547008547008547
FDFT1,-0.547008547008547
INTS4,-0.547008547008547
ZBP1,-0.547008547008547
NKIRAS1,-0.547619047619048
WDR55,-0.547619047619048
MCUR1,-0.547619047619048
KBTBD2,-0.547619047619048
TRAP1,-0.547619047619048
TTC26,-0.547845335851723
TMCO1,-0.548229548229548
SLC41A1,-0.548229548229548
MKRN2,-0.548229548229548
P4HTM,-0.548229548229548
FLNB,-0.548229548229548
PDS5A,-0.548229548229548
FBXL17,-0.548229548229548
MICB,-0.548229548229548
CEP295,-0.548229548229548
C12orf29,-0.548229548229548
C19orf48,-0.548229548229548
SFPQ,-0.548840048840049
SLC9A9,-0.548840048840049
MRPL2,-0.548840048840049
SYNE1,-0.548840048840049
SHARPIN,-0.548840048840049
BUD13,-0.548840048840049
DMAC2,-0.548840048840049
DHX30,-0.549450549450549
GUF1,-0.549450549450549
NEIL2,-0.549450549450549
ABHD3,-0.549450549450549
PATZ1,-0.549450549450549
GDI1,-0.549450549450549
PHLDB2,-0.549737253925698
PSAT1,-0.549829919584989
PRKCZ,-0.55006105006105
CCDC138,-0.55006105006105
CREB1,-0.55006105006105
MMAA,-0.55006105006105
LRRC8A,-0.55006105006105
GDPGP1,-0.55006105006105
NPRL3,-0.55006105006105
MSI2,-0.55006105006105
EIF2AK3,-0.550671550671551
HMGXB3,-0.550671550671551
REC8,-0.550671550671551
ISCA2,-0.550671550671551
NT5C,-0.550671550671551
MPPE1,-0.550671550671551
HIST1H3J,-0.551128853690625
ALG14,-0.551282051282051
POU2F1,-0.551282051282051
LRIG1,-0.551282051282051
PCCB,-0.551282051282051
PRIMPOL,-0.551282051282051
HIST1H1E,-0.551282051282051
NAT14,-0.551282051282051
TNRC6B,-0.551282051282051
PTPN4,-0.551892551892552
CLASP1,-0.551892551892552
RETREG2,-0.551892551892552
THUMPD3,-0.551892551892552
ZNF426,-0.551892551892552
MCM3AP,-0.551892551892552
TP63,-0.552303844982447
ACP6,-0.552503052503052
SIK3,-0.552503052503052
KIF19,-0.552972585919665
ZNF287,-0.553042529327995
CD53,-0.553113553113553
UMAD1,-0.553113553113553
TTC39B,-0.553113553113553
GOLGA1,-0.553113553113553
LETMD1,-0.553113553113553
TMEM231,-0.553451538817635
SLC4A7,-0.553724053724054
CEP95,-0.553724053724054
ARHGAP35,-0.553724053724054
OTUD3,-0.554334554334554
DPY30,-0.554334554334554
NCOA7,-0.554334554334554
TDRD3,-0.554334554334554
CTDSPL2,-0.554334554334554
C15orf61,-0.554334554334554
TMEM259,-0.554334554334554
ANKRD36B,-0.554945054945055
FASTKD1,-0.554945054945055
IBTK,-0.554945054945055
MICAL3,-0.555029772914398
PHF10,-0.555555555555555
TRAF1,-0.555555555555555
TCTN3,-0.555555555555555
DCUN1D5,-0.555555555555555
AQR,-0.555555555555555
HAUS2,-0.555555555555555
SUGP2,-0.555555555555555
AMMECR1,-0.555555555555555
ABI2,-0.556166056166056
ZNF7,-0.556166056166056
MIGA2,-0.556166056166056
COMTD1,-0.556166056166056
SLC15A4,-0.556166056166056
PNISR,-0.556776556776557
PRKAG1,-0.556776556776557
FAM214A,-0.556776556776557
DDX27,-0.556776556776557
AC118549.1,-0.557387057387057
MRPL19,-0.557387057387057
MSH5,-0.557387057387057
ARID1B,-0.557387057387057
ASB7,-0.557387057387057
ZNF600,-0.557387057387057
PLXNA3,-0.557387057387057
CNKSR1,-0.557902504406376
ZXDC,-0.557997557997558
ST8SIA4,-0.557997557997558
CNOT8,-0.557997557997558
HIST1H2AB,-0.557997557997558
RNF6,-0.557997557997558
ZFP14,-0.557997557997558
SYTL2,-0.558608058608059
TULP3,-0.558608058608059
CSRNP2,-0.558608058608059
SEC23A,-0.558608058608059
KATNBL1,-0.558608058608059
ZNF174,-0.558608058608059
KLHDC4,-0.558608058608059
MXRA7,-0.558608058608059
ABCG1,-0.558608058608059
KANTR,-0.558608058608059
ZNF280B,-0.558851157330887
ZFP36L2,-0.559218559218559
TIGD1,-0.559218559218559
USP13,-0.559218559218559
TMEM161B,-0.559218559218559
SH3GLB2,-0.559218559218559
HIST1H3B,-0.559768309120818
RAPGEF1,-0.55982905982906
DDX50,-0.55982905982906
CPSF6,-0.55982905982906
IPO4,-0.55982905982906
MYO1C,-0.55982905982906
ERAL1,-0.55982905982906
TRAK2,-0.56043956043956
RBM15B,-0.56043956043956
CDC16,-0.56043956043956
TK1,-0.56043956043956
SETD4,-0.56043956043956
NUDC,-0.561050061050061
NUF2,-0.561050061050061
ATPSCKMT,-0.561050061050061
HDAC3,-0.561050061050061
GGH,-0.561050061050061
IGHMBP2,-0.561050061050061
GRAMD1A,-0.561050061050061
KDM3A,-0.561660561660562
WDR75,-0.561660561660562
KIAA0825,-0.561660561660562
PDCD2,-0.561660561660562
PSMD5,-0.561660561660562
DDIT3,-0.561660561660562
FUT8,-0.561660561660562
DPF3,-0.562213009407308
POGLUT1,-0.562271062271062
SPOUT1,-0.562271062271062
PATL2,-0.562271062271062
COG8,-0.562271062271062
SMAD7,-0.562271062271062
SON,-0.562271062271062
IL2RG,-0.562271062271062
YTHDC1,-0.562881562881563
DBN1,-0.562881562881563
TOPORS,-0.562881562881563
AVEN,-0.562881562881563
PORCN,-0.562881562881563
BCLAF1,-0.563492063492063
EZH2,-0.563492063492063
EMC2,-0.563492063492063
ZBTB26,-0.563492063492063
TASOR2,-0.563492063492063
PAOX,-0.563492063492063
PARP11,-0.563492063492063
HNRNPA1,-0.563492063492063
SLC16A7,-0.563492063492063
HEXIM1,-0.563492063492063
NDC80,-0.563578086248613
HIST1H1B,-0.563836391091255
CYB561D1,-0.564102564102564
USP34,-0.564102564102564
CLK1,-0.564102564102564
NICN1,-0.564102564102564
IDNK,-0.564102564102564
STAM,-0.564102564102564
MOAP1,-0.564102564102564
DHX8,-0.564102564102564
ARRDC2,-0.564102564102564
APOL2,-0.564102564102564
GNAO1,-0.564447264754409
RPUSD4,-0.564713064713065
NCAPD2,-0.564713064713065
DUSP16,-0.564713064713065
TMEM117,-0.564713064713065
C12orf49,-0.564713064713065
PACSIN1,-0.565291941550831
DLG1,-0.565323565323565
ABCE1,-0.565323565323565
RRS1,-0.565323565323565
PLEKHA1,-0.565323565323565
ATG14,-0.565323565323565
NCDN,-0.565934065934066
MITD1,-0.565934065934066
H1FX,-0.565934065934066
ZNF451,-0.565934065934066
POM121C,-0.565934065934066
CCDC107,-0.565934065934066
IARS,-0.565934065934066
STX17,-0.565934065934066
FBXW2,-0.565934065934066
CAPN15,-0.565934065934066
CLEC16A,-0.565934065934066
S1PR4,-0.565934065934066
MED12,-0.565934065934066
SIMC1,-0.566544566544567
METTL15,-0.566544566544567
NFAT5,-0.566544566544567
PIK3CD,-0.567155067155067
RGS16,-0.567155067155067
ANKZF1,-0.567155067155067
APOLD1,-0.567155067155067
DHX37,-0.567155067155067
FAM98C,-0.567155067155067
SRSF10,-0.567765567765568
ZBED6,-0.567765567765568
PPIG,-0.567765567765568
CEP135,-0.567765567765568
SLC25A16,-0.567765567765568
NAA16,-0.567765567765568
INTS6,-0.567765567765568
RPS6KB1,-0.567765567765568
EMG1,-0.568376068376068
IPO8,-0.568376068376068
LINS1,-0.568376068376068
MIEF2,-0.568376068376068
NBL1,-0.568634109756811
TTC30B,-0.568986568986569
ATG4B,-0.568986568986569
CYP51A1,-0.568986568986569
SIN3A,-0.568986568986569
PTPN1,-0.568986568986569
PAXBP1,-0.568986568986569
TMEM50B,-0.568986568986569
PPIL2,-0.568986568986569
DNAJB11,-0.56959706959707
ZNF680,-0.56959706959707
PRPF3,-0.57020757020757
CNPPD1,-0.57020757020757
TMCO6,-0.57020757020757
UFL1,-0.57020757020757
VCPKMT,-0.57020757020757
AXIN1,-0.57020757020757
RBFA,-0.57020757020757
ZNF791,-0.57020757020757
DENND2C,-0.570468413336672
NIPAL3,-0.570818070818071
NSD2,-0.570818070818071
RICTOR,-0.570818070818071
RIOK1,-0.570818070818071
HIST1H2BD,-0.570818070818071
ZNF107,-0.570818070818071
KIN,-0.570818070818071
UROS,-0.570818070818071
TMUB2,-0.570818070818071
DNMT1,-0.570818070818071
URB2,-0.571428571428571
SLC25A38,-0.571428571428571
ZBTB24,-0.571428571428571
SLC20A2,-0.571428571428571
POLA2,-0.571428571428571
ARHGEF7,-0.571428571428571
TRIP11,-0.571428571428571
PDK3,-0.571428571428571
PUS7L,-0.572039072039072
SYT5,-0.572126399582828
PODXL2,-0.572431696487621
MEAF6,-0.572649572649573
MTMR12,-0.572649572649573
ZNF596,-0.572649572649573
RDH10,-0.572649572649573
DUSP5,-0.572649572649573
CRTAM,-0.572649572649573
UAP1,-0.573260073260073
POLR3B,-0.573260073260073
LCMT2,-0.573260073260073
E2F1,-0.573260073260073
FASLG,-0.573278177062519
GTSE1,-0.573714842611063
EXO5,-0.573870573870574
GFPT1,-0.573870573870574
YME1L1,-0.573870573870574
DRG2,-0.573870573870574
ABHD17A,-0.573870573870574
MYDGF,-0.573870573870574
ZNF254,-0.573870573870574
LMBRD2,-0.574481074481074
GTSF1,-0.574481074481074
RANGRF,-0.574481074481074
RDH13,-0.574481074481074
MAGOH,-0.575091575091575
SRSF11,-0.575091575091575
ATP2B4,-0.575091575091575
RAB11FIP3,-0.575091575091575
ZNF564,-0.575091575091575
IFT80,-0.575702075702076
SENP6,-0.575702075702076
MBIP,-0.575702075702076
SMARCE1,-0.575702075702076
SERTAD1,-0.575702075702076
EMD,-0.575702075702076
LXN,-0.576312576312576
PDE6B,-0.576312576312576
ZNF230,-0.576312576312576
TRIM11,-0.576923076923077
SUPT7L,-0.576923076923077
DMGDH,-0.576923076923077
SIPA1,-0.576923076923077
JMJD7,-0.576923076923077
IGSF8,-0.577533577533577
E2F5,-0.577533577533577
SC5D,-0.577533577533577
ZNF18,-0.577533577533577
NOC2L,-0.578144078144078
TPRG1,-0.578144078144078
TMEM184C,-0.578144078144078
ERAP2,-0.578144078144078
ST6GALNAC4,-0.578144078144078
GOLT1B,-0.578144078144078
BRMS1L,-0.578144078144078
YLPM1,-0.578144078144078
RANBP1,-0.578144078144078
GSTO2,-0.578497359006954
CWC22,-0.578754578754579
RIOK2,-0.578754578754579
MOSMO,-0.578754578754579
RPRD2,-0.579365079365079
SLC52A2,-0.579365079365079
SMARCC2,-0.579365079365079
RMC1,-0.579365079365079
PPP2R5A,-0.57997557997558
ARIH2,-0.57997557997558
SPEF2,-0.57997557997558
NUS1,-0.57997557997558
PTCD1,-0.57997557997558
IMPAD1,-0.57997557997558
MTMR2,-0.57997557997558
DPP8,-0.57997557997558
DENND6A,-0.580586080586081
POLR2H,-0.580586080586081
LRRC14,-0.580586080586081
GTF3C4,-0.580586080586081
CLUAP1,-0.580586080586081
SBF1,-0.580586080586081
DCAF8,-0.581196581196581
ST7,-0.581196581196581
FASTK,-0.581196581196581
CCDC57,-0.581196581196581
ZNF14,-0.581196581196581
ZFX,-0.581196581196581
DOCK3,-0.58175410478813
C1orf52,-0.581807081807082
FAM174A,-0.581807081807082
SAR1B,-0.581807081807082
TRAPPC9,-0.581807081807082
SNRPN,-0.581807081807082
GNAS,-0.581807081807082
RMND5A,-0.582417582417582
USP28,-0.582417582417582
ZNF202,-0.582417582417582
GALC,-0.582417582417582
DYNLL2,-0.582417582417582
TFB2M,-0.583028083028083
STT3B,-0.583028083028083
IRF9,-0.583028083028083
C14orf28,-0.583028083028083
KLC1,-0.583028083028083
ZNF8,-0.583028083028083
HSPB11,-0.583638583638584
ZNF639,-0.583638583638584
MED23,-0.583638583638584
XKR6,-0.583638583638584
CDAN1,-0.583638583638584
ICE2,-0.583638583638584
RBL1,-0.583638583638584
OSBPL2,-0.583638583638584
MPC2,-0.584249084249084
RASGRP3,-0.584249084249084
EIF2AK1,-0.584249084249084
DUS4L,-0.584249084249084
DUSP8,-0.584249084249084
MAU2,-0.584249084249084
ZNF420,-0.584249084249084
DDX46,-0.584859584859585
TMUB1,-0.584859584859585
KDM2A,-0.584859584859585
AGL,-0.585470085470085
DTNB,-0.585470085470085
HTRA2,-0.585470085470085
LRWD1,-0.585470085470085
TSNARE1,-0.585470085470085
DDX11,-0.585470085470085
GIPC1,-0.585470085470085
SELENOW,-0.585470085470085
MAGED2,-0.585470085470085
PRKACB,-0.586080586080586
GMPPA,-0.586080586080586
TMEM181,-0.586080586080586
APPBP2,-0.586080586080586
PPM1D,-0.586080586080586
DERL3,-0.586475354108118
DLEC1,-0.586691086691087
NLRC5,-0.586691086691087
PPP6R1,-0.586691086691087
CAPN7,-0.587301587301587
RPL39L,-0.587301587301587
UBE2H,-0.587301587301587
ATF7IP,-0.587301587301587
SOCS4,-0.587301587301587
COG7,-0.587301587301587
UBE2O,-0.587301587301587
SPIN2B,-0.587301587301587
MAGEE1,-0.587877832206952
FANCL,-0.587912087912088
DCP1A,-0.587912087912088
BRD2,-0.587912087912088
PCCA,-0.587912087912088
VRK1,-0.587912087912088
CENPN,-0.587912087912088
GCDH,-0.587912087912088
LYPLA2,-0.588522588522589
SEMA4C,-0.588522588522589
ATF2,-0.588522588522589
PARP3,-0.588522588522589
TRIM52,-0.588522588522589
HIST1H3A,-0.588522588522589
RAD9A,-0.588522588522589
RNASEH2B,-0.588522588522589
MED6,-0.588522588522589
SYS1,-0.588522588522589
TUBGCP6,-0.588522588522589
PIGK,-0.589133089133089
ASH1L,-0.589133089133089
CEBPZ,-0.589133089133089
ANKRD17,-0.589133089133089
TRIM23,-0.589133089133089
NUDCD2,-0.589133089133089
CALCOCO1,-0.589133089133089
GDF11,-0.589133089133089
ETFA,-0.589133089133089
MED1,-0.589133089133089
PHF6,-0.589133089133089
DCAF6,-0.58974358974359
PUS10,-0.58974358974359
DTYMK,-0.58974358974359
CCDC71,-0.58974358974359
ELMOD2,-0.58974358974359
RBM48,-0.58974358974359
CCDC186,-0.58974358974359
WDR83,-0.58974358974359
APMAP,-0.58974358974359
SF3A3,-0.59035409035409
MFSD6,-0.59035409035409
SCAI,-0.59035409035409
FAM177A1,-0.59035409035409
ZNF211,-0.59035409035409
STK35,-0.59035409035409
ZCCHC4,-0.590964590964591
BTG1,-0.590964590964591
TRMT10C,-0.591575091575091
TRA2A,-0.591575091575091
RHBDD2,-0.591575091575091
CCDC25,-0.591575091575091
BRF1,-0.591575091575091
AMZ2,-0.591575091575091
ARMCX6,-0.591575091575091
ACTR1B,-0.592185592185592
USO1,-0.592185592185592
WEE1,-0.592185592185592
TMEM170A,-0.592185592185592
DDX39A,-0.592185592185592
MRPS26,-0.592185592185592
PEF1,-0.592796092796093
PHIP,-0.592796092796093
CABIN1,-0.592796092796093
PPOX,-0.593406593406593
ASB1,-0.593406593406593
YEATS2,-0.593406593406593
SLC38A9,-0.593406593406593
MRPS31,-0.593406593406593
FN3KRP,-0.593406593406593
ENOSF1,-0.593406593406593
ATG16L1,-0.594017094017094
SCAP,-0.594017094017094
KLHL24,-0.594017094017094
WDR53,-0.594017094017094
SPCS3,-0.594017094017094
ZSCAN12,-0.594017094017094
CLUH,-0.594017094017094
PHF5A,-0.594017094017094
OFD1,-0.594017094017094
TSPYL4,-0.594627594627595
STAG3,-0.594627594627595
ASCC1,-0.594627594627595
FANCF,-0.594627594627595
CCDC84,-0.594627594627595
UPRT,-0.594627594627595
SLC35D1,-0.595238095238095
FAM98A,-0.595238095238095
NDUFAF7,-0.595238095238095
ANAPC10,-0.595238095238095
RNF34,-0.595238095238095
PSPC1,-0.595238095238095
DEPDC5,-0.595238095238095
RPS6KA3,-0.595238095238095
SLC27A2,-0.595577616425948
TARDBP,-0.595848595848596
FGGY,-0.595848595848596
SRPK1,-0.595848595848596
ZDHHC21,-0.595848595848596
ZNF263,-0.595848595848596
MYL12A,-0.595848595848596
DYRK1A,-0.595848595848596
SSB,-0.596459096459097
FAM133B,-0.596459096459097
TNIP3,-0.596697049414766
WARS2,-0.597069597069597
FBXL6,-0.597069597069597
AP5M1,-0.597069597069597
ZNF689,-0.597069597069597
EDC4,-0.597069597069597
IST1,-0.597069597069597
DYNLT3,-0.597069597069597
CNOT9,-0.597680097680098
ZFR,-0.597680097680098
SEMA4D,-0.597680097680098
CCNT1,-0.597680097680098
TP53BP2,-0.598290598290598
ELAVL1,-0.598290598290598
DFFA,-0.598901098901099
ERI3,-0.598901098901099
MIGA1,-0.598901098901099
CENPO,-0.598901098901099
HIST1H2BJ,-0.598901098901099
AMD1,-0.598901098901099
VPS13B,-0.598901098901099
ABCB9,-0.598901098901099
YIPF2,-0.598901098901099
CEP250,-0.598901098901099
ZKSCAN7,-0.599267063554194
AKIRIN1,-0.599511599511599
RBM22,-0.599511599511599
ECI2,-0.599511599511599
POM121,-0.599511599511599
UPF2,-0.599511599511599
ARF6,-0.599511599511599
SRSF2,-0.599511599511599
ILF3,-0.599511599511599
UPF3B,-0.599511599511599
LRIF1,-0.6001221001221
SMG7,-0.6001221001221
ANAPC1,-0.6001221001221
LNPEP,-0.6001221001221
CDKN2A,-0.6001221001221
KRR1,-0.6001221001221
SPG7,-0.6001221001221
CASC3,-0.6001221001221
C21orf91,-0.6001221001221
TNFRSF17,-0.600482231211147
HSPA14,-0.600732600732601
SCAF11,-0.600732600732601
VPS37B,-0.600732600732601
NIPA2,-0.600732600732601
SLC7A5,-0.600732600732601
TVP23C,-0.600732600732601
ZNF266,-0.600732600732601
ZNF43,-0.600732600732601
EIF2B4,-0.601343101343101
PTTG1,-0.601343101343101
ARHGDIB,-0.601343101343101
ORAI1,-0.601343101343101
CDT1,-0.601350032528362
RNF123,-0.601953601953602
DUSP12,-0.602564102564102
MAD2L1,-0.602564102564102
KCTD7,-0.602564102564102
PTPDC1,-0.602564102564102
TMEM203,-0.602564102564102
TRIM37,-0.602564102564102
IZUMO4,-0.602564102564102
LSS,-0.602564102564102
BCAS2,-0.603174603174603
SETD2,-0.603174603174603
ACYP1,-0.603174603174603
HERC2,-0.603174603174603
DNAJA4,-0.603174603174603
WDR4,-0.603785103785104
RPF1,-0.604395604395604
RO60,-0.604395604395604
INSIG2,-0.604395604395604
ITGA4,-0.604395604395604
ZMYND11,-0.604395604395604
BTAF1,-0.604395604395604
STPG1,-0.605006105006105
MTF2,-0.605006105006105
RBM15,-0.605006105006105
PLRG1,-0.605006105006105
RETREG1,-0.605006105006105
NMRK1,-0.605006105006105
FBXO34,-0.605006105006105
ZBTB25,-0.605006105006105
GTPBP10,-0.605616605616606
RC3H2,-0.605616605616606
AAAS,-0.605616605616606
TCF3,-0.605616605616606
ZFP82,-0.605616605616606
PDZD4,-0.60598667384889
WRAP73,-0.606227106227106
FDPS,-0.606227106227106
AKNA,-0.606227106227106
TYSND1,-0.606227106227106
CCSER2,-0.606227106227106
SIK2,-0.606227106227106
PPP1R3E,-0.606227106227106
CCNDBP1,-0.606227106227106
ZNF614,-0.606227106227106
SNRPB,-0.606227106227106
NCAPH,-0.606237333143955
COBLL1,-0.606597547512044
SLC33A1,-0.606837606837607
NFKB1,-0.606837606837607
HIST1H2AG,-0.606837606837607
FBXW5,-0.606837606837607
CTU2,-0.606837606837607
ZNF276,-0.606837606837607
TSR1,-0.606837606837607
PUM1,-0.607448107448107
HIST2H2AC,-0.607448107448107
USP21,-0.607448107448107
NEMP2,-0.607448107448107
SBNO1,-0.607448107448107
LRCH1,-0.607448107448107
PPP2R5E,-0.607448107448107
AARSD1,-0.607448107448107
CRELD2,-0.607448107448107
PPP2R3B,-0.607448107448107
TTC13,-0.608058608058608
CHIC2,-0.608058608058608
BET1,-0.608058608058608
POLR2M,-0.608058608058608
POLG,-0.608058608058608
ZFP90,-0.608058608058608
ZNF771,-0.608456731253242
SLC35A3,-0.608669108669109
UBXN7,-0.608669108669109
HIVEP2,-0.608669108669109
URGCP,-0.608669108669109
LETM2,-0.608669108669109
VPS4B,-0.608669108669109
KHDRBS1,-0.609279609279609
MSH6,-0.609279609279609
BRAF,-0.609279609279609
ATXN7L3B,-0.609279609279609
PROSER1,-0.609279609279609
SIAH2,-0.60989010989011
WRN,-0.60989010989011
MPHOSPH9,-0.60989010989011
RNF166,-0.60989010989011
ZNF599,-0.60989010989011
ZNF235,-0.60989010989011
RAB33A,-0.60989010989011
RAB39B,-0.60989010989011
CXCR6,-0.610180829864667
MLF1,-0.610288512682002
SMARCAD1,-0.610500610500611
EHMT2,-0.610500610500611
ABCC10,-0.610500610500611
ZNF839,-0.610500610500611
PKD1,-0.610500610500611
LMBRD1,-0.611111111111111
VPS51,-0.611111111111111
USP5,-0.611111111111111
ACAA2,-0.611111111111111
FAM122B,-0.611111111111111
KIF11,-0.611509700301176
ATP8A1,-0.611721611721612
ACTR3B,-0.611721611721612
CTNNAL1,-0.611721611721612
GOPC,-0.612332112332112
ZMYM2,-0.612332112332112
GNG2,-0.612332112332112
MAP2K4,-0.612332112332112
SAE1,-0.612332112332112
UCKL1,-0.612332112332112
THOC2,-0.612332112332112
TMCO4,-0.612942612942613
CD2AP,-0.612942612942613
TBC1D32,-0.612942612942613
SBDS,-0.612942612942613
RCN2,-0.612942612942613
PPP1R3F,-0.612942612942613
PTCD3,-0.613553113553114
ERAP1,-0.613553113553114
HIVEP1,-0.613553113553114
PPP1R10,-0.613553113553114
KIF18A,-0.613553113553114
UTP20,-0.613553113553114
SLC25A39,-0.613553113553114
ASPM,-0.613928031469893
SRSF4,-0.614163614163614
ABHD18,-0.614163614163614
TNPO3,-0.614163614163614
ZNRF2,-0.614774114774115
DNAJC24,-0.614774114774115
AP002495.1,-0.614774114774115
MRPL46,-0.614774114774115
ZBTB32,-0.615079701942937
CHPF,-0.615173263158697
MIB2,-0.615384615384615
MTAP,-0.615384615384615
ARGLU1,-0.615384615384615
CEP76,-0.615384615384615
LZTR1,-0.615384615384615
GEMIN5,-0.615995115995116
PIAS1,-0.615995115995116
UBE2G1,-0.615995115995116
MCM8,-0.615995115995116
DMAP1,-0.616605616605617
RAPGEF6,-0.616605616605617
ERCC6L2,-0.616605616605617
HYOU1,-0.616605616605617
MDM2,-0.616605616605617
SIRT2,-0.616605616605617
NEK7,-0.617216117216117
NAA35,-0.617216117216117
PRPF18,-0.617216117216117
CCDC7,-0.617216117216117
SNURF,-0.617216117216117
DCAF15,-0.617216117216117
ZNF565,-0.617216117216117
CLASP2,-0.617826617826618
CCNE1,-0.617826617826618
SUV39H1,-0.617826617826618
AFDN,-0.618437118437118
ADORA2A,-0.618437118437118
RNF220,-0.619047619047619
MMS22L,-0.619047619047619
ACADSB,-0.619047619047619
PIDD1,-0.619047619047619
DDX47,-0.619047619047619
C19orf44,-0.619047619047619
ZNF845,-0.619047619047619
HIST1H2AK,-0.61965811965812
ATXN7L1,-0.61965811965812
IMMP2L,-0.61965811965812
BTRC,-0.61965811965812
MBNL2,-0.61965811965812
SPPL2A,-0.61965811965812
ISG20,-0.61965811965812
NIP7,-0.61965811965812
AP1G1,-0.61965811965812
OTUD5,-0.61965811965812
TNFRSF25,-0.62026862026862
NASP,-0.62026862026862
MFSD14A,-0.62026862026862
LRBA,-0.62026862026862
RASGEF1A,-0.62026862026862
MRPL42,-0.62026862026862
CGRRF1,-0.62026862026862
MAPK1IP1L,-0.62026862026862
ZNF286A,-0.62026862026862
VBP1,-0.62026862026862
CAMKMT,-0.620879120879121
PHF7,-0.620879120879121
SURF4,-0.620879120879121
LRRC57,-0.620879120879121
CIAO3,-0.620879120879121
CD2BP2,-0.620879120879121
ZRANB2,-0.621489621489621
UBXN2A,-0.621489621489621
USP39,-0.621489621489621
FASTKD2,-0.621489621489621
IFRD2,-0.621489621489621
PDLIM1,-0.621489621489621
CARS,-0.621489621489621
GLG1,-0.621489621489621
CHEK1,-0.621869389090897
WDR36,-0.622100122100122
DMTN,-0.622100122100122
ELP1,-0.622100122100122
TBC1D10A,-0.622100122100122
MT-CO1,-0.622100122100122
GLMN,-0.622710622710623
STOM,-0.622710622710623
CXCR4,-0.623321123321123
INTS9,-0.623321123321123
BAZ2A,-0.623321123321123
B3GLCT,-0.623321123321123
MGA,-0.623321123321123
ST3GAL3,-0.623931623931624
RBM43,-0.623931623931624
HSF2,-0.623931623931624
DNAJB9,-0.623931623931624
ALKBH5,-0.623931623931624
RAD51C,-0.623931623931624
PIF1,-0.624332170302499
SEC24D,-0.624542124542125
KIAA2026,-0.624542124542125
SECISBP2,-0.624542124542125
DNAJC14,-0.624542124542125
LYSMD4,-0.624542124542125
CBFB,-0.624542124542125
STAT5B,-0.624542124542125
ZNF549,-0.624542124542125
CDC6,-0.625143279805327
ZNF692,-0.625152625152625
CPSF1,-0.625152625152625
PPP1R8,-0.625763125763126
SLC30A7,-0.625763125763126
GOLGA4,-0.625763125763126
PDCD10,-0.625763125763126
NOP16,-0.625763125763126
IDI1,-0.625763125763126
GPAM,-0.625763125763126
SAP18,-0.625763125763126
BTBD6,-0.625763125763126
ARMCX3,-0.625763125763126
CDK11A,-0.626373626373626
GTF2B,-0.626373626373626
ADAR,-0.626373626373626
TBC1D23,-0.626373626373626
ZFAND2A,-0.626373626373626
CLPP,-0.626373626373626
TMEM128,-0.626984126984127
PDE3B,-0.626984126984127
MRE11,-0.626984126984127
CLEC2B,-0.626984126984127
FMNL3,-0.626984126984127
PARP2,-0.626984126984127
EMC1,-0.627594627594628
THAP1,-0.627594627594628
SH2B1,-0.627594627594628
ALG6,-0.628205128205128
U2AF1L4,-0.628205128205128
PEX26,-0.628205128205128
SNIP1,-0.628815628815629
CDK7,-0.628815628815629
MTRES1,-0.628815628815629
ZFPL1,-0.628815628815629
TTC19,-0.628815628815629
HIST1H2AI,-0.629199873048746
FAM13B,-0.629426129426129
GCFC2,-0.63003663003663
TSN,-0.63003663003663
INO80,-0.63003663003663
SYTL1,-0.630647130647131
COPS7B,-0.630647130647131
ARF4,-0.630647130647131
RABL3,-0.630647130647131
SLBP,-0.630647130647131
GMNN,-0.630647130647131
ZNF37A,-0.630647130647131
CUL5,-0.630647130647131
CCDC184,-0.630647130647131
THAP11,-0.630647130647131
PRPF31,-0.630647130647131
GSPT2,-0.630647130647131
CCNL2,-0.631257631257631
PLEKHA3,-0.631257631257631
LSG1,-0.631257631257631
TRAM1,-0.631257631257631
WDR37,-0.631257631257631
PHF11,-0.631257631257631
LUC7L,-0.631257631257631
THUMPD1,-0.631257631257631
PPP5C,-0.631257631257631
TOX2,-0.631257631257631
LRRC40,-0.631868131868132
EDEM3,-0.631868131868132
METAP1D,-0.631868131868132
CCNH,-0.631868131868132
TBC1D22B,-0.631868131868132
MDN1,-0.631868131868132
EXT2,-0.631868131868132
PPP2R1B,-0.631868131868132
NFRKB,-0.631868131868132
KIAA0586,-0.631868131868132
CLK3,-0.631868131868132
DPH1,-0.631868131868132
ATR,-0.632478632478633
ZNF184,-0.632478632478633
XPO5,-0.632478632478633
TSTA3,-0.632478632478633
ZNF217,-0.632478632478633
TENT2,-0.633089133089133
ARPC5L,-0.633089133089133
USP20,-0.633089133089133
ABHD17C,-0.633089133089133
USP37,-0.633699633699634
ORC5,-0.633699633699634
EHD1,-0.633699633699634
DNAAF2,-0.633699633699634
AKAP13,-0.633699633699634
WRNIP1,-0.634310134310134
MRPS10,-0.634310134310134
MTBP,-0.634310134310134
FAM107B,-0.634310134310134
WDR20,-0.634310134310134
PPP1R13B,-0.634310134310134
KNL1,-0.634310134310134
INTS14,-0.634310134310134
ZNF554,-0.634310134310134
ESF1,-0.634310134310134
TRMT13,-0.634920634920635
MSL2,-0.634920634920635
ACTL10,-0.634920634920635
KIF5B,-0.635531135531136
HSPA2,-0.635531135531136
ZNF606,-0.635531135531136
ATRX,-0.635531135531136
SLMAP,-0.636141636141636
GSTCD,-0.636141636141636
PPIL4,-0.636141636141636
AGFG2,-0.636141636141636
CELF2,-0.636141636141636
CASP7,-0.636141636141636
GSKIP,-0.636141636141636
NUP88,-0.636141636141636
PSMC5,-0.636141636141636
GRAP2,-0.636141636141636
DKC1,-0.636141636141636
MBD5,-0.636752136752137
RPAP1,-0.636752136752137
KDM8,-0.636752136752137
PRSS12,-0.637752104332904
C1orf174,-0.637973137973138
ISOC1,-0.637973137973138
HECTD1,-0.637973137973138
MED16,-0.637973137973138
ADARB1,-0.637973137973138
BPNT1,-0.638583638583639
PHB,-0.638583638583639
GTF3C3,-0.639194139194139
CBLB,-0.639194139194139
BOD1L1,-0.639194139194139
FRMD8,-0.639194139194139
NUDT4,-0.639194139194139
TGDS,-0.639194139194139
BRWD1,-0.639194139194139
TTC27,-0.63980463980464
MARS2,-0.63980463980464
DDX31,-0.63980463980464
SUPV3L1,-0.63980463980464
C11orf58,-0.63980463980464
KATNB1,-0.63980463980464
ZFP30,-0.63980463980464
CENPS,-0.64041514041514
HIBCH,-0.64041514041514
ZNF12,-0.64041514041514
TP53INP1,-0.64041514041514
UNKL,-0.64041514041514
ZNF207,-0.64041514041514
CRKL,-0.64041514041514
ORC4,-0.641025641025641
NFYB,-0.641025641025641
ORMDL3,-0.641025641025641
SMG8,-0.641025641025641
ZNF335,-0.641025641025641
SASS6,-0.641636141636142
BCKDHB,-0.641636141636142
ABHD17B,-0.641636141636142
DDX23,-0.641636141636142
AKAP11,-0.641636141636142
GPKOW,-0.641636141636142
HECTD2,-0.642039390780516
MRPL3,-0.642246642246642
SEC24C,-0.642246642246642
MSTO1,-0.642857142857143
UBE2D2,-0.642857142857143
WWP1,-0.642857142857143
TMEM41B,-0.642857142857143
RFWD3,-0.642857142857143
DOHH,-0.642857142857143
MANF,-0.643467643467643
N4BP2,-0.643467643467643
MDFIC,-0.643467643467643
NPAT,-0.643467643467643
ARL1,-0.643467643467643
GLRX5,-0.643467643467643
PIGL,-0.643467643467643
CHERP,-0.643467643467643
NCK2,-0.644078144078144
IMPA1,-0.644078144078144
ZNF490,-0.644078144078144
OTUD7A,-0.644481766018863
MAP4,-0.644688644688645
GAR1,-0.644688644688645
TSFM,-0.644688644688645
NUP37,-0.644688644688645
ZNF407,-0.645299145299145
GNB1L,-0.645299145299145
PLA2G6,-0.645299145299145
YARS,-0.645909645909646
LPIN1,-0.645909645909646
SLC39A10,-0.645909645909646
METTL2A,-0.645909645909646
TRIM39,-0.646520146520146
HACE1,-0.646520146520146
IRAK4,-0.646520146520146
OGFOD2,-0.646520146520146
ALG11,-0.646520146520146
TADA1,-0.647130647130647
LSM1,-0.647130647130647
ALDH18A1,-0.647130647130647
GOSR1,-0.647130647130647
AKAP8L,-0.647130647130647
TOP1,-0.647130647130647
XPC,-0.647741147741148
HMCES,-0.647741147741148
ST6GALNAC6,-0.647741147741148
RASSF7,-0.647741147741148
MED21,-0.647741147741148
SLC7A1,-0.647741147741148
FOXO1,-0.647741147741148
ATAD5,-0.647741147741148
SMPD4,-0.648351648351648
CCDC66,-0.648351648351648
NCK1,-0.648351648351648
TAPBP,-0.648351648351648
POLR3F,-0.648351648351648
EEF1AKNMT,-0.648962148962149
COMMD2,-0.648962148962149
PGM3,-0.648962148962149
ARFGAP2,-0.648962148962149
TRAF5,-0.64957264957265
ANGEL2,-0.64957264957265
PCYT2,-0.64957264957265
PSMC4,-0.64957264957265
DSTN,-0.64957264957265
MTERF1,-0.65018315018315
WDR35,-0.650793650793651
ANKS6,-0.650893001019524
ACAD11,-0.651404151404151
MALSU1,-0.651404151404151
GNPDA2,-0.652014652014652
C5orf30,-0.652014652014652
REV3L,-0.652014652014652
PCM1,-0.652014652014652
EEF2KMT,-0.652014652014652
PIN1,-0.652014652014652
SURF2,-0.652625152625153
RBBP6,-0.652625152625153
ZNF587B,-0.652625152625153
RPAP2,-0.653235653235653
CTBP1,-0.653235653235653
GIMAP7,-0.653235653235653
SOCS1,-0.653235653235653
HIST2H3D,-0.653846153846154
C1orf131,-0.653846153846154
COPS8,-0.653846153846154
MAN2B2,-0.654456654456654
LRRC47,-0.655067155067155
SLC5A6,-0.655067155067155
NCAPG,-0.655067155067155
RPA3,-0.655067155067155
PPP2R2A,-0.655067155067155
DDHD2,-0.655067155067155
RANGAP1,-0.655067155067155
SSR2,-0.655677655677656
PAQR3,-0.655677655677656
RRP36,-0.655677655677656
RNF216,-0.655677655677656
KAT5,-0.655677655677656
RABEP1,-0.655677655677656
ZNF383,-0.655677655677656
ACSL3,-0.656288156288156
DHX36,-0.656288156288156
HIST1H2BN,-0.656288156288156
NT5C3A,-0.656288156288156
WDR59,-0.656288156288156
EML2,-0.656288156288156
DNMT3A,-0.656898656898657
NRBP1,-0.656898656898657
ZNF718,-0.656898656898657
HMGCS1,-0.656898656898657
CLSTN3,-0.656898656898657
CFAP20,-0.656898656898657
DDX5,-0.656898656898657
PPP1R37,-0.656898656898657
GART,-0.656898656898657
KRBOX4,-0.656898656898657
PARP15,-0.657509157509157
DPP3,-0.657509157509157
GATA6,-0.65791093521699
PPP6R3,-0.658119658119658
MFAP1,-0.658119658119658
LLGL2,-0.658119658119658
HSPA13,-0.658119658119658
JAKMIP2,-0.658730158730159
NUP153,-0.658730158730159
RBM28,-0.658730158730159
BAG3,-0.658730158730159
STRAP,-0.658730158730159
DDX19A,-0.658730158730159
KAT7,-0.658730158730159
CBX4,-0.658730158730159
PPDPF,-0.658730158730159
EVA1C,-0.658730158730159
C21orf58,-0.658730158730159
KLHL7,-0.659340659340659
FANCC,-0.659340659340659
TMC6,-0.659340659340659
AKAP8,-0.659340659340659
ZNF446,-0.659340659340659
THAP4,-0.65995115995116
RNF8,-0.65995115995116
VIRMA,-0.65995115995116
POGLUT3,-0.65995115995116
PCNT,-0.65995115995116
ACBD3,-0.66056166056166
STIM1,-0.66056166056166
SSRP1,-0.66056166056166
DHX35,-0.66056166056166
TAZ,-0.66056166056166
DNAJB4,-0.661172161172161
OSGEPL1,-0.661172161172161
TMF1,-0.661172161172161
ZGRF1,-0.661172161172161
STXBP4,-0.661172161172161
ZNF493,-0.661172161172161
LRRC41,-0.661782661782662
BTN3A3,-0.661782661782662
USP25,-0.661782661782662
ZNF853,-0.661970410857455
SF3B4,-0.662393162393162
SUCO,-0.662393162393162
CMSS1,-0.662393162393162
ACTL6A,-0.662393162393162
HMGN4,-0.662393162393162
SHLD2,-0.662393162393162
RSF1,-0.662393162393162
PARPBP,-0.662393162393162
PRMT7,-0.662393162393162
TBC1D17,-0.662393162393162
PPIE,-0.663003663003663
BSDC1,-0.663614163614164
TUBB2A,-0.663614163614164
PSTK,-0.663614163614164
RBM14,-0.663614163614164
ABCC4,-0.663614163614164
SUPT16H,-0.663614163614164
METTL5,-0.664224664224664
NDUFA5,-0.664224664224664
TEX30,-0.664224664224664
UBTF,-0.664224664224664
ZNF44,-0.664224664224664
AKAP9,-0.664835164835165
ZSCAN25,-0.664835164835165
SLC25A22,-0.664835164835165
FBXO33,-0.664835164835165
E4F1,-0.664835164835165
FBXL12,-0.664835164835165
HNRNPL,-0.664835164835165
PITPNB,-0.664835164835165
HLA-E,-0.665445665445665
ABCB8,-0.665445665445665
HPS6,-0.665445665445665
SENP1,-0.665445665445665
PAPOLA,-0.665445665445665
MFSD11,-0.665445665445665
GATAD2A,-0.665445665445665
SLC37A1,-0.665445665445665
KIF20B,-0.666056166056166
ACIN1,-0.666056166056166
CDR2,-0.666056166056166
MRPS7,-0.666056166056166
LTN1,-0.666056166056166
MT-ND6,-0.666056166056166
PANK4,-0.666666666666667
SELENOF,-0.666666666666667
SDE2,-0.666666666666667
SLC30A6,-0.666666666666667
GLOD4,-0.666666666666667
BCL2L12,-0.666666666666667
ULK4,-0.667277167277167
CNTRL,-0.667277167277167
TMEM109,-0.667277167277167
TTI1,-0.667277167277167
RAB3GAP2,-0.667887667887668
ZNF678,-0.667887667887668
TMEM135,-0.667887667887668
HCFC2,-0.667887667887668
TPP2,-0.667887667887668
ZZEF1,-0.667887667887668
ZNF766,-0.667887667887668
CEP350,-0.668498168498168
PIKFYVE,-0.668498168498168
FBXO8,-0.668498168498168
CRCP,-0.668498168498168
PUF60,-0.668498168498168
TAPBPL,-0.668498168498168
SEL1L,-0.668498168498168
ZMYND8,-0.668498168498168
HPRT1,-0.668498168498168
DR1,-0.669108669108669
PEX13,-0.669108669108669
NSUN2,-0.669108669108669
MCPH1,-0.669108669108669
RAMAC,-0.669108669108669
SMG1,-0.669108669108669
RBM10,-0.669108669108669
PPIH,-0.66971916971917
POGZ,-0.66971916971917
DAP3,-0.66971916971917
DDX1,-0.66971916971917
HNRNPDL,-0.66971916971917
TAF2,-0.66971916971917
AASDHPPT,-0.66971916971917
WNK1,-0.66971916971917
WDPCP,-0.67032967032967
PLK4,-0.67032967032967
HARS2,-0.67032967032967
SHPK,-0.67032967032967
CD226,-0.67032967032967
HUWE1,-0.67032967032967
ZDHHC18,-0.670940170940171
TAF1B,-0.670940170940171
ARSK,-0.670940170940171
CDKN2AIPNL,-0.670940170940171
SMNDC1,-0.670940170940171
C16orf91,-0.670940170940171
ZBTB9,-0.671042596735889
HIST1H4J,-0.671550671550672
C7orf26,-0.671550671550672
TMEM106B,-0.671550671550672
C11orf80,-0.671550671550672
ZNF569,-0.671550671550672
RBBP5,-0.672161172161172
GNPAT,-0.672161172161172
CASD1,-0.672161172161172
SEPHS1,-0.672161172161172
GADD45A,-0.672771672771673
CENPC,-0.672771672771673
GNL1,-0.672771672771673
HBP1,-0.672771672771673
BTBD10,-0.672771672771673
COQ10A,-0.672771672771673
LCMT1,-0.672771672771673
CTDP1,-0.672771672771673
PRKRA,-0.673382173382173
GOLGB1,-0.673382173382173
POC5,-0.673382173382173
C12orf57,-0.673382173382173
TBC1D25,-0.673382173382173
PARM1,-0.673790268879029
POC1A,-0.673992673992674
PPAT,-0.673992673992674
IFI27L1,-0.673992673992674
ARIH1,-0.673992673992674
CHTF18,-0.673992673992674
ATG4D,-0.673992673992674
VAPB,-0.673992673992674
HPS4,-0.673992673992674
SP100,-0.674603174603175
KRIT1,-0.674603174603175
PILRB,-0.674603174603175
POMK,-0.674603174603175
BCCIP,-0.674603174603175
ARNTL,-0.674603174603175
MZT1,-0.674603174603175
SECISBP2L,-0.674603174603175
ACTN4,-0.674603174603175
ARFGEF2,-0.674603174603175
LANCL1,-0.675213675213675
HSP90B1,-0.675213675213675
CRELD1,-0.675824175824176
SLC30A9,-0.675824175824176
RAB18,-0.675824175824176
FBXO3,-0.675824175824176
CSNK1G1,-0.675824175824176
ZNF875,-0.675824175824176
ZNF41,-0.675824175824176
MACO1,-0.676434676434676
NFU1,-0.676434676434676
HIST1H2BG,-0.676434676434676
TLE1,-0.676434676434676
REXO4,-0.676434676434676
GALK2,-0.676434676434676
TRADD,-0.676434676434676
ZNF821,-0.676434676434676
CBR3,-0.676434676434676
COPS4,-0.677045177045177
EEF1E1,-0.677045177045177
HIST1H1C,-0.677045177045177
OGFOD1,-0.677045177045177
ZGPAT,-0.677045177045177
SPAG16,-0.67745383173655
TARS2,-0.677655677655678
CUL2,-0.677655677655678
PRH1,-0.677655677655678
LRP10,-0.677655677655678
NOL11,-0.677655677655678
CDS2,-0.677655677655678
RPIA,-0.678266178266178
CASP8,-0.678266178266178
PLPP1,-0.678266178266178
AARS,-0.678266178266178
GSE1,-0.678266178266178
SNU13,-0.678266178266178
MTX2,-0.678876678876679
THAP6,-0.678876678876679
MINDY3,-0.678876678876679
EMC7,-0.678876678876679
GAN,-0.678876678876679
ZNF430,-0.678876678876679
RBM39,-0.678876678876679
FAM199X,-0.678876678876679
CLSTN1,-0.679487179487179
RNF26,-0.679487179487179
CENPL,-0.68009768009768
LDAH,-0.68009768009768
CD47,-0.68009768009768
CENPU,-0.68009768009768
GLO1,-0.68009768009768
TIMM10B,-0.68009768009768
STT3A,-0.68009768009768
TM2D3,-0.68009768009768
TMEM185B,-0.680708180708181
POLR3E,-0.680708180708181
SLC25A17,-0.680708180708181
NKRF,-0.680708180708181
TBC1D19,-0.681318681318681
BDP1,-0.681318681318681
BICRAL,-0.681318681318681
COG5,-0.681318681318681
YWHAZ,-0.681318681318681
ATG2B,-0.681318681318681
TMEM115,-0.681929181929182
HNRNPA0,-0.681929181929182
TCP1,-0.681929181929182
FBXW4,-0.681929181929182
XPNPEP1,-0.681929181929182
PDXDC1,-0.681929181929182
PMS1,-0.682539682539682
AP3B1,-0.682539682539682
BET1L,-0.682539682539682
HYLS1,-0.682539682539682
SUPT20H,-0.682539682539682
PGAP3,-0.682539682539682
TMEM161A,-0.682539682539682
ANKRD54,-0.682539682539682
GORAB,-0.683150183150183
LIN9,-0.683150183150183
WDR43,-0.683150183150183
NUP210,-0.683150183150183
BRD9,-0.683150183150183
ILRUN,-0.683150183150183
INTS6L,-0.683150183150183
PSMC3,-0.683760683760684
MINDY2,-0.683760683760684
VPS4A,-0.683760683760684
EIPR1,-0.684371184371184
CRBN,-0.684371184371184
MCM9,-0.684371184371184
RFX3,-0.684371184371184
ARFRP1,-0.684371184371184
POGLUT2,-0.684443102302363
ACAT2,-0.684981684981685
DYRK4,-0.684981684981685
UBE2S,-0.684981684981685
MAEA,-0.685592185592186
TSPYL1,-0.685592185592186
TBRG1,-0.685592185592186
PRDM2,-0.686202686202686
SELENOK,-0.686202686202686
FBXO38,-0.686202686202686
CITED2,-0.686202686202686
ATAD2,-0.686202686202686
FNBP1,-0.686202686202686
RUFY2,-0.686202686202686
ATE1,-0.686202686202686
PPIP5K1,-0.686202686202686
SHMT1,-0.686202686202686
PTBP2,-0.686813186813187
PRRC2C,-0.686813186813187
TOMM70,-0.686813186813187
DKK3,-0.686813186813187
RALY,-0.686813186813187
LRPPRC,-0.687423687423687
MLH1,-0.687423687423687
EIF5A2,-0.687423687423687
PYROXD1,-0.687423687423687
ERGIC2,-0.687423687423687
SFSWAP,-0.687423687423687
CHD8,-0.687423687423687
ARL16,-0.687423687423687
APOBEC3D,-0.687423687423687
PYGO2,-0.688034188034188
PPP4R3B,-0.688034188034188
COPG1,-0.688034188034188
DCAF11,-0.688034188034188
PSMA3,-0.688034188034188
ZNF224,-0.688034188034188
TOE1,-0.688644688644689
KATNA1,-0.688644688644689
COG6,-0.688644688644689
CUL4A,-0.688644688644689
MAT2B,-0.689255189255189
LEPROTL1,-0.689255189255189
ZNF367,-0.689255189255189
KDM5A,-0.689255189255189
GABPB1,-0.689255189255189
PSMD11,-0.689255189255189
PIGU,-0.689255189255189
TBPL1,-0.68986568986569
PPP1R35,-0.68986568986569
ADPRM,-0.68986568986569
MED9,-0.68986568986569
TOMM40,-0.68986568986569
CCNB1,-0.690276301737873
HEATR1,-0.69047619047619
SEL1L3,-0.69047619047619
UST,-0.69047619047619
NECAP1,-0.69047619047619
SP2,-0.69047619047619
ZNF180,-0.69047619047619
NBPF11,-0.691086691086691
PRPF40A,-0.691086691086691
DGKQ,-0.691086691086691
DEPDC1B,-0.691086691086691
MCCC2,-0.691086691086691
BRCA2,-0.691086691086691
SLC2A4RG,-0.691086691086691
C1orf159,-0.691697191697192
C1orf216,-0.691697191697192
PRPF38B,-0.691697191697192
SNRNP200,-0.691697191697192
NPRL2,-0.691697191697192
PRKAA1,-0.691697191697192
ZUP1,-0.691697191697192
CMC2,-0.691697191697192
TACO1,-0.691697191697192
RAB37,-0.691697191697192
ADPRHL2,-0.692307692307692
ACOT2,-0.692307692307692
ARHGAP33,-0.692307692307692
INO80D,-0.692918192918193
MYLIP,-0.692918192918193
NOLC1,-0.692918192918193
TRIM68,-0.692918192918193
FTO,-0.692918192918193
NOL9,-0.693528693528694
CIP2A,-0.693528693528694
PRKRIP1,-0.693528693528694
N4BP2L2,-0.693528693528694
KRBA2,-0.693528693528694
INTS2,-0.693528693528694
ANAPC5,-0.694139194139194
DCTD,-0.694749694749695
ZNF398,-0.694749694749695
EARS2,-0.694749694749695
SUPT5H,-0.694749694749695
GPR89A,-0.695360195360195
LIX1L,-0.695360195360195
NOL10,-0.695360195360195
MFSD10,-0.695360195360195
PAIP1,-0.695360195360195
TCERG1,-0.695360195360195
TMEM243,-0.695360195360195
NUBPL,-0.695360195360195
CSNK1D,-0.695360195360195
GPN1,-0.695970695970696
PPP2R5D,-0.695970695970696
ZNF79,-0.695970695970696
ARL14EP,-0.695970695970696
TRIM33,-0.696581196581197
ANKRD44,-0.696581196581197
POLH,-0.696581196581197
FAM53B,-0.696581196581197
ALG5,-0.696581196581197
RAD51AP1,-0.696992833643328
CHCHD6,-0.697191697191697
GLE1,-0.697191697191697
CEP57,-0.697191697191697
KLHL42,-0.697191697191697
MYEF2,-0.697191697191697
CENPT,-0.697191697191697
BSG,-0.697191697191697
CIT,-0.697263393086747
CTPS1,-0.697802197802198
ZNF644,-0.697802197802198
NUP54,-0.697802197802198
HADH,-0.697802197802198
DCAF13,-0.697802197802198
SPCS2,-0.697802197802198
CMC1,-0.698412698412698
MBNL1,-0.698412698412698
COPB1,-0.698412698412698
NEMF,-0.698412698412698
PHF12,-0.698412698412698
POLRMT,-0.698412698412698
AP5S1,-0.698412698412698
SIKE1,-0.699023199023199
TYW5,-0.699023199023199
CDC5L,-0.699023199023199
GPR65,-0.699023199023199
ZC3H18,-0.699023199023199
METTL18,-0.6996336996337
FPGS,-0.6996336996337
CSTF2T,-0.6996336996337
RIC8A,-0.6996336996337
LAMP1,-0.6996336996337
MIA2,-0.6996336996337
THOC1,-0.6996336996337
QTRT1,-0.6996336996337
SMARCB1,-0.6996336996337
EPB41L4A,-0.700061217974625
SELENOI,-0.7002442002442
BRD3OS,-0.7002442002442
PIGW,-0.7002442002442
B4GALT4,-0.700854700854701
ATP2C1,-0.700854700854701
PIGG,-0.700854700854701
WDR70,-0.700854700854701
PNN,-0.700854700854701
TTF2,-0.701465201465202
PPP1R2,-0.701465201465202
PDCD4,-0.701465201465202
ACTR6,-0.701465201465202
NOL7,-0.702075702075702
ARID2,-0.702075702075702
GOLGA5,-0.702075702075702
DYNC1H1,-0.702075702075702
PHLPP2,-0.702075702075702
TULP4,-0.702686202686203
TRIM4,-0.702686202686203
LLGL1,-0.702686202686203
TXNDC9,-0.703296703296703
MARCH6,-0.703296703296703
NFKBIB,-0.703296703296703
CEP97,-0.703907203907204
SERPINI1,-0.703907203907204
ZSWIM9,-0.704517704517705
SLC30A5,-0.705128205128205
YTHDC2,-0.705128205128205
HIST1H2AE,-0.705128205128205
ASF1A,-0.705128205128205
RELA,-0.705128205128205
EMSY,-0.705128205128205
METTL26,-0.705128205128205
GTF3C1,-0.705128205128205
MBD1,-0.705128205128205
CBX7,-0.705128205128205
PIGC,-0.705738705738706
RING1,-0.705738705738706
DONSON,-0.705738705738706
ARFGAP3,-0.705738705738706
RCHY1,-0.706959706959707
IRF1,-0.706959706959707
ZBTB2,-0.706959706959707
WDR86,-0.706959706959707
REXO2,-0.706959706959707
NDUFV2,-0.706959706959707
GPATCH2,-0.707570207570208
SLTM,-0.707570207570208
ALMS1,-0.708180708180708
G3BP1,-0.708180708180708
PDCD7,-0.708180708180708
TXNDC11,-0.708180708180708
ABHD12,-0.708180708180708
TRAPPC2,-0.708180708180708
MT-CO2,-0.708180708180708
CDCA8,-0.708594116025477
NAP1L4,-0.708791208791209
HSD17B7,-0.709401709401709
LCLAT1,-0.709401709401709
AUP1,-0.709401709401709
WDR33,-0.709401709401709
CSKMT,-0.709401709401709
NAA30,-0.71001221001221
TARSL2,-0.71001221001221
SRSF1,-0.71001221001221
GBP3,-0.710622710622711
MTR,-0.710622710622711
SRPRB,-0.710622710622711
POLM,-0.710622710622711
RBM25,-0.710622710622711
CCT4,-0.711233211233211
MRPS9,-0.711233211233211
KIAA1191,-0.711233211233211
DDX56,-0.711233211233211
SMC2,-0.711233211233211
CWF19L2,-0.711233211233211
ADAT1,-0.711233211233211
TP53I13,-0.711233211233211
MRPL10,-0.711233211233211
LMF2,-0.711233211233211
GPN2,-0.711843711843712
ATG9A,-0.711843711843712
SLF1,-0.711843711843712
TBCC,-0.711843711843712
TRAF4,-0.711843711843712
KEAP1,-0.711843711843712
ALDH9A1,-0.712454212454212
MAML1,-0.712454212454212
PREP,-0.712454212454212
FYN,-0.712454212454212
TDP1,-0.712454212454212
TLK1,-0.713064713064713
SLU7,-0.713064713064713
RALGAPA1,-0.713064713064713
SARM1,-0.713064713064713
OPA1,-0.713675213675214
HAUS3,-0.713675213675214
TRMO,-0.713675213675214
GMCL1,-0.714285714285714
PDIA4,-0.714285714285714
GALT,-0.714285714285714
TOB1,-0.714285714285714
CNN2,-0.714285714285714
SPCS1,-0.714896214896215
PPME1,-0.714896214896215
MAF,-0.714896214896215
SMG6,-0.714896214896215
CXXC1,-0.714896214896215
PRXL2B,-0.715506715506716
ABCB10,-0.715506715506716
SLC41A3,-0.715506715506716
HERC6,-0.715506715506716
ZHX2,-0.715506715506716
TIMELESS,-0.715506715506716
ANKS3,-0.715506715506716
EFCAB7,-0.716117216117216
ZNF76,-0.716117216117216
IKZF1,-0.716117216117216
NAT10,-0.716117216117216
FADD,-0.716117216117216
NGDN,-0.716117216117216
BBS4,-0.716117216117216
CLPTM1,-0.716117216117216
PGRMC2,-0.716727716727717
OGA,-0.716727716727717
CCDC32,-0.716727716727717
CC2D1A,-0.716727716727717
DSN1,-0.716727716727717
TBC1D20,-0.717338217338217
CNNM3,-0.717948717948718
EPC2,-0.717948717948718
SELENOT,-0.717948717948718
METAP1,-0.717948717948718
MATR3-1,-0.717948717948718
RIPK1,-0.717948717948718
HIST1H2BH,-0.717948717948718
VCPIP1,-0.717948717948718
DDB1,-0.717948717948718
ETNK1,-0.717948717948718
PITPNM2,-0.717948717948718
EXOSC6,-0.717948717948718
TPGS2,-0.717948717948718
TMEM182,-0.718058320074072
FAM83D,-0.71831322622787
FAF1,-0.718559218559219
ASB6,-0.718559218559219
THYN1,-0.718559218559219
DIS3,-0.718559218559219
MRPL9,-0.719169719169719
SLC25A26,-0.719169719169719
PRR5L,-0.719169719169719
GGNBP2,-0.719169719169719
POP4,-0.719169719169719
PNO1,-0.71978021978022
HELLS,-0.71978021978022
GBF1,-0.71978021978022
ATG2A,-0.71978021978022
SS18,-0.71978021978022
KDM1A,-0.72039072039072
CDC37L1,-0.72039072039072
SMARCD1,-0.72039072039072
HJURP,-0.720762717195399
PTPRC,-0.721001221001221
RAD17,-0.721001221001221
TRIM73,-0.721001221001221
CARNMT1,-0.721001221001221
BMS1,-0.721001221001221
CAPRIN2,-0.721001221001221
NAA80,-0.721611721611722
RFC1,-0.721611721611722
BAZ1B,-0.721611721611722
RNF19A,-0.721611721611722
PIBF1,-0.721611721611722
CIRBP,-0.721611721611722
PSMC2,-0.722222222222222
ATM,-0.722222222222222
COG1,-0.722222222222222
BIRC6,-0.722832722832723
USF3,-0.722832722832723
TERF1,-0.722832722832723
CCDC82,-0.722832722832723
RAN,-0.722832722832723
POLR2I,-0.722832722832723
RCL1,-0.723443223443223
ARL6IP6,-0.724053724053724
MRPL1,-0.724053724053724
ZCCHC7,-0.724053724053724
DCLRE1A,-0.724053724053724
PHC1,-0.724053724053724
C16orf58,-0.724053724053724
HNRNPM,-0.724053724053724
RAD18,-0.724664224664225
PI4K2B,-0.724664224664225
DMTF1,-0.724664224664225
SEC61A2,-0.724664224664225
NCAPD3,-0.724664224664225
EID3,-0.724664224664225
MT-ND5,-0.724664224664225
ERCC3,-0.725274725274725
DZIP3,-0.725274725274725
LRCH3,-0.725274725274725
TNPO1,-0.725274725274725
UBQLN2,-0.725274725274725
RSRC1,-0.725885225885226
PHF14,-0.725885225885226
TEX10,-0.725885225885226
DCPS,-0.726495726495726
ALG1,-0.726495726495726
NPC1,-0.726495726495726
AC119396.1,-0.726495726495726
POFUT2,-0.726495726495726
MT-CO3,-0.726495726495726
MBLAC2,-0.727106227106227
ORC3,-0.727106227106227
MORF4L1,-0.727106227106227
NAE1,-0.727106227106227
C19orf25,-0.727106227106227
PIK3R3,-0.727716727716728
SMC6,-0.727716727716728
ARHGAP15,-0.727716727716728
FYCO1,-0.727716727716728
CCAR1,-0.727716727716728
MED4,-0.727716727716728
HP1BP3,-0.728327228327228
MYNN,-0.728327228327228
CREBZF,-0.728327228327228
YEATS4,-0.728327228327228
UBR1,-0.728327228327228
CCNB2,-0.728327228327228
SHCBP1,-0.728327228327228
MRM3,-0.728327228327228
RBM45,-0.728937728937729
SEPTIN11,-0.728937728937729
HELQ,-0.728937728937729
ABCA3,-0.728937728937729
SLC12A2,-0.729548229548229
CROT,-0.729548229548229
RNF10,-0.729548229548229
NSF,-0.729548229548229
KCTD18,-0.73015873015873
RYK,-0.73015873015873
CBLL1,-0.73015873015873
ST3GAL1,-0.73015873015873
RNF121,-0.73015873015873
MFNG,-0.73015873015873
MT-ATP8,-0.73015873015873
IFITM1,-0.730769230769231
USP47,-0.730769230769231
TMEM116,-0.730769230769231
ZNF568,-0.730769230769231
STRIP1,-0.731379731379731
MAN2A1,-0.731379731379731
RIPOR2,-0.731990231990232
NUP42,-0.731990231990232
EIF2B2,-0.731990231990232
OTUD4,-0.732600732600733
ZNF460,-0.732600732600733
SMYD3,-0.733211233211233
METTL8,-0.733211233211233
RAD50,-0.733211233211233
PTBP1,-0.733211233211233
PRMT1,-0.733211233211233
EXOC6B,-0.733821733821734
TBCCD1,-0.733821733821734
CNOT4,-0.733821733821734
SLC25A32,-0.733821733821734
RBM4B,-0.733821733821734
PBXIP1,-0.734432234432234
MFSD9,-0.734432234432234
ANKRD37,-0.734432234432234
POLR1E,-0.734432234432234
DIABLO,-0.734432234432234
CRYZ,-0.735042735042735
SF3B2,-0.735042735042735
NUDCD3,-0.735653235653236
UBE2V2,-0.735653235653236
KMT2A,-0.735653235653236
SLC35C2,-0.735653235653236
RSBN1,-0.736263736263736
WDR54,-0.736263736263736
ZBTB49,-0.736263736263736
ZNF92,-0.736263736263736
VPS33A,-0.736263736263736
CMTR1,-0.736874236874237
SEC61A1,-0.737484737484737
BUD31,-0.737484737484737
PRKDC,-0.737484737484737
ERN1,-0.737484737484737
SEC23B,-0.737484737484737
IPP,-0.738095238095238
SLC25A36,-0.738095238095238
PACS1,-0.738095238095238
DNAJA3,-0.738095238095238
RALGAPB,-0.738095238095238
TMEM67,-0.738705738705739
NOP56,-0.738705738705739
CDC14A,-0.739316239316239
CASP8AP2,-0.739316239316239
ITGB1,-0.739316239316239
DHRS7,-0.739316239316239
AMDHD2,-0.739316239316239
DVL2,-0.739316239316239
MORC3,-0.739316239316239
ARHGEF9,-0.739316239316239
ERLEC1,-0.73992673992674
MTO1,-0.73992673992674
PMPCB,-0.73992673992674
ZNF250,-0.73992673992674
MARCH8,-0.73992673992674
SIRT3,-0.73992673992674
FANCM,-0.73992673992674
EIF2S1,-0.73992673992674
KCTD13,-0.73992673992674
SLC25A42,-0.73992673992674
HAUS5,-0.73992673992674
EPRS,-0.740537240537241
TTC30A,-0.740537240537241
SIGIRR,-0.740537240537241
TRAF6,-0.740537240537241
XAB2,-0.740537240537241
MYH9,-0.740537240537241
TRMT44,-0.741147741147741
FDX1,-0.741147741147741
GALNT3,-0.741758241758242
PTGER4,-0.741758241758242
TMEM68,-0.741758241758242
PRKD2,-0.741758241758242
NIPBL,-0.742368742368742
PPWD1,-0.742368742368742
NAPEPLD,-0.742368742368742
TGS1,-0.742368742368742
ZNF189,-0.742368742368742
FANCA,-0.742368742368742
FUBP1,-0.742979242979243
DBR1,-0.742979242979243
SGTB,-0.742979242979243
KANSL1,-0.742979242979243
TTC14,-0.743589743589744
ADD1,-0.743589743589744
COPS5,-0.743589743589744
FDXACB1,-0.743589743589744
SKA2,-0.743589743589744
RELCH,-0.743589743589744
SRSF7,-0.744200244200244
ZNF292,-0.744200244200244
MAPKBP1,-0.744200244200244
RETREG3,-0.744200244200244
DNAJC19,-0.744810744810745
HNRNPA2B1,-0.744810744810745
ELAC2,-0.744810744810745
DNAJB1,-0.744810744810745
CEACAM21,-0.744810744810745
RBM38,-0.744810744810745
CSTF2,-0.744810744810745
SHISA5,-0.745421245421245
LIN54,-0.745421245421245
HSPA5,-0.745421245421245
TMEM223,-0.745421245421245
ZNF410,-0.745421245421245
ZNF146,-0.745421245421245
THADA,-0.746031746031746
DNAJC2,-0.746031746031746
RAB35,-0.746031746031746
ZNF699,-0.746031746031746
ZNF638,-0.746642246642247
TRAF2,-0.746642246642247
ACAT1,-0.746642246642247
DRG1,-0.746642246642247
EXOSC7,-0.747252747252747
SMARCA5,-0.747252747252747
BTN3A2,-0.747252747252747
BBS9,-0.747252747252747
DCAF10,-0.747252747252747
POMT1,-0.747252747252747
CTC1,-0.747252747252747
COIL,-0.747252747252747
U2AF2,-0.747252747252747
PPP6R2,-0.747252747252747
NCAPH2,-0.747252747252747
USP1,-0.747863247863248
MOGS,-0.747863247863248
GCSH,-0.747863247863248
VRK3,-0.747863247863248
PREB,-0.748473748473748
HS3ST3B1,-0.748473748473748
PNKP,-0.748473748473748
RLF,-0.749084249084249
PHTF1,-0.749084249084249
ASB3,-0.749084249084249
ELP6,-0.749084249084249
LTV1,-0.749084249084249
APOBEC3C,-0.749084249084249
CDC73,-0.74969474969475
METTL14,-0.74969474969475
GPBP1,-0.74969474969475
UTP23,-0.74969474969475
CAAP1,-0.74969474969475
ZER1,-0.74969474969475
DMPK,-0.74969474969475
TMEM143,-0.74969474969475
PSME4,-0.75030525030525
GLS,-0.75030525030525
FRYL,-0.75030525030525
SUMF2,-0.75030525030525
ZNF394,-0.75030525030525
PELP1,-0.75030525030525
WDR7,-0.75030525030525
DENND1B,-0.750915750915751
PPM1G,-0.750915750915751
BORA,-0.750915750915751
ATL1,-0.750915750915751
CDKN3,-0.750915750915751
PPP4R3A,-0.750915750915751
WHAMM,-0.750915750915751
UNK,-0.750915750915751
MCM6,-0.751526251526251
SACM1L,-0.751526251526251
YIPF5,-0.751526251526251
FAM160B1,-0.751526251526251
PRPF19,-0.751526251526251
PDZD11,-0.751526251526251
GALNT11,-0.752136752136752
GPATCH4,-0.752747252747253
PUM2,-0.752747252747253
HSPE1,-0.752747252747253
CISD2,-0.752747252747253
CPTP,-0.753357753357753
TTC4,-0.753357753357753
NBEAL1,-0.753357753357753
RPN1,-0.753357753357753
TTC5,-0.753357753357753
EIF5A,-0.753357753357753
UBL4A,-0.753357753357753
RHEBL1,-0.753472761030106
MGAT5,-0.753968253968254
ABI1,-0.753968253968254
STK26,-0.753968253968254
EPC1,-0.754578754578755
CASZ1,-0.755189255189255
B3GNT2,-0.755189255189255
ACAD8,-0.755189255189255
PARN,-0.755189255189255
N4BP1,-0.755189255189255
SAP30BP,-0.755189255189255
MED15,-0.755189255189255
TRAIP,-0.75560983936366
CDK5RAP2,-0.755799755799756
INCENP,-0.755799755799756
SLC3A2,-0.755799755799756
SF3A2,-0.755799755799756
PPP2CA,-0.756410256410256
INPP4A,-0.757020757020757
BTN3A1,-0.757020757020757
KAT6A,-0.757020757020757
ALKBH8,-0.757020757020757
PMAIP1,-0.757020757020757
KDM6A,-0.757020757020757
ARAP2,-0.757631257631258
RNGTT,-0.757631257631258
SHFL,-0.757631257631258
RRP1B,-0.757631257631258
RBM34,-0.758241758241758
GK5,-0.758241758241758
HLTF,-0.758241758241758
AUH,-0.758241758241758
VTI1A,-0.758241758241758
SLC39A13,-0.758241758241758
RIC8B,-0.758241758241758
RSRC2,-0.758241758241758
GMPPB,-0.758852258852259
TCOF1,-0.758852258852259
LDHA,-0.758852258852259
LMF1,-0.758852258852259
RAC2,-0.758852258852259
OIP5,-0.759315963300574
TOR1AIP1,-0.759462759462759
DCAF17,-0.759462759462759
MYO19,-0.759462759462759
SDF2L1,-0.759462759462759
STK4,-0.76007326007326
PANX1,-0.760683760683761
KLF2,-0.760683760683761
PDRG1,-0.760683760683761
UHMK1,-0.761294261294261
SLC37A4,-0.761294261294261
CCDC91,-0.761294261294261
DDX19B,-0.761294261294261
ZNF548,-0.761294261294261
RDH14,-0.761904761904762
RAB5A,-0.761904761904762
EHMT1,-0.761904761904762
RAB6A,-0.761904761904762
TRIM28,-0.761904761904762
SRPRA,-0.762515262515263
COX11,-0.763125763125763
KPNA2,-0.763125763125763
PYCR2,-0.763736263736264
SF3B1,-0.763736263736264
ZNF148,-0.763736263736264
SDAD1,-0.763736263736264
ZNF273,-0.763736263736264
PARP16,-0.763736263736264
ATG4A,-0.763736263736264
ANAPC4,-0.764346764346764
ADCK5,-0.764346764346764
CYP2R1,-0.764346764346764
DLST,-0.764346764346764
PDK2,-0.764346764346764
ZNF574,-0.764346764346764
TDRKH,-0.764957264957265
GTDC1,-0.764957264957265
KIF2A,-0.764957264957265
TAF5,-0.764957264957265
NCOR1,-0.764957264957265
C17orf75,-0.764957264957265
DIDO1,-0.764957264957265
ENPP4,-0.765567765567766
SART3,-0.765567765567766
SCAMP3,-0.766178266178266
TIPRL,-0.766178266178266
CCDC93,-0.766178266178266
EFL1,-0.766178266178266
PRPF8,-0.766178266178266
RPTOR,-0.766178266178266
LARS2,-0.766788766788767
MRFAP1L1,-0.766788766788767
KPNA5,-0.766788766788767
PCID2,-0.766788766788767
NGRN,-0.766788766788767
ZBTB20,-0.767399267399267
GOLPH3,-0.768009768009768
FBXW8,-0.768009768009768
ZNF506,-0.768009768009768
ZNF708,-0.768009768009768
MPHOSPH10,-0.768620268620269
DTD1,-0.768620268620269
GCC2,-0.769230769230769
USP38,-0.769230769230769
ZWINT,-0.769230769230769
PGAM5,-0.769230769230769
HSH2D,-0.769230769230769
TAF5L,-0.76984126984127
TTC33,-0.76984126984127
TAP1,-0.76984126984127
PUM3,-0.76984126984127
BOLA3,-0.77045177045177
ACTR8,-0.77045177045177
IRF3,-0.77045177045177
ING5,-0.771062271062271
CENPE,-0.771062271062271
SETD6,-0.771062271062271
CFAP97,-0.771672771672772
LPCAT1,-0.771672771672772
HIST1H2AH,-0.771672771672772
AP1G2,-0.771672771672772
UTP25,-0.772283272283272
GALNT10,-0.772283272283272
SEC11C,-0.772283272283272
RXRB,-0.772893772893773
TMEM64,-0.772893772893773
HNRNPH3,-0.772893772893773
TRPM7,-0.772893772893773
DAZAP1,-0.772893772893773
GRWD1,-0.772893772893773
DIP2A,-0.772893772893773
CENPP,-0.773504273504273
DLAT,-0.774114774114774
MRPL39,-0.774114774114774
GINS2,-0.774232950556057
RFXAP,-0.774725274725275
ELF1,-0.774725274725275
RIOX1,-0.774725274725275
DHRS13,-0.774725274725275
PIM2,-0.774725274725275
ZNF75D,-0.774725274725275
TPR,-0.775335775335775
TAF7,-0.775335775335775
FIGNL1,-0.775335775335775
PAF1,-0.775335775335775
NOP53,-0.775335775335775
NELFA,-0.775946275946276
DCAF4,-0.775946275946276
MCTP2,-0.775946275946276
APOBEC3H,-0.775946275946276
RNF113A,-0.775946275946276
POMGNT1,-0.776556776556777
SAP130,-0.776556776556777
SEC24B,-0.776556776556777
CDKN2AIP,-0.776556776556777
TCF19,-0.776556776556777
HIST4H4,-0.776556776556777
HENMT1,-0.777167277167277
SNX25,-0.777167277167277
LTA,-0.777167277167277
PHF1,-0.777167277167277
VCP,-0.777167277167277
TNKS2,-0.777777777777778
CKAP5,-0.777777777777778
JAK3,-0.777777777777778
ENTPD4,-0.778388278388278
ARFGEF1,-0.778388278388278
MIER1,-0.778998778998779
GON4L,-0.778998778998779
MOB4,-0.778998778998779
SCAMP2,-0.778998778998779
EIF2B5,-0.77960927960928
GTF3C5,-0.77960927960928
FNBP4,-0.77960927960928
MAGOHB,-0.77960927960928
ANKRA2,-0.78021978021978
KHDC4,-0.780830280830281
EPM2AIP1,-0.780830280830281
TMEM106C,-0.780830280830281
HIST2H2BF,-0.781440781440781
FUT11,-0.781440781440781
LARP4,-0.781440781440781
GTF2A1,-0.781440781440781
MMADHC,-0.782051282051282
MCM3,-0.782051282051282
ATP6V1H,-0.782051282051282
PURA,-0.782661782661783
MARS,-0.782661782661783
ZNF75A,-0.782661782661783
MRPL38,-0.782661782661783
SLC25A12,-0.783272283272283
PLCL2,-0.783272283272283
MTHFD1L,-0.783272283272283
PDCD2L,-0.783272283272283
HABP4,-0.783882783882784
MUS81,-0.783882783882784
RBM19,-0.783882783882784
FANCD2,-0.784493284493284
BRIX1,-0.784493284493284
EDRF1,-0.784493284493284
RRM1,-0.784493284493284
SLC9A3R1,-0.784493284493284
ALG9,-0.785103785103785
RPS6KA5,-0.785103785103785
MVD,-0.785103785103785
TSC22D3,-0.785103785103785
SNRNP40,-0.785714285714286
TFG,-0.785714285714286
EIF4A2,-0.785714285714286
UBR2,-0.785714285714286
TINF2,-0.785714285714286
TVP23B,-0.785714285714286
CDC27,-0.785714285714286
MDH1,-0.786324786324786
PIK3R4,-0.786324786324786
TUT1,-0.786324786324786
SF3A1,-0.786324786324786
FCHSD1,-0.786935286935287
KMT2E,-0.786935286935287
FOXRED1,-0.786935286935287
TRNAU1AP,-0.787545787545787
CCT3,-0.787545787545787
PPM1B,-0.787545787545787
CRYBG1,-0.787545787545787
TFB1M,-0.787545787545787
USP14,-0.787545787545787
PAICS,-0.788156288156288
PSMD3,-0.788156288156288
KPNB1,-0.788156288156288
ZNF160,-0.788156288156288
HIST1H3D,-0.788766788766789
HIST3H2A,-0.789377289377289
CDKN1B,-0.789377289377289
MT-ND4L,-0.789377289377289
NME7,-0.78998778998779
RFTN1,-0.78998778998779
SPATA5,-0.78998778998779
DHFR,-0.78998778998779
SCFD1,-0.78998778998779
RHOT2,-0.78998778998779
PRKX,-0.78998778998779
IPO11,-0.790598290598291
KIAA1328,-0.790598290598291
WFS1,-0.791208791208791
ZSCAN26,-0.791208791208791
NOL8,-0.791208791208791
ZFYVE27,-0.791208791208791
SF1,-0.791208791208791
SMCHD1,-0.791208791208791
KIAA1109,-0.791819291819292
ABT1,-0.791819291819292
PIP4K2C,-0.791819291819292
SACS,-0.791819291819292
LPCAT4,-0.791819291819292
KLHL11,-0.791819291819292
TASP1,-0.791819291819292
TRAPPC10,-0.791819291819292
PSMD6,-0.792429792429792
VPS13A,-0.792429792429792
BCAS3,-0.792429792429792
MTREX,-0.793040293040293
WAPL,-0.793040293040293
SAAL1,-0.793650793650794
PBDC1,-0.793650793650794
TRMT2B,-0.793650793650794
JMY,-0.794261294261294
SHPRH,-0.794261294261294
CNNM2,-0.794871794871795
CDK5RAP1,-0.794871794871795
MRPL22,-0.795482295482295
COQ3,-0.795482295482295
UBE3A,-0.795482295482295
GPS2,-0.795482295482295
MTMR8,-0.795482295482295
TRIM62,-0.796092796092796
RTCA,-0.796092796092796
EXOC8,-0.796092796092796
EIF5B,-0.796092796092796
MSMO1,-0.796092796092796
DBF4,-0.796092796092796
ATG13,-0.796092796092796
ZWILCH,-0.796703296703297
C1GALT1,-0.797313797313797
ACSL5,-0.797313797313797
XRN1,-0.797924297924298
KCTD9,-0.797924297924298
RECQL,-0.797924297924298
ZC3H14,-0.797924297924298
KLHL20,-0.798534798534799
GMPS,-0.798534798534799
CEP78,-0.798534798534799
DYRK1B,-0.798534798534799
PHC3,-0.799145299145299
MCCC1,-0.799145299145299
CHD7,-0.799145299145299
UBFD1,-0.799145299145299
TRANK1,-0.7997557997558
MFSD8,-0.7997557997558
RANBP9,-0.7997557997558
ASCC3,-0.7997557997558
EP400,-0.7997557997558
B2M,-0.7997557997558
ITFG1,-0.7997557997558
ILKAP,-0.8003663003663
FOXP1,-0.8003663003663
CDC23,-0.8003663003663
FARS2,-0.8003663003663
SCAF8,-0.8003663003663
BMPR1A,-0.8003663003663
AAR2,-0.8003663003663
HECTD3,-0.800976800976801
TRMT61B,-0.800976800976801
ANKHD1,-0.800976800976801
EXOSC3,-0.800976800976801
YTHDF2,-0.801587301587302
UBIAD1,-0.802197802197802
TAMM41,-0.802197802197802
CENPH,-0.802197802197802
PEX1,-0.802197802197802
STK39,-0.802808302808303
PIK3R1,-0.802808302808303
UGCG,-0.802808302808303
DPH7,-0.802808302808303
RCE1,-0.802808302808303
ZNF324,-0.802808302808303
RAB11FIP2,-0.803418803418803
HSP90AA1,-0.803418803418803
LONP2,-0.803418803418803
RPA1,-0.803418803418803
CBFA2T2,-0.803418803418803
TYW1,-0.804029304029304
RINT1,-0.804029304029304
RNF139,-0.804029304029304
SLC25A45,-0.804029304029304
HERC1,-0.804029304029304
DUSP11,-0.804639804639805
DHX29,-0.804639804639805
SNRNP35,-0.804639804639805
ZNF526,-0.804639804639805
CCAR2,-0.805250305250305
RABEP2,-0.805250305250305
MSH2,-0.805860805860806
ACOX3,-0.805860805860806
PRIM2,-0.805860805860806
NCAPG2,-0.806471306471306
BPGM,-0.807081807081807
TRAPPC6B,-0.807081807081807
RAD51B,-0.807081807081807
NR2C2AP,-0.807081807081807
NIPSNAP1,-0.807081807081807
NUP205,-0.807692307692308
IPPK,-0.807692307692308
MGAT2,-0.807692307692308
TCF12,-0.807692307692308
ATP9B,-0.807692307692308
PTPRA,-0.807692307692308
PIK3IP1,-0.807692307692308
MUTYH,-0.808302808302808
TBP,-0.808302808302808
ABCC1,-0.808302808302808
SYT11,-0.808913308913309
TRAF3IP3,-0.808913308913309
RELL2,-0.808913308913309
MTHFD1,-0.808913308913309
MT-ATP6,-0.808913308913309
EXOSC10,-0.80952380952381
IWS1,-0.80952380952381
IFT57,-0.80952380952381
BRF2,-0.80952380952381
CAND1,-0.80952380952381
SUZ12,-0.80952380952381
PAPOLG,-0.81013431013431
PLCD1,-0.81013431013431
UHRF2,-0.81013431013431
RHOF,-0.81013431013431
KLHL28,-0.81013431013431
IFT43,-0.81013431013431
FAM104A,-0.81013431013431
PRELID3B,-0.81013431013431
ST6GAL1,-0.810744810744811
DDX24,-0.810744810744811
ARL6IP1,-0.810744810744811
THAP7,-0.810744810744811
DDX59,-0.811355311355311
LMAN2,-0.811355311355311
GTF2E2,-0.811355311355311
LNX2,-0.811355311355311
ZNF274,-0.811355311355311
TPST2,-0.811355311355311
B4GALT3,-0.811965811965812
CYP4V2,-0.811965811965812
NCBP1,-0.811965811965812
CYB5A,-0.811965811965812
MRNIP,-0.812576312576313
SPAG1,-0.813186813186813
RSAD1,-0.813186813186813
TRPC4AP,-0.813186813186813
MT-CYB,-0.813186813186813
HLA-A,-0.813797313797314
LTB,-0.813797313797314
SKIV2L,-0.813797313797314
DIMT1,-0.814407814407814
ARIH2OS,-0.815018315018315
INTS12,-0.815018315018315
SMC5,-0.815018315018315
ACTR5,-0.815018315018315
MANEA,-0.815628815628816
ECD,-0.815628815628816
WWOX,-0.815628815628816
TMEM214,-0.816239316239316
CCNT2,-0.816239316239316
SCFD2,-0.816239316239316
FBXL14,-0.816239316239316
TFIP11,-0.816239316239316
C11orf49,-0.816849816849817
UNG,-0.816849816849817
METRN,-0.816849816849817
ARHGEF1,-0.816849816849817
GET4,-0.817460317460317
PIP4K2A,-0.817460317460317
FAS,-0.817460317460317
PRPF39,-0.817460317460317
ITPKB,-0.818070818070818
PRPF4B,-0.818070818070818
PINX1,-0.818070818070818
ULK3,-0.818070818070818
ODF2L,-0.818681318681319
TFDP2,-0.818681318681319
SENP5,-0.818681318681319
TAF15,-0.818681318681319
STRN,-0.819291819291819
HIST1H2AD,-0.819291819291819
CYTH3,-0.819291819291819
ZMYND19,-0.819291819291819
MTG1,-0.819291819291819
KLHDC2,-0.819291819291819
SF3B3,-0.819291819291819
PIK3C3,-0.819291819291819
DNAJC27,-0.81990231990232
GFM1,-0.81990231990232
DAXX,-0.81990231990232
FBXO5,-0.81990231990232
AMBRA1,-0.81990231990232
ZC3HAV1,-0.82051282051282
ACBD6,-0.821123321123321
USP24,-0.821733821733822
PPP3CC,-0.821733821733822
DNAJC9,-0.821733821733822
BORCS5,-0.821733821733822
ERVK3-1,-0.821733821733822
PPP1R16B,-0.821733821733822
NBAS,-0.822344322344322
RCC1L,-0.822344322344322
FANCI,-0.822344322344322
C16orf54,-0.822344322344322
HSPBP1,-0.822344322344322
SCAF4,-0.822344322344322
PDE12,-0.822954822954823
SERINC1,-0.822954822954823
COQ6,-0.822954822954823
XPO4,-0.823565323565324
LUC7L2,-0.824175824175824
SPRTN,-0.824786324786325
TAF6,-0.824786324786325
MNAT1,-0.824786324786325
PAFAH1B1,-0.824786324786325
GPATCH8,-0.824786324786325
DIS3L2,-0.825396825396825
ARHGEF3,-0.825396825396825
EXOC4,-0.825396825396825
SYNRG,-0.825396825396825
INVS,-0.826007326007326
BCDIN3D,-0.826007326007326
ZCCHC8,-0.826007326007326
RRN3,-0.826007326007326
UTP4,-0.826007326007326
TDP2,-0.826617826617827
KBTBD4,-0.827228327228327
U2SURP,-0.827838827838828
RARS2,-0.827838827838828
AGK,-0.827838827838828
PIGO,-0.827838827838828
SMC3,-0.827838827838828
C2CD3,-0.827838827838828
PCNX4,-0.827838827838828
SLC1A4,-0.828449328449328
HSPD1,-0.828449328449328
ZFAT,-0.828449328449328
LEMD3,-0.828449328449328
FBXO21,-0.828449328449328
HSPH1,-0.828449328449328
BLZF1,-0.829059829059829
HLA-F,-0.829059829059829
BAK1,-0.829059829059829
PRR5,-0.829059829059829
CCND3,-0.82967032967033
CDK13,-0.82967032967033
SMARCA2,-0.83028083028083
TIMM23,-0.83028083028083
TIMM29,-0.83028083028083
TUBA4A,-0.830891330891331
NR3C1,-0.830891330891331
UBE2T,-0.831501831501831
LIN52,-0.831501831501831
IDS,-0.831501831501831
HSP90AB1,-0.832112332112332
MED17,-0.832112332112332
CHD6,-0.832112332112332
SLC10A3,-0.832112332112332
GOT1,-0.832722832722833
LMBR1,-0.833333333333333
NSMCE3,-0.833333333333333
DIS3L,-0.833333333333333
ATPAF1,-0.833943833943834
RBM27,-0.833943833943834
DDOST,-0.834554334554334
SNAP47,-0.834554334554334
POLR2B,-0.834554334554334
SSX2IP,-0.835164835164835
NCL,-0.835164835164835
CDK17,-0.835164835164835
CYB561,-0.835164835164835
ELP2,-0.835164835164835
GPRIN3,-0.835775335775336
ARHGAP12,-0.835775335775336
CNOT2,-0.835775335775336
ESCO1,-0.836385836385836
STAG1,-0.836996336996337
RNF168,-0.836996336996337
NUDT21,-0.836996336996337
ALG12,-0.836996336996337
FTSJ1,-0.836996336996337
SMYD5,-0.837606837606838
CCDC34,-0.837606837606838
CNST,-0.838217338217338
NUP155,-0.838217338217338
CDKAL1,-0.838217338217338
GRK5,-0.838217338217338
DDB2,-0.838217338217338
CALM1,-0.838217338217338
HTATSF1,-0.838217338217338
CASP3,-0.838827838827839
PGGHG,-0.838827838827839
GSPT1,-0.838827838827839
THOP1,-0.838827838827839
HLCS,-0.838827838827839
EXOC2,-0.839438339438339
HIST1H2AL,-0.839438339438339
CEP68,-0.84004884004884
THOC3,-0.84004884004884
SPSB3,-0.84004884004884
TERF2IP,-0.84004884004884
TTC21B,-0.840659340659341
GLT8D1,-0.840659340659341
RAP1GDS1,-0.840659340659341
CRY1,-0.840659340659341
MIPEP,-0.840659340659341
UBR7,-0.840659340659341
ACD,-0.840659340659341
NUP107,-0.841269841269841
ZNF830,-0.841269841269841
UCHL5,-0.841880341880342
ANKRD39,-0.841880341880342
SP140L,-0.841880341880342
NKTR,-0.841880341880342
ADNP,-0.841880341880342
HNRNPR,-0.842490842490843
SLC39A7,-0.842490842490843
SP4,-0.842490842490843
SRP68,-0.842490842490843
BBS2,-0.843101343101343
MRPL49,-0.843711843711844
ANKRD11,-0.843711843711844
HIST1H2BC,-0.844322344322344
TTF1,-0.844322344322344
FAM172A,-0.844932844932845
HIST1H2BF,-0.844932844932845
ATP6V0A2,-0.844932844932845
WDCP,-0.845543345543345
C6orf136,-0.845543345543345
ANKMY2,-0.845543345543345
SAMD9,-0.845543345543345
ERCC6,-0.845543345543345
SINHCAF,-0.845543345543345
ALKBH6,-0.845543345543345
PSIP1,-0.846153846153846
EMC4,-0.846153846153846
TOGARAM1,-0.846764346764347
CLSPN,-0.847374847374847
NDUFAF4,-0.847374847374847
CEMIP2,-0.847374847374847
PRDM4,-0.847374847374847
TIMM21,-0.847374847374847
COQ10B,-0.847985347985348
ARMC8,-0.847985347985348
VOPP1,-0.847985347985348
SRRT,-0.847985347985348
PRMT3,-0.847985347985348
TWF1,-0.847985347985348
EXOSC8,-0.847985347985348
PEX14,-0.848595848595848
YRDC,-0.848595848595848
RUVBL1,-0.848595848595848
RNASEH1,-0.849206349206349
FBXO31,-0.849206349206349
KLHL22,-0.849206349206349
TRAPPC4,-0.84981684981685
ZNF384,-0.84981684981685
PIGH,-0.84981684981685
RNF167,-0.84981684981685
PRPS1,-0.84981684981685
KAT6B,-0.85042735042735
ARHGEF12,-0.85042735042735
PRIM1,-0.85042735042735
ANKRD12,-0.851037851037851
DPP9,-0.851037851037851
CTR9,-0.851648351648352
ERCC5,-0.851648351648352
MCM4,-0.852258852258852
G2E3,-0.852258852258852
PIGB,-0.852258852258852
ISCU,-0.852869352869353
BTBD1,-0.852869352869353
ZNF622,-0.853479853479853
ELP3,-0.853479853479853
B3GAT3,-0.853479853479853
RMDN3,-0.853479853479853
CYP20A1,-0.854090354090354
ANKH,-0.854090354090354
ENOPH1,-0.854700854700855
DPF2,-0.854700854700855
NABP2,-0.854700854700855
FUS,-0.854700854700855
KIZ,-0.854700854700855
DOCK10,-0.855311355311355
SDHA,-0.855921855921856
ZNF655,-0.855921855921856
NUP98,-0.855921855921856
TTC17,-0.855921855921856
LSM14A,-0.855921855921856
HLA-B,-0.856532356532356
MAN1A1,-0.856532356532356
USP42,-0.856532356532356
HMOX2,-0.856532356532356
NUDT16L1,-0.856532356532356
DERL2,-0.856532356532356
TP53BP1,-0.857142857142857
ACSS1,-0.857142857142857
PIAS3,-0.857753357753358
UBXN4,-0.857753357753358
LEO1,-0.857753357753358
POLR2A,-0.857753357753358
MTMR1,-0.857753357753358
SMC4,-0.858363858363858
ICE1,-0.858974358974359
NR2C2,-0.85958485958486
WDR48,-0.85958485958486
ATP6V0E2,-0.85958485958486
CCDC137,-0.85958485958486
ZXDA,-0.85958485958486
SMARCC1,-0.86019536019536
DNAJB14,-0.860805860805861
PRRC1,-0.860805860805861
IL21R,-0.860805860805861
G3BP2,-0.861416361416361
RFC5,-0.861416361416361
ITCH,-0.861416361416361
TRPV2,-0.862026862026862
MAGEH1,-0.862026862026862
EXOSC9,-0.862637362637363
NVL,-0.863247863247863
KIF3A,-0.863247863247863
ADRB2,-0.863858363858364
URI1,-0.863858363858364
HSD17B8,-0.864468864468864
KLF12,-0.864468864468864
GPR174,-0.864468864468864
PSMC6,-0.865079365079365
CYTH1,-0.865079365079365
RTTN,-0.865079365079365
IQCB1,-0.866910866910867
LENG1,-0.866910866910867
RPN2,-0.866910866910867
CACYBP,-0.867521367521368
DYRK2,-0.867521367521368
MECP2,-0.867521367521368
RSRP1,-0.868131868131868
UBA5,-0.868131868131868
COPS6,-0.868131868131868
CHORDC1,-0.868131868131868
ATP11B,-0.868742368742369
JADE1,-0.868742368742369
C6orf89,-0.868742368742369
NEDD1,-0.868742368742369
MAP4K5,-0.868742368742369
SNTB2,-0.868742368742369
CEP120,-0.869352869352869
PHAX,-0.869352869352869
ATG5,-0.869352869352869
NFX1,-0.869352869352869
MADD,-0.869352869352869
PLAAT4,-0.869352869352869
MACF1,-0.86996336996337
FAM76B,-0.86996336996337
TMEM87A,-0.86996336996337
SNRPA1,-0.870573870573871
CUL3,-0.871184371184371
KANSL2,-0.871184371184371
SELENOM,-0.871184371184371
BBX,-0.871794871794872
RSBN1L,-0.871794871794872
ZDHHC6,-0.871794871794872
HACD3,-0.871794871794872
TRMU,-0.871794871794872
PDIA6,-0.872405372405372
CCT7,-0.872405372405372
AKT3,-0.873626373626374
DDHD1,-0.874236874236874
HARS,-0.874847374847375
EWSR1,-0.874847374847375
IP6K2,-0.875457875457875
TMEM222,-0.876068376068376
RAD21,-0.876068376068376
FANCG,-0.876068376068376
ZFAND4,-0.876068376068376
MTRR,-0.876678876678877
ORC6,-0.876678876678877
ZMYM5,-0.877289377289377
IMP3,-0.877289377289377
CA5B,-0.877289377289377
EED,-0.878510378510378
UBB,-0.878510378510378
NUP133,-0.879120879120879
ZNF251,-0.87973137973138
TIMM22,-0.87973137973138
XRCC6,-0.87973137973138
P2RY10,-0.87973137973138
NDUFA9,-0.88034188034188
TSTD1,-0.880952380952381
PPP1R12A,-0.880952380952381
FBXO7,-0.880952380952381
PCNA,-0.881562881562882
RNF4,-0.882173382173382
SFI1,-0.882173382173382
ACOT7,-0.882783882783883
ARID4B,-0.882783882783883
DCAF5,-0.882783882783883
BCR,-0.882783882783883
AIP,-0.883394383394383
TRNT1,-0.884004884004884
RGL4,-0.884004884004884
ODC1,-0.884615384615385
CLK4,-0.884615384615385
PHF3,-0.884615384615385
RNF38,-0.884615384615385
XRRA1,-0.884615384615385
TSEN15,-0.885225885225885
RAB29,-0.885225885225885
MTA2,-0.885225885225885
DUT,-0.885225885225885
TSEN54,-0.885836385836386
EBP,-0.885836385836386
ASTE1,-0.886446886446887
WDR34,-0.886446886446887
ZBTB1,-0.886446886446887
USP11,-0.887057387057387
CNOT6L,-0.887667887667888
MOB2,-0.887667887667888
CORO7,-0.887667887667888
TNKS,-0.888888888888889
AEN,-0.888888888888889
MRTFB,-0.888888888888889
MCM5,-0.888888888888889
RPUSD2,-0.88949938949939
ZNF236,-0.88949938949939
OTULIN,-0.89010989010989
PRMT2,-0.89010989010989
ZNF800,-0.890720390720391
TECR,-0.890720390720391
NR1D2,-0.891330891330891
CRNKL1,-0.891330891330891
TAF3,-0.891941391941392
CCT2,-0.891941391941392
RNPS1,-0.891941391941392
CCDC88C,-0.892551892551893
RPA2,-0.893162393162393
MPHOSPH8,-0.893162393162393
ZC3H13,-0.893162393162393
ANKRD27,-0.893162393162393
RINL,-0.893162393162393
SAFB2,-0.893772893772894
PSMD14,-0.894383394383394
MRPS30,-0.894383394383394
DGKE,-0.894383394383394
PEX3,-0.894993894993895
INO80E,-0.894993894993895
CYB5B,-0.894993894993895
RASAL3,-0.894993894993895
KDM4C,-0.895604395604395
DCK,-0.896214896214896
SRP54,-0.896214896214896
PNMA1,-0.896214896214896
ANKAR,-0.896825396825397
GPHN,-0.896825396825397
SLFN5,-0.897435897435897
HSPA8,-0.898046398046398
PWP1,-0.898046398046398
HACL1,-0.898656898656899
DMWD,-0.899267399267399
RAB22A,-0.899267399267399
BTD,-0.8998778998779
MED19,-0.8998778998779
DCP1B,-0.8998778998779
MON2,-0.900488400488401
UBE2N,-0.900488400488401
ARID5B,-0.901098901098901
RASSF1,-0.901709401709402
DERL1,-0.901709401709402
CCDC130,-0.901709401709402
FEN1,-0.902319902319902
CTCF,-0.902319902319902
PIGT,-0.902319902319902
IL12RB1,-0.902930402930403
KIF5C,-0.903373541283664
NRF1,-0.903540903540904
WIPF1,-0.904151404151404
CDK6,-0.904761904761905
SARAF,-0.904761904761905
IDH2,-0.904761904761905
APOBEC3G,-0.904761904761905
THRAP3,-0.905372405372405
ANKRD13C,-0.905372405372405
SP140,-0.905372405372405
JADE2,-0.905372405372405
API5,-0.905372405372405
LIG1,-0.905372405372405
ZNHIT6,-0.905982905982906
MIA3,-0.906593406593407
TMED4,-0.907203907203907
TMEM62,-0.907203907203907
FAM120B,-0.909035409035409
CD81,-0.90964590964591
QRICH1,-0.91025641025641
BUB3,-0.91025641025641
RNF126,-0.91025641025641
ESYT1,-0.910866910866911
SLAMF7,-0.911477411477411
ATAD1,-0.911477411477411
BLOC1S4,-0.912087912087912
REST,-0.912087912087912
HLA-C,-0.912087912087912
MCM7,-0.912087912087912
ITFG2,-0.912087912087912
KIFAP3,-0.913308913308913
SNRK,-0.913308913308913
RFC4,-0.913308913308913
CYFIP2,-0.913308913308913
FLT3LG,-0.913919413919414
CDC123,-0.914529914529914
HDAC1,-0.915140415140415
INPP5K,-0.915140415140415
DENND1C,-0.915140415140415
SEPTIN7,-0.915750915750916
EVL,-0.915750915750916
TAP2,-0.916361416361416
DDX6,-0.916971916971917
HIRIP3,-0.916971916971917
NFATC3,-0.917582417582418
YARS2,-0.919413919413919
NOMO2,-0.920634920634921
SEPTIN6,-0.920634920634921
JAK1,-0.923076923076923
STIM2,-0.923687423687424
TMED9,-0.923687423687424
FIP1L1,-0.924297924297924
MICU2,-0.924297924297924
BMI1,-0.924908424908425
TMC8,-0.924908424908425
PARP1,-0.925518925518925
BTBD9,-0.925518925518925
EZR,-0.925518925518925
GBP5,-0.926129426129426
CALR,-0.926129426129426
KIF21B,-0.926739926739927
TBC1D10C,-0.926739926739927
MED27,-0.927960927960928
SYVN1,-0.927960927960928
POLR2C,-0.927960927960928
CNBD2,-0.928571428571428
MED10,-0.92979242979243
DNAJC1,-0.92979242979243
YWHAQ,-0.93040293040293
TMEM209,-0.931013431013431
EML4,-0.931623931623932
GORASP2,-0.931623931623932
VWA8,-0.931623931623932
RBBP7,-0.931623931623932
HERPUD2,-0.932234432234432
LATS1,-0.933455433455433
TMEM120B,-0.934065934065934
PITPNC1,-0.934676434676435
NELFCD,-0.937118437118437
RUNX3,-0.937728937728938
PDIA3,-0.937728937728938
ARHGAP25,-0.939560439560439
IL16,-0.94017094017094
TSR2,-0.943833943833944
RASA3,-0.945054945054945
SUN2,-0.946886446886447
PITHD1,-0.949328449328449
MAPRE2,-0.94993894993895
