gene,rho
RHOQ,0.885225885225885
PAFAH1B2,0.874236874236874
MARCH1,0.865689865689866
CLEC7A,0.864468864468864
PELI2,0.863858363858364
ATP6AP2,0.86019536019536
TNFSF13B,0.853479853479853
CD302,0.852258852258852
ABHD5,0.851037851037851
HSD17B11,0.848595848595848
MANBA,0.839438339438339
PLXDC2,0.839438339438339
NAMPT,0.835775335775336
DRAM2,0.831501831501831
TMEM33,0.831501831501831
NIPSNAP2,0.829059829059829
HNRNPH2,0.825396825396825
RAB31,0.824786324786325
LAMP2,0.824786324786325
ARHGEF40,0.824175824175824
RAB1A,0.823565323565324
CPEB4,0.822344322344322
PLAGL1,0.818681318681319
EVI2B,0.815018315018315
SRGN,0.813797313797314
SCPEP1,0.813797313797314
MGST1,0.81222229946138
VMA21,0.811965811965812
UBXN2B,0.811355311355311
C16orf70,0.807692307692308
MAP3K20,0.806471306471306
MOB3B,0.805742361700288
CEP170,0.805250305250305
PLEKHB2,0.805250305250305
H3F3A,0.804639804639805
PTPRE,0.804639804639805
PPT1,0.801587301587302
IRS2,0.8003663003663
BNIP2,0.8003663003663
RGS2,0.7997557997558
MXD1,0.7997557997558
TMEM14C,0.799145299145299
C6orf62,0.795482295482295
HACD4,0.794871794871795
SPG21,0.794871794871795
MS4A6A,0.794261294261294
LPAR6,0.794261294261294
CLCN4,0.793751681736592
B3GNT5,0.792550764843661
SHTN1,0.792550764843661
ZBTB18,0.791819291819292
TLR2,0.790598290598291
METTL22,0.790598290598291
PDE7B,0.78998778998779
DHX32,0.78888720198614
CSTA,0.788766788766789
SPOCK1,0.786956497726284
SDCBP,0.786935286935287
NUDT12,0.78620649230269
C4orf48,0.785714285714286
LATS2,0.785714285714286
KLHL8,0.785103785103785
SYCP2L,0.781267655574045
MTHFR,0.778998778998779
SEC11A,0.777777777777778
ASB13,0.777642173195198
HLA-DRA,0.777167277167277
TLR4,0.775335775335775
RBPJ,0.774725274725275
PFDN5,0.772283272283272
KLF10,0.77045177045177
TMEM170B,0.76984126984127
GLIPR1,0.769230769230769
CPVL,0.768620268620269
SMS,0.768620268620269
MEF2C,0.768009768009768
TREM1,0.768009768009768
VAPA,0.768009768009768
PKP2,0.767885676594648
CPM,0.767821715555396
GASK1B,0.767257320921578
CTSB,0.766178266178266
ST3GAL6,0.76603557359527
CCDC69,0.765567765567766
CHMP1B,0.764957264957265
RHOT1,0.764346764346764
ARRDC4,0.763736263736264
LY86,0.762936965078701
UBE2D1,0.762515262515263
VAMP3,0.761904761904762
FCGR1B,0.761727812307602
ADAM9,0.761294261294261
PRRG4,0.761235985642182
CD36,0.760683760683761
SOX4,0.76007326007326
WDR45B,0.76007326007326
QRFP,0.758981975078044
RRM2B,0.758241758241758
MAP2K1,0.758241758241758
SLC16A5,0.758178813009081
FAM151B,0.757107742405372
MFSD1,0.755189255189255
SCO2,0.755189255189255
GCA,0.754578754578755
BCL11A,0.753968253968254
HIF1A,0.753968253968254
PRDX3,0.752136752136752
CYBRD1,0.751985479342725
ELOB,0.751526251526251
TNFSF13,0.751526251526251
FADS1,0.751030385791759
MAFK,0.75030525030525
MGST3,0.74969474969475
RTN3,0.74969474969475
C5orf15,0.747863247863248
SFT2D1,0.747252747252747
ATP5F1C,0.746642246642247
OCRL,0.746487616374338
LYZ,0.746031746031746
KCTD12,0.746031746031746
TM9SF2,0.746031746031746
FPR1,0.746031746031746
AP1S2,0.746031746031746
PRCP,0.745421245421245
MILR1,0.745138872541647
RNASE2,0.744651544634788
H2AFY,0.744200244200244
SPTLC2,0.742979242979243
C9orf72,0.742368742368742
TSPAN4,0.742368742368742
TPP1,0.741758241758242
MAPK6,0.741758241758242
S100A6,0.741147741147741
TMEM167A,0.741147741147741
FAM49A,0.740537240537241
RBM47,0.740537240537241
MGST2,0.740537240537241
RETN,0.74034499412399
SLC22A15,0.73992673992674
GSTO1,0.73992673992674
BCL2L13,0.73992673992674
IGF2BP2,0.739316239316239
STMP1,0.739316239316239
CLMN,0.738095238095238
CD300E,0.738095238095238
SETD7,0.737484737484737
RASSF2,0.737484737484737
LAP3,0.736874236874237
MNDA,0.736263736263736
MIER2,0.736263736263736
ZNF330,0.735653235653236
CLEC4A,0.735653235653236
ACSS2,0.735653235653236
FP565260.3,0.735598263212379
APLP2,0.735042735042735
TMEM144,0.73382812102091
CXCL8,0.733821733821734
LY96,0.733821733821734
DENND10,0.733821733821734
MRPL45,0.733821733821734
CSF2RA,0.733821733821734
WDFY3,0.733211233211233
RIN2,0.733211233211233
ST6GALNAC3,0.733048395784947
BTF3L4,0.731990231990232
CSGALNACT2,0.731990231990232
CREG1,0.731379731379731
ACPP,0.731328638083503
CLIC2,0.731173053807397
DPYSL2,0.73015873015873
ZFHX3,0.729548229548229
SGK1,0.728937728937729
RTN1,0.728937728937729
ZNF467,0.728327228327228
SAT2,0.728327228327228
NBPF14,0.727716727716728
MAML3,0.727716727716728
BASP1,0.727716727716728
IL13RA1,0.727217227217874
FCGR2A,0.727106227106227
UBE2E1,0.727106227106227
STX12,0.726495726495726
MITF,0.726274071872339
RBP7,0.725467065834899
SERPINB1,0.725274725274725
NDUFV3,0.725274725274725
FKBP9,0.724860141455126
PRKAR1A,0.724664224664225
ACER3,0.724053724053724
RAB34,0.724053724053724
PPP2R3A,0.723747140479193
GNG10,0.723443223443223
GPR34,0.723384612775339
PBX3,0.722222222222222
ALDH2,0.722222222222222
S100A10,0.721611721611722
CD1D,0.721611721611722
C4orf33,0.721611721611722
LAPTM4A,0.72039072039072
HADHB,0.71978021978022
FXYD6,0.719513659411583
SERTAD2,0.719169719169719
ATP5PB,0.718559218559219
ACSL4,0.718559218559219
IFI44,0.717948717948718
SPTSSA,0.717948717948718
EIF3H,0.717338217338217
SPOPL,0.716727716727717
DNAJC5,0.716727716727717
NLRP3,0.716117216117216
CLEC12A,0.716117216117216
ABHD2,0.716117216117216
POLE4,0.715506715506716
TMEM154,0.715506715506716
ARL8B,0.714896214896215
ATOX1,0.714896214896215
ESD,0.714896214896215
NCEH1,0.714722185890324
IFNGR1,0.714285714285714
CEBPD,0.714285714285714
FKBP1A,0.714285714285714
TBX19,0.71383567443652
ADI1,0.713675213675214
CHCHD5,0.713064713064713
UHRF1BP1L,0.713064713064713
MID1IP1,0.712454212454212
ANKRD50,0.712278691237707
ARC,0.712188634245712
NBPF10,0.711843711843712
PLSCR1,0.711843711843712
NDUFB5,0.711843711843712
TET2,0.711233211233211
CHP1,0.711233211233211
DMXL2,0.710622710622711
VNN1,0.710486919932704
GREM1,0.710344449598574
NOTCH2,0.71001221001221
MTMR11,0.709835196585091
ABCA1,0.709401709401709
HNMT,0.709224322921936
SOWAHC,0.708515262357754
FBXL5,0.707570207570208
SERPINB6,0.707570207570208
SYPL1,0.707570207570208
ASAH1,0.707570207570208
VMP1,0.707570207570208
EIF4A1,0.706959706959707
SPECC1,0.706959706959707
EVI5,0.706349206349206
FIS1,0.706349206349206
TNFRSF10B,0.706349206349206
HLA-DRB1,0.705738705738706
C18orf54,0.705416426877536
CCNJ,0.705128205128205
SEMA3C,0.704628851464424
NRROS,0.704517704517705
COMMD9,0.704517704517705
GLUL,0.703296703296703
RYBP,0.703296703296703
CTSS,0.702686202686203
SESTD1,0.702686202686203
FUCA2,0.702075702075702
IRAK3,0.702075702075702
WDR83OS,0.702075702075702
TCN2,0.7013154020334
PPP1CB,0.700854700854701
ENY2,0.700854700854701
ANP32A,0.700854700854701
GSTP1,0.7002442002442
ATP5MPL,0.7002442002442
ERMAP,0.700045802691261
CTBS,0.6996336996337
PLBD1,0.6996336996337
KIF13A,0.699023199023199
JAML,0.699023199023199
CD9,0.698839470648316
PTGS2,0.698412698412698
INAFM1,0.697802197802198
WDR49,0.697686023722322
CCDC88A,0.697191697191697
HCAR3,0.697191697191697
SMIM3,0.696581196581197
VNN3,0.696267807520109
ARMCX1,0.696016665258473
NPC2,0.695970695970696
FCN1,0.695360195360195
CDKN1A,0.694749694749695
SUPT4H1,0.694139194139194
CXorf21,0.694139194139194
IL18,0.693580663897909
MIEF1,0.693528693528694
CMTM6,0.692918192918193
SLC36A1,0.692307692307692
ASAP1,0.692307692307692
HEATR5A,0.692307692307692
PODNL1,0.692142461855647
S100A9,0.691697191697192
PICALM,0.691697191697192
COX6B1,0.691697191697192
PDK4,0.691508986690467
PHACTR1,0.69047619047619
GNAQ,0.69047619047619
LRRK2,0.69047619047619
NHSL1,0.690225185890717
RAC1,0.68986568986569
ACAP2,0.689255189255189
CST3,0.689255189255189
WDR41,0.688644688644689
DUSP3,0.688644688644689
GPAT3,0.688034188034188
RNF24,0.688034188034188
RNF130,0.687423687423687
APOBEC3A,0.687423687423687
RNF217,0.686029538867895
NAA38,0.685592185592186
UNC5CL,0.68537029514823
BACE1,0.685245098166229
UBE2E2,0.684981684981685
FGD6,0.684981684981685
GRN,0.684981684981685
FCAR,0.683760683760684
FGD4,0.683559769832418
DLEU7,0.683522935862116
CHMP2B,0.683150183150183
PPP4R1,0.683150183150183
ITSN1,0.682949176022831
CIAO2A,0.682539682539682
HEBP1,0.681929181929182
OR2B11,0.681611794034184
MTMR10,0.681318681318681
BST1,0.681138062654933
VIM,0.680708180708181
PID1,0.68009768009768
SIK1B,0.68009768009768
ARHGAP24,0.679487179487179
RNF144B,0.679487179487179
CYB5R4,0.679487179487179
NAB2,0.679487179487179
ZNF124,0.678876678876679
CD86,0.678876678876679
SMAD1,0.678692324548452
FRY,0.678266178266178
SLC30A1,0.677655677655678
DSE,0.677655677655678
SUMO3,0.677655677655678
CPNE8,0.677045177045177
FITM1,0.676734652140643
CLCN6,0.676434676434676
CTSH,0.676434676434676
ATP5PD,0.676434676434676
EIF4EBP2,0.675824175824176
ALDOA,0.675824175824176
CYP1B1,0.67562627144846
PDE2A,0.675075935398933
BNIP3L,0.674603174603175
LYPLA1,0.674603174603175
CEACAM4,0.674404524122151
TMEM167B,0.673992673992674
CCNG2,0.673992673992674
PHPT1,0.673992673992674
GK,0.673992673992674
GPR35,0.673382173382173
LCAT,0.672997643328584
EIF4EBP1,0.672771672771673
LRMDA,0.672771672771673
CRYL1,0.672771672771673
SAMSN1,0.672771672771673
MCTP1,0.672161172161172
GNA11,0.671670745409784
ZMYM6,0.671550671550672
SHOC2,0.671550671550672
BEST1,0.671550671550672
EPHB2,0.671136712970413
SLC2A9,0.671049392965699
UBXN11,0.670940170940171
COX7A2L,0.670940170940171
MSR1,0.670743675702389
ADM,0.670737299831095
RCVRN,0.670648125729299
HBEGF,0.67032967032967
AQP9,0.67032967032967
JAG1,0.669949818269529
SIRPD,0.669815301361691
CLEC12B,0.669642924170459
HLA-DPB1,0.669108669108669
SEPTIN10,0.668909372122528
S100A4,0.668498168498168
GAS7,0.668498168498168
ALDH1A1,0.668098661393526
LAT2,0.667887667887668
THSD1,0.667404720127204
EPB41L2,0.667277167277167
RILPL2,0.667277167277167
SERPING1,0.667074040164302
NIPSNAP3A,0.666666666666667
UBA52,0.666666666666667
CD93,0.666666666666667
JADE3,0.666160722512801
ADAM17,0.665445665445665
CXCL3,0.665445665445665
CDA,0.664936658640021
FCGRT,0.664835164835165
ELOVL3,0.66438331371875
SEC14L1,0.664224664224664
PLAUR,0.664224664224664
FAAH,0.663712178646256
TMEM176A,0.663614163614164
MEGF9,0.663614163614164
STXBP2,0.663614163614164
NCF4,0.663614163614164
ZNF697,0.663321247193364
VSTM1,0.663100744119636
IFI6,0.663003663003663
ACSL1,0.663003663003663
VDAC1,0.663003663003663
NDUFA2,0.662393162393162
AIF1,0.662393162393162
RCN3,0.662187050859069
SLC22A18AS,0.661806730862391
PLK2,0.661172161172161
IMPA2,0.661172161172161
SERF2,0.66056166056166
NKIRAS2,0.66056166056166
PGD,0.65995115995116
TMEM219,0.65995115995116
CD33,0.659432136959915
EIF4EBP3,0.659340659340659
IL15,0.658730158730159
APH1B,0.658730158730159
VENTX,0.65830069752341
SH3BGRL3,0.657509157509157
TRMT1,0.657509157509157
CHST13,0.657044119427818
AFMID,0.656898656898657
RP2,0.656898656898657
CCDC151,0.656753372009524
S100P,0.656446477910454
ODF3B,0.656288156288156
ADGRD1,0.655457812536883
NQO2,0.655067155067155
UBE2W,0.655067155067155
HESX1,0.654656552911721
FCGR1A,0.654605113316035
SFXN5,0.654456654456654
TLR1,0.654456654456654
IL17RA,0.654456654456654
PRLR,0.653929226220333
SLC49A4,0.653846153846154
CLNS1A,0.653846153846154
CYFIP1,0.653846153846154
ZADH2,0.653846153846154
COX7B,0.653846153846154
HSPBAP1,0.653235653235653
PRKAG2,0.653235653235653
ZDHHC7,0.653235653235653
TM6SF1,0.653023945911757
DOCK4,0.652625152625153
SULT1A1,0.652625152625153
CCR1,0.652419485543491
ZNF776,0.652413072248603
LSM6,0.652014652014652
HOOK3,0.652014652014652
NDUFA11,0.652014652014652
MIPOL1,0.651812412826681
SYK,0.651404151404151
LILRA5,0.651404151404151
COX5B,0.650793650793651
RASSF4,0.650793650793651
CCDC170,0.650333138856711
LYRM2,0.65018315018315
UPP1,0.65018315018315
NUP214,0.65018315018315
SBF2,0.65018315018315
MPZL1,0.649977110305144
GLT1D1,0.64957264957265
GFRA2,0.649038895854658
TNS3,0.648962148962149
RNF13,0.648351648351648
MBOAT7,0.648351648351648
EIF2S3,0.648351648351648
S100A8,0.647741147741148
KYNU,0.647741147741148
TFEC,0.647741147741148
CALCRL,0.64752608294337
CDC40,0.647130647130647
INCA1,0.646878759489555
PLA2G7,0.646841840089212
NDUFS4,0.646520146520146
ATP5MC2,0.646520146520146
CKAP4,0.646520146520146
AL592183.1,0.646012078542079
SRGAP1,0.645959963711135
RPL23,0.645909645909646
NLRP12,0.645702953638037
CCDC149,0.645693461953908
SIPA1L2,0.645299145299145
TICAM2,0.645299145299145
RAB20,0.645299145299145
CLIC4,0.644688644688645
ANXA5,0.644688644688645
NFIC,0.644688644688645
GSN,0.644078144078144
ZSWIM7,0.644078144078144
GPX4,0.644078144078144
GPCPD1,0.644078144078144
NR6A1,0.643603751718236
CPED1,0.643529844013702
RAB3GAP1,0.643467643467643
CLEC11A,0.643249967301291
PDLIM7,0.642857142857143
TMED8,0.642857142857143
COMT,0.642857142857143
HCAR2,0.642649984590103
FAM110B,0.642617687477858
RPS24,0.642246642246642
UQCR11,0.642246642246642
SLC25A24,0.641636141636142
SRGAP2B,0.641636141636142
NUAK2,0.641636141636142
RAB11FIP1,0.641636141636142
SULT1B1,0.641025641025641
TPMT,0.641025641025641
CHMP5,0.641025641025641
MYCL,0.639929515266943
DAPP1,0.63980463980464
GLTP,0.63980463980464
TSPO,0.63980463980464
TRIQK,0.639291718637375
GNB4,0.639194139194139
GLRX,0.639194139194139
NME2,0.639194139194139
C18orf32,0.639194139194139
FCER1G,0.638583638583639
SRGAP2,0.638583638583639
LGALS1,0.638583638583639
NDST1,0.638070531018202
ASPH,0.637973137973138
IL10RB,0.637973137973138
ETS2,0.637973137973138
LIN7A,0.63765427119474
TMEM69,0.637362637362637
CRTAP,0.637362637362637
PIK3CB,0.637362637362637
OGFRL1,0.637362637362637
USP3,0.637362637362637
QPCT,0.637114776738276
HPSE,0.636752136752137
APPL1,0.636141636141636
SAT1,0.636141636141636
CD74,0.634920634920635
BORCS7,0.634920634920635
MPO,0.634875807994452
LACC1,0.634669038631795
SNX3,0.634310134310134
KCNK6,0.634310134310134
F8A1,0.634086862353979
STK17B,0.633089133089133
GNA15,0.633089133089133
MX2,0.633089133089133
PMP22,0.633015661074506
TNNT1,0.632706420399824
TNFAIP6,0.632529017788625
SP1,0.632478632478633
MEF2A,0.632478632478633
GABARAP,0.631868131868132
DHRS9,0.631796875850929
LAMB2,0.631579084050197
NDUFB4,0.631257631257631
ASRGL1,0.631257631257631
CHPT1,0.630647130647131
CYBB,0.630647130647131
TLR8,0.630438108398367
CLCN1,0.630232495002366
BTBD19,0.63003663003663
ANO6,0.63003663003663
NUMB,0.63003663003663
RAB3D,0.63003663003663
RAPSN,0.62993434685215
TNFRSF10D,0.629199873048746
SPART,0.628815628815629
WIPF2,0.628815628815629
IL27,0.628301011036085
ATP6V0B,0.628205128205128
TGFBI,0.628205128205128
CD83,0.628205128205128
MARVELD1,0.627637541575663
CHMP3,0.627594627594628
LAMTOR1,0.627594627594628
FOLR2,0.626984644399747
ZEB2,0.626984126984127
STAC3,0.626457314945534
MS4A14,0.626414672522422
SFR1,0.626373626373626
NFE2,0.626373626373626
DUSP6,0.626373626373626
FAM83H,0.625931625846798
TENT5A,0.625763125763126
TMPRSS13,0.625593884882133
EIF3K,0.625152625152625
IQSEC2,0.624637467207292
C1orf43,0.624542124542125
PXK,0.624542124542125
ZNF516,0.624542124542125
NUDT13,0.624407438706474
ATP6V1A,0.623931623931624
NACC2,0.623931623931624
TET3,0.623321123321123
PPFIBP2,0.623321123321123
OXA1L,0.623321123321123
ADA2,0.623321123321123
NDN,0.623035554449125
FPR2,0.62278307849424
CMPK2,0.622710622710623
AP2S1,0.622710622710623
SULT1A3,0.622480262754051
SLC66A3,0.622100122100122
TMCO3,0.621489621489621
SORD,0.621258515427743
ARPIN,0.621217479046151
CXCL2,0.620879120879121
MYADM,0.620879120879121
KHSRP,0.62026862026862
CYSLTR1,0.62026862026862
CALM2,0.61965811965812
ADPGK,0.61965811965812
SIGLEC5,0.619409071388488
ZGLP1,0.619108842042947
SELENON,0.619047619047619
RAP1A,0.619047619047619
CCRL2,0.619047619047619
SMIM20,0.619047619047619
PYGL,0.619047619047619
NOD2,0.619047619047619
ASGR1,0.61900539782393
ITIH4,0.618437118437118
SNAPC1,0.618437118437118
ARHGAP32,0.618204147111972
ARF5,0.617826617826618
NAP1L1,0.617826617826618
TBC1D9,0.617216117216117
ITPRID2,0.616605616605617
KLF7,0.616605616605617
BRK1,0.616605616605617
HRH2,0.616605616605617
NEGR1,0.616400817936682
DECR2,0.616394450777871
SIGLEC7,0.616394450777871
TLR7,0.616326002833189
LDLRAD3,0.616243350932301
VIPR1,0.615995115995116
TNFRSF21,0.615936456833231
OAF,0.615783856968284
POLR1D,0.615384615384615
SUSD6,0.615384615384615
ANGPT1,0.615156820322279
CDC42,0.614774114774115
NCSTN,0.614774114774115
CTNND1,0.614774114774115
TPD52L2,0.614774114774115
LPCAT2,0.61456266934911
SIRPA,0.61456266934911
SPRY3,0.614461220593573
KLF4,0.614163614163614
DCP2,0.613553113553114
TMED7,0.613553113553114
ZNF385A,0.613553113553114
RPS9,0.613553113553114
PTX3,0.613174409941602
ZDHHC20,0.612942612942613
PPP4R4,0.612831474412537
DENND6B,0.612332112332112
RPH3A,0.612253727644393
NPL,0.611721611721612
CAPZA2,0.611721611721612
RASL11A,0.611721611721612
CEBPB,0.611721611721612
HADHA,0.611111111111111
DPH3,0.611111111111111
CHSY1,0.611111111111111
C5AR2,0.611111111111111
SCNM1,0.610500610500611
GM2A,0.610500610500611
ITM2B,0.610500610500611
SCML1,0.610500610500611
WDFY4,0.610288512682002
CNPY3,0.60989010989011
ZNF185,0.609677918872416
MN1,0.609491680752764
RHOB,0.609279609279609
TMBIM4,0.609279609279609
SPATA6,0.608669108669109
ATP6V1F,0.608669108669109
FRMD3,0.608276407099929
FBXO11,0.608058608058608
PSEN1,0.608058608058608
MYO7B,0.607781205131449
GID8,0.607448107448107
GAS2L1,0.607448107448107
TRIM7,0.607165418702745
RPGRIP1,0.6070394444012
G0S2,0.606837606837607
TBXAS1,0.606837606837607
PSMA6,0.606837606837607
APP,0.606837606837607
SOX6,0.606420963051835
FIG4,0.606227106227106
H1F0,0.606227106227106
RBKS,0.605616605616606
ATP2B1,0.605616605616606
TNFAIP2,0.605616605616606
NOP10,0.605616605616606
CHKA,0.605006105006105
CALCOCO2,0.605006105006105
ICOSLG,0.604793168395721
RNASEK,0.604395604395604
LHX4,0.604204545419242
CNIH4,0.603785103785104
SRSF6,0.603785103785104
PTAFR,0.603571980776548
NACA2,0.60333884298545
TSHZ3,0.603266683871754
C11orf74,0.603187150754008
HAAO,0.602574778012126
LAPTM5,0.602564102564102
ARL4A,0.602564102564102
LRP1,0.602564102564102
CSF2RB,0.602564102564102
THNSL2,0.602400834280966
ZBTB34,0.602350793157374
PALM,0.602094845371047
SLC31A2,0.601343101343101
MPEG1,0.601343101343101
NAPSA,0.601343101343101
KLK1,0.601108712412202
MOB1A,0.600732600732601
CERS6,0.600732600732601
GLIPR2,0.600732600732601
LGALS3,0.600732600732601
MAPK7,0.600732600732601
PLIN3,0.600732600732601
NECTIN2,0.600488810880503
SVBP,0.6001221001221
FOS,0.6001221001221
PRR22,0.599616189907274
ATP6V0E1,0.599511599511599
FES,0.599511599511599
LGALS2,0.599511599511599
TIMP1,0.599511599511599
PAQR7,0.599205836087822
FMO5,0.598992527204647
FCHO2,0.598901098901099
BCAT1,0.598901098901099
BACH1,0.598901098901099
SYN1,0.598750387285318
SEZ6L,0.598594401561202
DNMBP,0.598290598290598
CLCN5,0.598290598290598
GAS2L3,0.597982967034582
INAFM2,0.597680097680098
PPP1R9B,0.597680097680098
FAM114A1,0.597675796077068
MED28,0.597069597069597
CYSLTR2,0.597069597069597
TRAPPC5,0.597069597069597
ATP5PO,0.597069597069597
SIGLEC14,0.596834502136686
ADPRH,0.596459096459097
NIPAL2,0.596459096459097
NFKBID,0.596459096459097
ZNF581,0.596459096459097
TMEM164,0.596459096459097
DPCD,0.596451050593304
CLEC4G,0.596096862803763
ASIC3,0.595730987812842
ARPC1A,0.595238095238095
GPN3,0.595238095238095
TYROBP,0.595238095238095
FAR2,0.594627594627595
RAB12,0.594627594627595
VSIG4,0.59405531820718
MAP3K1,0.594017094017094
CARD19,0.594017094017094
ANKDD1A,0.594017094017094
SIRPB2,0.593802479823159
MPC1,0.593406593406593
DLG4,0.592886589108779
TOMM6,0.592796092796093
NFIL3,0.592796092796093
YWHAE,0.592796092796093
UBTD1,0.59278577355831
HEXB,0.592185592185592
FAM204A,0.592185592185592
SLC16A6,0.592185592185592
C5AR1,0.592185592185592
LEPROT,0.591575091575091
DENND1A,0.591575091575091
VSIR,0.591575091575091
TK2,0.591575091575091
PLPPR2,0.591575091575091
MTM1,0.591575091575091
SNX7,0.591520865648622
MANSC1,0.591268169992406
HHEX,0.590964590964591
NUDT14,0.590964590964591
RSL1D1,0.590964590964591
QSOX1,0.59035409035409
DNAJB12,0.59035409035409
MARCO,0.590327323174481
BTBD3,0.590034318188519
GPR61,0.589802759219794
RGL1,0.58974358974359
PPP1R26,0.589721966618995
TNFRSF10C,0.589543564313222
PIP4P2,0.589133089133089
MSRB2,0.589133089133089
COX8A,0.588522588522589
ANPEP,0.588522588522589
GAPT,0.588490204948835
ZC3H12C,0.588410871612615
ZNF618,0.588315987916943
NBPF26,0.587912087912088
CR1,0.587912087912088
P2RY13,0.587912087912088
ZFAND5,0.587912087912088
KLF11,0.587301587301587
SLC8A1,0.587301587301587
SNX2,0.587301587301587
CEBPG,0.587301587301587
ECHDC3,0.586977145555418
PLEK,0.586691086691087
HLA-DPA1,0.586691086691087
FAM214B,0.586691086691087
ACOT9,0.586691086691087
THEMIS2,0.586080586080586
SDC3,0.586011078522809
GAB2,0.585470085470085
MPP1,0.585470085470085
DOCK5,0.584859584859585
PABPC1,0.584859584859585
METTL7A,0.584859584859585
WASHC4,0.584859584859585
SQOR,0.584859584859585
NPTN,0.584859584859585
CXCL16,0.584859584859585
CD300LB,0.584837124712247
PPM1H,0.584815968497541
CLEC5A,0.58471407621217
KCNE3,0.584531407448937
IL1RN,0.584338275774564
ARHGAP31,0.584249084249084
MICOS10,0.583638583638584
ZDHHC4,0.583638583638584
OAS3,0.583638583638584
TLR5,0.583591223013777
FGL2,0.583028083028083
GDI2,0.583028083028083
SLC24A4,0.583028083028083
HAVCR2,0.582417582417582
TIMM13,0.582417582417582
YBX1,0.581807081807082
SLC25A5,0.581807081807082
GLRX2,0.581196581196581
C4orf3,0.581196581196581
SKAP2,0.581196581196581
PGAM1,0.581196581196581
PAK1,0.581196581196581
SLC47A1,0.580893993100767
TKT,0.580586080586081
MKRN1,0.580586080586081
PRR13,0.580586080586081
SULT1A2,0.580070815839742
PLA2G4A,0.580029847242056
IFI44L,0.57997557997558
CD48,0.57997557997558
TSEN34,0.57997557997558
SLITRK4,0.579702888311793
CD63,0.579365079365079
BMF,0.579365079365079
TMEM52B,0.579080889504592
SCIN,0.578997712383354
CDH26,0.578947493712681
PDGFC,0.578839242982333
CTSD,0.578754578754579
ENO1,0.578144078144078
CRYBG3,0.578144078144078
GNS,0.578144078144078
ZNF577,0.5778864853438
MSRB1,0.577533577533577
COX4I1,0.577533577533577
UACA,0.577275611680646
CAVIN3,0.577101431665941
REEP3,0.576923076923077
AP5B1,0.576923076923077
SETD9,0.576312576312576
CTRL,0.576312576312576
DPEP2,0.576312576312576
RUSC2,0.576095259345142
COQ2,0.575702075702076
COPRS,0.575702075702076
SLC46A2,0.575484665535555
CTTNBP2NL,0.575179368630762
ATF3,0.575091575091575
TALDO1,0.575091575091575
DICER1,0.575091575091575
CINP,0.575091575091575
RAPH1,0.574568774821175
SLC36A4,0.574481074481074
TMEM123,0.574481074481074
MAFG,0.574481074481074
ATP5MG,0.573870573870574
SNX33,0.573793259143661
NANOS3,0.573332210860838
ATP6V1E1,0.573260073260073
S100Z,0.573180886401779
LIPA,0.572649572649573
TCF7L2,0.572649572649573
IFT20,0.572649572649573
HIPK3,0.572039072039072
TIMM8B,0.572039072039072
ST14,0.571996999653222
ZNF503,0.571777748712259
SH3BP2,0.571428571428571
CHST15,0.571428571428571
SWAP70,0.571428571428571
FTL,0.571428571428571
CNTLN,0.571210508868448
TMEM150B,0.570834019409173
B4GALT5,0.570818070818071
UGGT2,0.570556001385951
FBN2,0.57051613017089
SGCA,0.570372906203771
DAGLB,0.57020757020757
TAX1BP3,0.57020757020757
LST1,0.56959706959707
JPH4,0.569079070524397
UPK3A,0.568986660123059
RILP,0.568986568986569
TMEM205,0.568986568986569
CCDC13,0.568693600740604
KLHL5,0.568376068376068
STK32B,0.567905208756291
HGF,0.56750163307018
SRA1,0.567155067155067
RNF146,0.567155067155067
IFIT3,0.567155067155067
ADCY4,0.567147397367193
TGM2,0.56679980617695
IGLV10-54,0.566565173685177
AGO1,0.566544566544567
MSRA,0.566544566544567
ZNF169,0.566544566544567
LTA4H,0.566544566544567
TMEM256,0.566544566544567
MOB3A,0.566544566544567
PARVB,0.566544566544567
TEX22,0.566219675343147
PSMB4,0.565934065934066
RNPEP,0.565934065934066
NACA,0.565934065934066
MYO7A,0.565712524552599
DUSP7,0.565669012080718
ADGRE1,0.565669012080718
ADAM15,0.565323565323565
SGK3,0.565323565323565
VAV2,0.565323565323565
AGTRAP,0.564713064713065
SNX8,0.564713064713065
SNX30,0.564713064713065
TUBB6,0.564713064713065
BCL2L2,0.564447264754409
DRAM1,0.564102564102564
OPN3,0.563883383153406
TLR6,0.563836391091255
LPL,0.563530919324555
TMEM18,0.563492063492063
PLD1,0.563492063492063
RCBTB2,0.563492063492063
ATP6V0C,0.563492063492063
ATP6V0A1,0.563492063492063
TMEM255B,0.563127268596324
ANAPC13,0.562881562881563
FOXO3,0.562881562881563
CLN8,0.562881562881563
GOLM1,0.562881562881563
RIN3,0.562881562881563
CD300LF,0.562881562881563
CFD,0.562881562881563
MTMR3,0.562881562881563
TOM1,0.562881562881563
SH3BGRL,0.562881562881563
DSC2,0.562843777694144
ACVR1B,0.562662195534232
ZBTB47,0.562519764490609
NFE2L2,0.562271062271062
MYO15B,0.562271062271062
TRIOBP,0.562271062271062
PAPSS2,0.562214047227299
ARPC3,0.561660561660562
LIPN,0.561545804306016
ARHGEF10L,0.561392896438639
SGMS2,0.561050061050061
LAMTOR4,0.561050061050061
PILRA,0.561050061050061
BLOC1S1,0.561050061050061
BCL2A1,0.561050061050061
TMEM147,0.561050061050061
SPINT2,0.561050061050061
STARD8,0.560991178174058
KCNMB1,0.560782022775485
CUX1,0.56043956043956
WDR17,0.560321058822252
ZNF25,0.55982905982906
MS4A7,0.55982905982906
IKZF4,0.55982905982906
FSTL3,0.55982905982906
CLEC1A,0.559760953142577
SLC11A1,0.559218559218559
FFAR2,0.559218559218559
GPR162,0.559096313338487
FUOM,0.558608058608059
SLC7A7,0.558608058608059
ANXA2,0.558608058608059
LILRA6,0.558608058608059
SPINT1,0.558483940596605
NCF2,0.557997557997558
LYST,0.557997557997558
QTRT2,0.557997557997558
STK3,0.557997557997558
TRIB1,0.557997557997558
CS,0.557997557997558
PKM,0.557997557997558
ATP5F1E,0.557997557997558
IDO1,0.557908865074219
PIWIL4,0.557902504406376
PTPN12,0.557387057387057
FAM120A,0.557387057387057
IFIT2,0.557387057387057
MAN2B1,0.557387057387057
CD37,0.557387057387057
CXCL10,0.55731093125254
SOD2,0.556776556776557
TAGLN,0.556776556776557
HCCS,0.556776556776557
RASAL2,0.556688932445338
SOAT1,0.556166056166056
SNX10,0.556166056166056
CARD16,0.556166056166056
IGSF6,0.556166056166056
MICU1,0.555555555555555
WLS,0.555284159807098
KBTBD8,0.554945054945055
DAPK1,0.554945054945055
PCTP,0.554945054945055
CCDC159,0.554945054945055
CABP7,0.554346063056989
CCDC103,0.554200937216532
HLA-DMA,0.553724053724054
GRK3,0.553724053724054
PFKFB3,0.553113553113553
GRASP,0.553113553113553
ETFB,0.553113553113553
HYAL2,0.553023166523908
SLC6A6,0.552503052503052
CTNNA1,0.552503052503052
COLGALT1,0.552503052503052
UQCRFS1,0.552503052503052
FUNDC2,0.552503052503052
GLB1L,0.552409378325768
RNF181,0.551892551892552
DHRS4,0.551892551892552
GGCX,0.551282051282051
CLTA,0.551282051282051
TRIM34,0.551282051282051
CDK2AP1,0.551282051282051
CALML4,0.551282051282051
PSTPIP2,0.551282051282051
NCOA4,0.550671550671551
IFITM3,0.550671550671551
AP3S2,0.550671550671551
RNF135,0.550671550671551
INSR,0.550671550671551
C20orf27,0.550671550671551
LRRTM2,0.550363735126753
BPI,0.550329066466656
RHOA,0.55006105006105
KIAA0232,0.55006105006105
CAT,0.55006105006105
HSBP1,0.55006105006105
OSCAR,0.55006105006105
KRT7,0.549846945566122
RNASE3,0.549802890440054
IGFBP7,0.549534428628116
MGAT1,0.549450549450549
SFXN3,0.549450549450549
RIOK3,0.549450549450549
RFX2,0.549450549450549
AZI2,0.548840048840049
NAAA,0.548840048840049
CD44,0.548840048840049
ARF3,0.548840048840049
POU2F2,0.548840048840049
SIRPB1,0.548840048840049
TMEM88,0.548685976726489
HSD17B6,0.54860878079579
DCLK2,0.548484291523589
CHMP2A,0.548229548229548
ARHGEF11,0.547619047619048
CTNNB1,0.547619047619048
CTSO,0.547619047619048
TRIM38,0.547619047619048
WARS,0.547619047619048
SERPINB8,0.547619047619048
C1orf53,0.547539618588413
MMEL1,0.547461231242724
LRRC4,0.547358950337316
ANKRD60,0.547278763772867
PLB1,0.547233901325103
EXTL3,0.547008547008547
SASH1,0.54673192852294
MRPL14,0.546398046398046
TMEM176B,0.546398046398046
POLR2L,0.546398046398046
FAM71F2,0.546250044292091
LOXL3,0.54623648575896
RGS18,0.545787545787546
KDM1B,0.545787545787546
PPM1F,0.545787545787546
PLCXD1,0.545787545787546
APBB2,0.545413621909385
MPV17,0.545177045177045
PCBP1,0.545177045177045
BCL2L11,0.545177045177045
PSAP,0.545177045177045
HOXA5,0.544882068790073
ERLIN1,0.544566544566545
EPB41L3,0.544566544566545
SERP1,0.543956043956044
LACTB,0.543956043956044
ANAPC11,0.543956043956044
ATP5F1D,0.543956043956044
CRIP3,0.543816343551812
RPA4,0.543472441915149
ARSB,0.543345543345543
FAR1,0.543345543345543
BCKDK,0.543345543345543
ATP6V0D1,0.543345543345543
WIPI1,0.543345543345543
ZNF562,0.543345543345543
C2orf68,0.542735042735043
KLHL2,0.542735042735043
ZFYVE16,0.542735042735043
OTUD1,0.542735042735043
SDSL,0.542588767155532
RET,0.542382959879704
LY6G5B,0.542124542124542
CREB5,0.542124542124542
CTBP2,0.542124542124542
PSMA4,0.542124542124542
IRF8,0.542124542124542
ALKBH7,0.542124542124542
NANP,0.541668084858323
TMSB10,0.541514041514041
AKT1S1,0.541514041514041
KBTBD11,0.541291412198695
SHROOM1,0.541234065554553
ACTR2,0.540903540903541
MRPL30,0.540903540903541
PWWP2B,0.540903540903541
RNF141,0.540903540903541
RAB32,0.540680818389108
WDR61,0.54029304029304
CAPG,0.53968253968254
TMEM60,0.53968253968254
RGS10,0.53968253968254
SYNGR2,0.53968253968254
OCEL1,0.53968253968254
CAMP,0.539272965843696
DNAJC5B,0.539175817317687
STX3,0.539072039072039
NR4A1,0.539072039072039
FFAR3,0.538888012856373
SIGLEC11,0.538650967036495
SCAMP4,0.538461538461538
LILRB2,0.538461538461538
SDHAF4,0.538179697238782
RCC2,0.537851037851038
CERT1,0.537851037851038
DEK,0.537851037851038
ALPK2,0.537851037851038
MRVI1,0.537663267372608
RAB44,0.537371567471344
FUCA1,0.537240537240537
ATP1B3,0.537240537240537
ZNF487,0.537240537240537
MBOAT2,0.537050894630726
SOCS6,0.536839514372559
BCL10,0.536630036630037
ZNF267,0.536630036630037
CD68,0.536630036630037
C2orf92,0.536349979401715
RTN4,0.536019536019536
RAB7A,0.536019536019536
PDLIM5,0.536019536019536
SCIMP,0.535736202586166
GPER1,0.535604848549607
SNAP23,0.535409035409035
F11R,0.534798534798535
UPK3BL1,0.534798534798535
LRRK1,0.534798534798535
MAFB,0.534798534798535
IGBP1,0.534798534798535
PGK1,0.534798534798535
NHS,0.534601403663197
VAMP8,0.534188034188034
TAF6L,0.534188034188034
ZNF106,0.534188034188034
GLA,0.534188034188034
CFB,0.533761983298798
KCNK13,0.533591534029685
SLC43A3,0.533577533577534
ADM5,0.533552747046573
TRAPPC3L,0.53344874269827
STX11,0.532967032967033
CKLF,0.532967032967033
NRIP1,0.532967032967033
NFAM1,0.532967032967033
TXN2,0.532356532356532
EIF3E,0.531746031746032
IMPACT,0.531746031746032
CPAMD8,0.531336603632977
PLOD1,0.531135531135531
FAH,0.531135531135531
DNTTIP1,0.531135531135531
ARSD,0.531135531135531
HK2,0.530911317435719
RSAD2,0.530849213280933
ZNF223,0.530725169106357
CD1A,0.53071589103192
FTH1,0.53052503052503
SLC25A6,0.53052503052503
PEA15,0.52991452991453
SH3BP4,0.529437827477358
AP3S1,0.529304029304029
MEPCE,0.529304029304029
AGPAT2,0.529304029304029
SH2B3,0.529304029304029
TXNDC17,0.529304029304029
MYBPC3,0.529090048986257
BCO2,0.528471638598318
TNNT3,0.528430226585681
MS4A4A,0.528164744499248
BCL6,0.527472527472528
FNIP2,0.527472527472528
ALDH3B1,0.527472527472528
GRB2,0.527472527472528
IL10,0.52725293076061
NAPRT,0.526862026862027
NEK6,0.526862026862027
LILRB3,0.526862026862027
EGR2,0.526637160768611
LILRB5,0.526630274003899
SERPINB10,0.526273009588956
SRGAP2C,0.526251526251526
STX7,0.526251526251526
RPS6KA4,0.526251526251526
ATP11A,0.526251526251526
VTI1B,0.526251526251526
PTGES,0.526018387634458
RHOBTB1,0.525881610113736
SCRN1,0.525641025641026
KCNQ1,0.525641025641026
GSTZ1,0.525641025641026
CRK,0.525641025641026
ZFP92,0.525304487084556
LRG1,0.525095803508549
SCN9A,0.525090665610411
UQCRH,0.525030525030525
TBC1D8,0.525030525030525
FBXO30,0.525030525030525
TRMT6,0.525030525030525
MS4A4E,0.524805379339851
VDAC2,0.524420024420024
MRPL16,0.524420024420024
TMSB4X,0.524420024420024
GPX3,0.524191067051199
P2RY2,0.524191067051199
HTRA1,0.523961122208609
HDAC9,0.523809523809524
COX5A,0.523809523809524
BLVRB,0.523809523809524
PTTG1IP,0.523809523809524
HLA-DMB,0.523199023199023
RIPK2,0.523199023199023
LGALS9,0.523199023199023
CCDC153,0.522966321567435
FLVCR2,0.522966321567435
HSD17B4,0.522588522588523
DOK3,0.522588522588523
TIGAR,0.522588522588523
DACH1,0.522485321679809
SMIM14,0.521978021978022
DNAAF1,0.521752410291917
LPAR1,0.521545599878227
TPI1,0.521367521367521
MAP6D1,0.521232359277699
ALDH1A2,0.521106180220641
FOLR3,0.521075234670467
GPR161,0.520810898484064
LAMTOR5,0.520757020757021
USP6NL,0.520757020757021
TRIM8,0.520757020757021
CACUL1,0.520757020757021
ITGAX,0.520757020757021
DNAAF4,0.520185497923431
AMPD2,0.52014652014652
HGSNAT,0.52014652014652
RPS13,0.52014652014652
IFI30,0.52014652014652
IGFLR1,0.52014652014652
EPHX1,0.519853487344158
VPS29,0.51953601953602
COTL1,0.51953601953602
CEACAM3,0.519107959397986
EVI2A,0.518925518925519
YPEL2,0.518925518925519
SLC19A1,0.518925518925519
HAL,0.518699441243983
CCT6A,0.518315018315018
NDUFS7,0.518315018315018
ADGRE2,0.518315018315018
LILRB1,0.518315018315018
DDT,0.518315018315018
PCBP2,0.517704517704518
PECAM1,0.517704517704518
SMPDL3A,0.517579326784022
OLFM1,0.517116556932733
AIMP2,0.517094017094017
RMDN1,0.517094017094017
CHCHD1,0.517094017094017
CORO1C,0.517094017094017
RAB5IF,0.517094017094017
FAM50A,0.517094017094017
BAG1,0.516483516483516
NETO2,0.516483516483516
CC2D2A,0.516337676043096
ZNF418,0.516337676043096
SNX27,0.515873015873016
OTULINL,0.515873015873016
XRCC4,0.515873015873016
CNIH1,0.515873015873016
ZDHHC1,0.515873015873016
PEPD,0.515873015873016
BTK,0.515873015873016
ZNF703,0.515262515262515
DENND3,0.515262515262515
C7orf61,0.515000763064962
ADGRA2,0.514797454397053
NLRC4,0.514661404140174
ENG,0.514652014652015
CLEC4D,0.514141743829779
IL1B,0.514041514041514
ATG3,0.514041514041514
OCM,0.513673927400848
LYN,0.513431013431013
ATP6V1G1,0.513431013431013
PPM1J,0.513149015941233
PPCDC,0.512820512820513
DYNC1LI1,0.512210012210012
MYD88,0.512210012210012
ATP6AP1,0.512210012210012
ZNF629,0.511982909338528
PAK2,0.511599511599512
LRRC25,0.511599511599512
SNAP29,0.511599511599512
HECW2,0.51146498151782
RSKR,0.511102735824826
CDC42EP3,0.510989010989011
METTL21A,0.510989010989011
ZFP36L1,0.510989010989011
MNT,0.510989010989011
ARPC2,0.51037851037851
COA7,0.50976800976801
VNN2,0.50976800976801
NDUFA4,0.50976800976801
WDFY2,0.50976800976801
SPRED1,0.509630677937959
TYW3,0.509157509157509
EMILIN2,0.509157509157509
NRG1,0.508835325839083
INKA2,0.508547008547009
JDP2,0.508547008547009
CNRIP1,0.508313940688132
CRHBP,0.508203232266612
PANX2,0.508187423503376
ZNF281,0.507936507936508
CSNK2B,0.507936507936508
SLC31A1,0.507936507936508
C15orf39,0.507936507936508
KIAA0513,0.507936507936508
CDC42EP4,0.507936507936508
CDCP1,0.507710747049802
NBPF19,0.507326007326007
TTYH3,0.507326007326007
CASP1,0.507326007326007
MTIF3,0.507326007326007
GLCE,0.507326007326007
CEBPE,0.507071715272521
MAPK10,0.50684546580416
RELT,0.506715506715507
PQBP1,0.506715506715507
GNG5,0.506105006105006
FARP2,0.506105006105006
HIGD1A,0.506105006105006
RAP2B,0.506105006105006
HEATR3,0.506105006105006
ERGIC3,0.506105006105006
SAMD4A,0.505962070778238
SMIM18,0.505793651717959
PPCS,0.505494505494506
MEMO1,0.505494505494506
DUSP1,0.505494505494506
LSM12,0.505494505494506
FAM104B,0.505494505494506
IFIT1,0.505266377433074
TLDC2,0.505042764404258
SORT1,0.50496108052828
MLX,0.504884004884005
BAIAP2,0.504884004884005
RPS6KA2,0.504655783623487
GALR2,0.504595139310967
TMCC3,0.504273504273504
RENBP,0.504273504273504
OPLAH,0.503819033833211
AKR1A1,0.503663003663004
KMO,0.503663003663004
RASGEF1B,0.503663003663004
CAST,0.503663003663004
DHRSX,0.503663003663004
F8A3,0.503097512251666
CARD9,0.503052503052503
MTMR6,0.503052503052503
ITPRIPL2,0.503052503052503
RFLNB,0.503052503052503
IFITM10,0.502758021085321
AHCYL1,0.502442002442002
POGK,0.502442002442002
CCNI,0.502442002442002
OAZ1,0.502442002442002
SERINC2,0.502078746078309
QRICH2,0.501973792844063
DNAJC15,0.501831501831502
RALB,0.501221001221001
PALLD,0.501221001221001
FAM124B,0.501158063781099
TNFRSF8,0.500920902859674
TAF13,0.500610500610501
SCARB2,0.500610500610501
NUDT19,0.500610500610501
SDC2,0.500308530117792
SH3PXD2B,0.50020593950222
SIGLEC15,0.500042365722429
FEM1C,0.5
RNASET2,0.5
LILRA1,0.5
TIAM1,0.5
BATF3,0.499847725512035
SOX15,0.499465042182801
C2,0.499402793679438
FAAP20,0.499389499389499
ARL6IP4,0.499389499389499
ROGDI,0.499389499389499
SLC43A2,0.499389499389499
NPEPL1,0.499389499389499
AATK,0.499236290985415
TMEM150A,0.498778998778999
ATP6V1B2,0.498778998778999
FAM49B,0.498778998778999
ATXN3,0.498778998778999
CPPED1,0.498778998778999
CENPB,0.498778998778999
GPR84,0.49849596758774
KCTD15,0.498471411892145
PTPRO,0.498396016889471
MKNK1,0.498168498168498
ZYG11B,0.498168498168498
SPIDR,0.498168498168498
UQCRB,0.498168498168498
CD4,0.498168498168498
MCOLN1,0.498168498168498
CHMP4B,0.498168498168498
MAPRE3,0.49786203547061
LCP1,0.497557997557998
CBR1,0.497557997557998
KAZALD1,0.497555434393324
MYOF,0.497328657908445
MERTK,0.497168440493191
NRP1,0.497166722724665
LDHD,0.496977046953995
SLC49A3,0.496947496947497
PHETA1,0.496790552878934
LAMTOR2,0.496336996336996
EIF4E2,0.496336996336996
TJP2,0.496336996336996
OAZ2,0.496336996336996
UQCR10,0.496336996336996
FAM209B,0.495859870634975
GOLIM4,0.495726495726496
TMEM14B,0.495726495726496
TSPAN3,0.495726495726496
KCNE5,0.49523338943392
TNNI2,0.495191579574891
NINJ1,0.495115995115995
PRUNE2,0.4942910797269
CARD6,0.494275688860511
GPR85,0.494099499502492
TNFRSF1B,0.493894993894994
TRAK1,0.493894993894994
PPARGC1B,0.493894993894994
ACTB,0.493894993894994
TPK1,0.493894993894994
ALOX5,0.493894993894994
DTX4,0.493572429957087
MTMR14,0.493284493284493
PJA2,0.493284493284493
GSR,0.493284493284493
C5,0.492960057215205
ZNF358,0.492749204336544
AK2,0.492673992673993
RNF149,0.492673992673993
UNC93B1,0.492673992673993
SLC37A2,0.492673992673993
ARID3A,0.492673992673993
PRICKLE1,0.492623055303584
CATSPER1,0.492258134908073
CPEB3,0.492063492063492
APIP,0.492063492063492
MED12L,0.492054468506416
P2RY12,0.491768799382368
LGALS12,0.491768799382368
PRELID1,0.491452991452991
MRPL23,0.491452991452991
C1QC,0.491383432070049
HSPA6,0.490842490842491
CFP,0.490842490842491
SLC2A6,0.49023199023199
ETV6,0.49023199023199
IKBIP,0.49023199023199
TIMP2,0.49023199023199
PTP4A2,0.48962148962149
CHML,0.48962148962149
EPSTI1,0.48962148962149
JUP,0.48962148962149
NAGA,0.48962148962149
CETN2,0.48962148962149
IDH3G,0.48962148962149
MXD3,0.489010989010989
PLXNC1,0.489010989010989
DNAH14,0.488887930215974
PFKFB4,0.48878034457423
C1QB,0.488575405719235
INIP,0.488400488400488
SPI1,0.488400488400488
TMEM179B,0.488400488400488
RNF41,0.488400488400488
BCKDHA,0.488400488400488
LINGO3,0.488268511620165
MTCH2,0.487789987789988
STK38L,0.487789987789988
GMFG,0.487789987789988
KDELR1,0.487789987789988
CSTB,0.487789987789988
PLXNB2,0.487789987789988
DGAT2,0.487619034979631
NR1H3,0.487559156955057
CALHM6,0.487179487179487
CCDC126,0.487179487179487
FBP1,0.487179487179487
CTIF,0.487179487179487
CEBPA,0.486568986568987
TCEA2,0.486568986568987
NDUFS6,0.485958485958486
CSF1R,0.485958485958486
RECK,0.485958485958486
LSP1,0.485958485958486
TMEM218,0.485958485958486
HCK,0.485958485958486
ADPRHL1,0.485898501419895
ZG16B,0.485855492247937
LRP3,0.485813358827606
LIF,0.485411115939479
IAH1,0.485347985347985
RGS12,0.485347985347985
TRIM36,0.485239705819232
OPHN1,0.485239705819232
NID1,0.484999211570736
GORASP1,0.484737484737485
JAK2,0.484737484737485
LRRC34,0.484355194439137
ARL3,0.484126984126984
DCBLD2,0.484066571290403
SH3TC2,0.483707660756732
UBE2D4,0.483516483516483
UBAC1,0.483516483516483
PIGZ,0.483033276029979
RXRA,0.482905982905983
CDH23,0.482905982905983
DAZAP2,0.482905982905983
MKKS,0.482905982905983
SULF2,0.482905982905983
ZMYND15,0.482674406478362
ZNF511,0.481684981684982
TIMM10,0.481684981684982
APOBR,0.481684981684982
USP32,0.481684981684982
GALK1,0.481684981684982
DLGAP1,0.481655302222834
FOSL1,0.481504689713429
ARPC5,0.481074481074481
QKI,0.481074481074481
PIK3AP1,0.481074481074481
LTBR,0.481074481074481
LAIR1,0.481074481074481
PLIN5,0.480560008456171
SMCO4,0.48046398046398
TNFRSF1A,0.48046398046398
HVCN1,0.48046398046398
LILRB4,0.48046398046398
KCNE1,0.48046398046398
GPRC5C,0.480313414389595
RIN1,0.480281820660188
AIFM3,0.480100229635678
TPM3,0.47985347985348
STX6,0.47985347985348
WBP1L,0.47985347985348
STK32C,0.47985347985348
SAMHD1,0.47985347985348
CCL20,0.479364668870258
WASF2,0.479242979242979
TNFSF10,0.479242979242979
RAB24,0.479242979242979
TP53,0.479242979242979
ADAP2,0.479242979242979
CMTM2,0.479174924979895
ASB16,0.47912692793295
THBD,0.478875484151913
RPL26L1,0.478632478632479
SNAPC2,0.478632478632479
NDUFB7,0.478632478632479
TYMP,0.478632478632479
DNASE1L1,0.478632478632479
UTF1,0.478447517080328
CTSK,0.478400249811255
BLOC1S3,0.478400249811255
HDX,0.478314078249678
FAM122A,0.478141799817017
COX17,0.478021978021978
PCMT1,0.478021978021978
MTPN,0.478021978021978
RRP12,0.478021978021978
RBM7,0.478021978021978
CBL,0.478021978021978
IFNAR1,0.478021978021978
KCNJ2,0.477776842384031
CYB5R2,0.477695083930748
CLEC10A,0.477650738668149
H2AFJ,0.477411477411477
CDC42BPB,0.477411477411477
OSBPL1A,0.477411477411477
NDUFA13,0.477411477411477
RNF114,0.477411477411477
PRKCG,0.47738982682112
CLEC9A,0.477325839080094
APCDD1,0.477230647215538
RIT1,0.476800976800977
MAP2K3,0.476800976800977
PSMB3,0.476800976800977
REPS2,0.476425993184384
FAM241A,0.476190476190476
LIG4,0.476190476190476
ATPAF2,0.476190476190476
AZU1,0.476002909388663
DAGLA,0.476001778973847
YOD1,0.475579975579976
NOXA1,0.475579975579976
EIF2AK4,0.475579975579976
FZD2,0.475387122959958
GAS8,0.47537895945923
LILRA2,0.475041983858527
NPW,0.474993676311891
ZNF572,0.474843384823235
KCTD3,0.474648836270753
MYRF,0.474582587131358
ANKRD22,0.474559509799107
CASP5,0.474375194962527
RHOU,0.474358974358974
PARL,0.474358974358974
MFSD14B,0.474358974358974
MCRIP2,0.474358974358974
SPACA6,0.474358974358974
MX1,0.474358974358974
CCDC114,0.473756713613162
BROX,0.473748473748474
CASP4,0.473748473748474
ERCC1,0.473748473748474
OMG,0.473539763673844
MME,0.473294827428861
C19orf38,0.473210202429767
CHRFAM7A,0.47259960862018
STXBP3,0.472527472527473
ARHGAP21,0.472527472527473
BID,0.472527472527473
PLAC8,0.471916971916972
QSER1,0.471916971916972
HAUS4,0.471916971916972
PRAM1,0.471916971916972
ABHD8,0.471916971916972
MPZL2,0.471696230270392
CETP,0.471592028890387
GHRL,0.471427103793833
ATP5MC3,0.471306471306471
PTGS1,0.471306471306471
CDC42EP1,0.471082442072252
TP53I3,0.470695970695971
OSBPL11,0.470695970695971
NT5C2,0.470695970695971
TPCN2,0.470695970695971
SERPINA1,0.470695970695971
KIAA1522,0.470460831530321
PLD4,0.470372720628674
NABP1,0.47008547008547
TUBGCP2,0.47008547008547
FAM32A,0.47008547008547
STRN4,0.47008547008547
HES1,0.469474969474969
NANS,0.469474969474969
UAP1L1,0.469474969474969
SECTM1,0.469474969474969
C19orf54,0.469474969474969
BEND3,0.469229258672912
WASF1,0.469077520281797
SAPCD2,0.469077520281797
KRT8,0.469013430773416
ISG15,0.468864468864469
PAPSS1,0.468864468864469
FAM20C,0.468864468864469
JAZF1,0.468864468864469
SMIM7,0.468864468864469
IRF5,0.468253968253968
LMO2,0.468253968253968
DEF8,0.468253968253968
FOSB,0.468253968253968
NHSL2,0.468253968253968
NTSR1,0.468166852379005
TBC1D30,0.467929225976058
LBX2,0.467743103015524
ZNF616,0.467743103015524
GABBR1,0.467643467643468
C3AR1,0.467643467643468
TOP3A,0.467643467643468
NAGK,0.467032967032967
FAM13A,0.467032967032967
FGD2,0.467032967032967
SDHD,0.467032967032967
TMTC2,0.467032967032967
ARHGAP27,0.467032967032967
ROMO1,0.467032967032967
OLR1,0.46670747864975
NREP,0.466628029314268
SLC25A3,0.466422466422466
TMOD2,0.466422466422466
NAT9,0.466422466422466
TPPP3,0.466015656572386
GRHPR,0.465811965811966
SELENOH,0.465811965811966
VASH1,0.465811965811966
CHCHD10,0.465811965811966
PARVG,0.465811965811966
FZD1,0.465558348288994
CD300C,0.465485731323441
C1QA,0.465251454189925
GSDME,0.465237593560133
LRRFIP1,0.465201465201465
CMTM7,0.465201465201465
CRIPAK,0.465201465201465
ERP44,0.465201465201465
SIK1,0.465201465201465
DDO,0.464633108979517
HTATIP2,0.464590964590965
PLEKHO2,0.464590964590965
RAB5C,0.464590964590965
MRAS,0.464263983997133
LRRC75B,0.464222569981701
SH3RF1,0.464051295285965
NADK,0.463980463980464
MYCBP,0.463369963369963
TLE3,0.463369963369963
MINDY1,0.462759462759463
MVB12A,0.462759462759463
COX7C,0.462148962148962
TOR2A,0.462148962148962
CELF1,0.462148962148962
JOSD2,0.462148962148962
SIGLEC10,0.462148962148962
STAT2,0.461538461538462
TMEM101,0.461538461538462
PNPO,0.461538461538462
CATIP,0.461116674637328
FGR,0.460927960927961
MAPKAPK3,0.460927960927961
ZMIZ1,0.460927960927961
ABRAXAS2,0.460927960927961
FNDC10,0.460598742018209
B3GALNT2,0.46031746031746
KCTD20,0.46031746031746
G6PC3,0.46031746031746
DPEP3,0.460279117329106
HFE,0.460082435523651
PROSER2,0.459891929153564
TMTC1,0.459891929153564
SMAP2,0.45970695970696
CCSAP,0.45970695970696
CCDC112,0.45970695970696
CD14,0.45970695970696
CLIC1,0.45970695970696
ANXA1,0.45970695970696
SIPA1L1,0.45970695970696
CXCL1,0.459532027186352
MROH6,0.459471841714064
S100A11,0.459096459096459
VPS37C,0.459096459096459
RAB13,0.458913161228416
RAB39A,0.458667183669799
IMPDH1,0.458485958485959
SLC15A3,0.458485958485959
RASGRP4,0.458485958485959
CTSZ,0.458485958485959
ZBED3,0.45827017770186
LRRC6,0.45826784004141
HK1,0.457875457875458
VPS35,0.457875457875458
SEMA6B,0.457544373702438
DDX28,0.457264957264957
SIGLEC9,0.45704730864862
MARC1,0.456965313515038
C1orf162,0.456654456654457
RHOG,0.456654456654457
C12orf10,0.456654456654457
TESC,0.456654456654457
P2RX4,0.456654456654457
ANKRD9,0.456654456654457
ATP5MGL,0.456547124485897
PLA1A,0.456351525316898
PARP14,0.456043956043956
CTSA,0.456043956043956
LRRC36,0.455925125678696
SNN,0.455433455433455
POFUT1,0.455433455433455
EIF1AY,0.455433455433455
ULK2,0.454212454212454
EGFL7,0.453834597955297
RNF2,0.453601953601954
VDR,0.453601953601954
SCML2,0.453572389563767
NFKBIZ,0.452991452991453
NUDT16,0.452991452991453
ALPK1,0.452991452991453
UQCRQ,0.452991452991453
ZNHIT1,0.452991452991453
DNAJC4,0.452991452991453
TMLHE,0.452991452991453
SDCCAG8,0.452380952380952
ACAA1,0.452380952380952
MRPS36,0.452380952380952
HMOX1,0.452380952380952
SLC35A1,0.451770451770452
ITPK1,0.451770451770452
ARRB2,0.451770451770452
ENHO,0.451238680645728
BAHCC1,0.451238680645728
SLC29A1,0.451159951159951
PPP6C,0.451159951159951
SGPL1,0.451159951159951
LYL1,0.451159951159951
RBX1,0.451159951159951
ANO5,0.451156434760428
COL8A2,0.450683442954063
HP,0.450683442954063
FAM53C,0.450549450549451
CTDSP2,0.450549450549451
ABCC3,0.450213889744588
HK3,0.44993894993895
LEAP2,0.449705137606681
TBC1D12,0.449328449328449
PDXK,0.449328449328449
CAMKK1,0.449091746951088
SRD5A1,0.448717948717949
SLFN12,0.448717948717949
PDE4A,0.448717948717949
IL20RB,0.448355360187718
ZRANB1,0.448107448107448
SPHK1,0.448107448107448
MICOS13,0.448107448107448
CAMK1,0.447870559331915
HIGD2A,0.447496947496948
RIPOR1,0.447496947496948
CAPNS1,0.447496947496948
IFNGR2,0.447496947496948
THG1L,0.446886446886447
CBWD1,0.446886446886447
YBX3,0.446886446886447
PCDH9,0.446681096352163
CDKN2B,0.446419728832154
ABCD1,0.446275946275946
SLC1A3,0.446150707177226
P2RY1,0.445917125948523
ADAMTSL4,0.445665445665446
PELI1,0.445665445665446
ANXA4,0.445665445665446
LYPD2,0.445665445665446
BFAR,0.445665445665446
PGLS,0.445665445665446
RNH1,0.445054945054945
P2RX1,0.445054945054945
SPRED3,0.444867534733418
TREX1,0.444582610606508
KDM6B,0.444444444444444
DIAPH2,0.444444444444444
ANKRD29,0.44440681569526
ZNF396,0.444378849518351
SLC6A12,0.444069608843669
OSGIN1,0.443970237864625
GAA,0.443833943833944
ZNF524,0.443833943833944
ARL11,0.443357865122743
GLB1,0.443223443223443
BSCL2,0.443223443223443
TRAF7,0.443223443223443
CACNB4,0.443097594302108
F13A1,0.442612942612943
EXT1,0.442612942612943
CPQ,0.442002442002442
CCL2,0.441957526329602
CA6,0.441602479173212
UQCRC1,0.441391941391941
RUFY3,0.441391941391941
TBCA,0.441391941391941
WASHC1,0.441391941391941
FIBP,0.441391941391941
MTHFS,0.441391941391941
GPBAR1,0.44115402742646
SMN1,0.44115402742646
PLCE1,0.44111851651631
DLC1,0.4409030829525
ICAM1,0.440781440781441
MARCKS,0.44017094017094
NDUFB2,0.44017094017094
EXOSC4,0.44017094017094
MBD2,0.44017094017094
TICAM1,0.44017094017094
STKLD1,0.440086138066195
SAG,0.43997337865801
FLT3,0.439621424639943
ESRRA,0.43956043956044
MEFV,0.43956043956044
TFE3,0.43956043956044
ZNF205,0.439055723666386
SLC12A5,0.439027836670769
OSTF1,0.438949938949939
NLN,0.438711652188113
COL9A2,0.438339438339438
SKIL,0.438339438339438
CYP2S1,0.438040845722341
SNX18,0.437728937728938
FRAT1,0.437728937728938
NCKAP5L,0.437728937728938
MYL6,0.437728937728938
MT2A,0.437728937728938
ZSWIM1,0.437185167664146
REEP4,0.437118437118437
BANF1,0.437118437118437
CTSL,0.436574573854559
SEMA4A,0.436507936507936
PNKD,0.436507936507936
BST2,0.436507936507936
ZFP36,0.436507936507936
MANBAL,0.436507936507936
C2orf69,0.435897435897436
TMEM120A,0.435897435897436
SH2B2,0.435897435897436
PIGBOS1,0.435897435897436
EPN1,0.435897435897436
PRG2,0.435717675333702
TRPM4,0.435482726580147
HSD17B13,0.435399165041047
ARPC1B,0.435286935286935
CDKN1C,0.435286935286935
FUT4,0.435286935286935
F2RL1,0.434880377859987
SNX17,0.434676434676435
FEZ2,0.434676434676435
KANSL1L,0.434676434676435
PTMA,0.434676434676435
EGR3,0.434676434676435
CCDC9,0.434676434676435
AP1B1,0.434065934065934
MEX3B,0.433533168619442
INSL6,0.433524991130009
MTX1,0.433455433455433
SEM1,0.433455433455433
PDE1B,0.433455433455433
RARA,0.433455433455433
MCEMP1,0.433455433455433
CDK18,0.432947528510745
RTRAF,0.432844932844933
SETD3,0.432844932844933
CBX6,0.432844932844933
ADGRE3,0.432335155768863
RRAGD,0.432300417187451
TMEM127,0.432234432234432
ITGA10,0.431985481441997
MARCKSL1,0.431623931623932
DDAH2,0.431623931623932
MTF1,0.431013431013431
MTHFD2L,0.431013431013431
CD151,0.431013431013431
ACSF2,0.431013431013431
TRIM25,0.431013431013431
SPDYA,0.430665932523656
AGO4,0.43040293040293
CAP1,0.43040293040293
TGOLN2,0.43040293040293
IL1RAP,0.43040293040293
ZFP91,0.43040293040293
SUMO2,0.43040293040293
SFTPD,0.429818927235817
CFL1,0.42979242979243
DUS2,0.42979242979243
IL3RA,0.42979242979243
IRF6,0.429318929977211
GNPTG,0.429181929181929
MAP3K3,0.429181929181929
ZBED1,0.429181929181929
NPIPB3,0.429179176969032
SCGB3A1,0.42903795049968
ATF6,0.428571428571429
MOB1B,0.428571428571429
BLVRA,0.428571428571429
ITGB2,0.428571428571429
LRRC29,0.428309885897469
GALNT2,0.427960927960928
P4HA1,0.427960927960928
LGALS4,0.427886660320515
IGSF10,0.427773468415554
TEX14,0.42750348000433
TMEM53,0.427350427350427
GLMP,0.427350427350427
CARS2,0.427350427350427
SIAH1,0.427350427350427
ZBTB7B,0.426739926739927
MMP24OS,0.426739926739927
TINCR,0.426663161417865
PSMB1,0.426129426129426
RRAS,0.426129426129426
SAMD8,0.425518925518925
NME4,0.425518925518925
KCNC3,0.425518925518925
CDK20,0.425508422234885
SLC10A1,0.425355221310841
LKAAEAR1,0.425355221310841
SSU72,0.424908424908425
CCDC125,0.424908424908425
ARAP3,0.424908424908425
MAN2A2,0.424908424908425
SRC,0.424908424908425
NDUFA1,0.424908424908425
SERPINB2,0.424766880700452
FKBP15,0.424297924297924
IFITM2,0.424297924297924
PTPN6,0.424297924297924
TTYH2,0.424297924297924
OGFR,0.424297924297924
CD209,0.424175332573331
TSSK3,0.424134561975447
IL6,0.423820750815492
MYLPF,0.423724126947817
UNC119,0.423687423687424
OLIG1,0.423206962617352
SUCNR1,0.423188051312603
MUSTN1,0.422836213138856
HS1BP3,0.422466422466423
ASNSD1,0.422466422466423
DAP,0.422466422466423
DYNLT1,0.422466422466423
TGFB2,0.422238506410568
NRN1L,0.422191960928232
SLC25A33,0.421855921855922
PRDX5,0.421855921855922
CNEP1R1,0.421855921855922
CDKN2D,0.421855921855922
RPS11,0.421855921855922
IL31RA,0.421606412838097
ARRB1,0.421245421245421
PCDH12,0.421197917233953
KCNJ15,0.421089174131003
DGKG,0.420891953913191
JARID2,0.420634920634921
AP2A1,0.420634920634921
IQCJ-SCHIP1,0.420055645307328
SH3TC1,0.42002442002442
DBNL,0.42002442002442
ITLN1,0.419966344376543
PVR,0.419444085261476
B3GNT8,0.419059332923728
ANKRD13A,0.418803418803419
PPA2,0.418192918192918
ABRACL,0.418192918192918
YY2,0.417983198439405
TNFAIP8L2,0.417582417582418
CHRAC1,0.417582417582418
B3GALNT1,0.417073121387767
SDHB,0.416971916971917
NDUFB1,0.416971916971917
ERLIN2,0.416361416361416
WDR13,0.416361416361416
SOGA1,0.416119681233401
GBGT1,0.416004964607957
ATG16L2,0.415750915750916
CAMKK2,0.415750915750916
RAB8A,0.415750915750916
FAM110A,0.415750915750916
FAM210B,0.415750915750916
TMEM121B,0.415259763739938
GBE1,0.415140415140415
GIMAP2,0.415140415140415
NMNAT3,0.414920821942466
ETV5,0.414920821942466
C16orf86,0.414783217281649
PRSS36,0.414576346254278
ATF7,0.414529914529915
TPT1,0.414529914529915
MIDN,0.414529914529915
PLAGL2,0.414529914529915
STEAP3,0.414251205596196
TMEM220,0.414000139645256
ZMAT2,0.413919413919414
DUSP22,0.413919413919414
ACTR1A,0.413919413919414
RGS19,0.413919413919414
STON2,0.413693245546186
RPS6KL1,0.413629206788994
VLDLR,0.413565927481768
ZDHHC3,0.413308913308913
DOCK2,0.413308913308913
MBOAT1,0.413308913308913
SLC48A1,0.413308913308913
ORAI3,0.413308913308913
MMP17,0.412950596292187
TTC39A,0.412846028941269
LIMS1,0.412698412698413
WWC2,0.412456118375881
KCTD11,0.412412588205343
SMARCD3,0.412087912087912
EVA1B,0.411477411477411
PTGER2,0.411477411477411
PISD,0.411477411477411
SUOX,0.411117975302725
STYXL1,0.410866910866911
LY6E,0.410866910866911
BAZ2B,0.41025641025641
SRD5A3,0.41025641025641
GNB2,0.41025641025641
SLIRP,0.41025641025641
CD40,0.41025641025641
KIAA1257,0.41011376151727
FPR3,0.40967020251082
BMP2K,0.40964590964591
SYT17,0.409125412604578
WDFY1,0.409035409035409
DERA,0.409035409035409
ICAM4,0.409035409035409
VMO1,0.408674480650108
WDR66,0.408593753597721
AC015871.1,0.408424908424908
VASP,0.408424908424908
KIAA0930,0.408424908424908
C3,0.407888449905849
GUCY1A1,0.407840246093573
NUDT3,0.407814407814408
UBE2R2,0.407814407814408
PBLD,0.407814407814408
PRKACA,0.407814407814408
UCHL3,0.407203907203907
SLC16A3,0.407203907203907
STS,0.406841859660646
SLX1A,0.406603960202451
STK40,0.406593406593407
PTPN18,0.406593406593407
IL1R2,0.406424210350754
CDC42EP2,0.406044883375219
PDE6G,0.406020893069439
FAU,0.405982905982906
STX10,0.405982905982906
TUBA4B,0.405804073526325
CUEDC1,0.405739586470426
NOTCH2NLA,0.405372405372405
TTLL4,0.405372405372405
ERGIC1,0.405372405372405
NOTCH4,0.405372405372405
IL15RA,0.405372405372405
TCIRG1,0.405372405372405
PAM16,0.405372405372405
TMEM189,0.405372405372405
RAD9B,0.405333337082538
C3orf62,0.404761904761905
DST,0.404761904761905
RTL8C,0.404761904761905
LCN10,0.404493183186007
CSF3R,0.404151404151404
PLOD2,0.404080374680428
SCX,0.404061017820884
EXOC3L1,0.40367722587377
LRRC8D,0.403540903540904
PRKCD,0.403540903540904
EHBP1L1,0.403540903540904
RPS4Y1,0.403540903540904
C1QTNF12,0.403258846177811
ZNF706,0.402930402930403
POLD4,0.402930402930403
P2RX7,0.402930402930403
AGPAT3,0.402930402930403
REEP5,0.402319902319902
NEU4,0.401954870355413
ZNF469,0.401954870355413
TRNP1,0.401716518674751
AGAP3,0.401709401709402
SMCR8,0.401709401709402
COA3,0.401709401709402
TMEM104,0.401709401709402
MEIKIN,0.401492751515405
PSRC1,0.401406766726179
CMTM1,0.401343996692259
TMEM51,0.401189230644964
KATNAL2,0.401189230644964
MFSD13A,0.401098901098901
CACNA2D4,0.401098901098901
COX6A1,0.401098901098901
SLC2A12,0.400747324946557
TXNDC12,0.400488400488401
ATP5MD,0.400488400488401
SNF8,0.400488400488401
ACKR4,0.400115231374086
FP565260.6,0.399879400449104
PNPLA6,0.3998778998779
FOXO6,0.399538951689429
GPR157,0.399328351469765
MORN2,0.399267399267399
AP2M1,0.399267399267399
SPIB,0.399267399267399
PTPN20,0.398942341233941
IQCD,0.398755829023381
NPFF,0.398701235416158
NFKBIL1,0.398656898656899
NOTCH1,0.398656898656899
ZFYVE21,0.398656898656899
WSB1,0.398656898656899
CIART,0.398271849904136
SNX21,0.398107163850591
PABPC4,0.398046398046398
SLC25A44,0.398046398046398
FTCDNL1,0.398046398046398
CKB,0.398046398046398
NEDD8,0.397435897435897
MIS18BP1,0.397435897435897
OPRL1,0.397427858295483
ACRBP,0.397191273136211
FILIP1L,0.397182246514473
EAF1,0.396825396825397
YWHAB,0.396825396825397
IL1A,0.396755785617289
POLR2J,0.396214896214896
PTGIR,0.396214896214896
RBM3,0.396214896214896
CAMSAP2,0.395950673657064
STEAP4,0.395723769850202
SLC25A30,0.395604395604396
HCFC1R1,0.395604395604396
BOLA2,0.395604395604396
IDH3B,0.395604395604396
EIF6,0.395604395604396
ABCC6,0.395589884584917
CNTF,0.394995546267211
TBC1D2,0.394993894993895
CHST2,0.394383394383394
CCDC6,0.394383394383394
EMP3,0.394383394383394
ZSCAN21,0.394013512734409
HOMER3,0.393772893772894
PADI2,0.393743434863022
VSIG10L,0.393354138195785
SCLT1,0.393162393162393
RNASE1,0.39311959752428
C1QTNF4,0.392763242893717
M6PR,0.392551892551893
CBFA2T3,0.392551892551893
ANKUB1,0.391640168656131
PTGDR2,0.391498694147692
PFKFB2,0.391330891330891
RAB10,0.391330891330891
MAD2L1BP,0.391330891330891
CUEDC2,0.391330891330891
PHF23,0.391330891330891
RPL26,0.391330891330891
DOK7,0.391110344172779
HES4,0.390720390720391
ATP5MF,0.390720390720391
MRPS35,0.390720390720391
ZNF440,0.390720390720391
FAM72A,0.39069380932087
MACROD2,0.390225953946477
FHL3,0.39010989010989
ZNF710,0.39010989010989
SMIM10,0.389671307056165
CASP9,0.38949938949939
RNF208,0.389024768750234
IQCE,0.388888888888889
PPP2CB,0.388888888888889
INPPL1,0.388888888888889
CYBA,0.388888888888889
CACNA2D3,0.388531320586884
ANKDD1B,0.388520209443158
GCNT2,0.388337662897202
HCLS1,0.388278388278388
SURF1,0.388278388278388
LRP6,0.388157978739184
CD55,0.387667887667888
SFXN4,0.387667887667888
TAF10,0.387667887667888
SYF2,0.387057387057387
PLEKHO1,0.387057387057387
APAF1,0.387057387057387
JKAMP,0.387057387057387
ZNF592,0.387057387057387
NOMO1,0.387057387057387
DHX34,0.387057387057387
XRN2,0.387057387057387
HSDL2,0.386446886446886
TRIM44,0.386446886446886
CD1E,0.385369928039035
MAP3K11,0.385225885225885
P2RY6,0.385017261657725
ZNF470,0.385017261657725
RASL11B,0.384966466149204
SPA17,0.384850407787097
ARHGAP6,0.384850407787097
MMP14,0.384635007348726
SLC12A9,0.384615384615385
MED13L,0.384615384615385
MPZ,0.384231412035479
LMO4,0.384004884004884
ZNF521,0.383521040648428
CABP5,0.383458436605954
LRRC69,0.383419066368636
TWF2,0.383394383394383
RPS17,0.383394383394383
MYO10,0.383345336418284
GOLGA6L10,0.383323446495898
NEK5,0.383151265236121
TCAIM,0.382783882783883
SLC12A7,0.382783882783883
GRINA,0.382783882783883
FLII,0.382783882783883
OSM,0.382783882783883
UCP3,0.382460518702714
CCDC9B,0.382403372225562
SFT2D2,0.382173382173382
GPSM3,0.382173382173382
CCNB3,0.381821486925433
FRAT2,0.381562881562882
RBP5,0.381182455148152
ZNF497,0.381182455148152
AGFG1,0.380952380952381
PDPK1,0.380952380952381
MARCH2,0.380952380952381
CALD1,0.380556012939448
AKIRIN2,0.38034188034188
CYYR1,0.379756096698029
NSA2,0.37973137973138
HLA-DQB1,0.37973137973138
SLC22A16,0.379498092669598
FAM20B,0.379120879120879
TMEM258,0.379120879120879
HDHD5,0.379120879120879
DENND5A,0.378510378510379
MED11,0.378510378510379
NECTIN1,0.378130797492402
SLC7A8,0.377631660671681
COMMD8,0.377289377289377
FAM192A,0.377289377289377
ZNF177,0.376816127350378
DUSP23,0.376678876678877
FAM200B,0.376678876678877
TRPV4,0.376309278356905
NKAPD1,0.376068376068376
ZBTB7C,0.375727419738898
SFRP5,0.375717308627385
DCUN1D3,0.375687302839785
PADI4,0.375457875457875
ZYX,0.375457875457875
TMEM38B,0.375457875457875
FKBP2,0.375457875457875
TUBA1A,0.375457875457875
SMIM26,0.375457875457875
C15orf65,0.375065280742502
SHKBP1,0.374847374847375
NUP50,0.374847374847375
AMOTL1,0.374809364818199
CLEC4F,0.374717694964313
VAMP5,0.374236874236874
COPG2,0.374236874236874
IGLV3-25,0.374199394902779
BEGAIN,0.373892213028269
SELP,0.373782362223698
LRRFIP2,0.373626373626374
CNBP,0.373626373626374
PLXND1,0.373626373626374
ZNF438,0.373626373626374
EREG,0.373015873015873
TIMM17B,0.373015873015873
ELF4,0.373015873015873
FNBP1L,0.372756314627681
PLGLB2,0.372569436270823
SLC27A3,0.372405372405372
ZC2HC1A,0.372405372405372
DGCR6,0.372022060860861
SIGLEC1,0.371955648072684
PGM5,0.371955286706494
PGLYRP2,0.371851630038359
CASP10,0.371794871794872
GNA12,0.371794871794872
FHOD1,0.371794871794872
TOR4A,0.371411187197707
DPM3,0.371184371184371
ZCWPW2,0.371184371184371
MGLL,0.371184371184371
THAP2,0.371184371184371
KCNK7,0.370800313534552
AC093512.2,0.370711289092091
RASIP1,0.370681919572975
MYO1E,0.370630442419185
NBPF9,0.370573870573871
NRGN,0.370573870573871
KARS,0.370573870573871
ACOT11,0.37008764365147
S100A12,0.36996336996337
RTF2,0.369352869352869
DAB2,0.369103957895218
MIIP,0.368742368742369
KLHL18,0.368742368742369
TFEB,0.368742368742369
RASSF3,0.368742368742369
ZNF883,0.368624480611423
NCKAP1L,0.368131868131868
SERINC4,0.367624497936652
AQP11,0.367595761130647
FASTKD3,0.367521367521368
MMGT1,0.367521367521368
MAK,0.367472150498756
ASAP3,0.367246365605599
ARHGAP29,0.367045342487566
NDUFB3,0.366910866910867
CHCHD4,0.366910866910867
TAF9,0.366910866910867
TXNRD1,0.366910866910867
HS3ST1,0.366504064241379
HTR7,0.366450199498432
GUSB,0.366300366300366
ECHS1,0.366300366300366
NXF1,0.366300366300366
GNAI3,0.365689865689866
BRI3,0.365689865689866
PHKA2,0.365689865689866
C3orf14,0.365135098132904
ZNF593,0.365079365079365
ABHD11,0.365079365079365
ME2,0.365079365079365
ZNF333,0.365079365079365
TM9SF4,0.365079365079365
ADAMTS5,0.364938981214296
OAS1,0.364468864468864
TPM1,0.364468864468864
RAB25,0.36442189587973
TNFRSF6B,0.364361781419934
HLX,0.363858363858364
ID2,0.363858363858364
TEC,0.363858363858364
CCT5,0.363858363858364
IER3,0.363858363858364
VCL,0.363858363858364
COA8,0.363858363858364
ZDHHC19,0.362825434991047
VCAN,0.362637362637363
IQGAP1,0.362637362637363
OSR2,0.362248082250395
TFCP2L1,0.362135036902448
CSDE1,0.362026862026862
ZC2HC1C,0.361557523453361
UBE2E3,0.361416361416361
CYSTM1,0.360805860805861
ZNF844,0.360805860805861
KCP,0.360600566407098
TRPV1,0.360235060792196
SLC39A4,0.36019536019536
TNFSF11,0.359837634225101
ZNF888,0.359804587597778
GEMIN6,0.35958485958486
C1D,0.35958485958486
ATP5ME,0.35958485958486
SIDT2,0.35958485958486
NEDD4,0.35958485958486
ZNF780A,0.35958485958486
IRGQ,0.35958485958486
AMY2B,0.359334456941829
FNIP1,0.358974358974359
ASAP2,0.358893311755263
NUDT7,0.35858284027147
WDR11,0.358363858363858
TRAPPC1,0.358363858363858
LSMEM1,0.35779146060733
FCGR2B,0.357753357753358
NMI,0.357753357753358
NDUFC1,0.357753357753358
IRF7,0.357753357753358
IFNAR2,0.357753357753358
CD1C,0.3575316254164
SLC25A27,0.357308566322887
NIBAN2,0.357142857142857
GNGT2,0.357142857142857
TBX6,0.356899247611472
HPCAL1,0.356532356532357
R3HDM2,0.356532356532357
ACOX2,0.356467803400253
MFSD2A,0.356466329019592
TLN2,0.35630404902012
C10orf105,0.355924555791264
DPYD,0.355921855921856
PSME2,0.355921855921856
CSNK2A1,0.355921855921856
TXNRD2,0.355921855921856
HIC2,0.355921855921856
KIF1B,0.355311355311355
TOLLIP,0.355311355311355
IL18BP,0.355311355311355
CLPB,0.355311355311355
ARAP1,0.355311355311355
ING1,0.355311355311355
IDH3A,0.355311355311355
TXNRD3,0.355236587728652
ADSSL1,0.354769578524771
PFKL,0.354700854700855
NAV1,0.354449706465135
TDRP,0.354200924275679
VPS35L,0.354090354090354
TMEM160,0.354090354090354
DBNDD2,0.354090354090354
CACNA1C,0.353947445019798
TRPM2,0.353839112655548
SH3GLB1,0.353479853479853
CD300A,0.353479853479853
KHDRBS2,0.353235108029422
SVIL,0.352869352869353
PGPEP1,0.352869352869353
GNAI2,0.352258852258852
CHURC1,0.352258852258852
SOCS3,0.352258852258852
NDUFA7,0.352258852258852
PLAAT1,0.352258323228463
GATD3A,0.351648351648352
EP300,0.351648351648352
SYCE2,0.351610789546058
PLPBP,0.351037851037851
NTNG2,0.351037851037851
DRD4,0.350807327261643
MAN1C1,0.35042735042735
IGF1R,0.35042735042735
VSIG2,0.350189413950021
C17orf113,0.350189413950021
PTGFRN,0.350179839148884
XXYLT1,0.34981684981685
TSPAN33,0.34981684981685
TBC1D16,0.34943483196346
ACO1,0.349206349206349
CADM4,0.349013233425656
SEZ6,0.348631696543374
SHISA4,0.348211962910219
HMGN3,0.347985347985348
IL24,0.34770718450231
STARD3NL,0.347374847374847
MAP3K8,0.347374847374847
INKA1,0.3473035457894
KBTBD7,0.346764346764347
PVALB,0.346687759360695
NEFM,0.346276407288208
CLEC6A,0.345723759029561
TMEM141,0.345543345543346
RAB11A,0.345543345543346
ZNF787,0.345543345543346
ARHGEF2,0.344932844932845
HLA-DRB5,0.344932844932845
DECR1,0.344932844932845
TEP1,0.344932844932845
FMNL2,0.344532746018925
ZP1,0.344438127954491
LSM10,0.344322344322344
SLC39A1,0.344322344322344
COPS9,0.344322344322344
CRIP1,0.344322344322344
LAMB3,0.34415348093782
CRISPLD2,0.343965340382427
CDO1,0.343848429770598
RWDD4,0.343101343101343
TST,0.343101343101343
YIF1B,0.342490842490842
SLC9A3R2,0.342316362712173
ARFIP1,0.341880341880342
LYRM4,0.341880341880342
PRKAR2B,0.341269841269841
DMD,0.341198485347462
RLN2,0.340985457350809
VIL1,0.340923453179446
S100A13,0.340874748590776
SSPO,0.34006634198935
KLHDC10,0.34004884004884
NEURL1,0.34004884004884
PACSIN2,0.34004884004884
IL1R1,0.339866051572298
PPM1L,0.339438339438339
PLIN2,0.339438339438339
OAT,0.339438339438339
PYCARD,0.339438339438339
EMP1,0.33929832221624
FRMD6,0.338989349924815
GPANK1,0.338827838827839
EMC8,0.338827838827839
LRP5L,0.338827838827839
RAB4A,0.338217338217338
GOLGA8O,0.338000057427667
CACFD1,0.337963673606292
HEY2,0.337959725017094
ALDH7A1,0.337257138891887
PPP1R17,0.337206141431055
SLC66A1,0.336996336996337
DOK1,0.336996336996337
CPEB2,0.336996336996337
ENTPD1,0.336996336996337
MYO1F,0.336996336996337
HSD17B10,0.336996336996337
PRADC1,0.336385836385836
CRABP2,0.336273780554524
ARMC9,0.336048363720181
ASGR2,0.335879355888807
TNK2,0.335775335775336
CNDP2,0.335775335775336
MUC20,0.335480683164913
FCER1A,0.335167442564386
PHC2,0.335164835164835
SNAPIN,0.335164835164835
RABIF,0.335164835164835
PELI3,0.334967889809586
GTPBP2,0.334554334554335
BRD3,0.334554334554335
EPS8,0.334554334554335
FCGR3B,0.334147893745305
SLAMF8,0.333979928656799
NRARP,0.333943833943834
WBP4,0.333943833943834
SEMA5A,0.333923464337922
C2orf81,0.33390077978802
STAT6,0.333333333333333
PLXNA2,0.333231817008024
NDUFA10,0.332722832722833
DCUN1D1,0.332722832722833
ACKR3,0.332524671500489
CRLF1,0.332524671500489
LTBP1,0.332315272755843
ZNF547,0.3321847790739
RRNAD1,0.332112332112332
UHRF1BP1,0.332112332112332
OSGIN2,0.332112332112332
PLA2G15,0.332112332112332
HUS1B,0.331537245391495
MED8,0.331501831501831
TMEM30A,0.331501831501831
PSMA7,0.331501831501831
ATF4,0.331501831501831
SUMF1,0.330891330891331
TSPAN14,0.330891330891331
EFCAB13,0.330891330891331
AK4,0.330782074157001
KNDC1,0.33048265176638
CMBL,0.330379428854308
HMGN2,0.33028083028083
HIST2H2BE,0.33028083028083
TATDN3,0.33028083028083
TMSB4Y,0.329868927111612
SMIM12,0.32967032967033
MAST3,0.32967032967033
CCNY,0.329059829059829
ALOX12,0.328844162390764
FSD1L,0.328650030776918
PPP1R3D,0.328449328449328
TTC21A,0.328034623531752
WIPI2,0.327838827838828
HOXA1,0.327598380070852
NEU3,0.327228327228327
KCNC4,0.327023186950672
DNM1,0.326864754079262
BMP1,0.326811754478511
RBIS,0.326617826617827
HOXA9,0.326315860092602
EFHD1,0.326190633788068
GRPEL1,0.326007326007326
HERC3,0.326007326007326
MFSD12,0.326007326007326
MCL1,0.325396825396825
ST3GAL2,0.325396825396825
PNMA5,0.325283168161961
SEMA3A,0.325135234356034
SLC25A37,0.324786324786325
RFC3,0.324786324786325
HTR3A,0.324559371515174
L1TD1,0.324557553197588
PTK6,0.324557553197588
CD180,0.324373915134839
PIK3R6,0.323920015985795
MTSS1,0.323565323565324
PPP1R16A,0.323565323565324
IFT74,0.323565323565324
HLA-DQB2,0.323309422176208
KLHDC8B,0.322672088641215
CEP63,0.321733821733822
MEIG1,0.32161030166951
BCL3,0.321123321123321
CC2D2B,0.32105270105885
TULP2,0.320824729355101
DYNC1I2,0.320512820512821
SUGCT,0.320494855646763
LRRC75A,0.320256453128274
PDP1,0.31990231990232
PDE8A,0.31990231990232
CBX2,0.319707386901569
SLC35F6,0.319291819291819
ARPC4,0.319291819291819
UBTD2,0.318977370068988
NFIA,0.318681318681319
CIDEB,0.318681318681319
SSH2,0.318681318681319
MLLT1,0.318681318681319
RCAN1,0.318681318681319
ZNF491,0.318575160525339
CLEC4C,0.318483381657348
C11orf65,0.318208654248005
NDUFA3,0.318070818070818
IGF2BP3,0.317640236579208
FBXL15,0.317460317460317
ANAPC15,0.317460317460317
DNASE1L3,0.317291504378579
SPR,0.317219391672763
RTN4RL2,0.317209080295001
PLXNB1,0.31718850657262
METTL27,0.317130010782874
SLC66A2,0.316849816849817
RTL8A,0.316849816849817
KRT23,0.316640245642765
KDELR3,0.316046786235455
SLC25A13,0.315628815628816
ANP32B,0.315628815628816
PEMT,0.315628815628816
PBX2,0.315018315018315
SLA,0.315018315018315
BICD2,0.315018315018315
PEAK1,0.315018315018315
ZNF316,0.314407814407814
MLKL,0.314407814407814
CACNA1D,0.314109397636755
BEX1,0.313867081728518
TRIP12,0.313797313797314
VPS28,0.313797313797314
GCNT1,0.313797313797314
MPP5,0.313797313797314
FXYD5,0.313797313797314
MOSPD2,0.313797313797314
EDN1,0.313435292210646
EIF2S2,0.313186813186813
GLTPD2,0.31262403050844
SNCA,0.312576312576313
MRPS24,0.312576312576313
OGDH,0.312576312576313
NCF1,0.312576312576313
PLCB2,0.312576312576313
ARHGAP17,0.312576312576313
PPP4C,0.312576312576313
SSR1,0.311965811965812
CEACAM19,0.311405359404997
RREB1,0.311355311355311
TAS1R3,0.311107977029494
SLC22A4,0.311097545984473
GINM1,0.310744810744811
BCAP29,0.310744810744811
G6PD,0.310744810744811
DEPP1,0.310734675723244
THEM5,0.31033037670078
GNB1,0.31013431013431
LGALS8,0.31013431013431
NIFK,0.31013431013431
IPMK,0.31013431013431
UPB1,0.309859156031585
TTC28,0.309794953921661
RPL7,0.30952380952381
TAOK1,0.30952380952381
GUCD1,0.30952380952381
NME8,0.309521100189716
PALD1,0.309282264002077
RAB36,0.308958750726412
RUBCNL,0.308913308913309
ZP3,0.30863586190865
NLGN3,0.308541991519552
DYSF,0.308302808302808
PCGF3,0.308302808302808
EIF3M,0.308302808302808
RSPH9,0.308226032824905
EBI3,0.307197476220863
DIPK2A,0.307081807081807
SYNJ1,0.307081807081807
TIFAB,0.307005886602621
ADIPOR1,0.306471306471306
ZNF117,0.306471306471306
S1PR3,0.306280310871731
PPARG,0.306148267935399
FN1,0.305921118836814
ATG7,0.305860805860806
PAK1IP1,0.305860805860806
TMEM186,0.305860805860806
SRXN1,0.305860805860806
TPBG,0.305744046391054
GRTP1,0.305592171397205
PLA2G4C,0.305436831577061
SLC5A10,0.305359628574522
ATP8B4,0.305296904793398
DELE1,0.305250305250305
PLCB3,0.305250305250305
IFI27L2,0.305250305250305
FBLN2,0.305055171555579
BEND6,0.305055171555579
EPHB4,0.304988364412879
UMODL1,0.304961625457357
C3orf67,0.304818157763066
GNPDA1,0.304639804639805
NATD1,0.304639804639805
MSL3,0.304639804639805
RUFY1,0.304029304029304
MRPL52,0.304029304029304
NDUFB10,0.304029304029304
SPRED2,0.303465123364638
PLP2,0.303418803418803
CDK19,0.302808302808303
CALHM2,0.302808302808303
TSG101,0.302808302808303
LDLRAD2,0.302237109924581
TMED5,0.302197802197802
CCZ1,0.302197802197802
MRPL15,0.302197802197802
MSN,0.302197802197802
ADGRB1,0.302140727641095
ANKLE1,0.301735350065258
ZC3H12B,0.301721098412224
ZNF433,0.301650698307947
NDUFS5,0.301587301587302
DBI,0.301587301587302
ETF1,0.301587301587302
AC072022.2,0.301131504360462
AKAP7,0.300976800976801
LTB4R,0.300976800976801
ALG1L2,0.300876540496153
TUSC1,0.300503777207849
PPM1M,0.3003663003663
TMEM265,0.3003663003663
ZNF20,0.299801560507117
INPP1,0.2997557997558
ZCCHC10,0.2997557997558
SIGLEC6,0.299367114542603
VPS25,0.299145299145299
ZHX3,0.298885669792737
NEXN,0.298717221282366
RPL22,0.298534798534798
TIGD2,0.29827507598315
C11orf45,0.298010017478083
EIF3L,0.297924297924298
LRRC32,0.297687276097775
CTNNBIP1,0.297313797313797
RPL8,0.296703296703297
CPXM1,0.296614116957099
NUDT1,0.296092796092796
RMI1,0.296092796092796
BRI3BP,0.296092796092796
ACTN1,0.296092796092796
SLC12A6,0.296092796092796
MRPL28,0.296092796092796
PIP5KL1,0.295871712881131
SCNN1A,0.295776034329123
TMEM11,0.295482295482296
HOXA4,0.2952753591768
KCNK17,0.29520645677866
MSANTD4,0.294871794871795
FCHO1,0.294871794871795
CD163,0.294311441008006
LSM3,0.294261294261294
PARP9,0.294261294261294
RNF7,0.294261294261294
RTL5,0.294261294261294
CXorf40A,0.294261294261294
NDUFS2,0.293650793650794
ITGAM,0.293650793650794
MRPL20,0.293040293040293
FPGT,0.292474434792075
TBC1D7,0.292429792429792
MPHOSPH6,0.292429792429792
ERFL,0.292334219794955
PSMA2,0.291819291819292
DEDD2,0.291819291819292
SMDT1,0.291819291819292
ACSM1,0.291669378808337
FAM83F,0.29166372846515
ST6GALNAC2,0.291654269197848
ZNF277,0.291208791208791
STX1B,0.291118484054388
ADORA2B,0.290877052394065
GRHL1,0.290651194348576
RNASE4,0.290651194348576
CLDND2,0.290642653363315
SP110,0.290598290598291
RPL22L1,0.290598290598291
SERAC1,0.290598290598291
IL10RA,0.290598290598291
GPRASP2,0.290327817464349
NRIP2,0.290120426885601
GIMAP8,0.28998778998779
POLR2G,0.28998778998779
XAF1,0.28998778998779
PET100,0.28998778998779
LAMC3,0.289652254475736
OTOA,0.289401135422888
YWHAG,0.289377289377289
GRK2,0.289377289377289
TEF,0.2889432426719
NAIP,0.288766788766789
CREBL2,0.288766788766789
TMEM45A,0.287985447734292
CCDC154,0.287572262205052
TNNC2,0.287559770828469
DHX57,0.287545787545788
CLIP2,0.287545787545788
PIP5K1C,0.287545787545788
ZCCHC24,0.287374227511507
GPR75,0.287171114779074
ARRDC1,0.286935286935287
WAC,0.286935286935287
DGKK,0.286547507341115
LARP1,0.286324786324786
LANCL2,0.285714285714286
FAM91A1,0.285714285714286
ULK1,0.285714285714286
C9orf43,0.285562353940721
OSCP1,0.284539535262198
LSM4,0.284493284493284
CHADL,0.284422465278937
TMEM158,0.28414095223336
AKR1E2,0.283882939358279
KDM4D,0.283795984077882
HDGF,0.283272283272283
ADK,0.283272283272283
METRNL,0.283272283272283
TMEM230,0.283272283272283
MYO16,0.283180065120042
FKBP1C,0.282956359342421
CDK5R1,0.282956359342421
JAGN1,0.282661782661783
PSENEN,0.282661782661783
ZNF100,0.282051282051282
PXDC1,0.282030184346711
FAM174B,0.281691461265831
ILK,0.281440781440781
ALDH3A2,0.281440781440781
HMGXB4,0.281440781440781
EIF5AL1,0.281409013960821
SRGAP3,0.281259882245304
DCHS1,0.281259882245304
ADGRA3,0.281250060866104
MSANTD1,0.281143460855076
FOXRED2,0.281099773286139
LZIC,0.280830280830281
MTFR1L,0.280830280830281
SUCLG1,0.280830280830281
PLEC,0.280830280830281
PDGFRB,0.280808100648932
GALE,0.28021978021978
YTHDF3,0.28021978021978
MRPL40,0.28021978021978
PSMD4,0.27960927960928
PDCD6IP,0.27960927960928
PCBD1,0.27960927960928
KSR1,0.27960927960928
POLR2E,0.27960927960928
DMAC2L,0.278998778998779
EFNB1,0.278998778998779
FAM171B,0.27862959755642
PDE8B,0.27862959755642
PTK2,0.278388278388278
HOOK2,0.278388278388278
FIGNL2,0.278316607213999
UQCC3,0.277777777777778
NRXN2,0.277719679345779
POF1B,0.277421755547763
NR2F6,0.277336643071972
LARGE1,0.277068446822354
HSD3B7,0.276912919209442
CCDC24,0.276904292647612
NAALAD2,0.276856984742259
YBEY,0.276556776556777
ZNF610,0.27645079836255
STAM2,0.275946275946276
LFNG,0.275946275946276
SRSF9,0.275335775335775
DDIAS,0.274767214314058
NDUFA12,0.274725274725275
VWF,0.274328610452375
ABRAXAS1,0.274114774114774
PPIP5K2,0.274114774114774
PTEN,0.273504273504273
ZNRF1,0.273504273504273
IFI27,0.273135748172185
LYNX1,0.27311824287948
NMNAT1,0.272893772893773
ATG101,0.272893772893773
AFF2,0.272435477554255
CBWD2,0.272283272283272
LGMN,0.272283272283272
B3GNTL1,0.272283272283272
C22orf39,0.272283272283272
EMILIN1,0.272206081858366
C14orf132,0.27209049613632
ZNF3,0.271672771672772
PSMD9,0.271672771672772
NUBP1,0.271672771672772
XYLT1,0.271672771672772
SLC25A14,0.271672771672772
PSD3,0.271561815058733
CMTM4,0.271103651456537
SOCS5,0.271062271062271
FRMD4B,0.271062271062271
NEK3,0.271062271062271
SAPCD1,0.270946028630028
SMIM35,0.270680595379626
MGAM,0.270021545562995
TESK2,0.26984126984127
PLBD2,0.26984126984127
TCEAL9,0.269271861872608
USF1,0.269230769230769
TOMM22,0.269230769230769
TSKS,0.269146124884277
SPAST,0.268620268620269
SPATA2L,0.268620268620269
ZNF713,0.26841975718628
MEST,0.26817353812466
DCAF12,0.268009768009768
RPL12,0.268009768009768
RSL24D1,0.268009768009768
PRKCB,0.268009768009768
ZNF587,0.268009768009768
C13orf46,0.267918548487998
DCDC2B,0.267431410833374
LASP1,0.267399267399267
GZF1,0.267399267399267
IL6R,0.266788766788767
IFIT5,0.266788766788767
GALNT1,0.266788766788767
ITGA3,0.266743487582724
STK11IP,0.266178266178266
PYM1,0.266178266178266
C15orf48,0.265730043472043
DDX60L,0.265567765567766
JPT1,0.265567765567766
OAZ3,0.265463395695438
PSMB10,0.264957264957265
ACOT8,0.264957264957265
KLHL15,0.264957264957265
ZFR2,0.264897793313852
EDAR,0.264841276103753
CNFN,0.264688307445707
RRAD,0.264545024493129
AURKAIP1,0.264346764346764
GPSM2,0.264346764346764
EXOC3,0.264346764346764
ALKBH1,0.264346764346764
SPATA7,0.264346764346764
CFAP161,0.263748585644124
TCTN1,0.263736263736264
C2CD2,0.263736263736264
CATSPERE,0.263546208738942
GMPR,0.263320279009364
FAM234B,0.263222563710008
BABAM2,0.263125763125763
LAMTOR3,0.263125763125763
ADAP1,0.263125763125763
VPS41,0.263125763125763
TANGO2,0.263125763125763
MLANA,0.262829004247973
PHEX,0.262829004247973
CCDC17,0.262707906267482
TAF8,0.262515262515263
ATP6V1C1,0.262515262515263
POMP,0.262515262515263
WDR81,0.262515262515263
CBX8,0.262515262515263
CYTH4,0.262515262515263
AC011043.1,0.262251141374132
BAALC,0.262189095257997
KCNH3,0.261999694656767
PSEN2,0.261904761904762
AGTPBP1,0.261904761904762
CIITA,0.261904761904762
EFNA1,0.261900756343468
FAM167A,0.261709232199459
PROS1,0.261693977393457
DYNC2LI1,0.261639447407942
STAB1,0.261334150503149
CEP85,0.261294261294261
MGRN1,0.261294261294261
CMIP,0.261294261294261
ARMCX2,0.261239499024628
SLX1B,0.261082542866837
LEKR1,0.261028853598355
SRRM5,0.260956074009321
SCP2,0.260683760683761
CBX3,0.260683760683761
DHRS7B,0.260683760683761
SAMD14,0.260617500217426
ZDHHC15,0.260604871117465
AGRN,0.260258415299953
FAM43A,0.26007326007326
DCTN3,0.26007326007326
ZNF385D,0.259868477291488
SDC4,0.259861872913345
CLEC17A,0.259766417464751
TRAPPC11,0.259462759462759
MICAL1,0.258852258852259
PNPLA8,0.258852258852259
ZFAND1,0.258852258852259
CCDC62,0.258526271140602
FLYWCH2,0.258241758241758
RGS5,0.258139161974903
ADGRG3,0.258129504988621
CNTNAP2,0.257817150404539
TUT7,0.257631257631258
AVPI1,0.257631257631258
CDIP1,0.257631257631258
PEAK3,0.257288241335608
NME9,0.257262083995661
PIGM,0.257020757020757
UBE2L6,0.257020757020757
PLD3,0.257020757020757
DDX3Y,0.257020757020757
NFKBIA,0.256410256410256
C20orf194,0.256410256410256
TTC34,0.256263508567016
FAM92A,0.256256572723342
OVCA2,0.255799755799756
PSME3,0.255799755799756
UBXN6,0.255799755799756
TLCD2,0.255365803278248
C17orf107,0.255345191198423
ELOC,0.255189255189255
GOLGA8N,0.255189255189255
CCL3L1,0.255189255189255
AKAP6,0.254989486384404
NUPR2,0.254792902305952
CATSPERG,0.254123443872115
KIAA1211L,0.254116213996074
REG4,0.254036840281305
VPS8,0.253968253968254
MIEN1,0.253968253968254
RALBP1,0.253968253968254
QARS,0.253357753357753
NFKBIE,0.253357753357753
WAS,0.253357753357753
ERI2,0.253088222197594
PFDN6,0.252747252747253
C7orf50,0.252747252747253
STK36,0.25248054026414
SYT1,0.252379179283728
TRIM16L,0.252297569655484
GFI1B,0.252216742230844
SYNPO2,0.252205335415893
TMEM191B,0.252175243359347
CYTL1,0.252104740006659
THAP9,0.251911024967534
MRPL21,0.251526251526252
UQCRC2,0.251526251526252
MVP,0.251526251526252
PPBP,0.250915750915751
KCNIP2,0.250484946492599
GOLGA8R,0.250309054698481
TLN1,0.25030525030525
GINS1,0.250180940805535
AXDND1,0.250043520495001
PLEKHA4,0.249965999220916
CHL1,0.24994979598865
HEXIM2,0.249771004124363
PRDX6,0.24969474969475
PPP1R11,0.24969474969475
TRIP6,0.24969474969475
DLGAP4,0.24969474969475
ABCA10,0.2492930208414
AIG1,0.249084249084249
SNRNP25,0.249084249084249
RLIM,0.249084249084249
ZDHHC9,0.249084249084249
WBP2NL,0.248938743119188
SERPINF2,0.248777717196662
CLTC,0.248473748473748
SNRPD3,0.248473748473748
ROBO1,0.248355316905156
ZCCHC9,0.247863247863248
C16orf87,0.247863247863248
SAP30,0.247252747252747
ATP6V1D,0.247252747252747
BAX,0.247252747252747
RAE1,0.247252747252747
PDZK1IP1,0.246742855652176
DDX21,0.246642246642247
ZFY,0.246642246642247
ZNF662,0.246580392712362
SEMA6A,0.246516493263655
ACOX1,0.246031746031746
MRPL35,0.245421245421245
DNAH6,0.245399826708609
WFIKKN1,0.245082998624434
PROX2,0.244964095985545
CENPBD1,0.244848117644305
TMEM39B,0.244810744810745
RTCB,0.244810744810745
TBC1D3L,0.244609373673637
PSMG2,0.244200244200244
NUP62CL,0.243790623032724
FAM20A,0.24365665885816
CRAT,0.243589743589744
SMAD2,0.243589743589744
ERF,0.243589743589744
UBOX5,0.243589743589744
HIST1H3E,0.243421105311014
SZRD1,0.242979242979243
TMEM192,0.242979242979243
TXNIP,0.242368742368742
TBC1D1,0.242368742368742
TDRD7,0.242368742368742
SLC27A1,0.242368742368742
IFT81,0.241905970609033
ZNF768,0.241795148596371
CLTB,0.241758241758242
ZBTB43,0.241758241758242
ATP5PF,0.241758241758242
ZNF239,0.241406171488783
CLEC20A,0.241183785862311
ABR,0.241147741147741
ZNF221,0.241118473233747
TMEM86A,0.240298079571709
TRIM2,0.240131630914919
ARHGEF4,0.240075693314846
LRPAP1,0.23992673992674
LRRC24,0.239437742075957
CYB5R1,0.239316239316239
MRPL33,0.239316239316239
NHEJ1,0.239316239316239
KCTD6,0.239316239316239
MCMBP,0.239316239316239
SPNS1,0.239316239316239
RUFY4,0.23907050317543
FAM131A,0.239047476453231
CD46,0.238705738705739
DOK2,0.238705738705739
C11orf21,0.238705738705739
RCBTB1,0.238705738705739
TMTC4,0.238705738705739
RBM44,0.238240728630108
C3orf38,0.238095238095238
SLC35A2,0.238095238095238
AC233723.1,0.23784292677915
NEURL2,0.23784292677915
PSPH,0.237484737484738
GHDC,0.237484737484738
XYLB,0.237077775051275
SLC16A4,0.236878356806581
ZNF354A,0.236874236874237
CYC1,0.236874236874237
THBS1,0.236874236874237
RNFT1,0.236874236874237
ZBTB21,0.236874236874237
CDKL5,0.236874236874237
LDHAL6A,0.236717177003868
C14orf178,0.236513209079215
SMOX,0.236375878366545
SMIM24,0.236349794077921
ORAI2,0.236263736263736
OAS2,0.236263736263736
KMT5A,0.236263736263736
VKORC1,0.236263736263736
ALOX15,0.236074431759598
LHFPL2,0.235763505624663
CFAP97D2,0.235702260395516
SLC24A3,0.235138808959179
LRRC37A,0.235096575485477
TMX1,0.235042735042735
DBP,0.235042735042735
OXSR1,0.234432234432234
ABITRAM,0.234432234432234
SCARB1,0.234432234432234
TCEAL4,0.234432234432234
ZSCAN31,0.234210577001948
RNF175,0.233998842907752
HKDC1,0.233862228629759
ZRSR2,0.233821733821734
DIRAS1,0.233623165615843
PLTP,0.233353739324875
ZNF415,0.23333098277212
IDH1,0.233246835262156
ARMT1,0.233211233211233
TMEM91,0.233211233211233
TNS1,0.232932621194032
SMIM4,0.232600732600733
CLCN7,0.232600732600733
MAT2A,0.231990231990232
NDUFA6,0.231990231990232
DEPDC7,0.231804789668207
GPA33,0.231705044797753
HERC5,0.231379731379731
ZDHHC11B,0.231296724517629
FAM117B,0.230769230769231
RFK,0.230769230769231
KCNH2,0.230504612447363
TIGD3,0.230477468401473
PRDX1,0.23015873015873
ECHDC1,0.23015873015873
PROC,0.230090257200247
NRP2,0.229863680203333
GDF10,0.22979138965157
TCF4,0.22954822954823
SNAI1,0.229077623682796
CCDC106,0.228982230219275
MEIS1,0.228978878985576
MTHFD2,0.228937728937729
NRM,0.228937728937729
PPFIA1,0.228937728937729
C1orf115,0.22881787323447
ZNF670,0.228466750019642
TBCEL,0.228327228327228
PLD2,0.228327228327228
RBBP8,0.228327228327228
UBL5,0.228327228327228
CD22,0.228219617915479
POLL,0.227716727716728
MTCP1,0.227601136566115
SPOCD1,0.227553686089528
RSPH3,0.227446194071081
MFN2,0.227106227106227
TRIT1,0.227106227106227
TTC7A,0.227106227106227
AHCY,0.227106227106227
RAMACL,0.227029564628546
ABCG2,0.226818607394023
ARMCX5,0.226530303356701
PHACTR4,0.226495726495727
RHOC,0.226495726495727
C8orf76,0.226495726495727
PITPNA,0.226495726495727
SCARF1,0.226230774849484
RNASEH2C,0.225885225885226
NINJ2,0.225885225885226
NAPA,0.225885225885226
C1orf74,0.225874056915425
GSAP,0.225274725274725
RAB2A,0.225274725274725
CSK,0.225274725274725
NARS,0.225274725274725
DAPL1,0.225007905796243
TBC1D8B,0.224939185602933
COPS7A,0.224664224664225
HSD11B1L,0.224190634377563
SAP25,0.224053724053724
SYTL4,0.224046654112221
PAPLN,0.223980637937012
ZNF69,0.223785036743003
OCLN,0.223725798221936
DISC1,0.223443223443223
RPL36A,0.223443223443223
ZNF763,0.223418904122866
MAP3K21,0.223271767120563
CHN2,0.222832722832723
RABGEF1,0.222832722832723
GNG11,0.222832722832723
TATDN1,0.222832722832723
FAM174C,0.222832722832723
CAPZB,0.222222222222222
COX14,0.222222222222222
TCTEX1D4,0.222034804421835
ELF3,0.221678932561372
NFIX,0.221645552880007
GHITM,0.221611721611722
OS9,0.221001221001221
HYAL3,0.220422146846592
BLOC1S2,0.22039072039072
SLC8B1,0.22039072039072
COX16,0.22039072039072
ELOVL1,0.21978021978022
SNX4,0.21978021978022
MED7,0.21978021978022
TRIM27,0.21978021978022
ERV3-1,0.21978021978022
DGAT1,0.21978021978022
POLD3,0.21978021978022
WWP2,0.21978021978022
KLF5,0.21920317764166
SLC25A43,0.21920317764166
SERPINE3,0.218866384652979
RTN2,0.218587843266731
CA2,0.218559218559219
RPL39,0.218559218559219
LIM2,0.218399776402378
ZNF684,0.217948717948718
NCOA1,0.217948717948718
PHLDA2,0.217948717948718
NDUFC2,0.217948717948718
THRB,0.217909682186607
NIPSNAP3B,0.217364974213491
AOAH,0.217338217338217
MYO5C,0.217239190856802
GMPR2,0.216727716727717
ANG,0.21644782242356
MARCH10,0.216271852135016
NCOR2,0.216117216117216
BCAS1,0.215628716240953
ADD2,0.215555205142549
AC005726.1,0.215539614784139
RPS6KC1,0.215506715506716
EFCAB2,0.215506715506716
EHD4,0.215506715506716
PCSK6,0.215231509578826
CRYGS,0.215211587291717
TIMM23B,0.215027529430251
GRIK4,0.214821716552407
SUSD1,0.214285714285714
CORO1B,0.214285714285714
SPAG7,0.214285714285714
PROCR,0.2139051870517
RPP14,0.213675213675214
GLUD1,0.213675213675214
PIGA,0.213675213675214
NDUFA4L2,0.213468168548131
ID3,0.213064713064713
POLK,0.213064713064713
GFOD1,0.213064713064713
HLA-DQA1,0.213064713064713
PCGF5,0.213064713064713
LRRC23,0.213064713064713
TUBA8,0.213062104331795
SPATA1,0.212473498000529
CTH,0.212454212454212
PF4,0.212454212454212
FERMT3,0.212454212454212
DOT1L,0.212454212454212
CTDSPL,0.212370716556351
FBXL13,0.212158550057312
KLHL29,0.212063886557093
FAM229A,0.211843711843712
FOSL2,0.211843711843712
SNX15,0.211843711843712
SSH1,0.211843711843712
RGS13,0.211839034168671
S100A2,0.211519518280031
KYAT3,0.211233211233211
AGER,0.211233211233211
NBN,0.211233211233211
ZNF627,0.211233211233211
ABLIM3,0.210902140133275
TDRD9,0.210902140133275
DCBLD1,0.210622710622711
AHR,0.210622710622711
ERICH1,0.210622710622711
INPP5A,0.210622710622711
CCDC74A,0.210502331396147
BPHL,0.210044270497858
VWA5A,0.210044270497858
CCZ1B,0.21001221001221
NLK,0.21001221001221
CLNK,0.209945591509383
SEMA4G,0.209945591509383
IQCH,0.209921938836828
CDC42BPA,0.209915563763792
CYP4F22,0.209529666461864
UNC13B,0.209416325367428
CPNE3,0.209401709401709
MLXIP,0.209401709401709
CIPC,0.209401709401709
MT-ND3,0.209401709401709
ZNF589,0.208791208791209
DOCK8,0.208791208791209
C2CD2L,0.208791208791209
ENGASE,0.208791208791209
CXCR2,0.208751599330863
SSC5D,0.208499173577497
EHHADH,0.208381093268442
TTLL7,0.208324359393626
TANK,0.208180708180708
C19orf33,0.208135812902158
ZC3H10,0.207907192164304
GSTA4,0.20759435949808
TMEM70,0.207570207570208
GLYR1,0.207570207570208
HMGB3,0.207570207570208
S100A5,0.207326691770459
GUCY1B1,0.207296598354717
SLC4A3,0.207210778369684
CD24,0.207210778369684
B3GNT10,0.206981986756198
PTPN9,0.206349206349206
GRAMD4,0.206349206349206
GTF2H5,0.205738705738706
SLC25A25,0.205738705738706
CLCF1,0.205738705738706
ABCC2,0.205430411053046
PAXIP1,0.205128205128205
CPT1A,0.205128205128205
CCT6B,0.205128205128205
IGKV1-16,0.204934254876705
MCOLN3,0.204892808679267
GATA2,0.204620643640063
LDLRAD4,0.204517704517705
APOOL,0.204517704517705
ARHGAP8,0.20401560876209
C5orf24,0.203907203907204
ALDH16A1,0.203907203907204
SPDYE5,0.203393609954889
RDH5,0.203307750304904
ACSBG1,0.203307750304904
PARK7,0.203296703296703
SLC22A18,0.203296703296703
SLC38A7,0.203296703296703
FAM86B1,0.203293149742324
MMP25,0.203163893584255
TPD52L1,0.202954439035329
RAB40B,0.202717144782816
AL391650.1,0.202666668541269
SPESP1,0.202666668541269
SERP2,0.202624622605327
ANKRD24,0.202573073398096
RNF19B,0.202075702075702
UBE2F,0.202075702075702
METTL9,0.202075702075702
DSTYK,0.201465201465201
APBB3,0.201465201465201
RB1,0.201465201465201
SLC39A11,0.201465201465201
NDUFB11,0.201465201465201
CXorf56,0.201465201465201
CDK3,0.201322528989835
OOEP,0.201147398941483
BCORL1,0.200885363354056
SOWAHD,0.200858259337375
CAMK1D,0.200854700854701
ZMAT5,0.200854700854701
UBAP1L,0.200697197868761
DNMT3B,0.200655978066253
TIMM9,0.2002442002442
GP5,0.199671095842953
UBE2D3,0.1996336996337
GMIP,0.199023199023199
IQCK,0.198716221151574
SIAE,0.19853394052509
CAMTA1,0.198412698412698
CAPZA1,0.198412698412698
TMCC1,0.198412698412698
TTC7B,0.198408768369846
CTXN2,0.198028017566463
OGG1,0.197802197802198
RASA4,0.197802197802198
SH2D3C,0.197802197802198
ZNF296,0.197802197802198
MYPOP,0.197802197802198
GGA1,0.197802197802198
FAM156A,0.197799069361643
P2RY14,0.197341578332302
GHSR,0.197257676834286
HEBP2,0.197191697191697
KIAA1958,0.197191697191697
MGME1,0.197191697191697
ATF5,0.196581196581197
MBNL3,0.196581196581197
SEPTIN4,0.196502271513926
DENND4B,0.195970695970696
DCLRE1C,0.195970695970696
TP53I11,0.195970695970696
KCTD10,0.195970695970696
CCL3,0.195970695970696
CYP27A1,0.195479572209319
CASP2,0.195360195360195
PSMB7,0.195360195360195
ASCL2,0.195360195360195
ZNF784,0.195360195360195
SERPINE1,0.195307625461269
GRB10,0.195047613991852
MPP2,0.194970563055693
BORCS8,0.194749694749695
SLC9B1,0.194741896728542
PEX11G,0.194436179465232
TOMM40L,0.194139194139194
PGBD1,0.193582691125972
CITED4,0.193528693528694
USP40,0.193528693528694
UBE2I,0.193528693528694
TBL1X,0.193528693528694
ATP1B1,0.192918192918193
MR1,0.192918192918193
MARK2,0.192918192918193
FAM81A,0.19264296932439
SLC15A2,0.192425203893549
TPCN1,0.192307692307692
SLC35E4,0.192031753115047
DCUN1D2,0.191697191697192
FZD4,0.191691121004336
SETDB1,0.191086691086691
IRF2BP2,0.191086691086691
DNAJC28,0.191070501407037
CTTN,0.190893792898429
TCL1A,0.190374902627147
ARL17B,0.190156137778891
TRBV11-1,0.18997019744998
AAMP,0.18986568986569
IQSEC1,0.18986568986569
LRFN4,0.189370835577778
CCPG1,0.189255189255189
MED29,0.189255189255189
NDUFAB1,0.188644688644689
RAB23,0.188465638582053
EYS,0.188327570881473
RMND5B,0.188034188034188
CDK5,0.188034188034188
PIN4,0.188034188034188
GP1BA,0.187843639774852
FSIP2,0.187737572345384
CHCHD2,0.187423687423687
SYNE3,0.187423687423687
B9D1,0.187423687423687
PINLYP,0.187199074326201
GALNT4,0.186813186813187
KCNMB3,0.186781367508061
SOX5,0.186747320087745
SLCO3A1,0.186202686202686
AKAP3,0.185992067645896
SLC35A5,0.185592185592186
FNDC3B,0.185592185592186
SAC3D1,0.185592185592186
BRICD5,0.185570378829239
TAFA2,0.185315221209593
F5,0.185094719935699
HNRNPA1L2,0.185094719935699
E2F6,0.184981684981685
GAPDH,0.184981684981685
RUNDC1,0.184981684981685
PTPN2,0.184981684981685
TNFAIP8L1,0.184981684981685
SLC9A8,0.184981684981685
MAFIP,0.184571323161506
AMDHD1,0.184443353540993
CAPN3,0.184371184371184
NUP62,0.184371184371184
MAP7,0.184307442110604
TMOD1,0.184111646931643
MAMDC4,0.183829565342853
SH3BGRL2,0.183788736685626
CYGB,0.183723071989158
CLEC4E,0.183262098946237
TMEM191C,0.183150183150183
POU5F1,0.182619270107511
VPS54,0.182539682539683
QDPR,0.182539682539683
STK19,0.182539682539683
RAB40C,0.182539682539683
TAB3,0.182539682539683
CLMP,0.182373641706945
ACER2,0.182142757387828
CMTM5,0.182040351619929
AUNIP,0.181988200748434
TSNAX,0.181929181929182
TTLL3,0.181929181929182
PCBD2,0.181929181929182
ATP5F1A,0.181929181929182
DND1,0.181901771669517
ABHD1,0.181374412550294
HPS3,0.181318681318681
AREG,0.181318681318681
MRPS18C,0.181318681318681
AL162231.1,0.181067518451224
GNMT,0.181041210039155
KCNAB1,0.18084599297054
PYGM,0.180760624352154
PKP4,0.180708180708181
FRG1,0.180708180708181
SNAPC3,0.180708180708181
PKN1,0.180708180708181
RBMS3,0.180636565363638
NAPG,0.18009768009768
WDR78,0.179691676387725
LACTB2,0.17948717948718
NUP210L,0.179135656474031
AS3MT,0.179135656474031
ABCB4,0.178965516834703
RPF2,0.178876678876679
WDR97,0.178431869291641
FAM126A,0.178266178266178
INSIG1,0.178266178266178
PLK3,0.177655677655678
UBASH3B,0.177655677655678
YJEFN3,0.177346491466927
LRRC7,0.177331318195494
PTBP3,0.177045177045177
VPS9D1,0.177045177045177
PSMG1,0.177045177045177
IGLV9-49,0.176956143125844
CELA1,0.17688566591823
SMN2,0.176766907875377
MPST,0.176434676434676
FAM71E1,0.176253937706299
MRRF,0.175824175824176
EXOSC5,0.175824175824176
THBS3,0.175213675213675
COX7A2,0.175213675213675
PHF19,0.175213675213675
LRP5,0.174186560567016
SF3B5,0.173992673992674
KCTD21,0.173647405560144
OXER1,0.173537667209217
ASIP,0.173510685757563
SMUG1,0.173382173382173
ATP2A1,0.173177611643167
CYP2E1,0.172891493202205
RTP4,0.172771672771673
EXOC1,0.172771672771673
ZNF280D,0.172771672771673
ITGA2B,0.172771672771673
NXT2,0.172771672771673
JRKL,0.172730253770214
CACNA1F,0.172595570890632
NRTN,0.172538579865886
LPGAT1,0.172161172161172
RMDN2,0.172161172161172
TONSL,0.172161172161172
RNASE6,0.172161172161172
AGAP5,0.171553801380058
NDST2,0.171550671550672
LLPH,0.171550671550672
TMSB15B-1,0.171197244083154
P3H2,0.170975289100261
SQSTM1,0.170940170940171
APEX1,0.170940170940171
FAM234A,0.170940170940171
SLC25A11,0.170940170940171
TPTE2,0.17042767317321
ACYP2,0.17032967032967
HIP1,0.16971916971917
NUTF2,0.16971916971917
FRRS1,0.169673081137113
GNRH1,0.169463889725857
MSS51,0.169341267893768
RER1,0.169108669108669
FOXJ2,0.169108669108669
APOBEC3B,0.169108669108669
HIST2H2AA4,0.169061646610493
STARD4,0.168498168498168
TMEM268,0.168498168498168
RASL10A,0.168484860389359
SUMO4,0.168450212083873
ARMCX4,0.168218594541162
GNAI1,0.167939677944404
CGGBP1,0.167887667887668
TMPO,0.167887667887668
PLPP3,0.167504796704791
HES6,0.167277167277167
NOCT,0.167277167277167
TMPPE,0.167227343030632
PPP3R1,0.166666666666667
SEC31B,0.166666666666667
GP1BB,0.166056166056166
TMPRSS3,0.166017518279556
C1orf54,0.165445665445665
HDLBP,0.165445665445665
TMOD3,0.165445665445665
C4orf47,0.165443760954988
VEGFA,0.164835164835165
ARMH3,0.164835164835165
DRAP1,0.164835164835165
SNX6,0.164835164835165
YWHAH,0.164835164835165
NSUN7,0.164825279605624
PIGX,0.164224664224664
MDH2,0.164224664224664
FAM89A,0.163614163614164
DMXL1,0.163614163614164
PGP,0.163614163614164
NEFH,0.163614163614164
ST13,0.163614163614164
ZMAT4,0.163571142509898
CENPW,0.163003663003663
CLN6,0.163003663003663
SPTY2D1OS,0.162960766606102
CAND2,0.162743059190159
ITGB1BP2,0.162500035167082
AIMP1,0.162393162393162
AGPAT4,0.162393162393162
C1S,0.162171087727473
NDRG2,0.162040084308892
FAM78A,0.161782661782662
SLC4A8,0.161782661782662
KCTD5,0.161782661782662
CD101,0.161172161172161
RGPD8,0.160812507912612
MB21D2,0.160659773409534
RPL34,0.160561660561661
EIF2B1,0.160561660561661
LCORL,0.15995115995116
OSBPL8,0.15995115995116
TECPR2,0.15995115995116
ABI3,0.15995115995116
EXPH5,0.1599408195541
LRRC27,0.159340659340659
TMEM126A,0.159340659340659
MAP1S,0.159340659340659
ZNF135,0.158949706786662
FAM135A,0.158730158730159
CLEC18A,0.158655486690199
ZNF594,0.158357355120053
C5orf51,0.158119658119658
PURB,0.158119658119658
ZCWPW1,0.158119658119658
GANC,0.158119658119658
HMG20B,0.158119658119658
HS6ST1,0.157509157509158
NUCB1,0.157509157509158
RAB38,0.15740350341325
COL13A1,0.157260901126522
PSMB6,0.156898656898657
ZNF391,0.156894971174357
B4GALT7,0.156288156288156
FKBP5,0.156288156288156
BTNL9,0.155748777077229
SIRT4,0.155553988514747
ANKS1A,0.155067155067155
FBXW9,0.155067155067155
UPK2,0.154650828610002
PER1,0.154456654456654
PRR11,0.154456654456654
PCP2,0.154230831682902
MXRA8,0.154065797666708
PSMG4,0.153846153846154
MYO5A,0.153846153846154
TFAP2E,0.153330820747448
PIP5K1B,0.153259046206286
AP1M1,0.153235653235653
PRR4,0.15317465365793
LINC00672,0.152718415788531
CXXC5,0.152625152625153
RFX1,0.152625152625153
ZNF580,0.152625152625153
MT-ND2,0.152625152625153
TEAD2,0.152411690149879
TSPYL5,0.152219473138656
SP3,0.152014652014652
NEIL3,0.152014652014652
BBIP1,0.152014652014652
GJB6,0.151796501923118
LONRF3,0.151496668462222
LY6G6F,0.151483461461334
DOP1B,0.151404151404151
CYB5R3,0.150793650793651
EEF1AKMT3,0.150643694503032
MSRB3,0.150290967895559
MRPL53,0.150206077158352
EFCAB11,0.150206077158352
PHKB,0.15018315018315
KCNH8,0.149700280880055
CA11,0.14966404747276
CLEC1B,0.149279713728359
ARL8A,0.148962148962149
PLEK2,0.148652751035167
GPR155,0.148351648351648
EEPD1,0.148351648351648
UBXN1,0.148351648351648
IGLV2-8,0.147817042498102
C2orf49,0.147741147741148
SIL1,0.147741147741148
EPHB6,0.147741147741148
RBMS2,0.147741147741148
TREML2,0.147661438178785
C10orf95,0.147536322848435
SEC13,0.147130647130647
LPP,0.147130647130647
FAM149B1,0.147130647130647
PNP,0.147130647130647
ODF3L1,0.147002273454468
GALNT7,0.146520146520147
PCK2,0.146520146520147
ARHGAP22,0.146357085309856
TEX261,0.145909645909646
STRADB,0.145909645909646
COMMD5,0.145909645909646
COX15,0.145909645909646
PTPMT1,0.145909645909646
GCH1,0.145909645909646
ADAM10,0.145909645909646
FKBP1B,0.145744712567974
UQCC2,0.145299145299145
COX6C,0.145299145299145
FAM118B,0.145299145299145
ETFRF1,0.145299145299145
CCS,0.144688644688645
NOL3,0.144303723270747
WASF3,0.144117334523368
TRIM14,0.144078144078144
MAP1LC3B,0.144078144078144
FSBP,0.143782149888238
PHYHD1,0.143752477493968
HILPDA,0.143489545252897
ZNF804A,0.143467643467643
CANX,0.143467643467643
HSBP1L1,0.143467643467643
NEFL,0.143104943811563
PC,0.142862451459469
GGPS1,0.142857142857143
MAP4K3,0.142857142857143
NEDD9,0.142857142857143
SATB2,0.142853147378426
LRFN2,0.142571300148784
NFYC,0.142246642246642
GDAP2,0.142246642246642
PRKAB2,0.142246642246642
PRICKLE4,0.14196306072893
SPDYE1,0.141941469679139
ATP10D,0.141636141636142
IFI35,0.141636141636142
LYPLAL1,0.141025641025641
SOCS7,0.141025641025641
ATXN10,0.141025641025641
C1GALT1C1,0.141025641025641
BAIAP2L1,0.140956866661013
NRCAM,0.140903081549921
UBP1,0.14041514041514
PFN1,0.14041514041514
ZBTB33,0.14041514041514
RPS8,0.13980463980464
RBMXL1,0.13980463980464
TPRN,0.13980463980464
BX255925.3,0.13980463980464
COMMD6,0.13980463980464
CLBA1,0.139636815076791
MDM1,0.139194139194139
CLDN12,0.138952901282229
CNIH3,0.138795637542791
GPAT4,0.138583638583639
NDUFS3,0.138583638583639
SERPINF1,0.138583638583639
IL17RE,0.138396239665387
PANK1,0.138396239665387
KIAA0753,0.138057447872832
CD34,0.137380504511173
FAM89B,0.137362637362637
DNAH10,0.137171082317152
SH3BGR,0.137164305226188
PROCA1,0.137078310252236
MOCS1,0.136819690943217
TTL,0.136752136752137
SIVA1,0.136752136752137
SLFN11,0.136752136752137
MAP3K14,0.136752136752137
PDE3A,0.136532211653717
GPBP1L1,0.136141636141636
RASA1,0.136141636141636
MUC1,0.135982073305105
MYH10,0.135900118081246
LYPD3,0.135857122633062
PAIP2,0.135531135531136
CPSF7,0.135531135531136
FOXO4,0.135531135531136
ALOX12B,0.135335102411767
NEB,0.135334375955975
INPP5F,0.134920634920635
CD79B,0.134920634920635
IGLV4-69,0.134635930936304
SDHC,0.134310134310134
LONRF1,0.133699633699634
TRPS1,0.133699633699634
USF2,0.133699633699634
PIGP,0.133699633699634
FNTB,0.133089133089133
ZNF747,0.133089133089133
SEC22A,0.132804153585128
TIAM2,0.132478632478632
MYO9B,0.132478632478632
OSER1,0.132478632478632
ALCAM,0.131868131868132
FKBP4,0.131868131868132
SLC2A3,0.131868131868132
EIF1,0.131868131868132
ADGRB2,0.131554792288533
SLC19A2,0.131257631257631
TRIO,0.131257631257631
ETHE1,0.131257631257631
TMEM40,0.131162509314082
MBLAC1,0.130667075251574
SAMD4B,0.130647130647131
FZD5,0.130619749512314
SLC23A3,0.130263186085353
C20orf204,0.130154270163458
APOM,0.13003663003663
PLEKHF2,0.13003663003663
AZIN1,0.13003663003663
HSD17B1,0.129823021279035
FCGR3A,0.129426129426129
TUBGCP3,0.129426129426129
TGFA,0.128947396326915
UQCRHL,0.128815628815629
C2orf76,0.128815628815629
ARL5A,0.128815628815629
PARD3B,0.128221804210428
USP12,0.128205128205128
DHX58,0.128205128205128
OGN,0.128025639318439
ABCC11,0.127985903053389
SPEG,0.127774482165299
ITGB3,0.12761410620364
ZNF625,0.127407157969075
NANOS1,0.12717568381415
ZNF687,0.126984126984127
ARHGAP1,0.126984126984127
PLS1,0.126916601751432
PEX10,0.126373626373626
RPS6KA1,0.126373626373626
IFT88,0.126373626373626
SLC39A9,0.126373626373626
ADRB1,0.12592272141204
CAMSAP1,0.125763125763126
YIF1A,0.125763125763126
RPLP1,0.125152625152625
NEDD4L,0.125152625152625
ZNF799,0.125152625152625
PACRGL,0.124542124542125
SNX24,0.124542124542125
PIGQ,0.124542124542125
SNX11,0.124542124542125
ELOF1,0.124542124542125
CEPT1,0.123931623931624
MROH1,0.123931623931624
FADS2,0.123931623931624
RPL11,0.123321123321123
TANC2,0.123321123321123
MPL,0.123258246631828
ARHGEF38,0.122790315406766
RPL15,0.122710622710623
UBE2B,0.122710622710623
RPL38,0.122710622710623
TEN1,0.122710622710623
IGFBP6,0.122592622587355
ENPP2,0.122474548376448
CPT2,0.122100122100122
FBXO9,0.122100122100122
CTDNEP1,0.122100122100122
KRT2,0.12207471171876
H2AFY2,0.121981188060735
BBS10,0.121981188060735
ZBTB8A,0.121537353004656
ACY3,0.121508168107772
TNF,0.121489621489621
XKR8,0.120879120879121
TBC1D5,0.120879120879121
EIF1B,0.120879120879121
CLN5,0.120879120879121
ZNF347,0.120342111641362
ARMC10,0.12026862026862
PGRMC1,0.12026862026862
TTC23,0.120078353597399
CUX2,0.120004978645277
ATP5F1B,0.11965811965812
IGHV7-4-1,0.11934745670528
FSIP1,0.119229732690944
DCLRE1B,0.119065792869425
TFRC,0.119047619047619
BABAM1,0.119047619047619
GTF2IRD1,0.118701737869539
KIF1C,0.118437118437118
MYOT,0.118421078259412
FAM53A,0.118312580901014
DTX3L,0.117216117216117
DNAJC13,0.117216117216117
PNPLA4,0.117216117216117
SORCS3,0.11666549138606
NPHP1,0.116623299353793
SNRPE,0.116605616605617
AMT,0.116605616605617
MLF2,0.116605616605617
MYLK,0.116312863547481
HSPA1A,0.115995115995116
PEBP4,0.115699075349341
LRRC39,0.11532450872645
GVQW3,0.115152062167762
TSACC,0.114802656423708
UTP11,0.114774114774115
WDR91,0.114774114774115
C8orf82,0.114774114774115
NUP93,0.114774114774115
MPDU1,0.114774114774115
PIPOX,0.114728290307104
BBS12,0.114536275739057
GPR160,0.114163614163614
MPG,0.114163614163614
AKAP10,0.114163614163614
EGLN3,0.113747656356029
PSMC3IP,0.113622501346667
CISD3,0.113553113553114
POLR2F,0.113553113553114
RASA4B,0.113550816655852
C6orf132,0.112642543407231
NRIP3,0.112400754020359
CHD1L,0.112332112332112
PITPNM1,0.112332112332112
PKIB,0.112073130024239
ITGB4,0.111880562327351
EGR1,0.111721611721612
DCTN4,0.111721611721612
SLC25A40,0.111721611721612
SESN3,0.111721611721612
CCSER1,0.11117900669405
VAT1,0.111111111111111
CERKL,0.110715787681866
ERMN,0.110500610500611
AIRE,0.110398920861553
LILRA4,0.110080726008895
C11orf71,0.10989010989011
ELK3,0.10989010989011
FBXO41,0.109279609279609
SMIM30,0.109279609279609
PRXL2C,0.109279609279609
EEA1,0.109279609279609
HAUS8,0.109279609279609
IGHV3-66,0.109199888201189
PRR33,0.109161958162824
STXBP1,0.109007728983557
RAPGEFL1,0.109002348055039
ANO10,0.108669108669109
DCTN6,0.108669108669109
MPP7,0.108669108669109
LRRC3,0.108234236138777
CEBPZOS,0.108058608058608
TLNRD1,0.108058608058608
IGHV3-53,0.107894760191909
MRM2,0.107448107448107
TWISTNB,0.107448107448107
PPIF,0.107448107448107
ATP8B1,0.107106040575385
RPL9,0.106837606837607
CIC,0.106837606837607
MAP1B,0.106718306805937
ZNF672,0.106227106227106
EPHB1,0.105958106519935
MIER3,0.105616605616606
HYPK,0.105616605616606
A1BG,0.105616605616606
SLC4A5,0.105562082377755
ZNF620,0.105141829391955
SNX13,0.105006105006105
KMT2C,0.105006105006105
CLP1,0.105006105006105
TGIF1,0.105006105006105
GPM6B,0.104972795754691
CCDC87,0.104927533030171
MPPED2,0.104900456549653
DEDD,0.104395604395604
ITGAE,0.104395604395604
EDN3,0.10433655940125
SYCP3,0.104309119975645
IGSF22,0.103926156119766
GRK4,0.103848522736201
MRFAP1,0.103785103785104
LHPP,0.103785103785104
TXN,0.103174603174603
MAGIX,0.103174603174603
VAMP7,0.103174603174603
MT-ND4,0.103174603174603
IGKV3D-11,0.102399158740288
SLC17A3,0.10206837332731
DPYSL4,0.101973706278938
TMEM107,0.101953601953602
CFAP45,0.101653875152452
CLIP1,0.101343101343101
CRTC1,0.101343101343101
BCAP31,0.101343101343101
IGKV1-27,0.100814509116054
GPR27,0.10079415442043
C9orf85,0.100732600732601
PCSK5,0.100732600732601
TMEM86B,0.100183280757276
SLC35A4,0.1001221001221
TMEM159,0.1001221001221
PPP1R12C,0.1001221001221
ASB9,0.0997201870904105
PLCG2,0.0995115995115995
CTNS,0.0995115995115995
SLC44A1,0.0989010989010989
H3F3C,0.0988978103450377
EFCAB5,0.098606597305462
ZNF691,0.098592011443041
COPZ2,0.0983056033434741
MPLKIP,0.0982905982905983
BAG4,0.0982905982905983
MRPS23,0.0982905982905983
SH3RF3,0.0978992176032889
PRX,0.0977775860431947
TXLNA,0.0976800976800977
TACC1,0.0976800976800977
GCHFR,0.0976800976800977
ATP5MC1,0.0976800976800977
JAG2,0.0974108125248996
RNF215,0.0973672659592765
DBT,0.0970695970695971
SSBP2,0.0970695970695971
MAN2C1,0.0970695970695971
RGS6,0.0964937983694401
NEK4,0.0964590964590965
ANKRD13D,0.0964590964590965
MED13,0.0964590964590965
ZBTB46,0.0964590964590965
RBPMS,0.0961742824807995
MKRN3,0.0960526523659675
AC091057.6,0.0958646091514885
GPATCH2L,0.0958485958485958
ADCY3,0.0952962914520431
CENPQ,0.0952526342955402
ZFAND6,0.0952380952380952
GAS1,0.0946276464527596
NAA10,0.0946275946275946
C8orf33,0.094017094017094
ZBTB7A,0.094017094017094
FAT4,0.0938165568622215
C3orf52,0.0937005492306976
FAXDC2,0.093693029507983
AGA,0.0934065934065934
ZSWIM6,0.0934065934065934
SRI,0.0934065934065934
LRFN1,0.0928527967994266
MRPS21,0.0927960927960928
TMEM71,0.0927960927960928
FP565260.1,0.0927960927960928
ASPHD2,0.0927960927960928
CSTF3,0.0921855921855922
DNASE2,0.0921855921855922
MMP9,0.0917613356218914
RHOBTB2,0.091715178993034
HYKK,0.0917010600398321
NBPF1,0.0915750915750916
TAOK3,0.0915750915750916
MAGT1,0.0915750915750916
NIBAN3,0.0912259990312552
MRTFA,0.090964590964591
RPP21,0.0903540903540904
SLC25A34,0.0899048185908729
GPD2,0.0891330891330891
RAB28,0.0891330891330891
YIPF3,0.0891330891330891
EIF4G2,0.0891330891330891
MSL1,0.0891330891330891
PPP1R32,0.0888413992948788
GRID2IP,0.0887689413764504
CNN3,0.0887121144895211
NCAM1,0.0886923946311927
NUMBL,0.0886580063599329
NAB1,0.0885225885225885
PPP1R15A,0.0879120879120879
SH3BP1,0.0879120879120879
ROM1,0.0877408545700026
PTCRA,0.0875151109350685
C7orf25,0.0873549338310395
ACY1,0.0873015873015873
UBN2,0.0873015873015873
STAU2,0.0873015873015873
FAM219A,0.0873015873015873
CES1,0.0867440601678854
RBM5,0.0866910866910867
NSUN3,0.0866910866910867
RHBDF2,0.0866910866910867
RGMB,0.0864578342010078
CCR2,0.0862781482363396
CDYL,0.0860805860805861
TBCB,0.0860805860805861
SPG11,0.0854700854700855
ZNF619,0.084911439178423
ARNT,0.0848595848595848
KLF6,0.0848595848595848
PPP1R14B,0.0848595848595848
TMEM251,0.0848595848595848
TADA3,0.0842490842490842
ANKRD42,0.0842490842490842
CPSF2,0.0842490842490842
CHRNE,0.0842490842490842
HAUS1,0.0842490842490842
TCAP,0.0839698389722018
SCNN1D,0.0838042228388819
SPDYE16,0.0837469543038269
PF4V1,0.0836896918521148
ZNF518B,0.0836385836385836
COPS2,0.0836385836385836
DNAH8,0.0833252049702038
GSTM4,0.083028083028083
NBEAL2,0.083028083028083
NFE2L3,0.083028083028083
TSPAN31,0.083028083028083
ERP29,0.083028083028083
REXO5,0.0827258413577988
SLC5A5,0.082470433566008
ZNF597,0.0824679445258066
SRSF12,0.0824283027067039
KRT86,0.0824283027067039
GATAD1,0.0824175824175824
TRMT61A,0.0824175824175824
HAGH,0.0824175824175824
KLHDC3,0.0818070818070818
MAPRE1,0.0818070818070818
TMA16,0.0811965811965812
PON2,0.0811965811965812
MMP11,0.0809259324877171
IGHV3-33,0.0809210701439316
C20orf96,0.0809036797702505
MMP28,0.0807131480553761
TM2D1,0.0805860805860806
SSH3,0.0805860805860806
PEAR1,0.0801895937350306
ZNF555,0.0800244498731901
PPP2R3C,0.07997557997558
PIM3,0.07997557997558
XIAP,0.07997557997558
WNT11,0.0798972130069411
MATN2,0.0798789721601325
HIST1H2BO,0.0794364493028946
GTF2E1,0.0793650793650794
COPE,0.0793650793650794
LINGO2,0.0792977290039945
CELF6,0.0790718983414901
ADAT3,0.0787666014366967
ADARB2,0.0783515755710369
PACC1,0.0781440781440781
MIB1,0.0781440781440781
CXorf40B,0.0781440781440781
RPL37A,0.0775335775335775
EIF3G,0.0775335775335775
GSC,0.0771065029275685
SERHL2,0.077057187729756
LRP11,0.0769733035880761
GDE1,0.0769230769230769
PTRHD1,0.0763125763125763
MIOS,0.0763125763125763
ATRN,0.0763125763125763
ZNF213,0.0757136323887627
ZNF700,0.0757020757020757
MICALL2,0.0754083354839693
MTMR7,0.0753218472515158
GIPC3,0.0752191351240384
FARP1,0.0751374605679571
TRMT1L,0.0750915750915751
KIAA1841,0.0750915750915751
RAB3A,0.0750915750915751
IGLV3-1,0.0747094745096335
CD200,0.0746710687913515
POPDC2,0.0746398568641794
SMIM1,0.074526586904803
ST3GAL5,0.0744810744810745
BEND2,0.0739835777210475
EFHD2,0.0738705738705739
MTCH1,0.0738705738705739
SPATA24,0.0736778604577374
VPREB3,0.0736115411239539
MPIG6B,0.0732712571504155
ARL5B,0.0732600732600733
ZSWIM4,0.0732600732600733
KCND1,0.0729807992250041
OVGP1,0.0726907608341547
SLC9A3,0.0726627985871439
ACCS,0.0726495726495726
PRR14L,0.0726495726495726
AGAP9,0.0720500695312419
ABHD6,0.072039072039072
BTF3,0.072039072039072
SYNPO,0.0716674571607325
CLIP3,0.0715298628281719
ATRIP,0.0714285714285714
AVL9,0.0714285714285714
DNM1L,0.0708180708180708
MYL12B,0.0708180708180708
AGAP4,0.0705235850072749
EIF2A,0.0702075702075702
KAT8,0.0702075702075702
GNL3L,0.0702075702075702
L1CAM,0.0701623865442711
GJC3,0.0698856557814612
FAM200A,0.0696076942928947
TMEM8B,0.0696076942928947
RPL37,0.0695970695970696
PUDP,0.0695970695970696
MAST1,0.069041867599366
SPACA9,0.0689971004833079
GABARAPL1,0.068986568986569
RFNG,0.068986568986569
AKR7A2,0.0683760683760684
SLC18B1,0.0683760683760684
TMEM65,0.0683760683760684
GALNT6,0.0683760683760684
ECI1,0.0683760683760684
RRBP1,0.0683760683760684
ASL,0.0677655677655678
JMJD1C,0.0677655677655678
RAP1B,0.0677655677655678
PHKG1,0.067736507157507
RRAGC,0.0671550671550672
ANTXR2,0.0671550671550672
RCOR1,0.0671550671550672
DESI1,0.0671550671550672
TXLNB,0.0670983366145113
ST5,0.0667959857313597
WASHC2C,0.0665445665445666
VPS53,0.0665445665445666
BRWD3,0.0665445665445666
C11orf96,0.0665049343000978
CP,0.0664070073118222
EGR4,0.0661775043819953
PSMB2,0.0659340659340659
RBMX2,0.0659340659340659
IGHV3-21,0.0657377315369747
USP49,0.0656388345305806
C17orf97,0.0653684431018825
CEP295NL,0.0653634819574911
RBM23,0.0653235653235653
U2AF1,0.0653235653235653
MINDY4,0.0652497823579486
DYRK3,0.0649115106395177
KRT5,0.0648725745578392
ASH2L,0.0647130647130647
COL24A1,0.0642991378976354
NCR3LG1,0.0641408667056031
TVP23A,0.0641123500066136
CZIB,0.0641025641025641
SNX9,0.0641025641025641
PHYH,0.0641025641025641
TMEM45B,0.0635878419070751
GNAZ,0.0635308609680288
POLR3K,0.0634920634920635
ID1,0.0634920634920635
NCOA3,0.0634920634920635
RACK1,0.0628815628815629
RCN1,0.0628815628815629
BGLAP,0.0625772636746201
EBF1,0.0625772636746201
FAM131B,0.0623556936718597
MYO1G,0.0622710622710623
TMEM119,0.0621944292991655
RPP25,0.062060604451953
IER5,0.0616605616605617
ZNF765,0.0616605616605617
HTD2,0.0610873663154123
TAGLN2,0.061050061050061
PIK3CG,0.0598290598290598
SPTLC1,0.0598290598290598
POMZP3,0.0592185592185592
FEM1B,0.0592185592185592
BRSK1,0.0592024734996906
DEGS2,0.059003237022835
NECAP2,0.0586080586080586
EIF2AK2,0.0586080586080586
TPRKB,0.0586080586080586
QPRT,0.0586080586080586
DERPC,0.0586080586080586
RPS28,0.0586080586080586
TP53INP2,0.0586080586080586
CTNNBL1,0.0586080586080586
NKAPL,0.0583919972922317
FAM178B,0.0582167758977992
UCN,0.0579495110975807
ADAM23,0.0577702634354677
MUC12,0.0577011150059522
ZNF772,0.0574748455023013
PALB2,0.0573870573870574
NFE2L1,0.0573870573870574
ZNF665,0.0562519764490609
C11orf95,0.0561746304819852
CNOT7,0.0561660561660562
ENTPD7,0.0561660561660562
AGBL3,0.0555921172940018
ARMH1,0.0555555555555556
IRF2,0.0555555555555556
SNX16,0.0555555555555556
FLCN,0.0555555555555556
CMC4,0.0555555555555556
GATM,0.0554207785834148
CACHD1,0.0552901596725099
ZNF2,0.0551135467694018
PPARD,0.054945054945055
PLVAP,0.0548171050923061
SULT2B1,0.0545626575715558
USP27X,0.0545011740275195
SAYSD1,0.0543345543345543
RNF122,0.0543345543345543
LSM7,0.0543345543345543
ZBTB45,0.0543345543345543
RCSD1,0.0537240537240537
CSRNP1,0.0537240537240537
NEU1,0.0537240537240537
FBXO25,0.0537240537240537
ASCL5,0.0536739012324836
EME1,0.0535431709889701
MYH3,0.053189396045342
WBP2,0.0531135531135531
DUSP18,0.0531135531135531
RBSN,0.0525030525030525
KLHL6,0.0525030525030525
ZNF417,0.0525030525030525
MTG2,0.0525030525030525
MORF4L2,0.0525030525030525
PSPN,0.0524637665150856
C9orf116,0.0523418464398918
ANKRD6,0.0522057707196711
FBXO15,0.0521341401734709
MAP7D1,0.0518925518925519
MRPL11,0.0518925518925519
THTPA,0.0518925518925519
NSDHL,0.0518925518925519
TMEM63C,0.0513605002360991
ELMSAN1,0.0512820512820513
KIAA0408,0.0509573410651757
PANK3,0.0506715506715507
TYK2,0.0506715506715507
STAG2,0.0506715506715507
SDK2,0.0504317366849216
PER3,0.0500610500610501
UEVLD,0.0500610500610501
ZCCHC14,0.0500610500610501
TSPAN6,0.049900093626685
SEMA6C,0.0498600935452053
ZNF492,0.0498600935452053
SETMAR,0.0494505494505495
ORMDL2,0.0494505494505495
CMKLR1,0.0494505494505495
ZNF546,0.0491379057689181
UGGT1,0.0488400488400488
COMMD10,0.0488400488400488
RNF227,0.048609044866308
POMT2,0.0485422078621503
C4BPB,0.048318836286217
PINK1,0.0482295482295482
TMEM59,0.0482295482295482
GAS6,0.0482295482295482
SKOR1,0.0480313414389595
ZNF34,0.0476190476190476
TTBK2,0.0476190476190476
COG2,0.047008547008547
CYTIP,0.047008547008547
STBD1,0.0469547971576903
PLGLB1,0.0466953418770154
TRBV1,0.046635283128515
MICAL2,0.0457875457875458
ZNF518A,0.0451770451770452
SUCLG2,0.0445665445665446
C9orf64,0.0445665445665446
ZNF717,0.0442680511950427
TSC22D1,0.043956043956044
C12orf76,0.0433455433455433
KNSTRN,0.0433455433455433
PI4KA,0.0433455433455433
VSIG10,0.0429823629280219
PTCH2,0.0427350427350427
NBPF12,0.0427350427350427
PNPLA2,0.0427350427350427
C14orf93,0.0427350427350427
NONO,0.0427350427350427
HSPA1L,0.0424946996001058
GTF2H2C,0.0421309728614889
PRKD3,0.0421245421245421
LIMD1,0.0421245421245421
KDM7A,0.0421245421245421
SLC25A28,0.0421245421245421
DYNLL1,0.0421245421245421
SLC12A4,0.0421245421245421
TNFSF12,0.0421245421245421
RALGAPA2,0.0421245421245421
LGR4,0.0419742404706801
SNED1,0.0415140415140415
LYSMD2,0.0415140415140415
USP2,0.0414421556739369
FBXO6,0.0409035409035409
LEPR,0.0409035409035409
TOMM7,0.0409035409035409
PRCD,0.0407937716186914
ICA1,0.040354678756935
CAPRIN1,0.0402930402930403
ENDOV,0.0402930402930403
RAB21,0.0396825396825397
CXCR1,0.0391447453135279
PPP1CA,0.0390720390720391
GBP2,0.0384615384615385
DGUOK,0.0384615384615385
SLC38A10,0.0384615384615385
SUSD4,0.0382044872619105
KCNMB4,0.0379089406504541
DOCK7,0.0378510378510379
SPARC,0.0378510378510379
SELENOO,0.0378510378510379
YPEL5,0.0372405372405372
PROK2,0.0372405372405372
L3MBTL3,0.0372405372405372
LRCH4,0.0372405372405372
FURIN,0.0372405372405372
PIK3R2,0.0372405372405372
ABCB7,0.0372405372405372
SCT,0.037229267302495
SRFBP1,0.0366300366300366
ZNF517,0.0366300366300366
NT5C3B,0.0366300366300366
DNAJB5,0.0363313992935719
ZNF219,0.0363303316704144
ZNF225,0.0361299917710523
LRRC46,0.0360415461260932
KTI12,0.036019536019536
EFNA4,0.036019536019536
NOG,0.0357857795277394
CBWD6,0.0354306724629391
IBA57,0.0354090354090354
SPIN1,0.0354090354090354
PTRH2,0.0354090354090354
DLL3,0.0349201008457957
RPS23,0.0347985347985348
CACNA1H,0.0347788531337501
EFNA3,0.0342928735454055
RNF165,0.0341950578200521
ATP13A4,0.0341882000845367
NSL1,0.0341880341880342
MRPS28,0.0341880341880342
TTC9C,0.0341880341880342
ATL2,0.0335775335775336
SEH1L,0.0335775335775336
WIZ,0.0335775335775336
SIN3B,0.0335775335775336
ZNF615,0.0335775335775336
IGKV1-6,0.0335009593409583
ATG4C,0.032967032967033
SNX20,0.032967032967033
SCARF2,0.032967032967033
PTPN13,0.0326667688128936
HIC1,0.0326667688128936
SELL,0.0323565323565324
COP1,0.0323565323565324
C18orf25,0.0323565323565324
ABTB1,0.0317460317460317
ZNF57,0.0311831608576316
TIGD6,0.0311545568208603
ZNF133,0.0311545568208603
NRAS,0.0311355311355311
RASD1,0.0311355311355311
C22orf15,0.0309986779409827
TMEM38A,0.0308774435943215
DDTL,0.0305436831577061
CX3CR1,0.0305250305250305
TLE4,0.0305250305250305
SLC25A1,0.0305250305250305
HLA-DQA2,0.0302243935745464
ARRDC3,0.0299145299145299
IGHV1-3,0.0298559427456718
RTKN,0.0298328649425059
RPL35A,0.0293040293040293
WDR74,0.0293040293040293
COQ9,0.0293040293040293
DOCK11,0.0293040293040293
ZNF175,0.0291549394116378
CDS1,0.0289419621491166
PGBD2,0.0286979090505794
CD58,0.0286935286935287
PDE4DIP,0.0286935286935287
TRMT10B,0.0286935286935287
MTPAP,0.0286935286935287
CES4A,0.0286935286935287
PRICKLE3,0.0286935286935287
LRRC37A3,0.028326175720412
YY1,0.0280830280830281
MRPL12,0.0280830280830281
F12,0.0278202709612203
PXT1,0.0277820183361992
AC233755.1,0.0277754259809538
ADGRF3,0.0275224200467177
IVNS1ABP,0.0274725274725275
SLC40A1,0.0274725274725275
HRH4,0.0274719595591129
FRS3,0.0271714245266124
ADAM28,0.0268620268620269
MED22,0.0268620268620269
TBC1D24,0.0268620268620269
PDLIM2,0.0262515262515262
MASTL,0.0262515262515262
TBC1D22A,0.0256410256410256
UPK3BL2,0.0250688155914293
ACAP3,0.025030525030525
RNF103,0.025030525030525
AAMDC,0.025030525030525
GTF2F2,0.025030525030525
HM13,0.025030525030525
WWC3,0.025030525030525
DLL1,0.0248584220246596
TNNC1,0.0248081792027829
RC3H1,0.0244200244200244
MRPL55,0.0244200244200244
TLCD3A,0.0240156707194798
SENP2,0.0238095238095238
CD164,0.0238095238095238
POLR2J2,0.0238095238095238
ACP2,0.0238095238095238
ANKRD40,0.0238095238095238
LRRC43,0.0233176415642575
CENPI,0.0233112125665895
LMNTD2,0.0232131991998567
ICAM2,0.0225885225885226
C1QTNF3,0.0221683114333659
NPIPA5,0.0221683114333659
ZC3HAV1L,0.0221232750364819
MAPK8IP1,0.0220116429583282
SEPTIN5,0.0217059256950181
TLCD4,0.0216031090962974
TRAV18,0.0214557225537582
PSMD10,0.0213675213675214
PJVK,0.0209871202353401
FLVCR1,0.0207570207570208
ING2,0.0207570207570208
ZNF395,0.0207570207570208
SPDYE3,0.0203209521472521
MECR,0.0201465201465201
SCCPDH,0.0201465201465201
PPP1R3B,0.0201465201465201
ENOX2,0.0201465201465201
SNRPG,0.0195360195360195
GPR107,0.0195360195360195
CHRNB1,0.0195360195360195
ADTRP,0.0190893792898429
NET1,0.0189255189255189
CTPS2,0.0186231111923973
CYREN,0.0183150183150183
VAV1,0.0183150183150183
SLC35G6,0.0181032659047335
PAX5,0.0180379654088434
C8G,0.0178547142300654
PAK3,0.0178238014733749
ZMAT3,0.0177045177045177
RPAP3,0.0177045177045177
LRRC37B,0.0177045177045177
EMID1,0.0171453246796011
APH1A,0.0170940170940171
ABHD10,0.0170940170940171
MTMR9,0.0170940170940171
DHTKD1,0.0170940170940171
ANAPC16,0.0170940170940171
PIEZO1,0.0170940170940171
ACADVL,0.0170940170940171
MFSD2B,0.0170082371075222
SGCD,0.0167622832451236
TOP1MT,0.0164835164835165
NDUFA8,0.0164835164835165
C16orf46,0.0163897557581577
PLEKHH2,0.0159757944320265
CA13,0.0159216912889383
GP9,0.0158827152420072
PGGT1B,0.0158730158730159
UBL7,0.0158730158730159
ZNF551,0.0158730158730159
RIBC2,0.0156515990525634
SMIM8,0.0152625152625153
UCP2,0.0152625152625153
CRADD,0.0152625152625153
CYB5D2,0.0152625152625153
PGS1,0.0152625152625153
MT-ND1,0.0152625152625153
SCN8A,0.0146977308774644
PRKCE,0.0146520146520147
PTGES3,0.0146520146520147
FECH,0.0146520146520147
C6orf163,0.0143059725656344
DDR1,0.0142457410129158
CARMIL1,0.0140500942525448
ZNF212,0.014041514041514
RIC1,0.014041514041514
LRP2BP,0.0138102344581442
MBD6,0.0134310134310134
PACS2,0.0134310134310134
RPS27L,0.0134310134310134
STAT5A,0.0134310134310134
FCER2,0.0128598275795271
CCDC122,0.0128283469262366
PDE4B,0.0128205128205128
MRPL36,0.0128205128205128
HIKESHI,0.0128205128205128
LRRC70,0.0123696269872888
MFSD4A,0.0123031399657
CSNK1A1,0.0122100122100122
PRKAB1,0.0122100122100122
SRSF5,0.0122100122100122
MORN1,0.0119229732690944
C8orf37,0.0116556062832947
NSUN4,0.0115995115995116
CAVIN2,0.0115995115995116
PAQR4,0.0115995115995116
MON1B,0.0115995115995116
NUFIP2,0.0115995115995116
TAL1,0.0113776843044764
SUN3,0.0113409303697011
TMEM50A,0.010989010989011
EGLN1,0.010989010989011
OLA1,0.010989010989011
MRPS11,0.010989010989011
RBM11,0.0109730077949447
KISS1R,0.0105487804638341
ZNF514,0.0103785103785104
TES,0.0103785103785104
MARF1,0.0103785103785104
KRT81,0.0100638564810907
IGLV2-18,0.00994428831416863
NEXMIF,0.00986842318828434
HARBI1,0.00977397861046596
MAP3K6,0.00976800976800977
TMEM267,0.00976800976800977
TFAP4,0.00976800976800977
GDPD3,0.00918559112823363
TBCE-1,0.00915890714380194
RAB43,0.00915750915750916
MEA1,0.00915750915750916
TAF4,0.00915750915750916
USP4,0.00854700854700855
TFDP1,0.00854700854700855
MCRIP1,0.00854700854700855
IGHV3-48,0.00834949821641996
GBA,0.00793650793650794
WTAP,0.00793650793650794
CDK14,0.00793650793650794
RBM12B,0.00793650793650794
KDM4B,0.00793650793650794
GBP1,0.00732600732600733
ACE,0.00611434526620227
NUDT2,0.00610500610500611
ALAD,0.00610500610500611
ABAT,0.00610500610500611
KXD1,0.00610500610500611
CCDC113,0.00583098788232755
MATR3,0.00559798926481346
GPR63,0.00514872845672804
H6PD,0.00488400488400488
RFX7,0.00488400488400488
NR1D1,0.00488400488400488
CYP46A1,0.0046934393086346
SSTR3,0.00453273577683684
C12orf60,0.00447322244096742
LAMC1,0.00442465500729637
TRIM58,0.00427350427350427
FAM168B,0.00427350427350427
FGFRL1,0.00427350427350427
PRMT9,0.00427350427350427
TBC1D10B,0.00427350427350427
MEF2B,0.00427350427350427
MMACHC,0.00371088809618665
AFTPH,0.00366300366300366
ZHX1,0.00366300366300366
TBC1D13,0.00366300366300366
CMTM3,0.00366300366300366
C19orf57,0.00308615844232819
NDUFS8,0.00305250305250305
SLC35E3,0.00305250305250305
ZNF668,0.00305250305250305
RPL27,0.00305250305250305
S1PR2,0.00244949096752897
SLC25A46,0.00244200244200244
LRR1,0.00244200244200244
PDZD7,0.00183262098946237
MUC6,0.00183262098946237
PLEKHM3,0.00183150183150183
GLI4,0.00183150183150183
CLASRP,0.00183150183150183
FOXB1,0.00140903081549921
LGALS9C,0.00127806355456212
TAF12,0.00122100122100122
MAP3K7CL,0.00122100122100122
WDR26,0.000610500610500611
NELFE,0.000610500610500611
COA1,0.000610500610500611
ZSCAN5A,0.000610500610500611
TNXB,0
IGHV2-5,0
SPIRE1,0
ICA1L,-0.000610500610500611
UROD,-0.00122100122100122
GNE,-0.00122100122100122
TMEM80,-0.00122100122100122
ZDHHC5,-0.00122100122100122
CYB561A3,-0.00122100122100122
KIAA0100,-0.00122100122100122
REL,-0.00183150183150183
APLF,-0.00183150183150183
ACVR2A,-0.00183150183150183
C7orf31,-0.00183150183150183
NDRG1,-0.00183150183150183
RAC3,-0.00194260104721579
XPO7,-0.00244200244200244
MAK16,-0.00244200244200244
NT5DC3,-0.00244200244200244
ZNF449,-0.00244237523834718
SMTN,-0.00244349465261649
MOV10,-0.00305250305250305
TNRC18,-0.00305250305250305
SUFU,-0.00305250305250305
TNFRSF12A,-0.00305250305250305
EGLN2,-0.00305250305250305
CYP2U1,-0.00366300366300366
TTPAL,-0.00366300366300366
ZNRF3,-0.00369471857222766
RANBP17,-0.00402012877086887
DLX2,-0.00407212780685703
MAP4K4,-0.00427350427350427
CCDC115,-0.00427350427350427
NPIPB15,-0.00427350427350427
VEZF1,-0.00427350427350427
RPS16,-0.00427350427350427
CRLS1,-0.00427350427350427
TUBB1,-0.00427350427350427
AC104389.5,-0.00447322244096742
PCSK4,-0.00447322244096742
RNF43,-0.0045857589496517
NUDT22,-0.00488400488400488
COA5,-0.00549450549450549
RAB33B,-0.00549450549450549
USP35,-0.00549450549450549
PHKG2,-0.00549450549450549
DPPA4,-0.00563612326199685
IQCC,-0.00563833080949434
ZNF445,-0.00610500610500611
RPL28,-0.00610500610500611
FOXO3B,-0.00626481201054927
ZMYM4,-0.00671550671550672
MCFD2,-0.00671550671550672
ZFAND3,-0.00671550671550672
SLC6A16,-0.00673610016070466
FLACC1,-0.00711253551769108
BMPR2,-0.00732600732600733
UVRAG,-0.00732600732600733
PAK4,-0.00732600732600733
RNF145,-0.00793650793650794
ZKSCAN4,-0.00793771952462835
TRIM17,-0.00804589595765932
ARHGEF37,-0.00828614067488652
KLHL26,-0.00854700854700855
ZNF350,-0.00854700854700855
THOC5,-0.00854700854700855
RBM41,-0.00854700854700855
DHRS11,-0.00856008337268318
EEF1AKMT4,-0.00915750915750916
SPIRE2,-0.0093972180158239
ALDH4A1,-0.00976800976800977
SLC7A11,-0.00976800976800977
RPL41,-0.00976800976800977
GPR141,-0.0100747978581821
KLHL35,-0.0101134971595346
SNX32,-0.0106853916677689
IGLV7-46,-0.0108552655071128
WDR92,-0.010989010989011
RHBDD1,-0.0115995115995116
RWDD2A,-0.0115995115995116
RRP8,-0.0115995115995116
MPV17L2,-0.0115995115995116
MYCT1,-0.0120097778769473
POLE3,-0.0122100122100122
CLDN15,-0.0122474548376448
MT3,-0.0126737931242536
KRT73,-0.0127806355456212
SNX14,-0.0128205128205128
TXNL4B,-0.0128205128205128
IGHV3-64D,-0.0133733532500888
TMEM35B,-0.0134310134310134
NIT1,-0.0134310134310134
SLC45A1,-0.0137572768489551
RRAGB,-0.014041514041514
UTY,-0.014041514041514
PLEKHM2,-0.0146520146520147
BMT2,-0.0146520146520147
RBM18,-0.0146520146520147
ITGA5,-0.0146520146520147
ASPSCR1,-0.0146520146520147
TPGS1,-0.0152625152625153
PES1,-0.0152625152625153
ATP7A,-0.0152625152625153
UPK3B,-0.0153367626547454
BCL2L14,-0.0154993389704913
TMEM87B,-0.0158730158730159
TGFBR2,-0.0158730158730159
FYB1,-0.0158730158730159
FAM168A,-0.0158730158730159
SLC11A2,-0.0158730158730159
VPS18,-0.0158730158730159
BCL2L15,-0.0161883420601316
SPEN,-0.0164835164835165
DNAJC10,-0.0164835164835165
H2AFZ,-0.0164835164835165
DDX41,-0.0164835164835165
DCTN5,-0.0164835164835165
CASS4,-0.0164835164835165
TSSK4,-0.016914992428483
SLC25A29,-0.0170940170940171
FMNL1,-0.0170940170940171
PPM1N,-0.0170940170940171
HDAC11,-0.0171044625683154
DLK2,-0.017541473629538
BOD1,-0.0177045177045177
PSME1,-0.0177045177045177
RNF111,-0.0177045177045177
RPL4,-0.0177045177045177
ZNF579,-0.0177045177045177
PHETA2,-0.0177316012719866
IGHV3-74,-0.0178547142300654
MCMDC2,-0.0180379654088434
RBPMS2,-0.0180379654088434
PI4KB,-0.0183150183150183
ENDOG,-0.0183150183150183
C6orf201,-0.0183307136016564
RASSF5,-0.0189255189255189
MTDH,-0.0189255189255189
RNF138,-0.0189255189255189
SPIN4,-0.0189255189255189
IGLV8-61,-0.0194904692070723
KRT72,-0.0201295009843534
ATP6V1E2,-0.0201465201465201
CDV3,-0.0201465201465201
FLOT1,-0.0201465201465201
CABP4,-0.0201465201465201
RAB5B,-0.0207570207570208
NXPH4,-0.0207852312239532
PDIK1L,-0.021978021978022
SH3BP5L,-0.021978021978022
FAM228B,-0.021978021978022
PTER,-0.021978021978022
PUS3,-0.021978021978022
NXT1,-0.021978021978022
ZNF724,-0.0223173602216383
ANGPT2,-0.0223919570592538
LCN2,-0.0223919570592538
MRPS12,-0.0225885225885226
ZNF442,-0.0227553686089528
IDE,-0.0231990231990232
DLG2,-0.0232800672305305
ANKRD35,-0.0233998842907752
TOR1AIP2,-0.0238095238095238
DLD,-0.0238095238095238
PRNP,-0.0238095238095238
ZSCAN9,-0.0244200244200244
MRPS18B,-0.0244200244200244
OSTM1,-0.0244200244200244
PATL1,-0.0244200244200244
SOS2,-0.0244200244200244
FBXL19,-0.0244237523834718
KDM3B,-0.025030525030525
SNX29,-0.025030525030525
GIN1,-0.0250688155914293
MAD2L2,-0.0256410256410256
STPG2,-0.025685729243252
DTNBP1,-0.0262515262515262
TSSC4,-0.0262515262515262
GIT2,-0.0262515262515262
ZNF677,-0.0262515262515262
GRM2,-0.0267459487096643
PPP1R7,-0.0268620268620269
IFT122,-0.0268620268620269
SLC46A1,-0.026866127621819
STAP2,-0.0272519322458893
RERE,-0.0274725274725275
SSR3,-0.0274725274725275
ZNF658,-0.0274725274725275
SLC9A7,-0.0274725274725275
ANK1,-0.0277103892917074
SEC22B,-0.0280830280830281
PRPF6,-0.0280830280830281
RNF187,-0.0286935286935287
ACTR3,-0.0286935286935287
DLGAP3,-0.0287110621682438
TNK1,-0.0290763043336619
TNFRSF11A,-0.0291390157082369
FAM218A,-0.0291470519553218
HSPA1B,-0.0293040293040293
NUP58,-0.0293040293040293
YIPF6,-0.0293040293040293
FLT1,-0.0293938916103476
CPA5,-0.029486418961223
GPLD1,-0.0297865493906421
EPDR1,-0.0301721098412225
ROPN1L,-0.0302660090677012
MAPK14,-0.0305250305250305
UBC,-0.0305250305250305
RAP2C,-0.0305250305250305
NPHP4,-0.0305436831577061
IGHV3-23,-0.0308349873841332
CNIH2,-0.0314888781209417
IGKV1D-8,-0.031547397410466
GPR22,-0.0316046786235455
LAMA2,-0.0317291504378579
CCDC191,-0.0317460317460317
ZC3HC1,-0.0317460317460317
CBX1,-0.0317460317460317
ZNF652,-0.0317460317460317
MCU,-0.0323565323565324
RNF185,-0.0323565323565324
LGALS14,-0.0324765948808999
IGHV1-2,-0.0325906206413341
ENPP3,-0.0329190233848341
ZFP69,-0.032967032967033
ELAC1,-0.032967032967033
ARAF,-0.032967032967033
WNT2B,-0.0332524671500489
MELTF,-0.0333231817008024
AHCYL2,-0.0335775335775336
CBWD5,-0.0335775335775336
MRPS34,-0.0335775335775336
DNAJC7,-0.0335775335775336
TRIB3,-0.0335775335775336
SNX5,-0.0335775335775336
POT1,-0.0341880341880342
TMEM134,-0.0341880341880342
ZKSCAN2,-0.0341880341880342
TCEAL3,-0.0341880341880342
P3H3,-0.0342105337193857
YPEL4,-0.0344840400074581
CDKL1,-0.0347985347985348
SPATA21,-0.034819798799785
ZNF304,-0.034819798799785
PCBP3,-0.035157485280663
TAX1BP1,-0.0354090354090354
GNA13,-0.0354090354090354
ADGRE5,-0.0354090354090354
ELOVL7,-0.03551761902917
ACACB,-0.0357197378608276
NPAS2,-0.0359302857952299
CHDH,-0.0359302857952299
PDCL,-0.036019536019536
ACLY,-0.036019536019536
MAVS,-0.036019536019536
MYO3B,-0.0360621523905749
SLC16A14,-0.0362065318094669
ITGB5,-0.0363313992935719
IL17RC,-0.0366300366300366
MGMT,-0.0366300366300366
BIRC3,-0.0366300366300366
MYL9,-0.0366300366300366
CD109,-0.0366524197892474
RABGGTB,-0.0372405372405372
TRAPPC12,-0.0372405372405372
BLOC1S6,-0.0372405372405372
EFTUD2,-0.0372405372405372
IFT52,-0.0372405372405372
HSD17B14,-0.0373768078015304
CLIP4,-0.0378510378510379
TCTA,-0.0378510378510379
ZNF318,-0.0378510378510379
C16orf95,-0.0378510378510379
ZNF397,-0.0378510378510379
INO80C,-0.0378510378510379
MAPT,-0.0380438320184787
INSL3,-0.0383419066368636
SLC26A6,-0.0384615384615385
PTP4A3,-0.0384615384615385
SPINK2,-0.0384868504343089
FAM160A1,-0.0385794827385812
HAVCR1,-0.0386614225255041
MYL5,-0.0390720390720391
NAF1,-0.0390720390720391
TUFT1,-0.0396885976231417
THAP8,-0.039706788105018
SDCBP2,-0.039706788105018
ACSM3,-0.0397432442303147
KLHL32,-0.0401470883091263
CHPF2,-0.0402930402930403
AHNAK,-0.0402930402930403
ZNF528,-0.0403176617681721
AANAT,-0.0404539886381383
UBR4,-0.0409035409035409
FAM102B,-0.0409035409035409
STIMATE,-0.0409035409035409
BAG6,-0.0409035409035409
AP2A2,-0.0409035409035409
CLHC1,-0.0415394090944803
CCDC39,-0.0416739200825002
GATD3B,-0.0418256759566955
MAST2,-0.0421245421245421
TMEM106A,-0.0421245421245421
SERTAD3,-0.0421245421245421
GRAPL,-0.0425588729058135
EIF3F,-0.0427350427350427
BTBD7,-0.0427350427350427
KLF16,-0.0427350427350427
ZNF835,-0.0429114451075164
NGFR,-0.0429823629280219
INSYN2B,-0.043106134126726
FBXW11,-0.0433455433455433
BIN3,-0.0433455433455433
OGFOD3,-0.0433455433455433
GLIS3,-0.0434784646736392
NUDT11,-0.0436144565004928
CFAP44,-0.0437175686533462
RPL29,-0.043956043956044
HIBADH,-0.043956043956044
RPP25L,-0.043956043956044
PLEKHM1,-0.043956043956044
CEP89,-0.043956043956044
KCNMA1,-0.0439829037470968
ZKSCAN3,-0.0440232859166563
NAGS,-0.0440908374155214
BHLHB9,-0.0444486994581505
ATP1A1,-0.0445665445665446
SRBD1,-0.0445665445665446
TACC3,-0.0445665445665446
SERPINB9,-0.0445665445665446
C1R,-0.0447839141185076
SUSD2,-0.0450657992264985
ZNF471,-0.0451051302591528
PLA2G4B,-0.0451770451770452
ZNF24,-0.0451770451770452
CTU1,-0.0451770451770452
ENTPD6,-0.0451770451770452
WWTR1,-0.0455464440402865
ARG2,-0.0455518722332069
KLHL25,-0.0457272207614108
PFDN2,-0.0457875457875458
CCDC96,-0.0457875457875458
RGL2,-0.0457875457875458
ZNF646,-0.0457875457875458
SPOP,-0.0457875457875458
ZNF793,-0.0461428307903765
SPTY2D1,-0.0463980463980464
APRT,-0.0463980463980464
IER2,-0.0463980463980464
SMC1A,-0.0463980463980464
ECRG4,-0.046934393086346
ERBIN,-0.047008547008547
TBK1,-0.047008547008547
USP8,-0.047008547008547
CYB5D1,-0.047008547008547
FKBPL,-0.0470372720628675
TRO,-0.0474020497830172
FBXO28,-0.0476190476190476
SIRT5,-0.0476190476190476
GAL3ST4,-0.0476973787433743
GLI1,-0.0476973787433743
LRRC20,-0.0477650738668149
HSCB,-0.0482295482295482
RBFOX2,-0.0483879695773915
LRRC42,-0.0488400488400488
TRIM69,-0.0488400488400488
NR1H2,-0.0488400488400488
CRY2,-0.0494505494505495
MAPK1,-0.0494505494505495
LIMK2,-0.0494505494505495
KIT,-0.0497214415708432
PTPRN,-0.0498600935452053
CRYM,-0.04998995919773
SPRY1,-0.050023738148389
DNPH1,-0.0500610500610501
CCDC117,-0.0500610500610501
TCEANC,-0.0500610500610501
POU5F2,-0.0500916403786381
LMLN,-0.0504433484461687
MTRF1L,-0.0506715506715507
C1RL,-0.0506715506715507
DNAJC17,-0.0506715506715507
SLC39A3,-0.0506715506715507
PPP1R15B,-0.0512820512820513
FCRL1,-0.0516662174994092
LYRM9,-0.0518925518925519
CUL4B,-0.0518925518925519
PTPRB,-0.0519965918189685
FAM167B,-0.0524502282748263
AC092835.1,-0.0524637665150856
FAM160A2,-0.0525030525030525
TXNDC16,-0.0525030525030525
SNRPB2,-0.0525030525030525
KCNAB2,-0.0531135531135531
COMMD7,-0.0531135531135531
CCDC134,-0.0531135531135531
ZNF789,-0.0537240537240537
FOPNL,-0.0537240537240537
PFN2,-0.0537279536600274
BEST4,-0.0539473800959544
CACNA1A,-0.0540375521484314
PPFIBP1,-0.0541138962265301
ARNTL2,-0.0541892057260056
TMEM169,-0.0547355994187531
C4orf46,-0.054945054945055
PTS,-0.054945054945055
GPR153,-0.054978629683871
SARDH,-0.0549802890440054
DUSP19,-0.0551303456928336
RASGRF1,-0.0552079454683155
SPRYD7,-0.0555555555555556
PLEKHG2,-0.0555555555555556
TFPT,-0.0555555555555556
PANK2,-0.0555555555555556
ZNF667,-0.0556567172122189
IGKV3-20,-0.0558693335771918
FAM153A,-0.0559798926481346
PKN2,-0.0561660561660562
PSMD1,-0.0561660561660562
BECN1,-0.0561660561660562
SEC61G,-0.0567765567765568
NUDT15,-0.0567765567765568
TENT4B,-0.0567765567765568
KLHDC9,-0.0569917630334202
PDE9A,-0.0572238902625375
GBP4,-0.0573870573870574
SLC29A3,-0.0573870573870574
AFAP1L2,-0.0575205150948529
ZFP28,-0.0578280061655753
TSPAN9,-0.057845889069739
ZNF443,-0.057845889069739
OXR1,-0.057997557997558
ANTKMT,-0.057997557997558
GEMIN4,-0.057997557997558
ZNF865,-0.057997557997558
KRTAP12-3,-0.0585639191268033
ZNF197,-0.0586080586080586
ICK,-0.0586080586080586
LRRC37A2,-0.0586080586080586
CHST7,-0.0586080586080586
TGFB3,-0.0588815916900965
TIMMDC1,-0.0592185592185592
PLOD3,-0.0598290598290598
HDAC5,-0.0598290598290598
AK5,-0.0599926908883509
TRAV34,-0.0602005173402047
NTMT1,-0.0604395604395604
SNX1,-0.0604395604395604
PHF20,-0.0604395604395604
CAGE1,-0.0604581375167646
SLC6A4,-0.0605263288881439
IMPG2,-0.0605883250664661
RASSF6,-0.0610147110122498
ANKRD46,-0.061050061050061
ABHD13,-0.061050061050061
VIPAS39,-0.0616605616605617
SPAG8,-0.061992608012114
TOMM20,-0.0622710622710623
PDCL3,-0.0622710622710623
GATB,-0.0622710622710623
AKT1,-0.0622710622710623
CRAMP1,-0.0622710622710623
ZNF319,-0.0622710622710623
UTP6,-0.0622710622710623
RPS10,-0.0628815628815629
ARHGAP19,-0.0628815628815629
NOMO3,-0.0628815628815629
PCIF1,-0.0628815628815629
ZIK1,-0.0634260021565748
DVL1,-0.0634920634920635
OTOF,-0.0635270785074633
CCDC127,-0.0641025641025641
NAIF1,-0.0641025641025641
OTUB2,-0.0641417346311829
GLI3,-0.064161077691534
CRYBG2,-0.06421432310813
ASDURF,-0.0645422095053871
DOK6,-0.064657575013984
POU2F1,-0.0647130647130647
SETX,-0.0647130647130647
RAB1B,-0.0647130647130647
WDR62,-0.0647130647130647
CRYZL1,-0.0647130647130647
SLC25A53,-0.0647130647130647
TPH1,-0.0648408043091849
ZNF532,-0.0650282407209938
ING3,-0.0653235653235653
RDX,-0.0653235653235653
KNOP1,-0.0653235653235653
CHMP6,-0.0653235653235653
TP53RK,-0.0653235653235653
KIF27,-0.0659340659340659
CSAD,-0.0659340659340659
AMFR,-0.0659340659340659
CPNE2,-0.0659340659340659
PFDN4,-0.0659340659340659
RPS21,-0.0659340659340659
BMP6,-0.0661362561232821
ADSS,-0.0665445665445666
LSM8,-0.0665445665445666
HSD17B12,-0.0665445665445666
ICAM3,-0.0665445665445666
FAM209A,-0.0667202479123497
PRDM5,-0.0667788207258708
AK6,-0.0671550671550672
LRRC28,-0.0671550671550672
GABPA,-0.0671550671550672
MAPK8,-0.0677655677655678
ZNF320,-0.0678069766101076
APC,-0.0683760683760684
TRAFD1,-0.0683760683760684
NRG2,-0.0691981198326933
TJAP1,-0.0695970695970696
MLYCD,-0.0695970695970696
ZDHHC2,-0.0702075702075702
METTL25,-0.0702075702075702
PNPLA7,-0.0702504712627241
ZNF781,-0.0702958311863644
SEMA7A,-0.0703149705613261
BARD1,-0.0708180708180708
SEC23IP,-0.0708180708180708
ARHGEF6,-0.0708180708180708
CETN3,-0.0714285714285714
PDCD1LG2,-0.0715715590554787
WASHC2A,-0.072039072039072
USP31,-0.072039072039072
KDM5D,-0.072039072039072
UNC50,-0.0726495726495726
TPM4,-0.0726495726495726
PPP1R9A,-0.0728723562839868
SMIM13,-0.0732600732600733
ENO3,-0.0732600732600733
CCDC22,-0.0732600732600733
ZNF727,-0.0732983005234264
ATP8A2,-0.0733819896286926
GP6,-0.073484729025869
ZNF326,-0.0738705738705739
SELENOS,-0.0738705738705739
SPTB,-0.0739085212490508
RAMP1,-0.0740178580569779
AVIL,-0.0740971017677513
RPE,-0.0744810744810745
AP1AR,-0.0744810744810745
ARMC2,-0.0744810744810745
PDHX,-0.0744810744810745
GPT2,-0.0745752660739787
SOX8,-0.0748501404400275
DTD2,-0.0750915750915751
C16orf74,-0.0750915750915751
LIPC,-0.0752618556713809
PIANP,-0.075296467448747
QRSL1,-0.0757020757020757
RBBP9,-0.0757020757020757
ZBTB14,-0.0763125763125763
RFESD,-0.0765058532857839
CLTCL1,-0.0765465927352803
ANKRD23,-0.0766447534290083
ZNF605,-0.0769230769230769
ZC3H7A,-0.0769230769230769
SEPTIN9,-0.0769230769230769
RHCE,-0.0769733035880761
HPF1,-0.0775335775335775
TFCP2,-0.0775335775335775
ZNF81,-0.0775454138175231
RNF207,-0.0775809552205736
XKR9,-0.0777769942573734
HDAC2,-0.0781440781440781
RNF20,-0.0781440781440781
PPTC7,-0.0781440781440781
NPIPA1,-0.0781440781440781
MIF4GD,-0.0781440781440781
RRP7A,-0.0781440781440781
NBPF20,-0.0787545787545788
EAF2,-0.0787545787545788
ZBTB16,-0.0787545787545788
USP30,-0.0787545787545788
ZMYM1,-0.0793650793650794
ORMDL1,-0.0793650793650794
CLOCK,-0.0793650793650794
GTF2I,-0.0793650793650794
PSMB5,-0.0793650793650794
GEMIN2,-0.0793650793650794
NFS1,-0.0793650793650794
ISL2,-0.0794135762100359
LOXL2,-0.0794748533933308
MED18,-0.07997557997558
TRAPPC13,-0.07997557997558
SYNCRIP,-0.07997557997558
USP22,-0.07997557997558
DDX43,-0.0802208291865737
TMEM201,-0.0805860805860806
C6orf226,-0.0805860805860806
MRPL57,-0.0805860805860806
FOXN2,-0.0811965811965812
RPL36,-0.0811965811965812
SLC35F3,-0.0816338303525857
CPLX1,-0.0817999422362031
MTLN,-0.0818070818070818
CD99L2,-0.0824175824175824
C12orf40,-0.0831668227111416
CLCN2,-0.0833478401650003
NENF,-0.0836385836385836
BZW2,-0.0836385836385836
FMC1,-0.0836385836385836
KLF9,-0.0836385836385836
ZDHHC12,-0.0836385836385836
CHD4,-0.0836385836385836
NAA60,-0.0836385836385836
LRRC56,-0.0837469543038269
TTC8,-0.0839566488181844
ZNF711,-0.0840120909300453
EIF2B3,-0.0842490842490842
MRPS33,-0.0842490842490842
FAM111A,-0.0842490842490842
MAGI3,-0.0845074383797494
FKBP7,-0.0845074383797494
UBE2K,-0.0848595848595848
MRPL18,-0.0854700854700855
RBCK1,-0.0854700854700855
AC015802.6,-0.0854831333421514
TMEM262,-0.0855223128415772
SLC29A2,-0.0855943135899407
RGPD5,-0.0859303477395639
KRTCAP3,-0.0859689075616574
PXYLP1,-0.0860805860805861
UIMC1,-0.0860805860805861
ELK1,-0.0860805860805861
CFAP70,-0.0862781482363396
CCR8,-0.0865727500135352
KIAA2013,-0.0866910866910867
VPS26A,-0.0866910866910867
GPI,-0.0866910866910867
ITPA,-0.0866910866910867
HDAC6,-0.0866910866910867
HAUS7,-0.0867440601678854
B3GNT4,-0.0868510300367735
PSMC1,-0.0873015873015873
SUPT6H,-0.0873015873015873
TMED1,-0.0873015873015873
ECSIT,-0.0873015873015873
WDR64,-0.0873599105609512
COA6,-0.0879120879120879
CCND1,-0.0880206087482172
SLC12A3,-0.0884592568836689
ETV2,-0.0885225885225885
SELPLG,-0.0891330891330891
FAHD1,-0.0891330891330891
UBALD1,-0.0891330891330891
IGHE,-0.0894827584173516
SH2D1B,-0.0897435897435897
LIPT1,-0.0897435897435897
TMEM8A,-0.0897435897435897
KCNAB3,-0.0899048185908729
PWP2,-0.0900187930566896
TMEM244,-0.0901779721919496
DNM3,-0.0901865926764835
CTDSP1,-0.0903540903540904
TMEM165,-0.0903540903540904
NMT1,-0.0903540903540904
LRRC59,-0.0903540903540904
MRPS5,-0.090964590964591
CHID1,-0.090964590964591
MATN1,-0.091062028262551
IGHV4-28,-0.0913015136697367
MAPK3,-0.0915750915750916
TANGO6,-0.0915750915750916
HDHD2,-0.0915750915750916
KRT18,-0.0917794959545468
PTPRS,-0.0918989402826618
NIT2,-0.0921855921855922
PFDN1,-0.0921855921855922
DACT1,-0.0922856615807529
STXBP6,-0.0925278035130822
IL9R,-0.0925973165839526
IGHV3-43,-0.0927565178716449
SWSAP1,-0.0927960927960928
GET3,-0.0927960927960928
HOMER1,-0.092810259057193
BFSP2,-0.0932448502663579
CAPN5,-0.0933906837540307
ATL3,-0.0934065934065934
FBRSL1,-0.0934065934065934
CCDC121,-0.0935995371631006
MCF2,-0.0938923839487632
STAP1,-0.0939218198874257
KHDRBS3,-0.093972180158239
IGLV6-57,-0.0940091651033952
TREML1,-0.094017094017094
ZFYVE1,-0.094017094017094
CDKL3,-0.0942164884144504
TMED6,-0.094539277502497
ASB8,-0.0946275946275946
TMEM94,-0.0946275946275946
CACNB3,-0.09513717071166
PCYOX1L,-0.0952380952380952
TRMT12,-0.0952380952380952
ZNF468,-0.0952380952380952
SCN1B,-0.0952526342955402
FSTL1,-0.0955383831608764
FSCN1,-0.0958485958485958
GIMAP1,-0.0958485958485958
TOM1L2,-0.0958485958485958
EPOR,-0.0958485958485958
HPDL,-0.095854766592159
SPTBN5,-0.0958646091514885
ZNF860,-0.0963567246993581
SERINC3,-0.0964590964590965
SKI,-0.0970695970695971
LIAS,-0.0970695970695971
MXI1,-0.0970695970695971
TKFC,-0.0970695970695971
ZNHIT3,-0.0970695970695971
PNMA3,-0.0971300523607895
ZDHHC23,-0.097592323504219
SRF,-0.0976800976800977
SSNA1,-0.0976800976800977
KDF1,-0.0982880632040765
ZNF609,-0.0982905982905983
ATXN1L,-0.0982905982905983
ZNF93,-0.0984409587858565
IGLV3-19,-0.0986477752236285
ERH,-0.0989010989010989
AC138969.1,-0.0989010989010989
MPND,-0.0989010989010989
TMEM217,-0.0989570158983107
JAM3,-0.0990523933124768
ALAS1,-0.0995115995115995
PPP1R18,-0.0995115995115995
SMIM27,-0.0995115995115995
AKIP1,-0.0995115995115995
KMT2D,-0.0995115995115995
CORO1A,-0.0995115995115995
CRLF3,-0.0995115995115995
PRRT1,-0.0997201870904105
DOLPP1,-0.1001221001221
IGHV1-24,-0.100328969080891
IARS2,-0.100732600732601
ATG10,-0.100732600732601
PHTF2,-0.100732600732601
CXorf38,-0.100732600732601
PDGFA,-0.100988974307556
DOLK,-0.101343101343101
ZNF561,-0.101343101343101
WDSUB1,-0.101953601953602
TELO2,-0.101953601953602
ZNF501,-0.102007804381045
SPRY2,-0.102220547164965
TMEM254,-0.102564102564103
METTL24,-0.102824435351957
SNTG2,-0.102859249531443
CCDC124,-0.103174603174603
LY6G5C,-0.103237649073047
SUMO1,-0.103785103785104
TENT4A,-0.103785103785104
MAP1LC3B2,-0.103785103785104
RNF32,-0.103904866693226
CLDN5,-0.104214107367908
CATSPER2,-0.104249586788749
EHD3,-0.104395604395604
LNPK,-0.104395604395604
CKAP2,-0.104395604395604
DPY19L3,-0.104395604395604
ZC3H11B,-0.105070270062509
IGHV3-20,-0.105272293532751
UBA3,-0.105616605616606
HTT,-0.105616605616606
SNUPN,-0.105616605616606
KIF16B,-0.105616605616606
ZNF132,-0.106191720175113
GPR183,-0.106227106227106
ATP8B3,-0.106227106227106
RPGRIP1L,-0.106361796031456
RAVER2,-0.106492252377245
NUDT17,-0.106548619772896
WDR47,-0.106837606837607
REPIN1,-0.106837606837607
HERPUD1,-0.106837606837607
CCDC42,-0.10690791787308
ZSCAN20,-0.106983794838657
CORO6,-0.107037822694578
TUBB,-0.107448107448107
TESMIN,-0.107448107448107
SREBF1,-0.107448107448107
SLC1A5,-0.107448107448107
PRDX4,-0.107448107448107
MMRN1,-0.107605793645859
RIMS3,-0.107762625023307
ZNF300,-0.10791819394847
TRAPPC3,-0.108058608058608
CD244,-0.108058608058608
FAM126B,-0.108058608058608
SESN1,-0.108058608058608
MRPL13,-0.108058608058608
PPP1CC,-0.108058608058608
APOO,-0.108058608058608
STOX1,-0.108138124961679
EGFL8,-0.10831588624914
SMIM5,-0.108333616971664
FBXO42,-0.108669108669109
KCMF1,-0.108669108669109
GTF3C6,-0.108669108669109
FXN,-0.108669108669109
EEF1G,-0.108669108669109
ARHGAP4,-0.108669108669109
FAM86C1,-0.10868569810645
XPR1,-0.109279609279609
NFKB2,-0.109279609279609
COA4,-0.109279609279609
EID1,-0.109279609279609
PROSER3,-0.109279609279609
FAM3A,-0.109279609279609
PTGR2,-0.109346385704588
KCNJ14,-0.10960998430942
TGFB1I1,-0.109780439512188
RNASEL,-0.10989010989011
CCNYL1,-0.10989010989011
CDADC1,-0.10989010989011
CD3EAP,-0.109906885725623
PLCD3,-0.110174981566084
IL17C,-0.110216568294543
CKS1B,-0.110500610500611
FYTTD1,-0.110500610500611
POLR2K,-0.110500610500611
RABL2A,-0.110822776440003
ADAMTS1,-0.111101703923815
GAB1,-0.111111111111111
RNF14,-0.111111111111111
NHP2,-0.111111111111111
NOL6,-0.111111111111111
KCTD1,-0.111451839022568
ZNF621,-0.111721611721612
CAB39L,-0.111721611721612
DTWD1,-0.111721611721612
RNLS,-0.111738667154384
AMN,-0.112140134988832
LUZP1,-0.112332112332112
KPNA1,-0.112332112332112
SH3D19,-0.112332112332112
NAGPA,-0.112332112332112
TRPV3,-0.112379730705512
TNKS1BP1,-0.112400754020359
DEGS1,-0.112942612942613
RPL32,-0.112942612942613
TRIM26,-0.112942612942613
MRPL51,-0.112942612942613
GPR132,-0.112942612942613
DSC1,-0.113318394420921
RUNDC3B,-0.113393097390942
C5orf22,-0.113553113553114
CCP110,-0.113553113553114
STX4,-0.113553113553114
RPS19,-0.113553113553114
RPGR,-0.113553113553114
LOXL1,-0.113776843044764
SLC16A10,-0.113857710754922
PEX7,-0.114163614163614
LARP4B,-0.114163614163614
CDYL2,-0.114163614163614
TMC4,-0.114233375009821
TNFRSF14,-0.114774114774115
FBXO45,-0.114774114774115
EPAS1,-0.114844248672975
COL4A3,-0.114873675353327
IGHV1-69D,-0.115025719910591
MARC2,-0.11532450872645
RPL24,-0.115384615384615
THAP5,-0.115384615384615
TTI2,-0.115384615384615
ACAD10,-0.115384615384615
RAI1,-0.115384615384615
PIP4K2B,-0.115384615384615
IKBKG,-0.115384615384615
HIST1H2AM,-0.115455122336129
HPS1,-0.115995115995116
PPP5D1,-0.116172560057843
SH3D21,-0.116318120726285
PTPRK,-0.116556062832947
NDC1,-0.116605616605617
ZNF879,-0.116605616605617
MDM2,-0.116605616605617
SRRD,-0.116605616605617
PAGE5,-0.117232586399346
CREB3L4,-0.117234011440665
HLA-DOB,-0.117539308345458
MTSS2,-0.117539308345458
GPR146,-0.11757556644139
HLA-DOA,-0.117826617826618
ETFBKMT,-0.118006863637704
THOC7,-0.118437118437118
ARL6IP5,-0.118437118437118
CCDC88B,-0.118437118437118
C15orf40,-0.118437118437118
UBE2A,-0.118437118437118
CCDC183,-0.118439178403291
PRR29,-0.118455199059838
UTS2B,-0.118540394685637
LAPTM4B,-0.118760495964632
MLC1,-0.118760495964632
RGS7,-0.118816810539878
RCOR3,-0.119047619047619
CNP,-0.119047619047619
ARID1A,-0.11965811965812
RNF170,-0.11965811965812
SURF6,-0.11965811965812
SARNP,-0.11965811965812
TLR10,-0.119985381776702
CDKL2,-0.120037846657423
XRCC2,-0.120137974128839
GATAD2B,-0.12026862026862
DAG1,-0.12026862026862
TMEM9B,-0.12026862026862
TMEM208,-0.12026862026862
CHCHD3,-0.120879120879121
KDSR,-0.120879120879121
PRRG2,-0.120879120879121
EDDM13,-0.121088798609784
NR4A2,-0.121489621489621
YAF2,-0.121489621489621
DHRS4L2,-0.121489621489621
KAT14,-0.121489621489621
IGHV4-4,-0.121710552655507
CNTD1,-0.121925712883513
HUS1,-0.122100122100122
EPPK1,-0.122383865974595
RPS14,-0.122710622710623
KPNA3,-0.122710622710623
TADA2A,-0.122710622710623
GPSM1,-0.123157285740922
DDR2,-0.123238110017419
ZFP62,-0.123321123321123
GATA1,-0.123416796607821
DIPK1B,-0.123773072169626
HMGCL,-0.123931623931624
NDUFAF3,-0.123931623931624
IMPDH2,-0.123931623931624
ATP13A3,-0.123931623931624
RPLP2,-0.123931623931624
COMMD4,-0.123931623931624
CYTH2,-0.123931623931624
ZSCAN16,-0.124542124542125
ALG10B,-0.124542124542125
XK,-0.124623991896935
TCTN2,-0.124905898321438
BRPF1,-0.125152625152625
MLH3,-0.125152625152625
MCTS1,-0.125152625152625
RLN1,-0.125381878673524
IGIP,-0.125519686519577
HIST1H2BI,-0.12562043145574
ZBTB48,-0.125763125763126
YIPF4,-0.125763125763126
DDX18,-0.125763125763126
MKLN1,-0.125763125763126
NDUFB6,-0.125763125763126
LAGE3,-0.125763125763126
CALCB,-0.125889260124369
MCC,-0.126170195270346
CIR1,-0.126373626373626
RELL1,-0.126373626373626
UBXN8,-0.126373626373626
STK24,-0.126373626373626
GMFB,-0.126373626373626
CPD,-0.126373626373626
ZNF19,-0.126392918584467
ATRAID,-0.126984126984127
FAF2,-0.126984126984127
PARP12,-0.126984126984127
CLU,-0.126984126984127
NRBF2,-0.126984126984127
R3HCC1L,-0.126984126984127
ADCY7,-0.126984126984127
EEF2,-0.126984126984127
C19orf53,-0.126984126984127
CYP2D6,-0.127061721936058
TEX9,-0.127467790741854
MDP1,-0.127594627594628
FAAP100,-0.127594627594628
KLF3,-0.128205128205128
ARHGAP26,-0.128205128205128
RHOBTB3,-0.128283469262366
ZNF425,-0.12842864621626
PHF13,-0.128529996918021
CDNF,-0.128588627510276
PKIG,-0.128699363599263
TM7SF3,-0.128815628815629
MCF2L2,-0.129140590727607
ANKRD34A,-0.129375751897911
TCEANC2,-0.129426129426129
WDYHV1,-0.129426129426129
RPS29,-0.129426129426129
ZNF416,-0.129505216588674
IQSEC3,-0.129630835025928
NNT,-0.13003663003663
ZNF707,-0.13003663003663
RPS6KB2,-0.13003663003663
ERC1,-0.13003663003663
ZNF585A,-0.13003663003663
UBLCP1,-0.130647130647131
HECA,-0.130647130647131
C9orf78,-0.130647130647131
LPCAT3,-0.130647130647131
FOXJ1,-0.130843369501478
CD248,-0.131001514342617
IFNL1,-0.131039865841427
PRR36,-0.131250028404182
LARP7,-0.131257631257631
TRIM13,-0.131257631257631
GGA3,-0.131257631257631
BANK1,-0.131337837578136
STAT1,-0.131868131868132
CISH,-0.131868131868132
C10orf143,-0.131868131868132
PTPRJ,-0.131868131868132
NAA20,-0.131868131868132
RWDD3,-0.132478632478632
COX18,-0.132478632478632
USP15,-0.132478632478632
ISOC2,-0.132478632478632
KIF3C,-0.132485745933918
KDELR2,-0.133089133089133
ZDHHC17,-0.133089133089133
TEPP,-0.133391938575484
MOK,-0.133497257730329
TM2D2,-0.133699633699634
CEP152,-0.133699633699634
SGSH,-0.133699633699634
MEGF8,-0.133699633699634
YIPF1,-0.134310134310134
SCYL3,-0.134310134310134
ADCK1,-0.134310134310134
CDIPT,-0.134310134310134
OXLD1,-0.134310134310134
ZNF232,-0.134330638109095
FOXJ3,-0.134920634920635
UBAP1,-0.134920634920635
EXOC7,-0.134920634920635
BLCAP,-0.134920634920635
CEACAM1,-0.135003079557061
POU6F1,-0.135334375955975
INF2,-0.135531135531136
NOL4L,-0.135531135531136
KRBA1,-0.136141636141636
PHF21A,-0.136141636141636
IRF2BPL,-0.136141636141636
ARSG,-0.136141636141636
ARHGEF10,-0.136655616699621
HIPK1,-0.136752136752137
CAPN1,-0.136752136752137
ZDHHC24,-0.136752136752137
RUNX1,-0.136752136752137
PCGF1,-0.137362637362637
KHNYN,-0.137362637362637
DET1,-0.137362637362637
EME2,-0.137362637362637
SBNO2,-0.137362637362637
SPHK2,-0.137362637362637
UBA1,-0.137362637362637
ZMYND10,-0.137924674352321
TRIM5,-0.137973137973138
DPM1,-0.137973137973138
LCN12,-0.138191316917585
CD52,-0.138583638583639
ETV3,-0.138583638583639
CEP164,-0.138583638583639
ZNF341,-0.138583638583639
ARSA,-0.138583638583639
CH25H,-0.138668321535986
TRMT5,-0.138668321535986
KIDINS220,-0.139194139194139
SFT2D3,-0.139194139194139
ALS2,-0.139194139194139
TMA7,-0.139194139194139
ELF2,-0.139194139194139
ZNRD2,-0.139194139194139
DGLUCY,-0.139194139194139
ELL,-0.139194139194139
RHBDL1,-0.139783519315946
VWA7,-0.139802661834028
GFM2,-0.13980463980464
ZKSCAN5,-0.13980463980464
SPAG4,-0.13980463980464
MAP10,-0.140018506596032
FMO4,-0.14013127930017
TRBV12-5,-0.140198566142172
AK8,-0.140248755879137
ACTR10,-0.14041514041514
MYO1B,-0.140803179259038
ZNF841,-0.141025641025641
ABO,-0.141241375649272
ARHGAP30,-0.141636141636142
CLINT1,-0.141636141636142
HIST1H2BK,-0.141636141636142
RBM12,-0.141636141636142
NHLRC4,-0.141815728041941
PMF1,-0.142246642246642
CCDC50,-0.142246642246642
DHRS12,-0.142246642246642
TEDC1,-0.142246642246642
JUNB,-0.142246642246642
PRSS57,-0.142250710353822
IGLV2-11,-0.142437726849142
STX18,-0.142857142857143
C14orf119,-0.142857142857143
ZFYVE19,-0.142857142857143
COL9A3,-0.14301265016656
NEK2,-0.14301662777317
NDFIP1,-0.143467643467643
VPS39,-0.143467643467643
HEATR6,-0.143467643467643
ZNF576,-0.143467643467643
EFNB2,-0.143487673052551
SLC26A1,-0.1436264383647
TLCD1,-0.143681724463545
YKT6,-0.144078144078144
PKNOX1,-0.144078144078144
C1orf198,-0.144298548282374
SMAD5,-0.144688644688645
RPS26,-0.144688644688645
TTC9,-0.144688644688645
ZNF674,-0.144909982808994
B4GAT1,-0.145132339826091
C12orf74,-0.145163908732175
TMEM183A,-0.145299145299145
DUSP28,-0.145299145299145
SLK,-0.145299145299145
CCDC59,-0.145299145299145
HNRNPC,-0.145299145299145
TOB2,-0.145299145299145
AASS,-0.145381521668309
ZRANB3,-0.145909645909646
GFER,-0.145909645909646
CCDC43,-0.145909645909646
CCT8,-0.145909645909646
TRIM16,-0.145931920491244
AQP10,-0.145961598450008
HLA-G,-0.146520146520147
UNC119B,-0.146520146520147
CARD8,-0.146520146520147
LENG8,-0.146520146520147
ST6GALNAC1,-0.146539204811918
PKD2L2,-0.146609679156989
SRP9,-0.147130647130647
MAP3K2,-0.147130647130647
PHF20L1,-0.147130647130647
ABL1,-0.147130647130647
ANXA7,-0.147130647130647
GSK3A,-0.147130647130647
AHDC1,-0.147741147741148
OST4,-0.147741147741148
ASB2,-0.147741147741148
CES2,-0.147741147741148
HMGN5,-0.147741147741148
MMP24,-0.147831426483298
GMEB1,-0.148351648351648
IFIH1,-0.148351648351648
RPL17,-0.148351648351648
DDN,-0.148789285250545
JTB,-0.148962148962149
EMC3,-0.148962148962149
DENND6A,-0.148962148962149
ATF1,-0.148962148962149
ATXN7L3,-0.148962148962149
MKNK2,-0.148962148962149
ZNF582,-0.148962148962149
AC240274.1,-0.149290186443972
PRDM10,-0.14957264957265
AFG3L2,-0.14957264957265
PTK7,-0.149580280635616
RNF11,-0.15018315018315
SLC50A1,-0.15018315018315
LARS,-0.15018315018315
NCOA2,-0.15018315018315
REC8,-0.15018315018315
CYP3A5,-0.150511374063145
SLC18A2,-0.150511374063145
SMPD3,-0.151024328075196
GARNL3,-0.151145710149963
NPAS1,-0.151212404929348
HSF4,-0.151256067244914
ZNF736,-0.151404151404151
OSBPL5,-0.152014652014652
PDS5B,-0.152014652014652
ZNF714,-0.152014652014652
ZNF275,-0.152014652014652
HOXA10,-0.152334550965489
TRBV5-7,-0.152481573526176
DNAJC16,-0.152625152625153
RPL31,-0.152625152625153
CORO2A,-0.152625152625153
EIF3A,-0.152625152625153
BORCS6,-0.152625152625153
ADSL,-0.152625152625153
SEC62,-0.153235653235653
PET117,-0.153235653235653
TTLL12,-0.153235653235653
IGKV1-5,-0.153329289451685
CEP170B,-0.153542514525332
RBMS1,-0.153846153846154
RPL30,-0.153846153846154
ZNF33A,-0.153846153846154
KTN1,-0.153846153846154
LTC4S,-0.153869640015873
PRRG3,-0.153940163114839
GPRIN1,-0.153946607176152
CNTROB,-0.154456654456654
TRIP10,-0.154930303696207
VHL,-0.155067155067155
PCNP,-0.155067155067155
PKD2,-0.155067155067155
RASGRP2,-0.155067155067155
IVD,-0.155067155067155
DHPS,-0.155067155067155
ASTL,-0.155161910441147
GRAMD1C,-0.155367337861622
CCNI2,-0.155495018827844
ULBP3,-0.155553988514747
TAF1A,-0.155677655677656
CPSF3,-0.155677655677656
SREK1IP1,-0.155677655677656
COPS3,-0.155677655677656
PLXNA1,-0.155772784104301
TBL2,-0.156288156288156
ING4,-0.156288156288156
NPIPB5,-0.156288156288156
CYBC1,-0.156288156288156
ZNF317,-0.156288156288156
LAMP5,-0.156475781389204
RAPGEF5,-0.156828430163663
NMD3,-0.156898656898657
GTF2H2,-0.156898656898657
SPATA2,-0.156898656898657
LSM14B,-0.156898656898657
COL6A3,-0.15699453143061
IGKV1-9,-0.15723687613333
GVQW2,-0.157379794663736
TFPI,-0.157436672822844
RPS3A,-0.157509157509158
CEP192,-0.157509157509158
CERS2,-0.158119658119658
PDSS2,-0.158119658119658
MAPKAP1,-0.158119658119658
PI4K2A,-0.158119658119658
SASH3,-0.158119658119658
DHX40,-0.158730158730159
HBA1,-0.158872898605789
HNRNPA1P48,-0.15905968739736
LRTOMT,-0.159216912889383
IPO9,-0.159340659340659
PDCD6,-0.159340659340659
LSM5,-0.159340659340659
CCNQ,-0.159340659340659
FMN1,-0.159364984302154
LGALS9B,-0.15945151952029
ANKS1B,-0.159539508210597
NLRP2,-0.159752706269006
CMAS,-0.15995115995116
ZNF226,-0.15995115995116
CCDC157,-0.15995115995116
ST8SIA4,-0.160561660561661
PEX2,-0.160561660561661
FAM216A,-0.160561660561661
SNX22,-0.160561660561661
CXCL5,-0.16080728050112
BAMBI,-0.16080728050112
XPNPEP2,-0.160891468826121
PZP,-0.160917919153186
INO80B,-0.161172161172161
WASL,-0.161172161172161
STK11,-0.161172161172161
DYNLRB1,-0.161172161172161
HOXC5,-0.161679237405271
GLIPR1L2,-0.161719689872389
USP44,-0.161733190209822
HDAC4,-0.161782661782662
MAP7D3,-0.161782661782662
TBX1,-0.161869217462282
NLGN2,-0.161945390472699
LAYN,-0.162258901812796
EFEMP2,-0.162278776598794
CALU,-0.162393162393162
CWC15,-0.162393162393162
ILVBL,-0.162393162393162
EBLN2,-0.162417953350088
VAMP4,-0.163003663003663
PAK6,-0.16332422166419
IRAK2,-0.163558735870911
PPP2R2A,-0.163614163614164
NSMCE1,-0.163614163614164
SLC25A19,-0.163614163614164
GGT1-1,-0.163614163614164
RNFT2,-0.163881448903311
CEP57L1,-0.164224664224664
TMX4,-0.164224664224664
BTN2A1,-0.164835164835165
SGPP1,-0.164835164835165
CCDC144A,-0.164835164835165
RPL18A,-0.164835164835165
IGHV1-18,-0.165077796477973
CELSR1,-0.165077796477973
AL136454.1,-0.165445665445665
MRPL47,-0.165445665445665
ACADS,-0.165445665445665
SENP8,-0.16575300162967
RIOK2,-0.166056166056166
PIGS,-0.166056166056166
OPA3,-0.166056166056166
CACNA1I,-0.166148262093076
PHLDB1,-0.166447404442396
GRPEL2,-0.166666666666667
POP7,-0.166666666666667
HINFP,-0.166666666666667
MBTD1,-0.166666666666667
NAPB,-0.166666666666667
STK10,-0.167277167277167
ZNF322,-0.167277167277167
DAB1,-0.167845769471577
RUBCN,-0.167887667887668
OSTC,-0.167887667887668
SFMBT2,-0.167887667887668
APOE,-0.168109695036358
ARHGEF35,-0.168136890277262
DIAPH3,-0.168136890277262
MTUS1,-0.168421089080053
TTC32,-0.168498168498168
CHD9,-0.168498168498168
TBC1D9B,-0.169108669108669
PAG1,-0.16971916971917
ZNF436,-0.170050375969923
ZNF566,-0.170050375969923
TMEM255A,-0.170304797770456
UBE4B,-0.17032967032967
GPR137B,-0.17032967032967
SPPL2A,-0.17032967032967
MIS18A,-0.17032967032967
LRRN3,-0.170572840751177
RSPH4A,-0.170716127287468
UBE2Q1,-0.170940170940171
UBE2J1,-0.170940170940171
FCHSD2,-0.170940170940171
IGHV5-51,-0.171049671980411
FANK1,-0.171260516311324
ELL3,-0.171297358139617
CAMLG,-0.171550671550672
STYX,-0.171550671550672
MRC2,-0.171596425837395
PEX11A,-0.171671670787613
DPY19L2,-0.17207674046891
EFCAB14,-0.172161172161172
PER2,-0.172161172161172
PSMB9,-0.172161172161172
RIMKLB,-0.172161172161172
NDRG3,-0.172161172161172
IGKV2-30,-0.172293669594814
IGLV1-44,-0.173301485952675
FBXL3,-0.173382173382173
STX16,-0.173382173382173
TCEAL1,-0.173382173382173
ETNK2,-0.1738257324295
CCDC18,-0.173992673992674
NCKIPSD,-0.173992673992674
TMEM173,-0.173992673992674
USP18,-0.173992673992674
NF2,-0.173992673992674
RIOX2,-0.174603174603175
FIZ1,-0.174603174603175
NECAB3,-0.174603174603175
SS18L1,-0.174603174603175
TNS4,-0.174719821121902
ANKRD31,-0.174834094249421
NME6,-0.175213675213675
UQCC1,-0.175213675213675
L3MBTL1,-0.175320741325233
ZCCHC17,-0.175824175824176
TRIM24,-0.175824175824176
ZBED5,-0.175824175824176
NPIPB4,-0.175824175824176
CCDC173,-0.176025662438023
HEG1,-0.176434676434676
MBD3,-0.176434676434676
SYNGR1,-0.176434676434676
TRBV10-2,-0.176973722509899
NOTCH2NLC,-0.177045177045177
UBA7,-0.177045177045177
TEX264,-0.177045177045177
DDX39B,-0.177045177045177
SUGT1,-0.177045177045177
CHMP4A,-0.177045177045177
TMX3,-0.177045177045177
SLC9A6,-0.177045177045177
TTLL11,-0.177072204780171
SEPSECS,-0.177655677655678
ZKSCAN8,-0.177655677655678
TMEM19,-0.177655677655678
PLAG1,-0.177691683361455
MRPL37,-0.178266178266178
SHQ1,-0.178266178266178
RABGAP1,-0.178266178266178
RPRD1B,-0.178266178266178
GTF2H3,-0.178876678876679
PRRT2,-0.178882481009268
CDRT4,-0.179173623501709
KIAA1586,-0.17948717948718
MMS19,-0.17948717948718
SNW1,-0.17948717948718
EIF3C,-0.17948717948718
CALM3,-0.17948717948718
RPS10-NUDT3,-0.179596856967312
IGHV3-72,-0.179800104702764
ZNF284,-0.180037586113379
PYURF,-0.18009768009768
NDUFB9,-0.18009768009768
GAPVD1,-0.18009768009768
XPNPEP3,-0.18009768009768
PSMA8,-0.180206961193259
GFPT2,-0.180661897391068
MARCH7,-0.180708180708181
HNRNPH1,-0.180708180708181
E2F3,-0.180708180708181
SPX,-0.181041210039155
RABGAP1L,-0.181318681318681
LCP2,-0.181318681318681
CERS5,-0.181318681318681
SCART1,-0.181596054406207
MSMP,-0.181740441603771
PPIL6,-0.181874704339026
UFSP1,-0.181874704339026
AGPS,-0.181929181929182
NDUFS1,-0.181929181929182
SLC9A9,-0.181929181929182
GSTK1,-0.181929181929182
ARL2,-0.181929181929182
HOMEZ,-0.181929181929182
FBXL20,-0.181929181929182
ROBO3,-0.182207488932828
TMEM163,-0.182272782896564
KIR2DL4,-0.182487077080908
GUF1,-0.182539682539683
MICA,-0.182539682539683
ZBED6CL,-0.182539682539683
RPL21,-0.182539682539683
SLX4,-0.182539682539683
DDX58,-0.183150183150183
CARD17,-0.183379720086557
LNP1,-0.183489648124441
MARVELD2,-0.183694280490905
FAM76A,-0.183760683760684
RARS,-0.183760683760684
NRSN2,-0.184111646931643
ARHGAP18,-0.184371184371184
SYNJ2BP,-0.184371184371184
REM2,-0.184750247640062
BBS7,-0.184981684981685
DYNC1LI2,-0.184981684981685
SYMPK,-0.184981684981685
TP73,-0.185194633167905
RFC2,-0.185592185592186
PEX5,-0.185592185592186
POLI,-0.185592185592186
PTP4A1,-0.185977643353247
SLCO4A1,-0.186161313532202
UGP2,-0.186202686202686
RHEB,-0.186202686202686
NPM3,-0.186202686202686
LYRM1,-0.186202686202686
LCA5L,-0.186489700532716
FCRL2,-0.18659727896607
DNAI2,-0.186691397914368
STON1,-0.186773686274084
EYA3,-0.186813186813187
TMEM175,-0.186813186813187
TCTN3,-0.186813186813187
PAQR8,-0.186927340925162
IGHV4-31,-0.187226945501244
ADO,-0.187423687423687
EBPL,-0.187423687423687
SPN,-0.187423687423687
HELZ2,-0.187423687423687
TRBV10-1,-0.187737572345384
SNRPC,-0.188034188034188
TPTE,-0.18832183419903
WDR82,-0.188644688644689
FAM221A,-0.188644688644689
MRPS17,-0.188644688644689
RUVBL2,-0.188644688644689
ZBTB3,-0.188759961914624
PLXNA4,-0.18881583033584
ANKRD18A,-0.188995978168802
CLCC1,-0.189255189255189
LMBRD1,-0.189255189255189
AMPD3,-0.189255189255189
SAMD1,-0.189255189255189
PRKY,-0.189255189255189
KHK,-0.189284080971907
ZSCAN22,-0.189370835577778
ARHGEF28,-0.189727368944742
ERMARD,-0.18986568986569
PTDSS1,-0.18986568986569
OBI1,-0.18986568986569
MT1X,-0.18986568986569
ZNF761,-0.18986568986569
ALG1L,-0.190419537664604
TMBIM1,-0.19047619047619
ANXA11,-0.19047619047619
IREB2,-0.19047619047619
RANBP3,-0.19047619047619
PSMF1,-0.19047619047619
NPIPB2,-0.190592582904086
CRYBB2,-0.191073289568821
NUB1,-0.191086691086691
PDPR,-0.191086691086691
LENG9,-0.191086691086691
PDK3,-0.191086691086691
ZNF653,-0.191115862400667
CDKN2C,-0.191697191697192
OMA1,-0.191697191697192
ZNF654,-0.191697191697192
RAB11FIP4,-0.191697191697192
E2F2,-0.192307692307692
ZSCAN2,-0.192307692307692
PREX1,-0.192307692307692
NUDT6,-0.192425203893549
DVL3,-0.192918192918193
IFT27,-0.192918192918193
IGKV3-11,-0.192947643829428
FZD6,-0.193101502983824
AL354822.1,-0.193356938613247
UBE2G2,-0.193528693528694
STK33,-0.194085075373084
DESI2,-0.194139194139194
SPAG9,-0.194139194139194
SPATC1L,-0.194139194139194
RTL6,-0.194139194139194
TRAV22,-0.194585176182083
ANKRD53,-0.194606812005216
MTURN,-0.194749694749695
CD8B2,-0.195224207959364
AMMECR1L,-0.195360195360195
RNF5,-0.195360195360195
PARP4,-0.195360195360195
TMEM168,-0.195970695970696
PTAR1,-0.195970695970696
FLI1,-0.195970695970696
DARS2,-0.196581196581197
MYB,-0.196719117503787
NSRP1,-0.197191697191697
PSMD12,-0.197191697191697
ZNF557,-0.197191697191697
HOXB3,-0.197780335068488
GYG1,-0.197802197802198
C6orf47,-0.197802197802198
CPSF4,-0.197802197802198
GEMIN7,-0.197802197802198
ZBTB42,-0.197946693900067
MFAP3L,-0.198408768369846
UTRN,-0.198412698412698
ARMC1,-0.198412698412698
AXL,-0.198477381755866
ZBTB6,-0.198748285020502
GALC,-0.199023199023199
FBXL8,-0.199023199023199
DHODH,-0.199023199023199
ZMAT1,-0.199023199023199
TRA2B,-0.1996336996337
PAN2,-0.1996336996337
ARMC7,-0.1996336996337
ZNF558,-0.1996336996337
SAXO2,-0.199769475844715
WDR1,-0.2002442002442
SKP1,-0.2002442002442
THEM6,-0.2002442002442
SMYD4,-0.2002442002442
EEF1AKMT1,-0.200580066449262
GPS1,-0.200854700854701
XRCC3,-0.200977435177706
MGAT4B,-0.201465201465201
GPR137,-0.201465201465201
ZNF641,-0.201465201465201
RPL19,-0.201465201465201
LDLR,-0.201465201465201
ADAL,-0.201495957163643
EPOP,-0.201527613533284
EXTL2,-0.20158830884086
SHLD3,-0.202075702075702
CD72,-0.202075702075702
ZNF429,-0.202075702075702
FAM153B,-0.202149612340486
GPR19,-0.202314831219293
ADIPOR2,-0.202686202686203
MEX3D,-0.202856999485185
SPIN3,-0.20302244168761
N4BP2L1,-0.203296703296703
ADCY9,-0.203296703296703
MYH11,-0.203296703296703
FKBP8,-0.203296703296703
PHF5A,-0.203296703296703
MYOM2,-0.203420929830323
IFI16,-0.203907203907204
AFF3,-0.203907203907204
SEC24A,-0.203907203907204
AGPAT5,-0.203907203907204
CTSC,-0.203907203907204
PSTPIP1,-0.203907203907204
HDAC8,-0.203907203907204
SARS,-0.204517704517705
DNAJB6,-0.204517704517705
MAP4K2,-0.204517704517705
KLHDC1,-0.204517704517705
WDR90,-0.204548926211577
RGS17,-0.204637607569292
PYROXD2,-0.204642677156631
ERI1,-0.205128205128205
ODF2,-0.205128205128205
CWF19L1,-0.205128205128205
HGD,-0.205335807988995
IGLV5-45,-0.205648870703914
TMEM42,-0.205738705738706
ZNHIT2,-0.205738705738706
ITPR2,-0.205738705738706
GNG3,-0.205840838250118
EXOC6,-0.206349206349206
SCYL1,-0.206349206349206
CAMTA2,-0.206349206349206
PRKN,-0.206475298146093
EPS8L1,-0.206694598197988
SAR1B,-0.206959706959707
MRPS10,-0.206959706959707
ZBTB11,-0.207570207570208
MED20,-0.207570207570208
EXOSC1,-0.207570207570208
TMEM275,-0.207852312239532
ITGA1,-0.20785831205209
CDK9,-0.208180708180708
CERK,-0.208180708180708
SF3B6,-0.208791208791209
PHB2,-0.208791208791209
RFXANK,-0.208791208791209
MRPS14,-0.209401709401709
GTPBP10,-0.209401709401709
SAP18,-0.209401709401709
DNAJA2,-0.209401709401709
ARHGEF25,-0.209663676689389
BRAP,-0.21001221001221
SBNO1,-0.21001221001221
L3MBTL4,-0.210140540125018
CARMIL3,-0.210235596834105
RABGGTA,-0.210622710622711
TEX2,-0.210622710622711
CDC34,-0.210622710622711
ZNF630,-0.210751413788172
SGCE,-0.210975609276682
RC3H2,-0.211233211233211
BIRC2,-0.211233211233211
SYCP2,-0.211362287451326
SOCS2,-0.211437405356038
ENKD1,-0.211570755021825
COX20,-0.211843711843712
HNRNPAB,-0.211843711843712
ISM1,-0.211875260218362
C2orf15,-0.212797581834593
SESN2,-0.213064713064713
LHFPL5,-0.213064713064713
RNF169,-0.213064713064713
IMMT,-0.213675213675214
RAPGEF2,-0.213675213675214
RWDD1,-0.213675213675214
LIN7C,-0.213675213675214
ZNF480,-0.213675213675214
GOLGA6L9,-0.213677890760499
PTK2B,-0.214285714285714
C2CD5,-0.214285714285714
BIN2,-0.214285714285714
MACC1,-0.214333648876142
C8orf88,-0.214569811361312
FRS2,-0.214896214896215
TMEM79,-0.214929020974552
RAB6B,-0.21513276344798
GCLC,-0.215506715506716
PCGF6,-0.215506715506716
EAPP,-0.215506715506716
MOB3C,-0.216117216117216
AGPAT1,-0.216117216117216
POLB,-0.216117216117216
USE1,-0.216117216117216
ZFYVE9,-0.21613601436395
LYSMD3,-0.216727716727717
LTO1,-0.216727716727717
MAP2K7,-0.216727716727717
FCGBP,-0.216756822904022
Z82206.1,-0.21727080427556
RAP1GAP2,-0.217338217338217
DDX52,-0.217338217338217
C17orf53,-0.217392323368196
PMVK,-0.217948717948718
PNRC1,-0.217948717948718
TSTD2,-0.217948717948718
OSBPL2,-0.217948717948718
IGKV3-15,-0.218004696110078
STXBP5,-0.218559218559219
MARCH5,-0.218559218559219
DCAF7,-0.218559218559219
C17orf58,-0.218559218559219
CR2,-0.218750047340303
PCMTD1,-0.219169719169719
PSMA1,-0.219169719169719
TRAF3,-0.219169719169719
EIF4A3,-0.219169719169719
ZC3H4,-0.219169719169719
PODXL,-0.219187899607404
LRMP,-0.21978021978022
UBA2,-0.21978021978022
GUCA1B,-0.219841814335725
EPHA1,-0.219968563219877
CPLANE2,-0.220043069033098
EIF4E3,-0.22039072039072
WDR25,-0.22039072039072
GOSR2,-0.22039072039072
SOD1,-0.22039072039072
HINT3,-0.221001221001221
VPS37A,-0.221001221001221
MINPP1,-0.221001221001221
NOP9,-0.221001221001221
ZNF217,-0.221001221001221
ESAM,-0.221066559819489
SALL2,-0.221174688366854
LZTS2,-0.221340255975214
IL4I1,-0.221340255975214
DDI2,-0.221611721611722
CLCN3,-0.221611721611722
SMAP1,-0.221611721611722
TOR1B,-0.221611721611722
C12orf45,-0.221611721611722
CIAPIN1,-0.221611721611722
BEX4,-0.221611721611722
IGHV3-15,-0.221744026716528
SLC9A5,-0.222053574170934
BBS1,-0.222222222222222
ZNF35,-0.222832722832723
TBC1D14,-0.222832722832723
B3GALT4,-0.222832722832723
GGCT,-0.222832722832723
CCDC71L,-0.222832722832723
C11orf98,-0.222832722832723
JUND,-0.222832722832723
ZMYM3,-0.222832722832723
ZNF136,-0.223443223443223
RYR1,-0.223443223443223
ZNFX1,-0.223443223443223
TOP3B,-0.223443223443223
HAS3,-0.223516050787018
GLS2,-0.223581007795246
GAL3ST2,-0.223725798221936
MCEE,-0.224053724053724
SRP72,-0.224053724053724
MMUT,-0.224053724053724
INTS10,-0.224053724053724
HCN3,-0.224128423528901
FITM2,-0.224393225023147
ITGB3BP,-0.224664224664225
GOLT1B,-0.224664224664225
USP7,-0.224664224664225
DDRGK1,-0.224664224664225
FMR1,-0.224664224664225
ZNF660,-0.224694187794626
CRACR2B,-0.225003818832734
NUDT9,-0.225274725274725
TMED3,-0.225274725274725
TMEM126B,-0.225885225885226
SRP14,-0.225885225885226
ARL2BP,-0.225885225885226
TUBG1,-0.225885225885226
TMEM44,-0.225993619334592
F2RL2,-0.226023255367025
TIGD7,-0.226023255367025
IGLV2-23,-0.226023255367025
MTIF2,-0.226495726495727
POMGNT2,-0.226495726495727
MRPS22,-0.226495726495727
COMMD3,-0.226495726495727
IL4R,-0.226495726495727
C17orf49,-0.226495726495727
DDA1,-0.226495726495727
MSANTD2,-0.226530303356701
B3GNT7,-0.226921592517057
LRRC8B,-0.227106227106227
PIP5K1A,-0.227106227106227
ELMOD3,-0.227106227106227
PLAA,-0.227106227106227
RPL18,-0.227106227106227
SLX4IP,-0.227106227106227
MOSPD1,-0.227106227106227
PRKG2,-0.227296560803876
TPST1,-0.227408527410774
RBM43,-0.227716727716728
NLRP6,-0.227751490975875
PHKA1,-0.227967052133681
DNAH1,-0.228327228327228
GTF2IRD2,-0.228327228327228
HBP1,-0.228327228327228
MRPL17,-0.228327228327228
SIPA1L3,-0.228327228327228
CCDC171,-0.228466750019642
MORN4,-0.228579389889058
MEF2D,-0.228937728937729
NFXL1,-0.228937728937729
AGO2,-0.228937728937729
IDNK,-0.228937728937729
HIST1H2BE,-0.228972678595048
ARRDC5,-0.229277975499842
FARSB,-0.22954822954823
NDUFAF2,-0.22954822954823
SMIM29,-0.22954822954823
ETV7,-0.22954822954823
MED30,-0.22954822954823
THOC6,-0.22954822954823
RFWD3,-0.22954822954823
MON1A,-0.23015873015873
HACD2,-0.23015873015873
CCM2,-0.23015873015873
FAM24B,-0.23015873015873
ZBTB5,-0.230769230769231
SERGEF,-0.230769230769231
BMP8A,-0.231346247524353
B3GALT6,-0.231379731379731
HMGA1,-0.231379731379731
SAMD9L,-0.231379731379731
RPL35,-0.231379731379731
SPATA20,-0.231379731379731
EPHA2,-0.231468699065085
PDE5A,-0.231521118335413
HBB,-0.231521118335413
B4GALT6,-0.231705044797753
CNPY4,-0.231990231990232
ST3GAL4,-0.231990231990232
NFAT5,-0.231990231990232
ACO2,-0.231990231990232
PRELID2,-0.232600732600733
HPS5,-0.232600732600733
UXT,-0.232600732600733
LRRC63,-0.232610434669295
PACRG,-0.232627553893359
CSNK2A3,-0.232627553893359
LNX1,-0.23289478724351
CGAS,-0.233211233211233
BRAT1,-0.233211233211233
CLECL1,-0.233211233211233
UBE2M,-0.233211233211233
PLCB1,-0.233211233211233
ZNF182,-0.233211233211233
SNX12,-0.233211233211233
ZNF382,-0.233353739324875
ITSN2,-0.233821733821734
UFM1,-0.233821733821734
MRPL54,-0.233821733821734
ZNF778,-0.234432234432234
ZNF837,-0.234773985788451
RALGPS2,-0.235042735042735
NOA1,-0.235042735042735
SLC22A5,-0.235042735042735
RDH11,-0.235042735042735
UBE2Z,-0.235042735042735
GIPR,-0.235138808959179
CBLN3,-0.235186360314337
DBNDD1,-0.235526366760386
INPP5B,-0.235653235653236
INTS3,-0.235653235653236
ROCK2,-0.235653235653236
GIGYF2,-0.235653235653236
PHF2,-0.235653235653236
PPP3CB,-0.235653235653236
PWWP3A,-0.235653235653236
IGHG3,-0.235708010012097
TIAF1,-0.23587017219718
NXPE3,-0.236263736263736
SORBS3,-0.236263736263736
KRAS,-0.236263736263736
ZNF496,-0.236874236874237
SNRPF,-0.236874236874237
ANKFY1,-0.236874236874237
PHLPP1,-0.236874236874237
CEP41,-0.236910398119677
HPCAL4,-0.236997327760326
CRTC2,-0.237484737484738
CYHR1,-0.237484737484738
SIRT6,-0.237484737484738
SLC17A5,-0.238095238095238
SLC2A8,-0.238095238095238
FOXN3,-0.238095238095238
TRIP4,-0.238095238095238
TNRC6A,-0.238095238095238
ZNF414,-0.238705738705739
C19orf47,-0.238705738705739
ATP11C,-0.238705738705739
USP9Y,-0.238705738705739
IL2,-0.238830723227116
DIXDC1,-0.238939928807542
SLC35F5,-0.239316239316239
EBAG9,-0.239316239316239
ATN1,-0.239316239316239
SETBP1,-0.239316239316239
CAPS,-0.239316239316239
VTA1,-0.23992673992674
TRPT1,-0.23992673992674
SLC44A2,-0.23992673992674
CCNJL,-0.239942300004037
POP1,-0.240293768961749
MAIP1,-0.240537240537241
LRRC58,-0.240537240537241
RAB14,-0.240537240537241
UBE2V1,-0.240537240537241
ZNF485,-0.240662487559721
SLC5A2,-0.24089848557745
NUP43,-0.241147741147741
DENR,-0.241147741147741
CHAMP1,-0.241147741147741
ZNF701,-0.241147741147741
CHM,-0.241147741147741
C1QTNF6,-0.241195262406147
TRBV11-3,-0.241554011812241
MCF2L,-0.241826207601497
SLC2A5,-0.242091838256359
OCIAD1,-0.242368742368742
HSF1,-0.242368742368742
ATXN2,-0.242368742368742
NHLRC3,-0.242368742368742
FAM122C,-0.242368742368742
PSD,-0.24243378980492
MST1,-0.242711039310751
TCEAL2,-0.24271786138939
TMEM234,-0.242979242979243
ACVR1,-0.242979242979243
AP4M1,-0.242979242979243
MINDY3,-0.242979242979243
SLC27A4,-0.243589743589744
TMEM138,-0.243589743589744
CENPJ,-0.243589743589744
RANBP10,-0.243589743589744
BANP,-0.243589743589744
LPAR2,-0.243589743589744
CSRP1,-0.244200244200244
ZNF552,-0.244200244200244
ADAMTS4,-0.244749170698646
ANKMY1,-0.244810744810745
CDC16,-0.244810744810745
DGCR6L,-0.244810744810745
GPC2,-0.245082998624434
MCAM,-0.245171361896863
RMND5A,-0.245421245421245
GALNS,-0.245421245421245
PPP1R21,-0.246031746031746
TOP2B,-0.246031746031746
TBRG4,-0.246031746031746
TOR1A,-0.246031746031746
ZMYM2,-0.246031746031746
SNAI3,-0.246031746031746
ZNF780B,-0.246031746031746
CSE1L,-0.246031746031746
RPL10,-0.246031746031746
SORBS2,-0.246070318038414
ZNF257,-0.246435961553106
MLLT11,-0.246642246642247
HIST1H4H,-0.246642246642247
OARD1,-0.246642246642247
CLEC2B,-0.246642246642247
TNFAIP1,-0.246642246642247
ZC3H7B,-0.246642246642247
ADGRV1,-0.246742855652176
BCAR3,-0.246786214978544
IL7,-0.247049749751246
AKAP1,-0.247252747252747
ZNF439,-0.247595789787446
MRPL44,-0.247863247863248
MED23,-0.247863247863248
TMEM102,-0.247863247863248
RPRD1A,-0.247863247863248
SHC1,-0.248473748473748
PNPT1,-0.248473748473748
HIST1H2AJ,-0.248652934043621
MIGA1,-0.249084249084249
COPB2,-0.249084249084249
PCYT1A,-0.249084249084249
NUDT18,-0.249084249084249
FAM174A,-0.24969474969475
DMAC1,-0.24969474969475
DDX49,-0.24969474969475
FAM217B,-0.24969474969475
TRAV8-5,-0.250256530158072
FAM162A,-0.25030525030525
TMEM250,-0.25030525030525
DNAL1,-0.25030525030525
RAVER1,-0.25030525030525
ADAMTS17,-0.250460451429837
PBX1,-0.250625076482776
L2HGDH,-0.25064875883538
NLRX1,-0.250915750915751
SETD1B,-0.250915750915751
TM9SF1,-0.250915750915751
AP1S3,-0.251069075556344
ZNF530,-0.251259352644967
LIMK1,-0.251526251526252
KIAA0355,-0.251526251526252
LRP12,-0.251679949219499
LEXM,-0.251693366296544
ZNF512,-0.252136752136752
MOCS2,-0.252136752136752
BRCA1,-0.252136752136752
POLR3H,-0.252136752136752
MCAT,-0.252136752136752
NBEA,-0.252216742230844
KDM5B,-0.252747252747253
GXYLT1,-0.252747252747253
EXD2,-0.252747252747253
AAGAB,-0.252747252747253
USB1,-0.252747252747253
KBTBD6,-0.253357753357753
MAPK8IP3,-0.253357753357753
NSFL1C,-0.253357753357753
IGHD,-0.253704008626299
SEMA3G,-0.253833203502863
CEP162,-0.253968253968254
CELF2,-0.253968253968254
GADD45G,-0.254578754578755
BOLA2B,-0.254578754578755
SEPHS2,-0.254578754578755
MRPL27,-0.254578754578755
TBCD,-0.254578754578755
EID2B,-0.254578754578755
ZNF814,-0.254578754578755
ERI3,-0.255189255189255
PNOC,-0.255189255189255
DCTPP1,-0.255189255189255
PCDH1,-0.255457196655683
EPS15,-0.255799755799756
TPRA1,-0.255799755799756
SREK1,-0.255799755799756
MMAB,-0.255799755799756
RGCC,-0.255799755799756
TXNL1,-0.255799755799756
WNT10B,-0.256250055455783
DHX9,-0.256410256410256
ETAA1,-0.256410256410256
CNOT8,-0.256410256410256
JRK,-0.256410256410256
APTX,-0.256410256410256
ZNF134,-0.256410256410256
SHD,-0.256628340267812
AC233755.2,-0.256798179315293
ZDHHC16,-0.257020757020757
SPATA5L1,-0.257020757020757
COQ7,-0.257020757020757
STARD3,-0.257020757020757
MRM1,-0.257177812187886
ARV1,-0.257631257631258
SLC25A16,-0.257631257631258
TUBGCP5,-0.257631257631258
ACP5,-0.257631257631258
WDR77,-0.258241758241758
GRK6,-0.258241758241758
QPCTL,-0.258241758241758
FHIT,-0.258852258852259
UBXN7,-0.258852258852259
NFATC1,-0.258852258852259
YTHDF1,-0.258852258852259
DIP2C,-0.25944690157611
DPAGT1,-0.259462759462759
RAB8B,-0.259462759462759
PDCD5,-0.259462759462759
NOL12,-0.259462759462759
NTHL1,-0.26007326007326
ENKUR,-0.260258415299953
RNPC3,-0.260683760683761
ABTB2,-0.260683760683761
SART1,-0.260683760683761
IGHG4,-0.261093445770754
LYRM7,-0.261294261294261
THRA,-0.261294261294261
IRAK1,-0.261294261294261
MOCS3,-0.261639447407942
TECPR1,-0.261904761904762
TSPAN32,-0.261904761904762
MRPL34,-0.261904761904762
MED25,-0.261904761904762
CCDC189,-0.261999694656767
HRK,-0.262318832575428
VPS45,-0.262515262515263
CREBRF,-0.262515262515263
UBAP2L,-0.263125763125763
SETDB2,-0.263125763125763
SYAP1,-0.263125763125763
PPP1R13L,-0.263471228836702
ECE1,-0.263736263736264
HARS2,-0.263736263736264
MRPL50,-0.263736263736264
ERCC4,-0.263736263736264
IQCN,-0.263736263736264
AURKA,-0.263776525741496
GINS4,-0.264081822646289
WDR12,-0.264346764346764
ALKBH4,-0.264346764346764
GYS1,-0.264346764346764
IRS1,-0.264349493060635
FAAP24,-0.264387119551083
BCL9,-0.264508296145735
GIGYF1,-0.264957264957265
HAUS2,-0.264957264957265
PSMD7,-0.264957264957265
SGTA,-0.264957264957265
COL6A1,-0.264971491867837
EBF4,-0.26551770346028
CRIPT,-0.265567765567766
MAP3K13,-0.265567765567766
NAALADL1,-0.265567765567766
LIN7B,-0.265567765567766
CHEK2,-0.265567765567766
STX1A,-0.265593490675038
NKX3-1,-0.266111394010253
C1orf56,-0.266178266178266
ALG5,-0.266178266178266
HDGFL2,-0.266178266178266
SLC2A11,-0.266178266178266
C2orf74,-0.266788766788767
SLC4A2,-0.266788766788767
PSMD8,-0.266788766788767
PXMP4,-0.266788766788767
VPS26C,-0.266788766788767
ZMPSTE24,-0.267399267399267
RAF1,-0.267399267399267
CHUK,-0.267399267399267
TMX2,-0.267399267399267
IFFO1,-0.267399267399267
ZNF23,-0.267399267399267
NDEL1,-0.267399267399267
MAP11,-0.268009768009768
HIPK2,-0.268009768009768
MS4A1,-0.268009768009768
ACTG1,-0.268009768009768
IGHV3-64,-0.268092163281724
ZBTB41,-0.268620268620269
CCDC12,-0.268620268620269
INTS1,-0.268620268620269
CDK8,-0.268620268620269
C18orf21,-0.268620268620269
ADRM1,-0.268620268620269
AEBP1,-0.268712862346686
ADAMTSL5,-0.269098669343914
CSPP1,-0.269230769230769
NUDT8,-0.269230769230769
IST1,-0.269230769230769
PIH1D1,-0.269230769230769
ZNF264,-0.269230769230769
TBCE,-0.269395285450968
FGF9,-0.26964262623952
P3H1,-0.26984126984127
CYB561D2,-0.26984126984127
SLC38A6,-0.26984126984127
PRSS16,-0.269914142798887
TM4SF19,-0.269967108997579
HSPA14-1,-0.27045177045177
KPTN,-0.27045177045177
COL1A1,-0.2706690792454
LRRC26,-0.270902328030921
XRCC5,-0.271062271062271
NBR1,-0.271062271062271
BTBD2,-0.271062271062271
PAQR6,-0.271294383577766
SLC24A1,-0.271408948361331
PDHB,-0.271672771672772
NSMF,-0.271672771672772
MZT1,-0.271672771672772
SEL1L,-0.271672771672772
HEXA,-0.271672771672772
ACAA2,-0.271672771672772
B9D2,-0.271672771672772
SLC35A3,-0.272283272283272
SNRNP27,-0.272283272283272
ABCA7,-0.272283272283272
EIF3I,-0.272893772893773
PGM1,-0.272893772893773
PTPN23,-0.272893772893773
CELSR3,-0.272893772893773
DNAJC3,-0.272893772893773
EFHC1,-0.273504273504273
OTUD6B,-0.273504273504273
PHRF1,-0.273504273504273
TUBA1B,-0.273504273504273
FUT7,-0.273671401093047
THNSL1,-0.273677997093766
CYB5RL,-0.273851323599678
NTPCR,-0.274114774114774
FBXO4,-0.274114774114774
IPO7,-0.274114774114774
TRIAP1,-0.274114774114774
ADA,-0.274114774114774
UGT8,-0.274554281339832
MUL1,-0.274725274725275
IP6K1,-0.274725274725275
SLU7,-0.274725274725275
ZNF451,-0.274725274725275
ANAPC7,-0.274725274725275
MTMR4,-0.274725274725275
MAP3K4,-0.275335775335775
TAS2R30,-0.275545471590262
TMBIM6,-0.275946275946276
BX664615.2,-0.275988401933232
MRPS25,-0.276556776556777
LCOR,-0.276556776556777
ZNF234,-0.276556776556777
SYCE1L,-0.276598995742819
CLDN7,-0.276792479330773
ZNRD1,-0.277167277167277
BCLAF3,-0.277167277167277
PUS1,-0.277777777777778
ADNP2,-0.277777777777778
ZNF345,-0.277777777777778
LANCL3,-0.278017224814538
UCK2,-0.278388278388278
CNOT6,-0.278388278388278
TMED2,-0.278388278388278
ENTPD5,-0.278388278388278
NPIPA9,-0.278470893868915
IGLV1-51,-0.278935088563363
GREM2,-0.278947428788837
ZNF608,-0.278947428788837
CAVIN1,-0.278986887094648
SRSF4,-0.278998778998779
PIGF,-0.278998778998779
TRMT10A,-0.278998778998779
BAG5,-0.278998778998779
PEG10,-0.279087017116668
ZNF786,-0.279346667885959
LDB2,-0.279594884528661
UVSSA,-0.27960927960928
PCMTD2,-0.27960927960928
CEP19,-0.279780137724588
KRCC1,-0.28021978021978
PIKFYVE,-0.28021978021978
ZNF746,-0.28021978021978
SLC2A13,-0.28021978021978
GID4,-0.28021978021978
RPS15,-0.28021978021978
TRBV23-1,-0.280382084481479
AC099489.1,-0.280798611489302
PHOSPHO2,-0.280830280830281
NIF3L1,-0.280830280830281
CCDC28A,-0.280830280830281
RIDA,-0.280830280830281
COQ4,-0.280830280830281
TMEM260,-0.280830280830281
EMC7,-0.280830280830281
VPS13C,-0.280830280830281
ZNF77,-0.280830280830281
HBQ1,-0.281290059273662
MYSM1,-0.281440781440781
ABCD3,-0.281440781440781
POLR3C,-0.281440781440781
CREB3L2,-0.281440781440781
C8orf58,-0.281440781440781
SEC61B,-0.281440781440781
HSPG2,-0.281691461265831
PELO,-0.282051282051282
ZBTB22,-0.282051282051282
TRIM22,-0.282051282051282
SLC35C1,-0.282051282051282
KIAA0895L,-0.282051282051282
IGLV1-40,-0.282649465243351
SMPD2,-0.282661782661783
IFT22,-0.282661782661783
CBWD3,-0.282661782661783
COPZ1,-0.282661782661783
STRN3,-0.282661782661783
GRIPAP1,-0.282661782661783
SDR42E1,-0.283177920466968
PLEKHN1,-0.28326175720412
STAMBP,-0.283272283272283
ATG12,-0.283272283272283
ATAT1,-0.283272283272283
GLRX3,-0.283272283272283
PPP2R5B,-0.283272283272283
AIM2,-0.283315527648273
ZNF362,-0.283882783882784
SELENOF,-0.283882783882784
DIP2B,-0.283882783882784
GABARAPL2,-0.283882783882784
MRGBP,-0.283882783882784
CDC26,-0.284493284493284
CMTR2,-0.284493284493284
CDHR1,-0.284539535262198
MDM4,-0.285103785103785
SLC35B3,-0.285103785103785
ARID4A,-0.285103785103785
KIAA0556,-0.285103785103785
ATP9A,-0.28510461803591
SLC35G2,-0.285362187080519
WSB2,-0.285714285714286
TGDS,-0.285714285714286
SORBS1,-0.286151358458266
TSC22D2,-0.286324786324786
POR,-0.286324786324786
SLC35D2,-0.286324786324786
CASP7,-0.286324786324786
SLC17A9,-0.286324786324786
MEIOC,-0.28663908853126
SPC24,-0.286741450119889
INPP5D,-0.286935286935287
PPA1,-0.286935286935287
KMT5B,-0.286935286935287
C12orf4,-0.286935286935287
NIPA2,-0.286935286935287
USP9X,-0.286935286935287
IGHV5-78,-0.287012735136522
DHCR24,-0.287202815942772
TSPAN13,-0.287374227511507
SNTB1,-0.287545787545788
AP3M1,-0.287545787545788
SUGP1,-0.287545787545788
MESP1,-0.287866664927539
ZSCAN18,-0.287894981220174
ARHGEF19,-0.288156288156288
EXD3,-0.288156288156288
ETFA,-0.288156288156288
TXNL4A,-0.288156288156288
SNRPB,-0.288156288156288
PYGB,-0.288156288156288
FANCB,-0.288156288156288
PLLP,-0.288200278124968
TMEM131,-0.288766788766789
SNAPC5,-0.288766788766789
ABCF3,-0.289377289377289
CWC25,-0.289377289377289
MMD,-0.289377289377289
ZNF45,-0.289377289377289
PPFIA3,-0.289473746856341
ZNF74,-0.289554116335054
SLC45A4,-0.28998778998779
TTC12,-0.28998778998779
LRRC57,-0.28998778998779
FLOT2,-0.28998778998779
SH3GL1,-0.28998778998779
GGT7,-0.28998778998779
PDIA5,-0.290598290598291
FOXP4,-0.290598290598291
EEF1A1,-0.290598290598291
GDAP1,-0.290598290598291
USPL1,-0.290598290598291
FOXK2,-0.290598290598291
PLEKHH3,-0.290737117407918
ATP2A2,-0.291208791208791
MLST8,-0.291208791208791
SGSM2,-0.291208791208791
BOLA1,-0.291819291819292
SCRIB,-0.291819291819292
MRPS16,-0.291819291819292
ALG8,-0.291819291819292
MTHFSD,-0.291819291819292
ZNF738,-0.291819291819292
ZCCHC3,-0.291819291819292
NEK9,-0.292429792429792
NAT14,-0.292429792429792
ARMCX6,-0.292429792429792
GCNA,-0.292571420987779
TRBV5-5,-0.292996069883366
POLR3A,-0.293040293040293
NOB1,-0.293040293040293
E2F1,-0.293040293040293
TAFA1,-0.293332758129584
SLCO5A1,-0.293332758129584
GPR15,-0.293635101660647
TIMM17A,-0.293650793650794
PSMB8,-0.293650793650794
ZNF564,-0.293650793650794
UFD1,-0.293650793650794
SYNC,-0.294261294261294
C11orf54,-0.294261294261294
KLF13,-0.294261294261294
ZNF283,-0.294441105640287
GEM,-0.294551288845358
PPP1R12B,-0.294871794871795
WDR5B,-0.294871794871795
ANAPC10,-0.294871794871795
MAP3K7,-0.294871794871795
C11orf24,-0.294871794871795
HMBS,-0.294871794871795
TRAV38-1,-0.2952753591768
AGBL5,-0.295482295482296
ACAD9,-0.295482295482296
TRAPPC8,-0.295482295482296
RND1,-0.295634084996203
CASC1,-0.295819791916386
ALDH1B1,-0.296092796092796
PLEKHG3,-0.296092796092796
TBL3,-0.296092796092796
ARL17A,-0.296092796092796
SCN3A,-0.296645970314561
SLC22A17,-0.296693431035113
FAM189B,-0.296703296703297
BAP1,-0.296703296703297
ZNF573,-0.296748591459183
ZNF256,-0.296884600292904
LRRC61,-0.297073487899635
TCEA3,-0.297313797313797
ZNF143,-0.297313797313797
DMGDH,-0.297924297924298
SUV39H2,-0.298106347619212
HIST1H2BM,-0.29834816620627
USP33,-0.298534798534798
DCAF6,-0.298534798534798
HMGCR,-0.298534798534798
SMURF1,-0.298534798534798
NAT1,-0.298534798534798
ALDH6A1,-0.298534798534798
EIF5,-0.298534798534798
CCNE1,-0.298534798534798
THAP3,-0.299145299145299
METAP2,-0.299145299145299
TBL1XR1,-0.2997557997558
ME1,-0.2997557997558
FKRP,-0.2997557997558
GPR137C,-0.299938968608674
MSH6,-0.3003663003663
UBE4A,-0.3003663003663
SDF2,-0.3003663003663
CCDC47,-0.3003663003663
ZFP3,-0.300549842271828
RPS27,-0.300976800976801
KLHL12,-0.300976800976801
SCAMP1,-0.300976800976801
SNRNP48,-0.300976800976801
SRSF3,-0.300976800976801
PCF11,-0.300976800976801
DCTN1,-0.301587301587302
GTF3C3,-0.301587301587302
AASDH,-0.301587301587302
SLC10A7,-0.301587301587302
DOP1A,-0.301587301587302
HNRNPK,-0.301587301587302
KNTC1,-0.301587301587302
NTAN1,-0.301587301587302
EMC10,-0.301587301587302
PNRC2,-0.302197802197802
GRSF1,-0.302197802197802
SEC31A,-0.302197802197802
PLEKHA2,-0.302197802197802
IL11RA,-0.302197802197802
L3HYPDH,-0.302197802197802
ODR4,-0.302808302808303
FXR1,-0.302808302808303
B3GAT2,-0.302808302808303
EPM2A,-0.302808302808303
TRIM21,-0.302808302808303
ZNF473,-0.302808302808303
LMAN2L,-0.302854529555051
ATP23,-0.303418803418803
AC055839.2,-0.303418803418803
IGHV3-30,-0.303983583212623
HS2ST1,-0.304029304029304
MACROD1,-0.304029304029304
ZNF813,-0.304029304029304
PCYOX1,-0.304639804639805
CAB39,-0.304639804639805
PFAS,-0.304639804639805
SCO1,-0.304639804639805
C1orf52,-0.305250305250305
TUBE1,-0.305250305250305
ELP4,-0.305250305250305
RBM4,-0.305250305250305
JMJD8,-0.305250305250305
GIT1,-0.305250305250305
AFG1L,-0.305860805860806
HOMER2,-0.305860805860806
NCOA5,-0.305860805860806
ALS2CL,-0.306328697836734
ZBTB10,-0.306471306471306
GSDMD,-0.306471306471306
UBAC2,-0.306471306471306
UCKL1,-0.306471306471306
STARD10,-0.306518092412572
RPS2,-0.307081807081807
ITGAL,-0.307081807081807
PRKCA,-0.307081807081807
DZANK1,-0.307128686222158
KLHL23,-0.307168717778828
CDH1,-0.307244218258451
TTC1,-0.307692307692308
PPIA,-0.307692307692308
RPL6,-0.307692307692308
RNF31,-0.307692307692308
EDEM2,-0.307692307692308
IRGM,-0.307755520380469
LRRIQ3,-0.308013316649471
SWI5,-0.308302808302808
EXOSC2,-0.308302808302808
GATC,-0.308302808302808
PDHA1,-0.308302808302808
GDPD1,-0.308349873841332
DRAXIN,-0.30863586190865
TMEM106B,-0.308913308913309
MCRS1,-0.308913308913309
GNG2,-0.308913308913309
LGALS3BP,-0.308913308913309
ABHD3,-0.308913308913309
TGIF2,-0.308913308913309
MYCBPAP,-0.308971864315393
KLHL17,-0.30952380952381
TENT2,-0.30952380952381
KBTBD2,-0.30952380952381
RP9,-0.30952380952381
RALA,-0.30952380952381
GGACT,-0.30952380952381
PIAS1,-0.30952380952381
CIRBP,-0.30952380952381
HCFC1,-0.30952380952381
EIF4G3,-0.31013431013431
RETSAT,-0.31013431013431
FAM222B,-0.31013431013431
FEM1A,-0.31013431013431
SMG9,-0.31013431013431
TLR9,-0.310472980134297
PYCR1,-0.310734675723244
EOGT,-0.310744810744811
DPP8,-0.310744810744811
FARSA,-0.310744810744811
MAFF,-0.310744810744811
XPO1,-0.311355311355311
GPD1L,-0.311355311355311
POLR1C,-0.311355311355311
OTUB1,-0.311355311355311
SORL1,-0.311355311355311
ERO1A,-0.311355311355311
DCUN1D4,-0.311965811965812
TAF11,-0.311965811965812
NT5DC1,-0.311965811965812
RAPGEF1,-0.311965811965812
SNX19,-0.311965811965812
RAB2B,-0.311965811965812
CCDC78,-0.312243401215151
ZNF30,-0.312243401215151
MRPL24,-0.312576312576313
ABL2,-0.312576312576313
UTP15,-0.312576312576313
TMED10,-0.312576312576313
TMEM200A,-0.312804841040825
IGHV4-34,-0.312922471101826
RPL5,-0.313186813186813
ZNF155,-0.313186813186813
POLR3G,-0.313338875150338
HIST1H4I,-0.313435292210646
TNFSF4,-0.313534843843708
TRAM1,-0.313797313797314
ALG10,-0.313797313797314
SKA3,-0.313971629419487
C1orf35,-0.314407814407814
C10orf88,-0.314407814407814
DTX1,-0.314731396443956
IGHV6-1,-0.314731396443956
DLEC1,-0.315018315018315
FER,-0.315018315018315
SEC63,-0.315018315018315
CCDC90B,-0.315018315018315
PFKM,-0.315018315018315
CLYBL,-0.315018315018315
IGHV1-46,-0.31513164714588
SERPINH1,-0.31528265149676
SLC39A14,-0.315353395251158
ME3,-0.31537170265158
IDUA,-0.315628815628816
MTERF3,-0.315628815628816
ZSCAN29,-0.315628815628816
UBE2Q2L,-0.31597539405836
TBXA2R,-0.31597539405836
AP001453.3,-0.315982296461167
IGHG1,-0.315984334811237
SCOC,-0.316239316239316
TSTD3,-0.316239316239316
TRAPPC2L,-0.316239316239316
NT5C,-0.316239316239316
ATP6V1C2,-0.316432557513836
SPTBN4,-0.316678879807926
LARP1B,-0.316849816849817
FGD3,-0.316849816849817
NHLRC2,-0.316849816849817
SPSB2,-0.316849816849817
ANKRD13B,-0.316959761531406
IGHV3-7,-0.317021604339177
CRB3,-0.317105331783537
ABCB6,-0.317130010782874
ANKRD55,-0.317219391672763
DEPTOR,-0.317219391672763
IKZF5,-0.317460317460317
KIF15,-0.317654304840144
WDR19,-0.318070818070818
RPS20,-0.318070818070818
VPS33B,-0.318070818070818
ZNF586,-0.318070818070818
TMEM187,-0.318070818070818
DDX60,-0.318681318681319
CLN3,-0.318681318681319
SLC25A35,-0.318681318681319
TMEM199,-0.318681318681319
CCL4L2,-0.318681318681319
LMOD3,-0.318876052166452
GPRC5D,-0.318878931336958
REV1,-0.319291819291819
NEK11,-0.319291819291819
RAD1,-0.319291819291819
IL6ST,-0.319291819291819
KAT2A,-0.319291819291819
GTF2IRD2B,-0.31990231990232
ZNF16,-0.31990231990232
SPPL2B,-0.31990231990232
MAN1A2,-0.320512820512821
AK9,-0.320512820512821
MAGED2,-0.320512820512821
PLPP2,-0.320529172790605
COL5A3,-0.320554510526071
TTK,-0.320991820320145
STARD7,-0.321123321123321
RELB,-0.321123321123321
TMEM184B,-0.321123321123321
LMCD1,-0.32125902593382
DNAJB4,-0.321733821733822
STK16,-0.321733821733822
NCBP2,-0.321733821733822
EVI5L,-0.321733821733822
DOK4,-0.321735628387694
CMTM8,-0.322108062230059
CDCA5,-0.322108062230059
POP5,-0.322344322344322
SLC35B1,-0.322344322344322
ASCC2,-0.322344322344322
PKMYT1,-0.322393531461828
CNPPD1,-0.322954822954823
TCP1,-0.322954822954823
RPL36AL,-0.322954822954823
TCF20,-0.322954822954823
TIMM8A,-0.322954822954823
EFNA5,-0.322999815532635
TRIM56,-0.323565323565324
NSUN6,-0.323565323565324
FBXO34,-0.323565323565324
POLR3F,-0.323565323565324
TRAV39,-0.323847312295788
HIST3H2BB,-0.32406029910872
GSTM3,-0.324080168617784
TRAM2,-0.324175824175824
SIRT1,-0.324175824175824
ZBTB26,-0.324786324786325
ZNF550,-0.324786324786325
PLK1,-0.324977450898651
GPAT2,-0.324984788797993
SERPINE2,-0.325000850914994
IL23R,-0.325075355925237
PTPRN2,-0.32516992593947
LNPEP,-0.325396825396825
LEMD2,-0.325396825396825
RPL27A,-0.326007326007326
TAF1,-0.326007326007326
MYL6B,-0.326057094319349
ATAD3C,-0.326394671423235
FAM193B,-0.326617826617827
USP51,-0.326842215509413
MDGA1,-0.327171372587986
MTFR1,-0.327228327228327
ZC3H3,-0.327228327228327
NDOR1,-0.327228327228327
EDEM1,-0.327838827838828
FAM8A1,-0.327838827838828
ZSCAN12,-0.327838827838828
BCL7A,-0.327838827838828
IER3IP1,-0.327838827838828
ATP13A1,-0.327838827838828
COQ8A,-0.328449328449328
KPNA4,-0.328449328449328
RBM17,-0.328449328449328
ZNF785,-0.328449328449328
POLD1,-0.328449328449328
C1orf174,-0.329059829059829
SLF2,-0.329059829059829
EIF4B,-0.329059829059829
NUFIP1,-0.329059829059829
PAIP2B,-0.329260904440072
RAB19,-0.329594644344279
R3HDM1,-0.32967032967033
TTC37,-0.32967032967033
SEC16A,-0.32967032967033
TAOK2,-0.32967032967033
BEND5,-0.330155592955947
ABHD16A,-0.33028083028083
NARS2,-0.33028083028083
ZC4H2,-0.330331250986457
MSH3,-0.330891330891331
SEMA4B,-0.330891330891331
ZNF486,-0.330891330891331
DNAL4,-0.330891330891331
SGO1,-0.330941844796043
POLR2D,-0.331501831501831
HAT1,-0.331501831501831
POC1B,-0.331501831501831
OASL,-0.331501831501831
PROSER1,-0.331501831501831
DHDH,-0.331721795958584
TRBV7-7,-0.331826757050065
PUSL1,-0.332112332112332
PML,-0.332112332112332
TEPSIN,-0.332112332112332
ZNF17,-0.332112332112332
CABLES2,-0.332112332112332
JOSD1,-0.332112332112332
RILPL1,-0.332518398842057
NT5C3A,-0.332722832722833
SLC7A6OS,-0.332722832722833
COQ8B,-0.332722832722833
RPS5,-0.332722832722833
CUBN,-0.3327693618528
SHF,-0.333078923129597
ZNF790,-0.333078923129597
ESCO2,-0.333140457929194
RNF25,-0.333333333333333
UMPS,-0.333333333333333
MYO9A,-0.333333333333333
KCTD2,-0.333333333333333
KLHL34,-0.333423352869213
KIR2DL1,-0.333743144325822
USP37,-0.333943833943834
HSPA4,-0.333943833943834
IRAK4,-0.333943833943834
CHFR,-0.333943833943834
CNOT1,-0.333943833943834
ZFPM1,-0.333943833943834
F8,-0.333943833943834
ZNF324B,-0.334148968797954
CHN1,-0.334533135406635
ST7L,-0.334554334554335
RMC1,-0.334554334554335
ZNF607,-0.334821462085229
KIAA0319L,-0.335164835164835
SELENOT,-0.335164835164835
NEK1,-0.335164835164835
RBAK,-0.335164835164835
IRF9,-0.335164835164835
ZFP1,-0.335164835164835
B3GALT2,-0.335216001463151
NINL,-0.335257357081606
CCDC58,-0.335775335775336
HNRNPDL,-0.335775335775336
RPL13,-0.335775335775336
ZXDB,-0.335775335775336
EBNA1BP2,-0.336385836385836
RPF1,-0.336385836385836
DALRD3,-0.336385836385836
PGM2,-0.336385836385836
TESK1,-0.336385836385836
ABHD4,-0.336385836385836
ZNF689,-0.336385836385836
SDHAF1,-0.336385836385836
EEF1A2,-0.336501354696009
VKORC1L1,-0.336996336996337
ZCRB1,-0.336996336996337
DCTN2,-0.336996336996337
TMEM229B,-0.337047782891911
SRR,-0.337047782891911
NDUFAF7,-0.337606837606838
UBQLN1,-0.337606837606838
LRSAM1,-0.337606837606838
NUP37,-0.337606837606838
CTDSPL2,-0.337606837606838
SRCAP,-0.337606837606838
SSBP4,-0.337606837606838
ADORA2A,-0.337606837606838
FKBP14,-0.33781313572423
HLF,-0.338167395719811
PEX11B,-0.338217338217338
EIF4E,-0.338217338217338
REPS1,-0.338217338217338
GIMAP6,-0.338217338217338
FAM210A,-0.338217338217338
YIPF2,-0.338217338217338
DDX17,-0.338217338217338
C1orf112,-0.338827838827839
FH,-0.338827838827839
CARF,-0.338827838827839
TXNDC15,-0.338827838827839
PHLDA1,-0.338827838827839
FUZ,-0.338827838827839
PRXL2A,-0.339040445010916
GNL2,-0.339438339438339
HNRNPU,-0.339438339438339
SLC25A20,-0.339438339438339
CUL7,-0.339438339438339
RUFY2,-0.339438339438339
CHST11,-0.339438339438339
ARMC5,-0.339438339438339
MEOX1,-0.339955183262763
DNAJC6,-0.339964905513524
AHCTF1,-0.34004884004884
IFRD1,-0.34004884004884
UBE3C,-0.34004884004884
DNHD1,-0.34004884004884
CSRNP2,-0.34004884004884
CEP76,-0.34004884004884
ARHGEF18,-0.34004884004884
RTL10,-0.34004884004884
IGKV2D-28,-0.340163241643285
CRPPA,-0.340473982825125
HASPIN,-0.340652449967557
ZNF268,-0.340659340659341
ZNF649,-0.340659340659341
DTX2,-0.341269841269841
MRPL48,-0.341269841269841
BRCA2,-0.341269841269841
STUB1,-0.341269841269841
RNASEH2A,-0.341269841269841
ARF1,-0.341880341880342
ELMOD2,-0.341880341880342
RGS14,-0.341880341880342
PIK3C2A,-0.341880341880342
PRKAG1,-0.341880341880342
KCTD17,-0.341880341880342
FLNA,-0.341880341880342
FOXD2,-0.34205873577599
PKHD1L1,-0.342316362712173
FAM161A,-0.342403334907327
SELENOI,-0.342490842490842
THUMPD2,-0.342490842490842
ARRDC2,-0.342490842490842
ZNF329,-0.342490842490842
ZC3H15,-0.343101343101343
GDPD5,-0.343101343101343
STRADA,-0.343101343101343
MPPE1,-0.343101343101343
U2AF1L4,-0.343101343101343
IGHV3-11,-0.343160064399929
AARS2,-0.343711843711844
PSMD5,-0.343711843711844
URM1,-0.343711843711844
GATD1,-0.343711843711844
PRMT5,-0.343711843711844
ADGRL1,-0.343711843711844
CCDC102B,-0.343764314797366
IGHV4-39,-0.34415348093782
MTERF4,-0.344322344322344
ZNF852,-0.344322344322344
TCEAL8,-0.344322344322344
BEX3,-0.344322344322344
PDK1,-0.344932844932845
PPIL4,-0.344932844932845
RPS15A,-0.344932844932845
XYLT2,-0.344932844932845
FUBP3,-0.345543345543346
ERP27,-0.345543345543346
CHST14,-0.345543345543346
CDK16,-0.345543345543346
CHAD,-0.345973526179351
INTS5,-0.346153846153846
CGRRF1,-0.346153846153846
GSE1,-0.346153846153846
CARM1,-0.346153846153846
PTPN1,-0.346153846153846
CATSPERB,-0.346276407288208
MTFR2,-0.346365367008388
VPS52,-0.346764346764347
UMAD1,-0.346764346764347
CCDC120,-0.346976240671542
ZNF543,-0.346989093856979
PDCD10,-0.347374847374847
FADS3,-0.347374847374847
RPUSD1,-0.347374847374847
PRPSAP2,-0.347374847374847
BBC3,-0.347374847374847
SCAF1,-0.347374847374847
CALY,-0.347725587451626
PANO1,-0.347827717389113
RAD23B,-0.347985347985348
RBFA,-0.347985347985348
GRAMD1A,-0.347985347985348
TRBV13,-0.348355338546437
CUL9,-0.348595848595849
NDUFA5,-0.348595848595849
NEMP1,-0.348595848595849
MED24,-0.348595848595849
NPLOC4,-0.348595848595849
XRCC1,-0.348595848595849
AGO3,-0.349206349206349
WDR75,-0.349206349206349
ZFR,-0.349206349206349
IK,-0.349206349206349
RACGAP1,-0.349206349206349
FCF1,-0.349206349206349
FBXL12,-0.349206349206349
BCOR,-0.349206349206349
NKD1,-0.34944196239091
TMEM9,-0.34981684981685
TOMM5,-0.34981684981685
WDR5,-0.34981684981685
OSGEP,-0.34981684981685
SETD1A,-0.34981684981685
ZNF805,-0.34981684981685
ZDHHC8,-0.34981684981685
C5orf34,-0.35035198375339
DPH2,-0.35042735042735
KLHL24,-0.35042735042735
EIF3J,-0.35042735042735
RAB4B,-0.35042735042735
EVC,-0.350508929838661
SERF1B,-0.350516231990232
SLC25A36,-0.351037851037851
YAE1,-0.351037851037851
PDAP1,-0.351037851037851
C14orf28,-0.351037851037851
RABEP1,-0.351037851037851
DNAJC18,-0.351396737417201
ZACN,-0.351396737417201
MRPL41,-0.351648351648352
ALG11,-0.351648351648352
HSDL1,-0.351648351648352
MT-CO2,-0.351648351648352
DBF4B,-0.351702034321994
GPR135,-0.352114326582289
MTX3,-0.352258852258852
BCL7B,-0.352258852258852
TP53INP1,-0.352258852258852
ISCA2,-0.352258852258852
ZSCAN32,-0.352258852258852
RSPRY1,-0.352258852258852
CASTOR1,-0.352258852258852
SLC22A23,-0.352726699324171
CEP104,-0.352869352869353
NRDC,-0.352869352869353
ZDHHC14,-0.352869352869353
XPNPEP1,-0.352869352869353
UROS,-0.352869352869353
ACVR1C,-0.353340307011239
CCNL1,-0.353479853479853
ETFDH,-0.353479853479853
MAF1,-0.353479853479853
DNAJC25,-0.353479853479853
GON7,-0.353479853479853
DPH6,-0.353479853479853
MND1,-0.354023604613707
CWC22,-0.354090354090354
TRIM41,-0.354090354090354
GGH,-0.354090354090354
ZW10,-0.354090354090354
HCFC2,-0.354090354090354
UBL3,-0.354090354090354
AMER1,-0.354306724629391
ZC3H11A,-0.354700854700855
CNNM4,-0.354700854700855
SEPTIN2,-0.354700854700855
EIF4G1,-0.354700854700855
TAB2,-0.354700854700855
BTBD11,-0.354700854700855
SLC46A3,-0.354700854700855
TMEM50B,-0.354700854700855
LGALSL,-0.355528471955699
ASXL2,-0.355921855921856
TYW1B,-0.355921855921856
SLC35B4,-0.355921855921856
MEAK7,-0.355921855921856
ZNF675,-0.355921855921856
ZNF90,-0.355924555791264
RPS12,-0.356532356532357
PRPF4,-0.356532356532357
SPPL3,-0.356532356532357
PDF,-0.356532356532357
CENPX,-0.356532356532357
MBTPS2,-0.356532356532357
ERRFI1,-0.356892081703482
PLRG1,-0.357142857142857
TM7SF2,-0.357142857142857
GPR180,-0.357142857142857
ZNF200,-0.357142857142857
WDR18,-0.357142857142857
TJP3,-0.35764931414086
HMBOX1,-0.357753357753358
NDUFV2,-0.357753357753358
GTF2B,-0.358363858363858
DTWD2,-0.358363858363858
UCK1,-0.358363858363858
EXT2,-0.358363858363858
CCDC85C,-0.358363858363858
TWSG1,-0.358363858363858
IFT46,-0.358723863132243
TSN,-0.358974358974359
ZUP1,-0.358974358974359
RRAGA,-0.358974358974359
UBAP2,-0.358974358974359
HINT2,-0.358974358974359
CUL4A,-0.358974358974359
EXOC5,-0.358974358974359
TAS2R14,-0.359217784389383
LAMA5,-0.359523501652693
ZBTB40,-0.35958485958486
C12orf43,-0.35958485958486
EZH1,-0.35958485958486
HDAC10,-0.35958485958486
TRBV6-6,-0.360137309369666
SRP19,-0.36019536019536
MRS2,-0.36019536019536
ARHGEF7,-0.36019536019536
PDE6D,-0.360805860805861
ADCK2,-0.360805860805861
PAPOLA,-0.360805860805861
PIK3R5,-0.360805860805861
ESF1,-0.360805860805861
MAPK12,-0.361299917710523
DUS4L,-0.361416361416361
NAXD,-0.362026862026862
FAM118A,-0.362026862026862
FBXO36,-0.362524663194287
SRRM1,-0.362637362637363
CD53,-0.362637362637363
SMIM15,-0.362637362637363
UBE3B,-0.362637362637363
COG4,-0.362637362637363
RORB,-0.362970049495642
PDSS1,-0.363247863247863
ZNF33B,-0.363247863247863
KIF22,-0.363247863247863
EIF3D,-0.363247863247863
SPC25,-0.363359096611858
TIGD5,-0.363469829576703
MFSD4B,-0.363858363858364
WDR27,-0.363858363858364
DHX35,-0.363858363858364
EDA,-0.363858363858364
EXO1,-0.363976401496867
ARID5A,-0.364468864468864
TIGD1,-0.364468864468864
DPM2,-0.364468864468864
PSMD13,-0.364468864468864
TMTC3,-0.364468864468864
SCAND1,-0.364468864468864
UPRT,-0.364468864468864
PSKH1,-0.365079365079365
APOBEC3F,-0.365079365079365
BNC2,-0.365213236799703
OXT,-0.365526176604766
PPIG,-0.365689865689866
RPP40,-0.365689865689866
STOML2,-0.365689865689866
PAN3,-0.365689865689866
FASTKD5,-0.365689865689866
SHB,-0.365745691942491
INSIG2,-0.366300366300366
FAM13B,-0.366300366300366
ZFAND2A,-0.366300366300366
MZF1,-0.366300366300366
GSS,-0.366300366300366
PRTFDC1,-0.366450199498432
TSEN2,-0.366661582656871
UBE3D,-0.366661582656871
RTN4IP1,-0.366910866910867
ARL14EP,-0.366910866910867
S100B,-0.366910866910867
LRRCC1,-0.366966879561664
AP4E1,-0.367521367521368
NPEPPS,-0.367521367521368
VPS37D,-0.36779913160619
SEC24D,-0.368131868131868
ZMIZ2,-0.368131868131868
TCHP,-0.368131868131868
CDS2,-0.368131868131868
ERBB2,-0.368579812982915
LRRC40,-0.368742368742369
THUMPD3,-0.369352869352869
WBP11,-0.369352869352869
POLG2,-0.369352869352869
ZNF121,-0.369352869352869
MDK,-0.369578566208244
TRAV36DV7,-0.369679883157093
KLHL14,-0.369741732653405
TADA2B,-0.36996336996337
PA2G4,-0.36996336996337
TVP23C,-0.36996336996337
RPL14,-0.371184371184371
CHD1,-0.371184371184371
MFAP3,-0.371184371184371
PLEKHA8,-0.371184371184371
MYO18A,-0.371184371184371
MAP2K2,-0.371184371184371
SPCS3,-0.371794871794872
NUS1,-0.371794871794872
EIF1AD,-0.371794871794872
WRAP53,-0.371794871794872
ZNF808,-0.371794871794872
ARFGAP1,-0.371794871794872
NPM2,-0.371984135291792
BHLHE40,-0.372405372405372
NEPRO,-0.372405372405372
GBA2,-0.372405372405372
GMEB2,-0.372405372405372
PPM1D,-0.373015873015873
PEX12,-0.373183224468963
PLEKHA7,-0.373199284320897
MRPL2,-0.373626373626374
SUN1,-0.373626373626374
TOB1,-0.373626373626374
ZFP14,-0.373626373626374
ZNF606,-0.373626373626374
TOPORS,-0.374236874236874
NCLN,-0.374236874236874
KIAA0040,-0.374847374847375
POLR3D,-0.374847374847375
SMARCD2,-0.375457875457875
KIAA1328,-0.375457875457875
SKP2,-0.376068376068376
HIVEP1,-0.376068376068376
DHX16,-0.376068376068376
APBB1IP,-0.376068376068376
FCSK,-0.376068376068376
SLC39A6,-0.376068376068376
RGS1,-0.376678876678877
EXOG,-0.376678876678877
MRPS27,-0.376678876678877
KLHDC7B,-0.376678876678877
SYDE2,-0.376931277164106
FOXD1,-0.377141683035066
DISP1,-0.37725510292468
PIGK,-0.377289377289377
CHCHD6,-0.377289377289377
SPRYD3,-0.377289377289377
GINS3,-0.377519923829248
MROH8,-0.377833981741343
WDR37,-0.377899877899878
LIPT2,-0.377899877899878
ITPKC,-0.377899877899878
HEMGN,-0.378093530054081
NSD1,-0.378510378510379
RPS6,-0.378510378510379
HRAS,-0.378510378510379
PRPF38A,-0.379120879120879
TMEM39A,-0.379120879120879
GPAA1,-0.379120879120879
ZNF7,-0.379120879120879
MED26,-0.379120879120879
IFT140,-0.3791787557534
TRIP13,-0.379419272392912
PLEKHG5,-0.379454737889484
L3MBTL2,-0.37973137973138
RFX5,-0.38034188034188
BOP1,-0.38034188034188
NAA25,-0.38034188034188
SCD,-0.380556012939448
PAWR,-0.380663270007315
POLQ,-0.380895845450755
COPA,-0.380952380952381
PPIL3,-0.380952380952381
CHIC2,-0.380952380952381
FBH1,-0.380952380952381
KIF5B,-0.380952380952381
HMG20A,-0.380952380952381
C3orf33,-0.381010537182161
KIAA1143,-0.381562881562882
PLK4,-0.381562881562882
MBNL2,-0.381562881562882
MFF,-0.382173382173382
ARL13B,-0.382173382173382
FAM133B,-0.382173382173382
CANT1,-0.382173382173382
LMNB2,-0.382173382173382
TTLL1,-0.382173382173382
CLIC5,-0.382416611344901
EVC2,-0.382529266428919
DR1,-0.382783882783883
DNTTIP2,-0.382783882783883
TMCO1,-0.382783882783883
CEP44,-0.382783882783883
LSM11,-0.382783882783883
PHIP,-0.382783882783883
UBE2V2,-0.382783882783883
CCNK,-0.382783882783883
SLC35E1,-0.382783882783883
ZNF431,-0.382783882783883
RABL2B,-0.382783882783883
RCCD1,-0.382842318610921
SASS6,-0.383394383394383
RPS7,-0.383394383394383
COQ5,-0.383394383394383
PHLDB3,-0.383394383394383
TRAPPC6A,-0.383394383394383
NPIPB12,-0.383634945082971
PPP1R8,-0.384004884004884
CCDC142,-0.384004884004884
LRRC1,-0.384004884004884
PRPF18,-0.384004884004884
SIRT7,-0.384004884004884
FAM207A,-0.384004884004884
NPIPB11,-0.384368803134888
CCDC136,-0.384570081902048
TVP23B,-0.384615384615385
TSNARE1,-0.385225885225885
SIK2,-0.385225885225885
TBC1D10A,-0.385225885225885
EIF4ENIF1,-0.385225885225885
OSBP2,-0.385794827385812
ELOA,-0.385836385836386
POMC,-0.385836385836386
MLH1,-0.385836385836386
KIF9,-0.385836385836386
ERAP2,-0.385836385836386
DDX47,-0.385836385836386
SLC16A7,-0.385836385836386
AREL1,-0.385836385836386
POLDIP3,-0.385836385836386
VRK2,-0.386446886446886
PIK3CA,-0.386446886446886
FAM3C,-0.387057387057387
QSOX2,-0.387057387057387
GPR108,-0.387057387057387
SMARCA4,-0.387057387057387
ZNF626,-0.387057387057387
HCN2,-0.387293902439714
CRBN,-0.387667887667888
MAT2B,-0.387667887667888
KLHL7,-0.387667887667888
MFSD14C,-0.387667887667888
BAZ1A,-0.387667887667888
ASAH2B,-0.388187989670033
SOS1,-0.388278388278388
YJU2,-0.388278388278388
FSD1,-0.388486926178793
DLGAP5,-0.388520209443158
TRBV24-1,-0.38873754706961
WDR55,-0.388888888888889
JMJD6,-0.388888888888889
NDUFAF5,-0.388888888888889
AFF4,-0.38949938949939
RPL10A,-0.38949938949939
BSPRY,-0.389802715937231
NBPF11,-0.39010989010989
LIN9,-0.39010989010989
GPATCH11,-0.39010989010989
BZW1,-0.39010989010989
BTRC,-0.39010989010989
ALKBH3,-0.39010989010989
CCDC57,-0.39010989010989
ZNF80,-0.390131663376841
AIFM2,-0.390169444325963
PEX13,-0.390720390720391
UGDH,-0.390720390720391
LBHD1,-0.390720390720391
JPT2,-0.390720390720391
TAB1,-0.390720390720391
COLQ,-0.391024382227427
NTRK1,-0.391110344172779
PYCR3,-0.391318097036945
NME3,-0.391330891330891
NAGLU,-0.391330891330891
RRP1,-0.391330891330891
COL19A1,-0.391566936606087
ENPP5,-0.392177231860384
CENPA,-0.392481247344143
POC1A,-0.392551892551893
AMD1,-0.392551892551893
KIFC2,-0.392551892551893
RPS25,-0.392551892551893
ARPP19,-0.392551892551893
RAMAC,-0.392551892551893
TRIR,-0.392551892551893
ZNF253,-0.392551892551893
IGHV4-61,-0.393092190333326
GTF3C2,-0.393162393162393
RPS27A,-0.393162393162393
ZCCHC4,-0.393162393162393
ZNF623,-0.393162393162393
COASY,-0.393162393162393
BBOF1,-0.393430194262494
USF3,-0.393772893772894
DIAPH1,-0.393772893772894
ZNF598,-0.393772893772894
THAP11,-0.393772893772894
DBR1,-0.394383394383394
ZC3H12D,-0.394383394383394
TCEA1,-0.394383394383394
KIF1BP,-0.394383394383394
MORF4L1,-0.394383394383394
N6AMT1,-0.394383394383394
DNAJC11,-0.394993894993895
HEATR5B,-0.394993894993895
C2orf88,-0.394993894993895
TMEM41A,-0.394993894993895
BAD,-0.394993894993895
ZNF749,-0.394993894993895
STAU1,-0.394993894993895
ESR2,-0.394996397265131
AC118549.1,-0.395604395604396
MYNN,-0.395604395604396
THAP6,-0.395604395604396
RAB18,-0.395604395604396
MT-CO1,-0.395604395604396
ZBTB8OS,-0.396214896214896
SEMA4C,-0.396214896214896
TRAF3IP1,-0.396214896214896
LETMD1,-0.396214896214896
TCF25,-0.396214896214896
FN3K,-0.396821007776527
ATG9A,-0.396825396825397
TSPAN17,-0.396825396825397
UBR5,-0.396825396825397
NSMCE2,-0.396825396825397
PLAAT3,-0.396825396825397
PAAF1,-0.396825396825397
GTF2A2,-0.396825396825397
PPP2R1A,-0.396825396825397
ABCC5,-0.397435897435897
SLC26A2,-0.397435897435897
CRTC3,-0.397435897435897
MID2,-0.397683507641336
PRR7,-0.398046398046398
RPL7A,-0.398046398046398
TMEM203,-0.398046398046398
ANKLE2,-0.398046398046398
KIF3B,-0.398046398046398
GEN1,-0.398412460755384
NR2C1,-0.398656898656899
PXN,-0.398656898656899
ATF7IP2,-0.398656898656899
ZZEF1,-0.398656898656899
ESPN,-0.398942341233941
NOC2L,-0.399267399267399
AOPEP,-0.399267399267399
BCCIP,-0.399267399267399
TBC1D15,-0.399267399267399
COG3,-0.399267399267399
MED4,-0.399267399267399
AKAP5,-0.39932323422336
KLHL21,-0.3998778998779
ARF4,-0.3998778998779
RPP30,-0.3998778998779
TAF1D,-0.3998778998779
RARG,-0.3998778998779
MTA1,-0.3998778998779
EEF2K,-0.3998778998779
CFDP1,-0.3998778998779
MRPL58,-0.3998778998779
MEGF6,-0.400189905187112
KLF8,-0.400189905187112
TOE1,-0.400488400488401
IFT172,-0.400488400488401
NFYA,-0.400488400488401
ZNF777,-0.400488400488401
ABCD4,-0.400488400488401
RPL13A,-0.400488400488401
WNT7A,-0.400496799286182
TRAV4,-0.400567231837763
HLA-E,-0.401098901098901
AL135905.2,-0.401098901098901
SET,-0.401098901098901
IPO5,-0.401098901098901
ZNF583,-0.401098901098901
MRPS15,-0.401709401709402
ZNF862,-0.401709401709402
FRA10AC1,-0.401709401709402
ZNF850,-0.401709401709402
FAM229B,-0.402018201252799
TRPC3,-0.402294797882966
GPATCH3,-0.402319902319902
ACADM,-0.402319902319902
PPP2R5A,-0.402319902319902
GLYCTK,-0.402319902319902
TBC1D4,-0.402319902319902
CSNK1G1,-0.402319902319902
FZR1,-0.402319902319902
ITGA4,-0.402930402930403
PTCD2,-0.402930402930403
EEF1E1,-0.402930402930403
RAD54B,-0.402951952078741
METTL8,-0.403540903540904
RABL3,-0.403540903540904
USP54,-0.403540903540904
CENPN,-0.403540903540904
USP10,-0.403540903540904
DDX42,-0.403540903540904
ZNF519,-0.403540903540904
CEP112,-0.403635780542576
CDKN2AIPNL,-0.404151404151404
ELOVL5,-0.404151404151404
ANKRD49,-0.404151404151404
KRT10,-0.404151404151404
DCXR,-0.404151404151404
MYEOV,-0.40417952847502
PPP2CA,-0.404761904761905
ARHGDIB,-0.404761904761905
SS18,-0.404761904761905
APEH,-0.405372405372405
VARS2,-0.405372405372405
EDF1,-0.405372405372405
ITPRIP,-0.405372405372405
PI4K2B,-0.405982905982906
AMN1,-0.405982905982906
GNPNAT1,-0.405982905982906
TMEM170A,-0.405982905982906
TBKBP1,-0.405982905982906
TMC6,-0.405982905982906
IGHV4-59,-0.406020893069439
KIF14,-0.406298242939141
VAV3,-0.406593406593407
RUSC1,-0.406593406593407
TOR1AIP1,-0.406593406593407
WDR20,-0.406593406593407
WDR24,-0.406593406593407
DRG2,-0.406593406593407
ROCK1,-0.406593406593407
ZNF337,-0.406593406593407
RTEL1,-0.406593406593407
TPPP,-0.406651152550505
TRBV25-1,-0.406651152550505
ACOT13,-0.407203907203907
ZNF500,-0.407203907203907
SPATA33,-0.407203907203907
H3F3B,-0.407203907203907
SH3KBP1,-0.407203907203907
SGSM1,-0.407700354243737
AIDA,-0.407814407814408
SGMS1,-0.407814407814408
CBX5,-0.407814407814408
HMGB1,-0.407814407814408
MBIP,-0.407814407814408
RBM42,-0.407814407814408
LAS1L,-0.407814407814408
KDM4A,-0.408424908424908
SDR42E2,-0.408424908424908
STOML1,-0.40879255551836
POLR1A,-0.409035409035409
KCTD18,-0.409035409035409
CREB1,-0.409035409035409
DCP1A,-0.409035409035409
SERINC5,-0.409035409035409
WASHC3,-0.409035409035409
ZNF66,-0.409035409035409
SMARCAD1,-0.40964590964591
PRKAA1,-0.40964590964591
SLC38A9,-0.40964590964591
BAZ2A,-0.40964590964591
KRR1,-0.40964590964591
ANGEL1,-0.40964590964591
FAN1,-0.40964590964591
ZNF490,-0.40964590964591
GOLPH3L,-0.41025641025641
NADK2,-0.41025641025641
TRIM3,-0.41025641025641
STX5,-0.41025641025641
OXSM,-0.410866910866911
RYK,-0.410866910866911
FBXO8,-0.410866910866911
RBM39,-0.410866910866911
KIAA1324L,-0.410931198654557
ANKEF1,-0.411345334374679
HHLA3,-0.411477411477411
ZBTB37,-0.411477411477411
UBR3,-0.411477411477411
PPID,-0.411477411477411
BYSL,-0.411477411477411
TMEM273,-0.411477411477411
GPR65,-0.411477411477411
MTFMT,-0.411477411477411
STX8,-0.411477411477411
SMARCE1,-0.411477411477411
ZNF816,-0.411477411477411
MAP1LC3A,-0.411477411477411
KIF23,-0.411544986852697
IGKV4-1,-0.411728848965879
ZNF343,-0.411845524566294
ABHD18,-0.412087912087912
PSMC2,-0.412087912087912
ZNF484,-0.412087912087912
FA2H,-0.41217360529761
GOLGA6L4,-0.412339722629033
FLAD1,-0.412698412698413
DIS3,-0.412698412698413
HSF5,-0.412836300700765
ATR,-0.413308913308913
C11orf58,-0.413308913308913
GCDH,-0.413308913308913
CHAC1,-0.413774023056963
GALNT3,-0.413919413919414
DNAAF5,-0.413919413919414
APPL2,-0.413919413919414
EMC9,-0.413919413919414
ATG14,-0.413919413919414
WDR45,-0.413919413919414
FBXO2,-0.414092591678127
KPNA6,-0.414529914529915
CCDC174,-0.414529914529915
SFMBT1,-0.414529914529915
ST3GAL1,-0.414529914529915
SAR1A,-0.414529914529915
KIAA0895,-0.414873204403397
ERCC8,-0.415140415140415
BCLAF1,-0.415140415140415
STAG3,-0.415140415140415
GOLGA5,-0.415140415140415
CIB1,-0.415140415140415
WDR4,-0.415140415140415
INTS7,-0.415750915750916
DHX15,-0.415750915750916
GTF2H4,-0.415750915750916
IBTK,-0.415750915750916
SMC2,-0.415750915750916
STAM,-0.415750915750916
CUTC,-0.415750915750916
ZNF770,-0.415750915750916
PARP6,-0.415750915750916
ERAL1,-0.415750915750916
ZNF181,-0.415750915750916
SLC37A1,-0.415750915750916
CXorf65,-0.415814384328608
SLCO4C1,-0.415841504239675
PDP2,-0.416329202898611
TOR3A,-0.416361416361416
ZNF354C,-0.416361416361416
AKAP11,-0.416361416361416
POLR2M,-0.416361416361416
PIGN,-0.416361416361416
ZNF208,-0.416547188796952
GABPB2,-0.416971916971917
ABHD17B,-0.416971916971917
CREBBP,-0.417582417582418
TRAPPC2B,-0.417582417582418
GLDC,-0.417607266453173
VWDE,-0.417934073292733
SCRN3,-0.418192918192918
TUSC2,-0.418192918192918
RICTOR,-0.418192918192918
HSF2,-0.418192918192918
COX19,-0.418192918192918
GGNBP2,-0.418192918192918
NUCKS1,-0.418803418803419
PPP3CA,-0.418803418803419
ZNF680,-0.418803418803419
KIN,-0.418803418803419
ZSWIM8,-0.418803418803419
MRE11,-0.418803418803419
ELF1,-0.418803418803419
S1PR4,-0.418803418803419
RAD23A,-0.418803418803419
MED14,-0.418803418803419
E2F7,-0.418954292516205
SCMH1,-0.419413919413919
EEF1B2,-0.419413919413919
TAPT1,-0.419413919413919
PCCA,-0.419413919413919
RAB27A,-0.419413919413919
ZNF207,-0.419413919413919
ARL4D,-0.419413919413919
MISP3,-0.419413919413919
TIMM50,-0.419413919413919
ZNF766,-0.419413919413919
PAX8,-0.419783244090922
RCC1,-0.42002442002442
CLDND1,-0.42002442002442
MAD1L1,-0.42002442002442
TIRAP,-0.42002442002442
TCP11L2,-0.42002442002442
GSKIP,-0.42002442002442
SRRM2,-0.42002442002442
CDC45,-0.420249359881016
GMNN,-0.420634920634921
TRA2A,-0.420634920634921
SDHAF3,-0.420634920634921
FOCAD,-0.420634920634921
GTF2F1,-0.420634920634921
NACC1,-0.420634920634921
SUV39H1,-0.420634920634921
ARVCF,-0.420891953913191
MELK,-0.421185798917185
SWT1,-0.421245421245421
SPATS2L,-0.421245421245421
PUS7,-0.421245421245421
CAMK2G,-0.421245421245421
APOLD1,-0.421245421245421
FRMD4A,-0.421309728614889
AMIGO1,-0.421495039591867
MAMLD1,-0.421544427245826
PAIP1,-0.421855921855922
ZKSCAN1,-0.421855921855922
SCAI,-0.421855921855922
ANKRD16,-0.421855921855922
SH3PXD2A,-0.421855921855922
RNF40,-0.421855921855922
METTL4,-0.421855921855922
UBXN10,-0.422422761615914
RRP15,-0.422466422466423
CBLL1,-0.422466422466423
WDR73,-0.422466422466423
DNAJC8,-0.423076923076923
ABCB10,-0.423076923076923
SS18L2,-0.423076923076923
DPP3,-0.423076923076923
HEXIM1,-0.423076923076923
B4GALT2,-0.423581187704218
MTF2,-0.423687423687424
SLC30A7,-0.423687423687424
ALDH9A1,-0.423687423687424
BTG2,-0.423687423687424
MTX2,-0.423687423687424
TSC1,-0.423687423687424
DUSP5,-0.423687423687424
CCNDBP1,-0.423687423687424
RNF220,-0.424297924297924
CASP8,-0.424297924297924
MXD4,-0.424297924297924
DXO,-0.424297924297924
SIGMAR1,-0.424297924297924
SCAF11,-0.424297924297924
POLR3B,-0.424297924297924
PPARA,-0.424297924297924
FBXO10,-0.424641278737748
TRAV41,-0.424766880700452
NAP1L3,-0.424896687013372
UXS1,-0.424908424908425
RANBP2,-0.424908424908425
KAT2B,-0.424908424908425
SLAIN2,-0.424908424908425
PWWP2A,-0.424908424908425
ACBD4,-0.424908424908425
DHFR2,-0.42497329147241
GPR89B,-0.425518925518925
ANGEL2,-0.425518925518925
HIST1H2AB,-0.425518925518925
ZNF44,-0.425518925518925
ASF1B,-0.425518925518925
DPF3,-0.42612420866359
LMTK3,-0.42612420866359
RBBP4,-0.426129426129426
TNFRSF10A,-0.426129426129426
TARBP2,-0.426129426129426
ZNF891,-0.426129426129426
RPS6KB1,-0.426129426129426
EID2,-0.426129426129426
ELMO2,-0.426129426129426
GNAL,-0.426275903608051
TRIM46,-0.426442890386783
HIST1H3F,-0.426442890386783
AKR1C3,-0.426499775996377
PTBP2,-0.426739926739927
SND1,-0.426739926739927
ISCA1,-0.426739926739927
BET1L,-0.426739926739927
TBC1D2B,-0.426739926739927
ZNF624,-0.426739926739927
ITPR1,-0.427350427350427
FBXO38,-0.427350427350427
BTN2A2,-0.427350427350427
HIF1AN,-0.427350427350427
ARHGAP5,-0.427350427350427
GADD45B,-0.427350427350427
TOMM34,-0.427350427350427
SYNGR3,-0.427679853085512
YY1AP1,-0.427960927960928
SHLD2,-0.427960927960928
MIS12,-0.427960927960928
WDR36,-0.428571428571429
EFR3A,-0.428571428571429
ZNF408,-0.428571428571429
UTP18,-0.428571428571429
CDC42BPG,-0.42873105640061
DNAJB11,-0.429181929181929
HIST1H2AC,-0.429181929181929
PRR3,-0.429181929181929
IER5L,-0.429181929181929
CNOT10,-0.42979242979243
AP3B1,-0.42979242979243
MMS22L,-0.42979242979243
NRL,-0.42979242979243
MIEF2,-0.42979242979243
EPS15L1,-0.42979242979243
TRAF3IP2,-0.429858041949104
CDK11B,-0.43040293040293
FBXW7,-0.43040293040293
BAHD1,-0.43040293040293
UBE2G1,-0.43040293040293
ENSA,-0.431013431013431
NFU1,-0.431013431013431
ATPSCKMT,-0.431013431013431
DIABLO,-0.431013431013431
FCRL5,-0.431050500093226
CD19,-0.431384526473071
C2orf42,-0.431623931623932
D2HGDH,-0.431623931623932
LETM1,-0.431623931623932
ZNF398,-0.431623931623932
ALDOC,-0.431623931623932
RANBP1,-0.431623931623932
HOOK1,-0.431645547526845
MGP,-0.431645547526845
WDR3,-0.432234432234432
LMNA,-0.432234432234432
ZBTB44,-0.432234432234432
CCNT1,-0.432234432234432
SPRYD4,-0.432234432234432
SLC25A15,-0.432234432234432
PAGR1,-0.432234432234432
ABHD12,-0.432234432234432
GPR55,-0.4322720287279
TSPAN15,-0.432289171005039
PRDM11,-0.432498553513119
KDM3A,-0.432844932844933
GIMAP4,-0.432844932844933
DDX54,-0.432844932844933
INTS14,-0.432844932844933
PRC1,-0.432844932844933
XPO6,-0.432844932844933
TAF1C,-0.432844932844933
NF1,-0.432844932844933
UTP14A,-0.432844932844933
TWNK,-0.433201362110431
HSP90B1,-0.433455433455433
ZNF26,-0.433455433455433
TRBV14,-0.433555425904474
RPH3AL,-0.433826901711418
FGFBP3,-0.434065934065934
PARPBP,-0.434065934065934
FAM98C,-0.434065934065934
TRAV10,-0.434541608551121
NRBP1,-0.434676434676435
ITGAV,-0.434676434676435
ABI2,-0.434676434676435
UTP3,-0.434676434676435
PHYKPL,-0.434676434676435
LMAN1,-0.434676434676435
DSTN,-0.434676434676435
KLHL3,-0.434745218665454
HACD1,-0.435091194132647
RB1CC1,-0.435286935286935
RPLP0,-0.435286935286935
MAP2K4,-0.435286935286935
BLMH,-0.435286935286935
ZNF419,-0.435658683140179
MACO1,-0.435897435897436
HNRNPH3,-0.435897435897436
ZNF696,-0.435952817480222
ZNF775,-0.436163795492044
DPH5,-0.436507936507936
CEBPZ,-0.436507936507936
MBD4,-0.436507936507936
MSH5,-0.436507936507936
TMEM63B,-0.436507936507936
APOL1,-0.436507936507936
SEC14L2,-0.436592577951568
GPR25,-0.436657397135284
MYOM1,-0.436710302976427
PDXP,-0.437118437118437
PICK1,-0.437118437118437
C2CD4D,-0.437160347032823
CCNG1,-0.437728937728938
DHDDS,-0.438339438339438
WDR53,-0.438339438339438
LMBRD2,-0.438339438339438
GTPBP4,-0.438339438339438
TTC26,-0.438398555586703
NOS3,-0.438406355283319
ZFP69B,-0.438704272850013
FLNB,-0.438949938949939
FAM114A2,-0.438949938949939
TRAPPC9,-0.438949938949939
GLE1,-0.438949938949939
KBTBD3,-0.438949938949939
DTD1,-0.438949938949939
SCAMP5,-0.439218163807814
NAA50,-0.43956043956044
MCUR1,-0.43956043956044
RNF6,-0.43956043956044
PIP4P1,-0.43956043956044
C16orf72,-0.43956043956044
DHX33,-0.43956043956044
TAF9B,-0.43956043956044
ADAMTS10,-0.439671510095091
GPR82,-0.439927141903253
SSBP1,-0.44017094017094
MFAP1,-0.44017094017094
AGBL2,-0.440538576429873
ERCC2,-0.440781440781441
SYP,-0.440848730521667
ZNF502,-0.441150010956494
ATAD2B,-0.441391941391941
ECPAS,-0.441391941391941
NELFB,-0.441391941391941
CIAO2B,-0.441391941391941
RPAIN,-0.441391941391941
TRIM65,-0.441391941391941
NKRF,-0.441391941391941
FBLN5,-0.441518869381205
TMEM30B,-0.441669246743724
FAM227B,-0.441764621236047
PTPRC,-0.442002442002442
CAPN2,-0.442002442002442
DGKD,-0.442002442002442
METTL14,-0.442002442002442
POLH,-0.442002442002442
TAGAP,-0.442002442002442
GET1,-0.442002442002442
ZBED4,-0.442002442002442
JAKMIP1,-0.442105358835138
KRTAP16-1,-0.442434306274748
NLGN4Y,-0.442435676066753
PPIH,-0.442612942612943
SZT2,-0.442612942612943
SPICE1,-0.442612942612943
MLEC,-0.442612942612943
TSC2,-0.442612942612943
SHCBP1,-0.442612942612943
CCDC61,-0.442612942612943
ZNF28,-0.442612942612943
ZNF446,-0.442612942612943
FUNDC1,-0.442612942612943
HPRT1,-0.442612942612943
TGFBRAP1,-0.443223443223443
SEC22C,-0.443223443223443
SLC30A5,-0.443223443223443
KDM2B,-0.443223443223443
MIA2,-0.443223443223443
IGLC1,-0.443357865122743
ULBP2,-0.443366228667319
BHLHE41,-0.443488053433056
TTC27,-0.443833943833944
RALGPS1,-0.443833943833944
RPP38,-0.443833943833944
EMC6,-0.443833943833944
NCOA6,-0.443833943833944
TLR3,-0.443861930947416
PDZD2,-0.444107148341867
HEATR9,-0.44436178144705
SFXN2,-0.444444444444444
RAB3IP,-0.444444444444444
ZNF699,-0.444444444444444
ZNF563,-0.444444444444444
SPIN2B,-0.444444444444444
LRRN1,-0.444736938352014
GOLPH3,-0.445054945054945
PDZD8,-0.445054945054945
DDX10,-0.445054945054945
GPALPP1,-0.445054945054945
UBE2Q2,-0.445054945054945
CRKL,-0.445054945054945
GCC1,-0.445665445665446
SMNDC1,-0.445665445665446
TRIM66,-0.445665445665446
PCNX3,-0.445665445665446
ELP2,-0.445665445665446
TRAV26-1,-0.445973144763472
GLO1,-0.446275946275946
DPY19L4,-0.446275946275946
NFRKB,-0.446275946275946
AQR,-0.446275946275946
NUP85,-0.446275946275946
ZNF671,-0.446275946275946
TRBV6-2,-0.446595143570674
GPR150,-0.446837808245732
SLC35E2A,-0.446886446886447
TOMM70,-0.446886446886447
MTRNR2L8,-0.446886446886447
SKA1,-0.446890155736934
SMIM19,-0.447496947496948
EMC2,-0.447496947496948
FAM53B,-0.447496947496948
VPS26B,-0.447496947496948
YEATS4,-0.447496947496948
LYSMD4,-0.447496947496948
ANKRD33B,-0.448065384642012
MAGOH,-0.448107448107448
PRPF40A,-0.448107448107448
RHBDD2,-0.448107448107448
CDK2AP2,-0.448107448107448
MT1E,-0.448107448107448
PRKCSH,-0.448107448107448
FXYD1,-0.448107448107448
CYP2F1,-0.448256847057801
NQO1,-0.448381268755126
SMARCAL1,-0.448717948717949
MTERF1,-0.448717948717949
RGP1,-0.448717948717949
FDX1,-0.448717948717949
CNKSR2,-0.44890830652566
SF3A3,-0.449328449328449
OSBPL9,-0.449328449328449
DPY30,-0.449328449328449
EIF2B5,-0.449328449328449
LSM1,-0.449328449328449
PTGES2,-0.449328449328449
AHSA1,-0.449328449328449
HCST,-0.449328449328449
USP16,-0.449328449328449
SLC41A2,-0.449599855137361
GNL3,-0.44993894993895
SUB1,-0.44993894993895
UFL1,-0.44993894993895
DDX3X,-0.44993894993895
BIRC5,-0.450254422337314
WRAP73,-0.450549450549451
HAX1,-0.450549450549451
TNPO1,-0.450549450549451
ZNF331,-0.450549450549451
SLC23A2,-0.450549450549451
COMMD1,-0.451159951159951
TCAF1,-0.451159951159951
ZNF230,-0.451159951159951
FAM110C,-0.451594376367498
LRPPRC,-0.451770451770452
CCDC138,-0.451770451770452
KATNA1,-0.451770451770452
TM9SF3,-0.451770451770452
ATF6B,-0.452380952380952
RSU1,-0.452380952380952
KLHL36,-0.452380952380952
ZNF165,-0.452657384397205
SYTL1,-0.452991452991453
PSMA5,-0.452991452991453
TRAK2,-0.452991452991453
ANKRD28,-0.452991452991453
ZXDC,-0.452991452991453
RCHY1,-0.452991452991453
CUL2,-0.452991452991453
C11orf68,-0.452991452991453
TNPO2,-0.452991452991453
PPIAL4G,-0.453211091461643
MKRN2,-0.453601953601954
NISCH,-0.453601953601954
PGM3,-0.453601953601954
ACBD5,-0.453601953601954
DDIT4,-0.453601953601954
RHNO1,-0.453601953601954
ARHGAP11A,-0.453601953601954
GDPGP1,-0.453601953601954
UNC45A,-0.453601953601954
SMG7,-0.454212454212454
GFPT1,-0.454212454212454
POLR1B,-0.454212454212454
SLC25A51,-0.454212454212454
TMEM245,-0.454212454212454
FDX2,-0.454212454212454
ECH1,-0.454212454212454
TRBV30,-0.454510160722479
MRTO4,-0.454822954822955
NOM1,-0.454822954822955
GTF2H1,-0.454822954822955
ZCCHC2,-0.454822954822955
BICRA,-0.454822954822955
ZDHHC18,-0.455433455433455
NBPF15,-0.455433455433455
MPC2,-0.455433455433455
EIF4A2,-0.455433455433455
CDC42SE2,-0.455433455433455
MTRES1,-0.455433455433455
YWHAZ,-0.455433455433455
DDX50,-0.455433455433455
TRAF6,-0.455433455433455
MAML2,-0.455433455433455
GTF2A1,-0.455433455433455
NEURL4,-0.455433455433455
KIF2C,-0.455451833166932
CASTOR2,-0.456043956043956
TMEM68,-0.456043956043956
ARFGAP2,-0.456043956043956
TMEM135,-0.456043956043956
ZBTB4,-0.456043956043956
C17orf80,-0.456043956043956
ZSWIM5,-0.456297743670115
HIST1H3I,-0.45632262637613
CKAP2L,-0.456371559323998
NPTXR,-0.456547124485897
ARHGAP10,-0.456654456654457
CITED2,-0.456654456654457
ZNF202,-0.456654456654457
SEC23A,-0.456654456654457
IL12A,-0.456830065444153
ZNF441,-0.457029466475717
ZNF721,-0.457264957264957
YTHDC2,-0.457264957264957
SENP6,-0.457264957264957
SLC52A2,-0.457264957264957
CREB3,-0.457264957264957
ZNF525,-0.457264957264957
ZNF549,-0.457264957264957
CADM1,-0.457529316527525
LRIG2,-0.457875457875458
CAMK2D,-0.457875457875458
MMAA,-0.457875457875458
MALSU1,-0.457875457875458
VCPIP1,-0.457875457875458
TEX30,-0.457875457875458
AP4S1,-0.457875457875458
FKBP3,-0.457875457875458
CSNK2A2,-0.457875457875458
HOXC4,-0.457985439204369
STIL,-0.458054810927917
USP13,-0.458485958485959
EMB,-0.458485958485959
NUP153,-0.458485958485959
DNAJA1,-0.458485958485959
ABI1,-0.458485958485959
PARG,-0.458485958485959
PGBD4,-0.458485958485959
GOSR1,-0.458485958485959
IZUMO4,-0.458485958485959
C5orf30,-0.459096459096459
IKBKB,-0.459096459096459
FBXO33,-0.459096459096459
VAPB,-0.459096459096459
HIST1H2BL,-0.459113572208527
TMEM231,-0.4593769946919
FAHD2A,-0.45970695970696
AASDHPPT,-0.45970695970696
CNPY2,-0.45970695970696
RIPK3,-0.45970695970696
PIGC,-0.46031746031746
CENPU,-0.46031746031746
TRIM23,-0.46031746031746
METTL2B,-0.46031746031746
KIF13B,-0.46031746031746
RANBP6,-0.46031746031746
DSN1,-0.46031746031746
DEPDC5,-0.46031746031746
EFHC2,-0.460341148604807
CDH24,-0.460396448190142
CCDC163,-0.460459364601827
SCD5,-0.460459364601827
SLC35G1,-0.460504301895446
VPS72,-0.460927960927961
MRPL19,-0.460927960927961
VTI1A,-0.460927960927961
ZFPL1,-0.460927960927961
CCDC82,-0.460927960927961
SENP1,-0.460927960927961
PABPN1,-0.460927960927961
NUSAP1,-0.460927960927961
NEIL1,-0.460927960927961
ANLN,-0.461209615681363
TPBGL,-0.461224035099752
SLC9A1,-0.461538461538462
TP53BP2,-0.461538461538462
TNPO3,-0.461538461538462
ASCC1,-0.461538461538462
USP47,-0.461538461538462
PYROXD1,-0.461538461538462
TDRD3,-0.461538461538462
ZFYVE26,-0.461538461538462
C15orf61,-0.461538461538462
RNMT,-0.461538461538462
MEAF6,-0.462148962148962
DDX20,-0.462148962148962
EIF2D,-0.462148962148962
MOB4,-0.462148962148962
TMEM131L,-0.462148962148962
ABCF2,-0.462148962148962
PDCD4,-0.462148962148962
ANKRD10,-0.462148962148962
LDOC1,-0.462182513199226
FANCL,-0.462759462759463
ORC4,-0.462759462759463
DDX46,-0.462759462759463
MFSD3,-0.462759462759463
BTBD10,-0.462759462759463
HECTD1,-0.462759462759463
CHMP1A,-0.462759462759463
PTOV1,-0.462759462759463
PRPS2,-0.462759462759463
AK1,-0.462953792862975
MAMSTR,-0.463042236670825
ZNF70,-0.463042236670825
ADPRHL2,-0.463369963369963
BET1,-0.463369963369963
PLGRKT,-0.463369963369963
METTL15,-0.463369963369963
MYL12A,-0.463369963369963
PRAG1,-0.463980463980464
STRAP,-0.463980463980464
LTB4R2,-0.463980463980464
MICALL1,-0.463980463980464
SLC30A4,-0.464051295285965
ZNF726,-0.464356592190758
IPO13,-0.464590964590965
PRKCI,-0.464590964590965
CCNC,-0.464590964590965
CDCA7L,-0.464590964590965
WASHC5,-0.464590964590965
FBF1,-0.464590964590965
ANO8,-0.464590964590965
POLR2I,-0.464590964590965
BLNK,-0.464874857660287
SF3B1,-0.465201465201465
ADAT2,-0.465201465201465
SC5D,-0.465201465201465
EI24,-0.465201465201465
SPATS2,-0.465201465201465
HEXD,-0.465201465201465
TNFSF8,-0.465811965811966
PLEKHG4,-0.466096604986596
PMEPA1,-0.466096604986596
INO80D,-0.466422466422466
CASTOR3,-0.466422466422466
EEF1D,-0.466422466422466
ZNF513,-0.467032967032967
RBM6,-0.467032967032967
CASP6,-0.467032967032967
HINT1,-0.467032967032967
SEC61A2,-0.467032967032967
TAF5,-0.467032967032967
ALKBH8,-0.467032967032967
IPO8,-0.467032967032967
MYDGF,-0.467032967032967
SLC5A3,-0.467032967032967
GAREM2,-0.467381899386798
C1orf122,-0.467643467643468
VPS13B,-0.467643467643468
UPF2,-0.467643467643468
PUS7L,-0.467643467643468
SLC38A2,-0.467643467643468
ZNF664,-0.467643467643468
RTF1,-0.467643467643468
BCL2L12,-0.467643467643468
C1orf109,-0.468253968253968
POGZ,-0.468253968253968
OPA1,-0.468253968253968
CKS2,-0.468253968253968
MORC3,-0.468253968253968
SAMM50,-0.468253968253968
GTF3C5,-0.468864468864469
MED21,-0.468864468864469
SCYL2,-0.468864468864469
CLEC16A,-0.468864468864469
ZNF791,-0.468864468864469
MT-CO3,-0.468864468864469
PHLDA3,-0.469013430773416
SLC3A1,-0.469150973302366
ERAP1,-0.469474969474969
CHCHD7,-0.469474969474969
MED6,-0.469474969474969
EPG5,-0.469474969474969
ZFP64,-0.469474969474969
ATP13A2,-0.47008547008547
DUSP12,-0.47008547008547
ARL15,-0.47008547008547
MAP2K6,-0.47008547008547
GPATCH1,-0.47008547008547
RWDD2B,-0.47008547008547
ANGPTL6,-0.470372720628674
NAXE,-0.470695970695971
RFT1,-0.470695970695971
ZNF740,-0.470695970695971
CNOT2,-0.470695970695971
IGSF9B,-0.470909711490828
SATB1,-0.471306471306471
USP45,-0.471306471306471
PSMA3,-0.471306471306471
LIG3,-0.471306471306471
CEP131,-0.471306471306471
CHAF1A,-0.471306471306471
SNU13,-0.471306471306471
FAM120C,-0.471306471306471
ZNF669,-0.471916971916972
KANSL3,-0.471916971916972
FASTKD2,-0.471916971916972
DEAF1,-0.471916971916972
SPCS2,-0.471916971916972
USP53,-0.472294311715387
TET1,-0.472308190816435
COLGALT2,-0.472519750914434
DNLZ,-0.472527472527473
PMPCA,-0.472527472527473
TLK2,-0.472527472527473
HSPA13,-0.472527472527473
PUS10,-0.473137973137973
GAK,-0.473137973137973
CDK12,-0.473137973137973
SNRPD1,-0.473137973137973
TRBV6-5,-0.473537594864811
NECTIN3,-0.473619787997525
ECT2,-0.473748473748474
CCNH,-0.473748473748474
PMPCB,-0.473748473748474
CUL5,-0.473748473748474
RXYLT1,-0.473748473748474
HDDC3,-0.473748473748474
NOL11,-0.473748473748474
ZNF845,-0.473748473748474
FZD3,-0.473861758130676
PPM1B,-0.474358974358974
CLK1,-0.474358974358974
VGLL4,-0.474358974358974
PIK3R4,-0.474358974358974
LMNB1,-0.474358974358974
MZB1,-0.474358974358974
RBM48,-0.474358974358974
NRBP2,-0.474358974358974
FKTN,-0.474358974358974
DHX38,-0.474358974358974
IGKV1-17,-0.474872750399635
PCOLCE,-0.474969474969475
FGFR1OP2,-0.474969474969475
SPATA13,-0.474969474969475
THOC2,-0.474969474969475
ZSWIM3,-0.475041983858527
CELSR2,-0.475302916986574
HMGB2,-0.475579975579976
TMCO6,-0.475579975579976
SERINC1,-0.475579975579976
STN1,-0.475579975579976
KAT5,-0.475579975579976
PPIP5K1,-0.475579975579976
SP2,-0.475579975579976
STXBP4,-0.475579975579976
ZNF407,-0.475579975579976
NUAK1,-0.475812472201217
TNFSF14,-0.475813620442502
BTBD8,-0.476190476190476
SH3YL1,-0.476190476190476
FAM50B,-0.476190476190476
NR4A3,-0.476190476190476
SOCS4,-0.476190476190476
FAM111B,-0.476451086316345
ARHGAP42,-0.476598553643067
IQGAP2,-0.476800976800977
PHF6,-0.476800976800977
CEP126,-0.476873765287288
CXCR5,-0.477224648027087
AGGF1,-0.477411477411477
TUBD1,-0.477411477411477
UTS2,-0.477484359096874
GRAP,-0.477650738668149
ANP32E,-0.478021978021978
C1orf131,-0.478021978021978
GMPS,-0.478021978021978
TMEM216,-0.478021978021978
C12orf66,-0.478021978021978
FOXO1,-0.478021978021978
FUT8,-0.478021978021978
MARK4,-0.478021978021978
ZNF432,-0.478021978021978
WDR44,-0.478021978021978
MAP1A,-0.478400249811255
PGAP1,-0.478632478632479
EEFSEC,-0.478632478632479
COPS4,-0.478632478632479
MIF,-0.478632478632479
DFFB,-0.479242979242979
HSPB1,-0.479242979242979
CHD2,-0.479242979242979
TEFM,-0.479242979242979
MALT1,-0.479242979242979
PSMC4,-0.479242979242979
IGLV2-14,-0.479242979242979
TRAV16,-0.479561080352353
ZNF773,-0.479621437430428
RMI2,-0.479697627960891
COMMD2,-0.47985347985348
TGFBR1,-0.47985347985348
DNM2,-0.47985347985348
TRBV15,-0.479884600008074
FAM136A,-0.48046398046398
TMEM128,-0.48046398046398
TTLL5,-0.48046398046398
COG8,-0.48046398046398
AATF,-0.48046398046398
UHMK1,-0.481074481074481
RBBP5,-0.481074481074481
USO1,-0.481074481074481
NUP54,-0.481074481074481
MAPK9,-0.481074481074481
BRMS1L,-0.481074481074481
CSNK1G2,-0.481074481074481
ZNF614,-0.481074481074481
JUN,-0.481684981684982
CEP85L,-0.481684981684982
TSC22D4,-0.481684981684982
FAM185A,-0.481684981684982
DHCR7,-0.481684981684982
RNF213,-0.481684981684982
SPDL1,-0.481758515763982
SOGA3,-0.482077284211766
ZNF782,-0.482295482295482
IGHM,-0.482295482295482
ZNF260,-0.482295482295482
SEPTIN8,-0.482369109573569
U2SURP,-0.482905982905983
MAGEF1,-0.482905982905983
TRUB1,-0.482905982905983
STIP1,-0.482905982905983
CCDC85B,-0.482905982905983
VPS36,-0.482905982905983
P2RY11,-0.482905982905983
ARFGEF2,-0.482905982905983
MAN2A1,-0.483516483516483
ZNF510,-0.483516483516483
GOLGA1,-0.483516483516483
CNNM2,-0.483516483516483
KIF18A,-0.483516483516483
HIRA,-0.483516483516483
GTPBP1,-0.483516483516483
RAD54L,-0.483551582940247
BIK,-0.48395042781991
GNLY,-0.484126984126984
SH3BP5,-0.484126984126984
MBLAC2,-0.484126984126984
PIAS2,-0.484126984126984
ZNF613,-0.484126984126984
JSRP1,-0.484200891002329
UBE2C,-0.484270896552358
FRYL,-0.484737484737485
HPGD,-0.484737484737485
EMG1,-0.484737484737485
FBXO22,-0.484737484737485
EIF1AX,-0.484737484737485
CCDC30,-0.485347985347985
TXNDC9,-0.485347985347985
SECISBP2,-0.485347985347985
MED9,-0.485347985347985
ZNF227,-0.485347985347985
HMMR,-0.485611584312618
COPS7B,-0.485958485958486
POM121C,-0.485958485958486
CAPS2,-0.485958485958486
TM2D3,-0.485958485958486
ZNF43,-0.485958485958486
KDM5C,-0.485958485958486
ARL6,-0.486255435870682
CD47,-0.486568986568987
HIST1H4E,-0.486568986568987
VARS,-0.486568986568987
SIN3A,-0.486568986568987
SNRPD2,-0.486568986568987
TMIGD2,-0.486701883189701
POLE2,-0.486836329796382
HIST1H4F,-0.487179487179487
ALG2,-0.487179487179487
ACAD8,-0.487179487179487
CHTF8,-0.487179487179487
ADAMTS6,-0.48747718319699
BMP8B,-0.487559156955057
SPCS1,-0.487789987789988
DYNC2H1,-0.487789987789988
MPZL3,-0.487789987789988
HYLS1,-0.487789987789988
FAM104A,-0.487789987789988
P4HB,-0.487789987789988
MTA3,-0.488400488400488
HMGN4,-0.488400488400488
AKR1B1,-0.488400488400488
PRORP,-0.488400488400488
ZNF18,-0.488400488400488
ZNF180,-0.488400488400488
SELENOW,-0.488400488400488
ELL2,-0.489010989010989
RBM28,-0.489010989010989
NSMCE4A,-0.489010989010989
MCM8,-0.489010989010989
TMEM177,-0.489390938383817
PSMG3,-0.48962148962149
VPS11,-0.48962148962149
MAU2,-0.48962148962149
TRAV25,-0.489908299224953
KIFC3,-0.489920677849606
ZC3H8,-0.49023199023199
PPIL1,-0.49023199023199
SIK3,-0.49023199023199
ZNF846,-0.49023199023199
PDRG1,-0.49023199023199
CSTF1,-0.49023199023199
B3GNT9,-0.490510566247676
MITD1,-0.490842490842491
NUP35,-0.490842490842491
LPCAT1,-0.490842490842491
CHMP7,-0.490842490842491
B4GALT1,-0.490842490842491
RNF214,-0.490842490842491
BRF1,-0.490842490842491
ALG13,-0.490842490842491
SPON1,-0.490848021026535
ZSCAN30,-0.490917422907784
FANCE,-0.491222719812577
ZNF540,-0.491337452610864
HNRNPD,-0.491452991452991
ORC3,-0.491452991452991
PMS2,-0.491452991452991
TRMT2B,-0.491452991452991
NKAP,-0.491452991452991
ZCCHC18,-0.49147450222759
CEP55,-0.49173531173144
MKS1,-0.491753298839069
UBQLN4,-0.492063492063492
BCKDHB,-0.492063492063492
BUD23,-0.492063492063492
EMSY,-0.492063492063492
STARD5,-0.492063492063492
GFOD2,-0.492063492063492
WNT1,-0.492414224029173
TMEM121,-0.492414224029173
ZNF584,-0.492443907431751
GUK1,-0.492673992673993
PSMC3,-0.492673992673993
CPSF6,-0.492673992673993
DDHD1,-0.492673992673993
GLOD4,-0.492673992673993
FXR2,-0.492673992673993
ZFP30,-0.492673992673993
OXCT2,-0.492975046165377
PRSS22,-0.493099537785327
PTGER4,-0.493284493284493
SRPK2,-0.493284493284493
ALKBH2,-0.493284493284493
ZNF10,-0.493284493284493
MFSD14A,-0.493894993894994
GPR89A,-0.493894993894994
PEX19,-0.493894993894994
XPC,-0.493894993894994
ZNF131,-0.493894993894994
ILRUN,-0.493894993894994
MTRF1,-0.493894993894994
TMEM97,-0.493894993894994
UPF1,-0.493894993894994
SEC24B,-0.494505494505494
MCCC2,-0.494505494505494
AFDN,-0.494505494505494
FNDC3A,-0.494505494505494
DHRS7,-0.494505494505494
FAM214A,-0.494505494505494
RDH13,-0.494505494505494
ARL10,-0.494580985765305
NT5DC2,-0.494650532035764
YEATS2,-0.495115995115995
ATXN1,-0.495115995115995
ZNF138,-0.495115995115995
CASC4,-0.495115995115995
SMAD4,-0.495115995115995
C19orf48,-0.495115995115995
HIST1H2BB,-0.495567683825694
PUM2,-0.495726495726496
ATXN7,-0.495726495726496
WDR89,-0.495726495726496
REX1BD,-0.495726495726496
ZNF792,-0.495802173384478
CNOT9,-0.496336996336996
SLC25A26,-0.496336996336996
NOP14,-0.496336996336996
DHX29,-0.496336996336996
BLOC1S5,-0.496336996336996
PIN1,-0.496336996336996
ENTR1,-0.496947496947497
NOC3L,-0.496947496947497
AP2B1,-0.496947496947497
FTSJ3,-0.496947496947497
LTN1,-0.496947496947497
PRDM15,-0.496947496947497
TRABD,-0.496947496947497
FCRLB,-0.497251161807456
TRAV8-6,-0.497259004889011
USP48,-0.497557997557998
GLMN,-0.497557997557998
ZBTB38,-0.497557997557998
CDK7,-0.497557997557998
AHI1,-0.497557997557998
TCTE3,-0.497557997557998
ERCC6L2,-0.497557997557998
LDB1,-0.497557997557998
VMAC,-0.497557997557998
ZNF875,-0.497557997557998
PKIA,-0.497939251718032
ACTR8,-0.498168498168498
CDK5RAP3,-0.498168498168498
LIMD2,-0.498168498168498
ABLIM2,-0.498221044568398
CDK1,-0.498319139195485
AUP1,-0.498778998778999
SPEF2,-0.498778998778999
POC5,-0.498778998778999
PPP1R10,-0.498778998778999
HNRNPA2B1,-0.498778998778999
SNAPC4,-0.498778998778999
RAD51,-0.498843043375599
N4BP3,-0.499305517240777
UHRF1,-0.49931669918668
TAF5L,-0.499389499389499
ARHGEF3,-0.499389499389499
C6orf120,-0.499389499389499
DYRK4,-0.499389499389499
NEMF,-0.499389499389499
TXNDC11,-0.499389499389499
PRSS53,-0.499542008248725
SNPH,-0.499732930286469
DSEL,-0.499771033146793
KRTCAP2,-0.5
RO60,-0.5
CENPO,-0.5
UST,-0.5
GET4,-0.5
MRPL42,-0.5
ZNF585B,-0.5
TP63,-0.500351411635833
CHODL,-0.50036188161107
SLC20A1,-0.500610500610501
POLR2B,-0.500610500610501
PRDM8,-0.500610500610501
NECAP1,-0.500610500610501
VAC14,-0.500610500610501
ARFGAP3,-0.500610500610501
FAM199X,-0.500610500610501
CMPK1,-0.501221001221001
SMYD2,-0.501221001221001
SAP30L,-0.501221001221001
MTHFD1L,-0.501221001221001
NADSYN1,-0.501221001221001
ALG9,-0.501221001221001
ZNF559,-0.501221001221001
TSHZ2,-0.50129751767076
A2M,-0.501588374334562
PHC3,-0.501831501831502
TXNDC5,-0.501831501831502
AP5Z1,-0.501831501831502
PTPDC1,-0.501831501831502
ENDOD1,-0.501831501831502
SLC26A11,-0.501831501831502
PIGU,-0.501831501831502
INTS11,-0.502442002442002
NASP,-0.502442002442002
ZNF354B,-0.502442002442002
GOLGA7,-0.502442002442002
KLHL9,-0.502442002442002
SUSD3,-0.502442002442002
C9orf16,-0.502442002442002
AACS,-0.502442002442002
B2M,-0.502442002442002
HSH2D,-0.502442002442002
ZNF85,-0.502442002442002
COL4A4,-0.502575036218808
GORAB,-0.503052503052503
IPCEF1,-0.503052503052503
ZDHHC21,-0.503052503052503
ATMIN,-0.503052503052503
SENP3,-0.503052503052503
C17orf67,-0.503052503052503
SHLD1,-0.503052503052503
BRWD1,-0.503052503052503
TRIM32,-0.503370393827203
UBXN2A,-0.503663003663004
SAP130,-0.503663003663004
MTMR12,-0.503663003663004
HIST1H2BD,-0.503663003663004
CCNB1IP1,-0.503663003663004
TIMM44,-0.503663003663004
RAB11B,-0.503663003663004
PDGFB,-0.504004126248689
URB2,-0.504273504273504
MARCH6,-0.504273504273504
NOD1,-0.504273504273504
R3HCC1,-0.504273504273504
TAPBPL,-0.504273504273504
TSFM,-0.504273504273504
GOLGA3,-0.504273504273504
HGS,-0.504273504273504
RGPD2,-0.504317366849216
ZNF222,-0.504595139310967
FAM161B,-0.504655783623487
PRKACB,-0.504884004884005
SUCO,-0.504884004884005
CENPL,-0.504884004884005
UBA6,-0.504884004884005
IGHMBP2,-0.504884004884005
HNRNPA1,-0.504884004884005
ZNF764,-0.504884004884005
EPN2,-0.504884004884005
ZNF430,-0.504884004884005
ZNF302,-0.504884004884005
GEMIN8,-0.504884004884005
TRAV27,-0.505063031447614
SH3RF2,-0.505076272276105
PPP1R14A,-0.505350636251618
NUP160,-0.505494505494506
CDKN3,-0.505494505494506
ATP5IF1,-0.506105006105006
XPA,-0.506105006105006
CEP295,-0.506105006105006
GPR18,-0.506105006105006
AP1G1,-0.506105006105006
DAPK3,-0.506105006105006
CFAP54,-0.506573505304858
PEF1,-0.506715506715507
ENTPD4,-0.506715506715507
PARD6A,-0.506715506715507
KIR3DL1,-0.506929027869219
HIST3H2A,-0.507326007326007
IQCG,-0.507326007326007
BNIP1,-0.507326007326007
WWP1,-0.507326007326007
TULP3,-0.507326007326007
SLC27A5,-0.507326007326007
LZTS3,-0.507636014081076
CAPN10,-0.507936507936508
ZSCAN25,-0.507936507936508
TFAM,-0.507936507936508
SSRP1,-0.507936507936508
MAPKAPK5,-0.507936507936508
LAMP1,-0.507936507936508
CCDC180,-0.508216628059707
GTPBP8,-0.508547008547009
MFN1,-0.508547008547009
LSG1,-0.508547008547009
TUBGCP4,-0.508547008547009
DCAKD,-0.508547008547009
ZNF644,-0.509157509157509
TRIM33,-0.509157509157509
ZNF148,-0.509157509157509
ZNF273,-0.509157509157509
COG5,-0.509157509157509
NSMAF,-0.509157509157509
INTS4,-0.509157509157509
CHRNA1,-0.509539583955081
CROCC,-0.50976800976801
SMPD4,-0.50976800976801
PCCB,-0.50976800976801
ACADSB,-0.50976800976801
DGCR8,-0.50976800976801
P2RY8,-0.50976800976801
ATP6V1G2,-0.510039021905226
DEPDC1B,-0.51037851037851
CREM,-0.51037851037851
THUMPD1,-0.51037851037851
EPHX2,-0.510690382396847
CCNA2,-0.510865594575029
TBC1D23,-0.510989010989011
RBM22,-0.510989010989011
HAUS6,-0.510989010989011
AP5M1,-0.510989010989011
HSPA2,-0.510989010989011
IL27RA,-0.510989010989011
TRAV5,-0.51120866006082
KIR2DL3,-0.511484075924393
S1PR1,-0.511599511599512
USP39,-0.511599511599512
XPOT,-0.511599511599512
ACACA,-0.511599511599512
SETD4,-0.511599511599512
PPIL2,-0.511599511599512
TRPC1,-0.511982909338528
FGGY,-0.512210012210012
MICB,-0.512210012210012
IMPAD1,-0.512210012210012
DLAT,-0.512210012210012
CFL2,-0.512210012210012
BRD7,-0.512210012210012
HOXB4,-0.512523003386309
TRBV10-3,-0.512721038623122
S100PBP,-0.512820512820513
HYI,-0.512820512820513
TMEM129,-0.512820512820513
YTHDC1,-0.512820512820513
BDH2,-0.512820512820513
PUF60,-0.512820512820513
PSTK,-0.512820512820513
LDHA,-0.512820512820513
TWF1,-0.512820512820513
ACTR6,-0.512820512820513
SKA2,-0.512820512820513
ZNF83,-0.512820512820513
CFAP298,-0.512820512820513
STYK1,-0.512925867300782
HIST2H2AB,-0.513431013431013
ORC2,-0.513431013431013
RRP36,-0.513431013431013
C1GALT1,-0.513431013431013
SUMF2,-0.513431013431013
AMMECR1,-0.513431013431013
ADAM12,-0.513433827743894
DENND2C,-0.513605002360991
NT5E,-0.513744750712617
RNF212,-0.513910719624301
PREPL,-0.514041514041514
TNIP2,-0.514041514041514
STX17,-0.514041514041514
PTGDS,-0.514041514041514
ADAM8,-0.514041514041514
CARS,-0.514041514041514
LTBP3,-0.514041514041514
ZNF529,-0.514041514041514
ZNF570,-0.514041514041514
FBLN7,-0.514181667968349
PPT2,-0.514216436887611
OTUD3,-0.514652014652015
RPA3,-0.514652014652015
AJM1,-0.514652014652015
CERS4,-0.514652014652015
ZNF211,-0.514652014652015
EMC1,-0.515262515262515
PRMT6,-0.515262515262515
SACM1L,-0.515262515262515
DCAF16,-0.515262515262515
CBR4,-0.515262515262515
WDR46,-0.515262515262515
CCDC146,-0.515262515262515
NUDCD1,-0.515262515262515
TCP11L1,-0.515262515262515
DDX11,-0.515262515262515
FICD,-0.515262515262515
NAA16,-0.515262515262515
RPL23A,-0.515262515262515
RHBDD3,-0.515262515262515
ZNF483,-0.515813445369945
ARL4C,-0.515873015873016
SENP7,-0.515873015873016
USP46,-0.515873015873016
ANAPC2,-0.515873015873016
ACOT2,-0.515873015873016
ATP10A,-0.515873015873016
TERF2,-0.515873015873016
HELZ,-0.515873015873016
NDUFAF8,-0.515873015873016
ZNF91,-0.515873015873016
THAP12,-0.516483516483516
CCDC84,-0.516483516483516
ZWILCH,-0.516483516483516
FBRS,-0.516483516483516
KANTR,-0.516483516483516
TFR2,-0.516842594148612
CCR9,-0.516948815279611
TRAV13-2,-0.517050408068673
PIGV,-0.517094017094017
MARS2,-0.517094017094017
NPM1,-0.517094017094017
MAP3K5,-0.517094017094017
MFSD5,-0.517094017094017
MED12,-0.517094017094017
IRAK1BP1,-0.517260600111872
GPRASP1,-0.517409992691542
EPM2AIP1,-0.517704517704518
CCDC14,-0.517704517704518
UBR2,-0.517704517704518
TYSND1,-0.517704517704518
RNF121,-0.517704517704518
PARP11,-0.517704517704518
METTL17,-0.517704517704518
ZFX,-0.517704517704518
GALNT12,-0.517885044047332
TARBP1,-0.518315018315018
VIRMA,-0.518315018315018
POMT1,-0.518315018315018
PDCD11,-0.518315018315018
LCNL1,-0.518316729426147
RAB11FIP5,-0.51839414433919
EXO5,-0.518925518925519
BLZF1,-0.518925518925519
METTL6,-0.518925518925519
IFT80,-0.518925518925519
GNPDA2,-0.518925518925519
ADD3,-0.518925518925519
NDUFAF1,-0.518925518925519
GAN,-0.518925518925519
ELAVL1,-0.518925518925519
CD274,-0.519264815626222
DUSP10,-0.51953601953602
WDR43,-0.51953601953602
MMADHC,-0.51953601953602
ZNF141,-0.51953601953602
NCAPG,-0.51953601953602
IMPA1,-0.51953601953602
ZPR1,-0.51953601953602
ZBTB39,-0.51953601953602
DDX19B,-0.51953601953602
POLDIP2,-0.51953601953602
CCR7,-0.51953601953602
ALDH5A1,-0.519719347627193
PRSS12,-0.519853487344158
HHAT,-0.519920628863157
CCL28,-0.519920628863157
AAK1,-0.52014652014652
PTCD1,-0.52014652014652
NAPEPLD,-0.52014652014652
FBXL6,-0.52014652014652
RBM4B,-0.52014652014652
BBS4,-0.52014652014652
RELCH,-0.52014652014652
ZNF682,-0.52014652014652
ZNF274,-0.52014652014652
RBMX,-0.52014652014652
DMKN,-0.520213010143559
CAV1,-0.520723796901804
RLF,-0.520757020757021
TARS,-0.520757020757021
GTF3A,-0.520757020757021
WDHD1,-0.520757020757021
PPP2R5C,-0.520757020757021
MED31,-0.520757020757021
CIT,-0.520799286121571
NMB,-0.520836519577537
ASH1L,-0.521367521367521
CASP3,-0.521367521367521
NUDCD2,-0.521367521367521
MCM9,-0.521367521367521
GARS,-0.521367521367521
ABLIM1,-0.521367521367521
ARNTL,-0.521367521367521
CCDC184,-0.521367521367521
HIST1H1A,-0.521413074319711
RNPEPL1,-0.521978021978022
STT3B,-0.521978021978022
HBS1L,-0.521978021978022
AP1S1,-0.521978021978022
THYN1,-0.521978021978022
PRH1,-0.521978021978022
NT5M,-0.521978021978022
TK1,-0.521978021978022
MAP4,-0.522588522588523
HDAC3,-0.522588522588523
STK38,-0.522588522588523
TBC1D32,-0.522588522588523
IARS,-0.522588522588523
IDI1,-0.522588522588523
TSR3,-0.522588522588523
BSG,-0.522588522588523
AAR2,-0.522588522588523
RAB33A,-0.522588522588523
TRAV9-2,-0.522776520260294
PXMP2,-0.523199023199023
PPIB,-0.523199023199023
IGLC2,-0.523199023199023
FXYD2,-0.523387954786914
EIF2B4,-0.523809523809524
TFG,-0.523809523809524
AK3,-0.523809523809524
CD200R1,-0.524051524682446
CEP72,-0.524191067051199
AXIN2,-0.524364765282974
DENND1B,-0.524420024420024
RAB5A,-0.524420024420024
ZBTB24,-0.524420024420024
CISD1,-0.524420024420024
SMG8,-0.524420024420024
RECQL5,-0.524420024420024
FBL,-0.524420024420024
AIFM1,-0.524420024420024
SGCB,-0.524500082435058
CERCAM,-0.524610823840155
TSPAN2,-0.524740476649391
HSPB11,-0.525030525030525
WDR86,-0.525030525030525
RHOF,-0.525030525030525
ARHGDIA,-0.525030525030525
TARDBP,-0.525641025641026
NBPF3,-0.525641025641026
TMEM242,-0.525641025641026
FKBP11,-0.525641025641026
FAM122B,-0.525641025641026
NDFIP2,-0.525709146959776
BACE2,-0.526018387634458
TRIM59,-0.526251526251526
MAN2B2,-0.526251526251526
UFSP2,-0.526251526251526
CYP4V2,-0.526251526251526
SLC35B2,-0.526251526251526
SAAL1,-0.526251526251526
ARID2,-0.526251526251526
TUBA1C,-0.526251526251526
ARL1,-0.526251526251526
SECISBP2L,-0.526251526251526
LLGL1,-0.526251526251526
UNC13D,-0.526251526251526
TTC3,-0.526251526251526
TKTL1,-0.526251526251526
RRM2,-0.526573097638854
ATP2C1,-0.526862026862027
FBXW2,-0.526862026862027
TRDMT1,-0.526862026862027
PRKRA,-0.527472527472528
CPOX,-0.527472527472528
RIPK1,-0.527472527472528
NUDT4,-0.527472527472528
LITAF,-0.527472527472528
VIPR2,-0.527873831682551
MIER1,-0.528083028083028
RIF1,-0.528083028083028
PLEKHA3,-0.528083028083028
TYW5,-0.528083028083028
PECR,-0.528083028083028
NDUFB8,-0.528083028083028
ARCN1,-0.528083028083028
MAL,-0.528163645292579
SPATA6L,-0.528344755828555
SDF4,-0.528693528693529
PRDM2,-0.528693528693529
PAFAH2,-0.528693528693529
CXCR4,-0.528693528693529
COPG1,-0.528693528693529
MCUB,-0.528693528693529
DNAJB9,-0.528693528693529
FAM98B,-0.528693528693529
DMPK,-0.528693528693529
TRIM61,-0.528774239102165
CNTNAP1,-0.529062320158152
SLC25A10,-0.529196582789806
ICMT,-0.529304029304029
ZC3H6,-0.529304029304029
RNF123,-0.529304029304029
ANKRD37,-0.529304029304029
DNAJC21,-0.529304029304029
MTBP,-0.529304029304029
ZNF195,-0.529304029304029
COPB1,-0.529304029304029
SUCLA2,-0.529304029304029
AMDHD2,-0.529304029304029
BCAT2,-0.529304029304029
CDCA3,-0.529320984928472
ASB3,-0.52991452991453
DCTD,-0.52991452991453
TTC33,-0.52991452991453
MRPS18A,-0.52991452991453
BACH2,-0.52991452991453
BUD31,-0.52991452991453
KLRF1,-0.52991452991453
RRN3,-0.52991452991453
C21orf91,-0.52991452991453
YDJC,-0.52991452991453
CCDC15,-0.530238339617779
MC1R,-0.530314794470022
ARIH2,-0.53052503052503
RSRC1,-0.53052503052503
RARS2,-0.53052503052503
BNIP3,-0.53052503052503
SINHCAF,-0.53052503052503
ALOX5AP,-0.53052503052503
APOL2,-0.53052503052503
KIF21A,-0.530911317435719
SSR2,-0.531135531135531
ISG20L2,-0.531135531135531
CEP135,-0.531135531135531
HERC6,-0.531135531135531
GZMK,-0.531135531135531
LINS1,-0.531135531135531
MRI1,-0.531135531135531
ZNF565,-0.531135531135531
BRD1,-0.531135531135531
FAM171A1,-0.531256058494578
BAIAP3,-0.531256058494578
TMEM171,-0.531579062408916
TPM2,-0.531642320896287
RBM8A,-0.531746031746032
MGAT4A,-0.531746031746032
TBP,-0.531746031746032
ETNK1,-0.531746031746032
CIAO3,-0.531746031746032
UBN1,-0.531746031746032
PHLPP2,-0.531746031746032
TRAV38-2DV8,-0.531847473688087
HIST1H4D,-0.532132505054893
LIMS2,-0.532151912695668
HOXB7,-0.532222788020507
RTN4R,-0.532272686937126
LEF1,-0.532356532356532
WDR70,-0.532356532356532
LDHB,-0.532356532356532
DAD1,-0.532356532356532
SAV1,-0.532356532356532
FLYWCH1,-0.532356532356532
SUGP2,-0.532356532356532
DIPK1A,-0.532967032967033
HIST2H3D,-0.532967032967033
TFB2M,-0.532967032967033
DENND11,-0.532967032967033
VRK1,-0.532967032967033
RCAN3,-0.533577533577534
TASOR,-0.533577533577534
POLR2J3,-0.533577533577534
TMEM140,-0.533577533577534
TDG,-0.533577533577534
MYCBP2,-0.533577533577534
RGS9,-0.533577533577534
DCAF15,-0.533577533577534
KANK1,-0.533782341739458
ARHGEF39,-0.533903581596703
TRBV18,-0.534058645176195
NUGGC,-0.534075223899325
RPS18,-0.534188034188034
CRCP,-0.534188034188034
RCN2,-0.534188034188034
METTL16,-0.534188034188034
HMGN1,-0.534188034188034
SPNS3,-0.534302626480646
HP1BP3,-0.534798534798535
KHDRBS1,-0.534798534798535
TTC31,-0.534798534798535
MCM2,-0.534798534798535
ANAPC4,-0.534798534798535
CUL1,-0.534798534798535
TMEM241,-0.534798534798535
NCALD,-0.535125328923011
EML6,-0.535310928056009
PRCC,-0.535409035409035
BOLA3,-0.535409035409035
RPIA,-0.535409035409035
TTC21B,-0.535409035409035
AC093323.1,-0.535409035409035
MRPL22,-0.535409035409035
LTV1,-0.535409035409035
SLC37A3,-0.535409035409035
LEPROTL1,-0.535409035409035
TIMM10B,-0.535409035409035
KDM5A,-0.535409035409035
PRPF40B,-0.535409035409035
NIN,-0.535409035409035
INO80,-0.535409035409035
COX10,-0.535409035409035
MED1,-0.535409035409035
TRAV30,-0.535508629361528
PAICS,-0.536019536019536
MYLIP,-0.536019536019536
NEIL2,-0.536019536019536
CDK4,-0.536019536019536
SNURF,-0.536019536019536
ARID3B,-0.536019536019536
ZNF493,-0.536019536019536
ZSWIM9,-0.536019536019536
PATZ1,-0.536019536019536
MT-ATP8,-0.536019536019536
PARD6G,-0.536162971807689
BCS1L,-0.536630036630037
GFM1,-0.536630036630037
TPRG1,-0.536630036630037
ZNF628,-0.536630036630037
GTPBP6,-0.536630036630037
C17orf100,-0.537050894630726
PRKCZ,-0.537240537240537
NME7,-0.537240537240537
LAX1,-0.537240537240537
PPM1A,-0.537240537240537
NRDE2,-0.537240537240537
EDARADD,-0.53775666616249
CISD2,-0.537851037851038
TAF2,-0.537851037851038
SMU1,-0.537851037851038
ASB6,-0.537851037851038
SLC7A6,-0.537851037851038
TRAF4,-0.537851037851038
ZNF426,-0.537851037851038
FLT4,-0.537911630172745
CSF1,-0.538275640114491
RPSA,-0.538461538461538
CD38,-0.538461538461538
ELMO1,-0.538461538461538
RBM33,-0.538461538461538
SUPT20H,-0.538461538461538
DENND4A,-0.538461538461538
PARN,-0.538461538461538
CCDC28B,-0.539072039072039
DCAF17,-0.539072039072039
RETREG2,-0.539072039072039
GAR1,-0.539072039072039
PDE4D,-0.539072039072039
VPS50,-0.539072039072039
PDIA4,-0.539072039072039
TSHR,-0.539395557443584
LDAH,-0.53968253968254
GOLGA2,-0.53968253968254
MRPS2,-0.53968253968254
C12orf73,-0.53968253968254
CLK3,-0.53968253968254
MBTPS1,-0.53968253968254
APOL6,-0.53968253968254
RPS19BP1,-0.53968253968254
TPD52,-0.539764927674728
TIA1,-0.54029304029304
GYPC,-0.54029304029304
STAT4,-0.54029304029304
NR3C1,-0.54029304029304
RAD52,-0.54029304029304
NOC4L,-0.54029304029304
CDCA4,-0.54029304029304
TMEM87A,-0.54029304029304
OGFOD1,-0.54029304029304
CDK10,-0.54029304029304
ABCA5,-0.54029304029304
UBALD2,-0.54029304029304
PODN,-0.540897812059357
DNMT3A,-0.540903540903541
HIST1H4C,-0.540903540903541
PM20D2,-0.540903540903541
FBXL18,-0.540903540903541
ICE2,-0.540903540903541
MT-CYB,-0.540903540903541
SLC1A7,-0.540940399468417
RASGRF2,-0.541054296660183
PARD6B,-0.541119556058901
TRAV24,-0.5413381584908
NEK7,-0.541514041514041
GOLGB1,-0.541514041514041
MFHAS1,-0.541514041514041
SDHAF2,-0.541514041514041
KATNAL1,-0.541514041514041
EDC3,-0.541514041514041
ZNF880,-0.541514041514041
SSR4,-0.541514041514041
TRAT1,-0.541596709103488
RECQL4,-0.541668084858323
ACOX3,-0.542124542124542
CEP83,-0.542124542124542
PRPF39,-0.542124542124542
TBC1D20,-0.542124542124542
GDI1,-0.542124542124542
PLCL1,-0.542735042735043
STX2,-0.542735042735043
POLE,-0.542735042735043
PIAS4,-0.542735042735043
ZNF575,-0.542735042735043
LRP8,-0.543345543345543
SCAP,-0.543345543345543
ZFP41,-0.543345543345543
LPXN,-0.543345543345543
HDAC7,-0.543345543345543
ZNF84,-0.543345543345543
STK26,-0.543345543345543
MT-ND6,-0.543345543345543
IGHG2,-0.543428490532248
JHY,-0.543677560207169
ZNF71,-0.543733787437042
DNA2,-0.543871011428692
TGFBR3L,-0.543954346766027
EXOC6B,-0.543956043956044
RPN1,-0.543956043956044
TNIP1,-0.543956043956044
PTPA,-0.543956043956044
DNAJC24,-0.543956043956044
CLPTM1,-0.543956043956044
SGPP2,-0.544355202974875
ARL6IP6,-0.544566544566545
ANKRD44,-0.544566544566545
DYRK1A,-0.544566544566545
CIB2,-0.544788163218622
ESR1,-0.544882068790073
PLAAT2,-0.544970989403579
ADAR,-0.545177045177045
ARAP2,-0.545177045177045
AFF1,-0.545177045177045
TSTA3,-0.545177045177045
FBXO3,-0.545177045177045
PPHLN1,-0.545177045177045
HELB,-0.545177045177045
APPBP2,-0.545177045177045
ATP9B,-0.545177045177045
AP3D1,-0.545177045177045
ZNF224,-0.545177045177045
GNAS,-0.545177045177045
TRBV7-3,-0.545624113017078
CDC73,-0.545787545787546
TOPBP1,-0.545787545787546
SLF1,-0.545787545787546
CUTA,-0.545787545787546
ANKIB1,-0.545787545787546
NDUFAF6,-0.545787545787546
DENND4C,-0.545787545787546
CCDC77,-0.545787545787546
LCMT2,-0.545787545787546
CD2BP2,-0.545787545787546
SKAP1,-0.545787545787546
AKAP8,-0.545787545787546
TRBV6-4,-0.546128846614867
BCAS2,-0.546398046398046
CLASP1,-0.546398046398046
PASK,-0.546398046398046
NCK1,-0.546398046398046
SMAD3,-0.546398046398046
PIGW,-0.546398046398046
RBL1,-0.546398046398046
POGLUT2,-0.546518427950042
ACTR3C,-0.54673192852294
SLC30A6,-0.547008547008547
TRMT11,-0.547008547008547
ATAD5,-0.547008547008547
TRAV20,-0.547355994187531
PODXL2,-0.547397350294563
BBS5,-0.54749907274065
HIVEP3,-0.547619047619048
HMGCS1,-0.547619047619048
ZNF783,-0.547619047619048
CNTRL,-0.547619047619048
MT-ND5,-0.547619047619048
TNFRSF17,-0.547857810322534
IKBKE,-0.548229548229548
MRPL1,-0.548229548229548
MTO1,-0.548229548229548
ZFYVE27,-0.548229548229548
KLRB1,-0.548229548229548
XPO4,-0.548229548229548
RAD51D,-0.548229548229548
KMT5C,-0.548229548229548
MYO6,-0.548685976726489
SLC35D1,-0.548840048840049
KLC4,-0.548840048840049
PRDM1,-0.548840048840049
KPNA5,-0.548840048840049
CSTF2T,-0.548840048840049
PRR5L,-0.548840048840049
RPS3,-0.548840048840049
METTL2A,-0.548840048840049
MEX3C,-0.548840048840049
AKAP8L,-0.548840048840049
TRMT2A,-0.548840048840049
TOGARAM2,-0.549373922168274
PIAS3,-0.549450549450549
PCNX2,-0.549450549450549
CAMKMT,-0.549450549450549
ZNF235,-0.549450549450549
AMACR,-0.54983972553291
NAP1L2,-0.549897280833216
EEF1AKNMT,-0.55006105006105
IGF2R,-0.55006105006105
SHARPIN,-0.55006105006105
ABCB9,-0.55006105006105
N4BP2L2,-0.55006105006105
CHD8,-0.55006105006105
ZNF599,-0.55006105006105
ACTL10,-0.55006105006105
MAPK11,-0.55006105006105
FBXL16,-0.550397170501864
EDEM3,-0.550671550671551
NBEAL1,-0.550671550671551
MTRNR2L12,-0.550671550671551
PARP8,-0.550671550671551
BRPF3,-0.550671550671551
REV3L,-0.550671550671551
APBB1,-0.550671550671551
MRPS6,-0.550671550671551
SPECC1L,-0.550671550671551
RORC,-0.551051163726879
FHL2,-0.551128853690625
USP1,-0.551282051282051
ALMS1,-0.551282051282051
THAP4,-0.551282051282051
LZTFL1,-0.551282051282051
ALG3,-0.551282051282051
TRMO,-0.551282051282051
BUD13,-0.551282051282051
MTERF2,-0.551282051282051
LMO7,-0.551282051282051
YPEL3,-0.551282051282051
AC119396.1,-0.551282051282051
APEX2,-0.551282051282051
DOCK9,-0.551618917828173
LRFN3,-0.5517478404359
TADA1,-0.551892551892552
USP19,-0.551892551892552
RNF38,-0.551892551892552
SCAPER,-0.551892551892552
EEF2KMT,-0.551892551892552
ZNF829,-0.552229791491327
RAB15,-0.552360426548034
ATAD3A,-0.552503052503052
INPP4A,-0.552503052503052
DNAJB14,-0.552503052503052
FOXRED1,-0.552503052503052
SFSWAP,-0.552503052503052
KATNB1,-0.552503052503052
MYO1D,-0.552840665154481
GSDMB,-0.553042529327995
RASGRP3,-0.553113553113553
EPC2,-0.553113553113553
EEF1AKMT2,-0.553113553113553
DCUN1D5,-0.553113553113553
MRPS31,-0.553113553113553
PIK3C3,-0.553113553113553
GNG7,-0.553113553113553
ESS2,-0.553113553113553
MADCAM1,-0.553451538817635
FOXM1,-0.553591999405444
MFSD6,-0.553724053724054
ACSL3,-0.553724053724054
SH3GLB2,-0.553724053724054
CMC2,-0.553724053724054
GCSH,-0.553724053724054
IRF2BP1,-0.553724053724054
NTN4,-0.554040550902679
PLEKHB1,-0.554265398381236
FBXL4,-0.554334554334554
CDK2,-0.554334554334554
ARF6,-0.554334554334554
NAA30,-0.554334554334554
RPN2,-0.554334554334554
SNIP1,-0.554945054945055
MPHOSPH10,-0.554945054945055
MRPL32,-0.554945054945055
ADHFE1,-0.554945054945055
ACAT1,-0.554945054945055
PRR12,-0.554945054945055
ZBP1,-0.554945054945055
MT-ND4L,-0.554945054945055
TMEM156,-0.555182550171166
TROAP,-0.555318614457241
PLD6,-0.555422076887194
PYHIN1,-0.555555555555555
HEATR1,-0.555555555555555
GCC2,-0.555555555555555
RNF44,-0.555555555555555
ZNF292,-0.555555555555555
TIAL1,-0.555555555555555
DENND5B,-0.555555555555555
DYNLL2,-0.555555555555555
BPTF,-0.555555555555555
ZNF254,-0.555555555555555
TNRC6B,-0.555555555555555
GATA6,-0.555895033470252
IGFBP3,-0.556014733078633
FOXP3,-0.556014733078633
KALRN,-0.556055145120262
C9orf40,-0.556099701961096
FDPS,-0.556166056166056
CCNT2,-0.556166056166056
TATDN2,-0.556166056166056
PRKAR2A,-0.556166056166056
SDR39U1,-0.556166056166056
HERC1,-0.556166056166056
ZNF461,-0.556166056166056
TTI1,-0.556166056166056
BRCC3,-0.556166056166056
CD5,-0.556250960533571
C19orf73,-0.556505907133406
TMCC2,-0.556646822370958
SLC4A10,-0.556688932445338
TMEM115,-0.556776556776557
PSMD2,-0.556776556776557
SLBP,-0.556776556776557
NAA15,-0.556776556776557
CDC5L,-0.556776556776557
KLRC2,-0.556776556776557
VCPKMT,-0.556776556776557
LMF1,-0.556776556776557
NUDT21,-0.556776556776557
TAF15,-0.556776556776557
SPRTN,-0.557387057387057
FDXACB1,-0.557387057387057
PEBP1,-0.557387057387057
POP4,-0.557387057387057
GART,-0.557387057387057
ABCG1,-0.557387057387057
CFAP410,-0.557387057387057
DHRS3,-0.557472148152745
SERBP1,-0.557997557997558
MZT2A,-0.557997557997558
ANKRA2,-0.557997557997558
FOXK1,-0.557997557997558
MEN1,-0.557997557997558
C11orf1,-0.557997557997558
C12orf57,-0.557997557997558
VEZT,-0.557997557997558
NGDN,-0.557997557997558
NCBP3,-0.557997557997558
TASP1,-0.557997557997558
URB1,-0.557997557997558
ZBTB17,-0.558608058608059
NKTR,-0.558608058608059
HAUS3,-0.558608058608059
ANKRD17,-0.558608058608059
BRMS1,-0.558608058608059
APBA2,-0.558608058608059
KNL1,-0.558608058608059
TRAP1,-0.558608058608059
CBFB,-0.558608058608059
TRDV3,-0.558821567915742
IL23A,-0.559096313338487
TRAV35,-0.559176927674144
MTOR,-0.559218559218559
HNRNPR,-0.559218559218559
SNRNP40,-0.559218559218559
ZNF346,-0.559218559218559
E2F4,-0.559218559218559
COX11,-0.559218559218559
TNFSF9,-0.559218559218559
PTPN22,-0.55982905982906
MBNL1,-0.55982905982906
GMDS,-0.55982905982906
TDP2,-0.55982905982906
INTS9,-0.55982905982906
UPF3A,-0.55982905982906
TTC4,-0.56043956043956
TENT5C,-0.56043956043956
B3GNT2,-0.56043956043956
PSMD6,-0.56043956043956
ACTL6A,-0.56043956043956
FGFBP2,-0.56043956043956
HNRNPF,-0.56043956043956
IPO4,-0.56043956043956
KLHL28,-0.56043956043956
NLRP1,-0.56043956043956
CCR10,-0.56043956043956
SAP30BP,-0.56043956043956
SIRT2,-0.56043956043956
CCDC97,-0.56043956043956
VANGL1,-0.560782022775485
GCFC2,-0.561050061050061
ATF2,-0.561050061050061
PPP4R2,-0.561050061050061
CPLANE1,-0.561050061050061
UGCG,-0.561050061050061
TNRC6C,-0.561050061050061
STK25,-0.561660561660562
RASA2,-0.561660561660562
NUP155,-0.561660561660562
SYTL3,-0.561660561660562
MARCH8,-0.561660561660562
ZNF280C,-0.561660561660562
ORC1,-0.562158177047898
CCR6,-0.562158177047898
MATR3-1,-0.562271062271062
MLLT10,-0.562271062271062
STIM1,-0.562271062271062
MESD,-0.562271062271062
NEK8,-0.562271062271062
SLFN13,-0.562356898629439
TENM1,-0.562536883595074
MAEA,-0.562881562881563
METAP1,-0.562881562881563
ARFIP2,-0.562881562881563
RIC3,-0.562881562881563
RFFL,-0.562881562881563
PCED1A,-0.562881562881563
UFC1,-0.563492063492063
MAPKAPK2,-0.563492063492063
CD28,-0.563492063492063
NELFA,-0.563492063492063
FGFR1OP,-0.563492063492063
MVB12B,-0.563492063492063
RNF34,-0.563492063492063
CTU2,-0.563492063492063
PRDX2,-0.563492063492063
TRBV12-3,-0.564054990620371
ACP6,-0.564102564102564
MAML1,-0.564102564102564
SEPHS1,-0.564102564102564
TUT4,-0.564713064713065
TARS2,-0.564713064713065
BRD8,-0.564713064713065
PTTG1,-0.564713064713065
RPL7L1,-0.564713064713065
PLEKHA1,-0.564713064713065
MPHOSPH9,-0.564713064713065
R3HDM4,-0.564713064713065
TRIM47,-0.564774916938957
TYMS,-0.5652919533191
TTN,-0.565323565323565
WFS1,-0.565323565323565
CNOT6L,-0.565323565323565
SYNGAP1,-0.565323565323565
PEX1,-0.565323565323565
SLC7A1,-0.565323565323565
UBR7,-0.565323565323565
ELP5,-0.565323565323565
PIGL,-0.565323565323565
MSI2,-0.565323565323565
TAZ,-0.565323565323565
DARS,-0.565934065934066
ABHD14B,-0.565934065934066
VDAC3,-0.565934065934066
OSBP,-0.565934065934066
LIMA1,-0.565934065934066
NME1,-0.565934065934066
RNF125,-0.565934065934066
LIN37,-0.565934065934066
PAXBP1,-0.565934065934066
RADX,-0.56602046148696
RHPN1,-0.56618837165033
PRPF38B,-0.566544566544567
RBM34,-0.566544566544567
ADH5,-0.566544566544567
CYLD,-0.566544566544567
AMOT,-0.56679980617695
PDCD1,-0.567057158982956
ISY1,-0.567155067155067
RAPGEF6,-0.567155067155067
SCML4,-0.567155067155067
TRIM4,-0.567155067155067
RABL6,-0.567155067155067
CD59,-0.567155067155067
REXO1,-0.567155067155067
ZNF420,-0.567155067155067
COL18A1,-0.567155067155067
ITM2A,-0.567155067155067
KLHL20,-0.567765567765568
IMP4,-0.567765567765568
GRAMD2B,-0.567765567765568
UHRF2,-0.567765567765568
FAM120AOS,-0.567765567765568
HDHD3,-0.567765567765568
DGKH,-0.567765567765568
SON,-0.567765567765568
ZNF737,-0.56785224291572
SLC2A1,-0.568022675230191
SMKR1,-0.568099250002862
AURKB,-0.568281904466721
PPIE,-0.568376068376068
TAMM41,-0.568376068376068
SGTB,-0.568376068376068
TMEM161B,-0.568376068376068
ELP1,-0.568376068376068
CCDC186,-0.568376068376068
TRMT112,-0.568376068376068
RESF1,-0.568376068376068
MOAP1,-0.568376068376068
ALG1,-0.568376068376068
SCAF4,-0.568376068376068
C12orf42,-0.568634109756811
B3GAT1,-0.568693600740604
UTP25,-0.568986568986569
SLC39A10,-0.568986568986569
MOSPD3,-0.568986568986569
NCAPG2,-0.568986568986569
SRSF8,-0.568986568986569
LCMT1,-0.568986568986569
CNOT3,-0.568986568986569
PRAF2,-0.568986568986569
PALM2-AKAP2,-0.569334254059642
NEO1,-0.569506649950485
CAMK4,-0.56959706959707
ACSL5,-0.56959706959707
NUMA1,-0.56959706959707
ADPRM,-0.56959706959707
EML2,-0.56959706959707
RCAN2,-0.569829640516632
PIK3C2B,-0.57020757020757
DUSP11,-0.57020757020757
RPUSD3,-0.57020757020757
DCAF1,-0.57020757020757
MTRR,-0.57020757020757
KCTD7,-0.57020757020757
ZNF282,-0.57020757020757
PRF1,-0.57020757020757
RPUSD4,-0.57020757020757
INTS13,-0.57020757020757
RITA1,-0.57020757020757
ASB7,-0.57020757020757
ALYREF,-0.57020757020757
ZNF14,-0.57020757020757
MORC2,-0.57020757020757
EPHX4,-0.570655377111987
SCAMP3,-0.570818070818071
CTLA4,-0.570818070818071
PRMT3,-0.570818070818071
HNRNPUL2,-0.570818070818071
PHF12,-0.570818070818071
GPKOW,-0.570818070818071
SV2A,-0.57085828546338
ELMO3,-0.570905211963654
LAG3,-0.571166875049105
TRAV26-2,-0.571412589513703
CDK11A,-0.571428571428571
SMG5,-0.571428571428571
TMEM184C,-0.571428571428571
CDKAL1,-0.571428571428571
ZDHHC13,-0.571428571428571
POLA2,-0.571428571428571
SMARCC2,-0.571428571428571
METTL23,-0.571428571428571
USP36,-0.571428571428571
DGCR2,-0.571428571428571
CD99,-0.571428571428571
CCDC65,-0.571476766812744
RRAS2,-0.571515805773241
IL2RB,-0.571515805773241
PATJ,-0.571777748712259
TMEM41B,-0.572039072039072
ZNF286A,-0.572039072039072
STAT3,-0.572039072039072
BTG3,-0.572039072039072
ZNF527,-0.572126399582828
ERCC3,-0.572649572649573
ACAD11,-0.572649572649573
KIAA1109,-0.572649572649573
MTREX,-0.572649572649573
CCHCR1,-0.572649572649573
HDDC2,-0.572649572649573
PTRH1,-0.572649572649573
CCR5,-0.572736993392415
ATG9B,-0.572999496038567
TRBV12-4,-0.573022970186155
FXYD7,-0.573180886401779
ULK4,-0.573260073260073
RETREG1,-0.573260073260073
ENC1,-0.573260073260073
ASF1A,-0.573260073260073
KIAA0586,-0.573260073260073
IFI27L1,-0.573260073260073
AVEN,-0.573260073260073
HIST1H3C,-0.573482900239779
CHTOP,-0.573870573870574
CIAO1,-0.573870573870574
DKK3,-0.573870573870574
TMEM263,-0.573870573870574
PPP2R5E,-0.573870573870574
NIP7,-0.573870573870574
DERL2,-0.573870573870574
PGAP3,-0.573870573870574
CD7,-0.573870573870574
ARHGAP45,-0.573870573870574
PLXDC1,-0.57410489904698
KLRC3,-0.574198859359729
MFGE8,-0.574198859359729
CHAF1B,-0.574405631885543
TRIM11,-0.574481074481074
MFSD8,-0.574481074481074
PRIMPOL,-0.574481074481074
TNFAIP8,-0.574481074481074
DGKA,-0.574481074481074
ERG28,-0.574481074481074
SHISAL2A,-0.574832117028029
SRSF11,-0.575091575091575
ANAPC1,-0.575091575091575
CLPTM1L,-0.575091575091575
DROSHA,-0.575091575091575
CCDC25,-0.575091575091575
THAP1,-0.575091575091575
CENPP,-0.575091575091575
IPPK,-0.575091575091575
CD82,-0.575091575091575
NAA40,-0.575091575091575
PLEKHA5,-0.575179368630762
OSBPL10,-0.575665606812944
C1orf50,-0.575702075702076
ANKRD36C,-0.575702075702076
SETD2,-0.575702075702076
ZHX2,-0.575702075702076
RAB37,-0.575702075702076
ESCO1,-0.575702075702076
VSIG8,-0.575789962440349
FEZ1,-0.576277041339564
CCNL2,-0.576312576312576
IFFO2,-0.576312576312576
CRYZ,-0.576312576312576
ZAP70,-0.576312576312576
ZNF595,-0.576312576312576
MLLT3,-0.576312576312576
PITRM1,-0.576312576312576
CCAR1,-0.576312576312576
GPAM,-0.576312576312576
PPP2R2D,-0.576312576312576
GNPTAB,-0.576312576312576
BCL11B,-0.576312576312576
UBE3A,-0.576312576312576
THOC1,-0.576312576312576
OGT,-0.576312576312576
CARNS1,-0.576376097267514
TBX21,-0.576400556249935
ZNF681,-0.576654012152288
SLC38A5,-0.576855122853072
CYB561D1,-0.576923076923077
LBR,-0.576923076923077
CLASP2,-0.576923076923077
B4GALT4,-0.576923076923077
ERMP1,-0.576923076923077
ABHD15,-0.576923076923077
DDX5,-0.576923076923077
GADD45GIP1,-0.576923076923077
PDZD11,-0.576923076923077
SOX12,-0.577011150059522
FAM169A,-0.577267800350427
ZMYND12,-0.577533577533577
ZRANB2,-0.577533577533577
ERO1B,-0.577533577533577
IGKC,-0.577533577533577
TNKS2,-0.577533577533577
TUBG2,-0.577533577533577
APOL3,-0.577533577533577
TRBV5-4,-0.577970820981071
CD247,-0.578144078144078
CEP350,-0.578144078144078
TAF1B,-0.578144078144078
BRIX1,-0.578144078144078
PPWD1,-0.578144078144078
TMEM181,-0.578144078144078
NDUFV1,-0.578144078144078
TRAPPC6B,-0.578144078144078
SGF29,-0.578144078144078
P2RX5,-0.578144078144078
HNRNPM,-0.578144078144078
SPAG5,-0.578537634583489
FBXO48,-0.578754578754579
ATG4B,-0.578754578754579
IGHA2,-0.578754578754579
APOA1,-0.578802270845777
CCDC51,-0.579365079365079
CSNK1G3,-0.579365079365079
GTF3C4,-0.579365079365079
KLHL42,-0.579365079365079
ZFC3H1,-0.579365079365079
KLHDC2,-0.579365079365079
SMURF2,-0.579365079365079
CST7,-0.579365079365079
CDC7,-0.579453525297869
ZNF48,-0.579453525297869
ATXN7L2,-0.57997557997558
BRD2,-0.57997557997558
HSPA14,-0.57997557997558
KRI1,-0.57997557997558
KCNN4,-0.57997557997558
XBP1,-0.57997557997558
MICU3,-0.580529359304365
TTC16,-0.580557083025905
PTMS,-0.580586080586081
SHMT2,-0.580586080586081
IGHA1,-0.580586080586081
TUFM,-0.580586080586081
MT1F,-0.580586080586081
TMUB2,-0.580586080586081
LONP1,-0.580586080586081
CHD6,-0.580586080586081
SLC14A1,-0.580946885926196
ERICH6,-0.580980009821836
MRFAP1L1,-0.581196581196581
ARSK,-0.581196581196581
MADD,-0.581196581196581
PPME1,-0.581196581196581
LMBR1L,-0.581196581196581
METTL26,-0.581196581196581
SLC16A11,-0.581257423638336
BEND4,-0.581315982940886
FCRLA,-0.581474234815836
TMSB15B,-0.581681709077258
CHI3L2,-0.58175410478813
TTC13,-0.581807081807082
USP34,-0.581807081807082
ARID1B,-0.581807081807082
ZNF32,-0.581807081807082
KIF20B,-0.581807081807082
RBM26,-0.581807081807082
POFUT2,-0.581807081807082
P3H4,-0.582001035780027
GCNT4,-0.58220119744101
IL18R1,-0.582366477530012
HIST1H4A,-0.582391386605766
TRIM62,-0.582417582417582
SSB,-0.582417582417582
DHX30,-0.582417582417582
CD96,-0.582417582417582
IRF4,-0.582417582417582
UTP23,-0.582417582417582
POGLUT3,-0.582417582417582
PIGH,-0.582417582417582
ZNF410,-0.582417582417582
TIPIN,-0.582417582417582
ZNF383,-0.582417582417582
BEX2,-0.582417582417582
FBXL22,-0.582506494345803
PHGDH,-0.582697103869076
PUM1,-0.583028083028083
ERLEC1,-0.583028083028083
PBX4,-0.583028083028083
SH2D2A,-0.58311708815539
PRPF3,-0.583638583638584
TTC30B,-0.583638583638584
ZNF622,-0.583638583638584
SLC25A32,-0.583638583638584
CD79A,-0.583638583638584
NSG1,-0.583919972922317
TRBV3-1,-0.584019470529965
SRSF10,-0.584249084249084
FAF1,-0.584249084249084
RNF115,-0.584249084249084
HNRNPA3,-0.584249084249084
MDC1,-0.584249084249084
SVIP,-0.584249084249084
AARSD1,-0.584249084249084
SLC35E2B,-0.584859584859585
GSK3B,-0.584859584859585
NIPBL,-0.584859584859585
SCAF8,-0.584859584859585
ORC5,-0.584859584859585
CEMIP2,-0.584859584859585
DHX8,-0.584859584859585
FBXO46,-0.584859584859585
BCL2L1,-0.584859584859585
ANKRD54,-0.584859584859585
MT-ATP6,-0.584859584859585
ZNF823,-0.585142841975557
TRAV8-2,-0.585247046926244
TRBV6-1,-0.585392597173444
EXOC8,-0.585470085470085
MBD5,-0.585470085470085
WDR6,-0.585470085470085
LIN54,-0.585470085470085
ZNF107,-0.585470085470085
DCAF4,-0.585470085470085
RPA1,-0.585470085470085
TPGS2,-0.585470085470085
RABAC1,-0.585470085470085
CBR3,-0.585470085470085
GTDC1,-0.586080586080586
SMC4,-0.586080586080586
SLC30A9,-0.586080586080586
RAD17,-0.586080586080586
FAM172A,-0.586080586080586
NOL7,-0.586080586080586
MCPH1,-0.586080586080586
PDE7A,-0.586080586080586
GBF1,-0.586080586080586
KANSL2,-0.586080586080586
ZNF548,-0.586080586080586
PHF8,-0.586080586080586
OCIAD2,-0.586170057203324
ST3GAL3,-0.586691086691087
TRMT10C,-0.586691086691087
TBRG1,-0.586691086691087
ZNF101,-0.586691086691087
ABCD2,-0.587088411520663
RPRD2,-0.587301587301587
EIF2AK3,-0.587301587301587
TIFA,-0.587301587301587
MANEA,-0.587301587301587
LRWD1,-0.587301587301587
MRPL43,-0.587301587301587
NUCB2,-0.587301587301587
SAFB,-0.587301587301587
RTP5,-0.587391244822498
IGLC3,-0.587894297345348
PNO1,-0.587912087912088
HSPA9,-0.587912087912088
FDFT1,-0.587912087912088
C12orf65,-0.587912087912088
ZNF154,-0.588485003920266
EPB41,-0.588522588522589
ELK4,-0.588522588522589
MFSD9,-0.588522588522589
MSL2,-0.588522588522589
NAP1L5,-0.588522588522589
CENPH,-0.588522588522589
RUNX2,-0.588522588522589
BPGM,-0.588522588522589
PGAP2,-0.588522588522589
PTPN11,-0.588522588522589
TC2N,-0.588522588522589
PRSS21,-0.588522588522589
CFAP20,-0.588522588522589
MRPL4,-0.588522588522589
ZNF506,-0.588522588522589
PBDC1,-0.588522588522589
BLK,-0.588622882016013
TNFRSF9,-0.588929776115083
IGFBP4,-0.589032870419816
OBSCN,-0.589117166398589
ITM2C,-0.589133089133089
ENPP4,-0.589133089133089
NCBP1,-0.589133089133089
MRM3,-0.589133089133089
ZFP82,-0.589133089133089
CSNK1E,-0.589133089133089
RAD51AP1,-0.589223026251258
ZNF507,-0.589223026251258
BFSP1,-0.58925565098879
HIST1H3J,-0.589307612270311
CHAC2,-0.589422883661899
CD80,-0.589493084943728
CCT4,-0.58974358974359
TRIM52,-0.58974358974359
CYP2R1,-0.58974358974359
CRACR2A,-0.58974358974359
TRAC,-0.58974358974359
CPNE7,-0.589903184671195
HAPLN3,-0.590327323174481
GSTCD,-0.59035409035409
USP38,-0.59035409035409
CD6,-0.59035409035409
C17orf75,-0.59035409035409
STRN,-0.590964590964591
TIPARP,-0.590964590964591
CENPE,-0.590964590964591
HDGFL3,-0.590964590964591
STK4,-0.590964590964591
MCM3AP,-0.590964590964591
CDPF1,-0.590964590964591
SIDT1,-0.591054807680019
PI16,-0.591552068658246
CDT1,-0.591552068658246
ACTR1B,-0.591575091575091
EPB41L5,-0.591575091575091
ING5,-0.591575091575091
PDCD2,-0.591575091575091
SLC38A1,-0.591575091575091
COG6,-0.591575091575091
PLEKHJ1,-0.591575091575091
DSCC1,-0.592024734996906
CLK2,-0.592185592185592
ITGB1BP1,-0.592185592185592
DNAJC19,-0.592185592185592
CENPC,-0.592185592185592
LSM2,-0.592185592185592
RAB6A,-0.592185592185592
ZCCHC8,-0.592185592185592
RORA,-0.592185592185592
FN3KRP,-0.592185592185592
ISYNA1,-0.592185592185592
PRELID3B,-0.592185592185592
TRIB2,-0.592275995299192
CBY1,-0.592275995299192
TRBV28,-0.592305611204851
DLG3,-0.592386544413834
WBP1,-0.592796092796093
RNF139,-0.592796092796093
EDRF1,-0.592796092796093
BAG2,-0.593158326922653
YIPF5,-0.593406593406593
STAMBPL1,-0.593406593406593
PPP6R3,-0.593406593406593
ABCC4,-0.593406593406593
ZNF569,-0.593406593406593
KRBOX4,-0.593406593406593
TSC22D3,-0.593406593406593
POU3F1,-0.593535864550185
ITGA6,-0.593802479823159
ZNF76,-0.594017094017094
TBC1D31,-0.594017094017094
CLPX,-0.594017094017094
CLUH,-0.594017094017094
ZNF568,-0.594017094017094
RAB3GAP2,-0.594627594627595
CFLAR,-0.594627594627595
DNAJB2,-0.594627594627595
CMSS1,-0.594627594627595
RALGDS,-0.594627594627595
ARGLU1,-0.594627594627595
NUBPL,-0.594627594627595
CEP95,-0.594627594627595
ZNF567,-0.594627594627595
POLA1,-0.594627594627595
GAB3,-0.594627594627595
ABCB1,-0.59506765809648
PCSK1N,-0.595231511664791
NICN1,-0.595238095238095
PHF7,-0.595238095238095
POLR2H,-0.595238095238095
ANXA2R,-0.595238095238095
HMGXB3,-0.595238095238095
GEMIN5,-0.595238095238095
USP42,-0.595238095238095
MPP6,-0.595238095238095
CYCS,-0.595238095238095
KCTD9,-0.595238095238095
ZNF250,-0.595238095238095
PGM2L1,-0.595238095238095
KLRD1,-0.595238095238095
CEP290,-0.595238095238095
ZNF140,-0.595238095238095
RASGRP1,-0.595238095238095
IMP3,-0.595238095238095
RETREG3,-0.595238095238095
SLC4A4,-0.59537455219555
TBCK,-0.595848595848596
CHST12,-0.595848595848596
DBF4,-0.595848595848596
IFT43,-0.595848595848596
KPNA2,-0.595848595848596
CDC20,-0.595897132314588
CFH,-0.59590678011264
ASPM,-0.596212695238424
INTS12,-0.596459096459097
NUP188,-0.596459096459097
GCN1,-0.596459096459097
METTL3,-0.596459096459097
CD40LG,-0.596760097981341
UBASH3A,-0.596855448871093
VSIG1,-0.597063423335186
DNAJC27,-0.597069597069597
FAM98A,-0.597069597069597
LY75,-0.597069597069597
COQ10B,-0.597069597069597
NKIRAS1,-0.597069597069597
SIMC1,-0.597069597069597
PAOX,-0.597069597069597
ATM,-0.597069597069597
PCNX1,-0.597069597069597
ARMCX3,-0.597069597069597
SLC25A4,-0.597312835843471
GLB1L3,-0.597494711757791
PEX16,-0.597680097680098
EML3,-0.597680097680098
FAM177A1,-0.597680097680098
MRPL46,-0.597680097680098
ITFG1,-0.597680097680098
MYO1C,-0.597680097680098
CCL4,-0.597680097680098
AP5S1,-0.597680097680098
SLA2,-0.597680097680098
PAPOLG,-0.598290598290598
GKAP1,-0.598290598290598
RALY,-0.598290598290598
GPR171,-0.598750387285318
HIST1H4B,-0.598750387285318
CD70,-0.598900541560833
NCDN,-0.598901098901099
SLC5A6,-0.598901098901099
MSH2,-0.598901098901099
DUSP16,-0.598901098901099
DOHH,-0.598901098901099
PARM1,-0.598992527204647
DERL3,-0.598992527204647
ZNF248,-0.599511599511599
CAND1,-0.599511599511599
PNN,-0.599511599511599
TACO1,-0.599511599511599
LRRC8C,-0.6001221001221
RAD54L2,-0.6001221001221
ENOPH1,-0.6001221001221
RAD9A,-0.6001221001221
SHPK,-0.6001221001221
SRSF2,-0.6001221001221
TNFRSF13C,-0.6001221001221
TRGV7,-0.600591751879738
MUTYH,-0.600732600732601
WDR35,-0.600732600732601
SLC41A3,-0.600732600732601
CDC23,-0.600732600732601
CEP57,-0.600732600732601
MAF,-0.600732600732601
IL7R,-0.601343101343101
PHF3,-0.601343101343101
ANKMY2,-0.601343101343101
ZNRF2,-0.601343101343101
PIDD1,-0.601343101343101
KLRK1,-0.601343101343101
PRKCH,-0.601343101343101
CENPV,-0.601343101343101
ZNF266,-0.601343101343101
ZNF836,-0.601343101343101
TRAV21,-0.601782352931602
DDX1,-0.601953601953602
HEMK1,-0.601953601953602
FOXP1,-0.601953601953602
MAD2L1,-0.601953601953602
SLC25A45,-0.601953601953602
DAAM1,-0.601953601953602
BTBD1,-0.601953601953602
FTO,-0.601953601953602
MINK1,-0.601953601953602
CHD3,-0.601953601953602
PSMD11,-0.601953601953602
KAT7,-0.601953601953602
ZNF709,-0.601953601953602
CDCA2,-0.602091593606284
AKIRIN1,-0.602564102564102
CDC42SE1,-0.602564102564102
ACP1,-0.602564102564102
ABHD14A,-0.602564102564102
BTAF1,-0.602564102564102
MAX,-0.602564102564102
CPT1B,-0.602564102564102
TMEM14A,-0.602656090062168
DUSP4,-0.602932305533119
OTUD7A,-0.602961386966961
GPN1,-0.603174603174603
FNTA,-0.603174603174603
HGH1,-0.603174603174603
CLEC2D,-0.603174603174603
TMEM117,-0.603174603174603
C12orf49,-0.603174603174603
DNAJA4,-0.603174603174603
LZTR1,-0.603174603174603
MEI1,-0.603174603174603
GPX7,-0.603187150754008
NR3C2,-0.603571980776548
RRP9,-0.603785103785104
BORCS5,-0.603785103785104
AKAP13,-0.603785103785104
SLC9A3R1,-0.603785103785104
SARS2,-0.603785103785104
FAM184A,-0.60425627832906
LIPE,-0.60425627832906
C1orf21,-0.604395604395604
EHBP1,-0.604395604395604
WDR48,-0.604395604395604
DHX36,-0.604395604395604
JCHAIN,-0.604395604395604
CD27,-0.604395604395604
ACSF3,-0.604395604395604
CD320,-0.604395604395604
ZMYND8,-0.604395604395604
GPN2,-0.605006105006105
ZNF638,-0.605006105006105
POMK,-0.605006105006105
ZNF184,-0.605616605616606
OSBPL3,-0.605616605616606
AUTS2,-0.605616605616606
TMEM67,-0.605616605616606
DDX55,-0.605616605616606
PATL2,-0.605616605616606
PEX26,-0.605616605616606
PPP2R2B,-0.605636641721537
FRMPD3,-0.606091526731326
ANKH,-0.606227106227106
COQ3,-0.606227106227106
AP3M2,-0.606227106227106
RBM25,-0.606227106227106
GZMM,-0.606227106227106
MATK,-0.606227106227106
FGFR1,-0.606597547512044
DFFA,-0.606837606837607
CACYBP,-0.606837606837607
VILL,-0.606837606837607
GK5,-0.606837606837607
HIST1H4J,-0.606837606837607
NCOA7,-0.606837606837607
RSRC2,-0.606837606837607
MPRIP,-0.606837606837607
TRGV5,-0.606861387205302
MAP3K9,-0.6070394444012
PANK4,-0.607448107448107
NUF2,-0.607448107448107
PAM,-0.607448107448107
PHACTR2,-0.607448107448107
SHPRH,-0.607448107448107
TMEM248,-0.607448107448107
CTNNAL1,-0.607448107448107
PDE3B,-0.607448107448107
FAM76B,-0.607448107448107
WNK1,-0.607448107448107
MARCH9,-0.607448107448107
FANCM,-0.607448107448107
C19orf44,-0.607448107448107
BCAS4,-0.607448107448107
DOCK3,-0.607473759947184
DLG5,-0.607473759947184
POU2AF1,-0.607473759947184
OTUD7B,-0.607765919460506
TRAV1-1,-0.607957210257415
MCM6,-0.608058608058608
ARMC8,-0.608058608058608
SYNJ2,-0.608058608058608
ZBTB25,-0.608058608058608
PRPS1,-0.608058608058608
IL12RB2,-0.608086132689066
CSGALNACT1,-0.608151434348449
SLC25A12,-0.608669108669109
SLC4A7,-0.608669108669109
CEP70,-0.608669108669109
HECTD4,-0.608669108669109
CDAN1,-0.608669108669109
C16orf54,-0.608669108669109
PITPNB,-0.608669108669109
DRG1,-0.608669108669109
RAB9A,-0.608669108669109
RBM15,-0.609279609279609
CAD,-0.609279609279609
C15orf41,-0.609279609279609
TOMM40,-0.609279609279609
ASMTL,-0.609279609279609
SH2D1A,-0.609372621967622
YTHDF2,-0.60989010989011
SNRK,-0.60989010989011
CIP2A,-0.60989010989011
RNF168,-0.60989010989011
LYAR,-0.60989010989011
SLC39A8,-0.60989010989011
PREP,-0.60989010989011
CD69,-0.60989010989011
NEDD1,-0.60989010989011
DUS3L,-0.60989010989011
USP25,-0.60989010989011
MAGED1,-0.60989010989011
MRPL9,-0.610500610500611
SLC33A1,-0.610500610500611
RABEPK,-0.610500610500611
ERCC6,-0.610500610500611
NPAT,-0.610500610500611
TMEM62,-0.610500610500611
C3orf18,-0.610535623656595
SYT5,-0.610899106491589
PIK3R3,-0.611111111111111
FBXO5,-0.611111111111111
ZNF189,-0.611111111111111
VAMP1,-0.611111111111111
DDX23,-0.611111111111111
SMAGP,-0.611111111111111
GOLGA8B,-0.611111111111111
GGA2,-0.611111111111111
RPL3,-0.611111111111111
CCNE2,-0.611333045347183
GSTO2,-0.611484536817277
PRUNE1,-0.611721611721612
LY9,-0.611721611721612
OXNAD1,-0.611721611721612
SLC25A38,-0.611721611721612
TNFAIP3,-0.611721611721612
ZCCHC7,-0.611721611721612
EED,-0.611721611721612
RECQL,-0.611721611721612
ITGB7,-0.611721611721612
C19orf12,-0.611721611721612
PABPC1L,-0.611721611721612
HPS4,-0.611721611721612
MIXL1,-0.611842237673629
TRAV2,-0.612046826286271
GADD45A,-0.612332112332112
FASTKD1,-0.612332112332112
BDH1,-0.612332112332112
SFXN1,-0.612332112332112
TYW1,-0.612332112332112
METTL1,-0.612332112332112
SCFD1,-0.612332112332112
ZNF720,-0.612332112332112
BEX5,-0.612372741882242
YPEL1,-0.612425591015556
TTC24,-0.61260577654548
TRBV9,-0.612867515842533
BSDC1,-0.612942612942613
SRSF7,-0.612942612942613
RHOH,-0.612942612942613
NSUN2,-0.612942612942613
DMTF1,-0.612942612942613
TGS1,-0.612942612942613
TRIM68,-0.612942612942613
SLC3A2,-0.612942612942613
COG7,-0.612942612942613
ADAT1,-0.612942612942613
DAPK2,-0.613290823900674
HIP1R,-0.613317157806739
AP4B1,-0.613553113553114
ACBD3,-0.613553113553114
RBM45,-0.613553113553114
NOP16,-0.613553113553114
ABCF1,-0.613553113553114
POLG,-0.613553113553114
UPF3B,-0.613553113553114
ZNF280B,-0.613574547463398
SNTA1,-0.61364677863473
SELENOK,-0.614163614163614
BBX,-0.614163614163614
ABT1,-0.614163614163614
SUPT16H,-0.614163614163614
SYNE2,-0.614163614163614
TCF12,-0.614163614163614
SNRPA1,-0.614163614163614
NUBP2,-0.614163614163614
NLE1,-0.614163614163614
GTPBP3,-0.614163614163614
IGLV3-21,-0.614185981990018
TRBV29-1,-0.614209860107889
DUSP14,-0.614209860107889
KANK3,-0.614461220593573
PDS5A,-0.614774114774115
PRKDC,-0.614774114774115
MYBL1,-0.614774114774115
ERCC5,-0.614774114774115
TBC1D25,-0.614774114774115
TMEM237,-0.614867966253904
EPHA4,-0.615322668635091
IQCB1,-0.615384615384615
MSMO1,-0.615384615384615
ITGB1,-0.615384615384615
OGA,-0.615384615384615
SMIM10L1,-0.615384615384615
TSPOAP1,-0.615384615384615
USP14,-0.615384615384615
TTC39C,-0.615384615384615
MTFP1,-0.615384615384615
KLRC4,-0.61547856006349
NELL2,-0.61547856006349
THEM4,-0.615995115995116
CD84,-0.615995115995116
RELL2,-0.615995115995116
AP002495.1,-0.615995115995116
ZMYM5,-0.615995115995116
PM20D1,-0.616447501828162
TMCO4,-0.616605616605617
HNRNPLL,-0.616605616605617
SHISA5,-0.616605616605617
PARP3,-0.616605616605617
RNF4,-0.616605616605617
HACE1,-0.616605616605617
C1QBP,-0.616605616605617
VAMP2,-0.616605616605617
DGKE,-0.616605616605617
INTS2,-0.616605616605617
BCL2,-0.616605616605617
SAMD10,-0.616605616605617
MYBL2,-0.616857139130441
SLAMF6,-0.617216117216117
WDR33,-0.617216117216117
KRIT1,-0.617216117216117
UBE2H,-0.617216117216117
GANAB,-0.617216117216117
RAB30,-0.617216117216117
CD3E,-0.617216117216117
CNKSR1,-0.617633787990723
ATAD3B,-0.617826617826618
HIST2H2AC,-0.617826617826618
PTCD3,-0.617826617826618
CNOT4,-0.617826617826618
SARAF,-0.617826617826618
USP28,-0.617826617826618
NDUFA9,-0.617826617826618
GDF11,-0.617826617826618
BTG1,-0.617826617826618
PITPNM2,-0.617826617826618
HAGHL,-0.617826617826618
FANCA,-0.617826617826618
TSHZ1,-0.617826617826618
PDCD2L,-0.617826617826618
SNRPA,-0.617826617826618
RANGAP1,-0.617826617826618
SDE2,-0.618437118437118
CENPK,-0.618437118437118
TFB1M,-0.618437118437118
FABP5,-0.618437118437118
SPOCK2,-0.618437118437118
TARSL2,-0.618437118437118
ZNF830,-0.618437118437118
MAP4K1,-0.618437118437118
ZNF611,-0.618437118437118
C1orf159,-0.619047619047619
CLSPN,-0.619047619047619
MCOLN2,-0.619047619047619
ZFAND2B,-0.619047619047619
NGLY1,-0.619047619047619
ZBTB2,-0.619047619047619
NFX1,-0.619047619047619
EPC1,-0.619047619047619
H2AFX,-0.619047619047619
DYNC1H1,-0.619047619047619
S1PR5,-0.619047619047619
ARMC6,-0.619047619047619
PTPRCAP,-0.61907745820298
IFNLR1,-0.619108842042947
PRRT3,-0.619142122921011
STARD9,-0.619142122921011
BRIP1,-0.619409071388488
C1orf61,-0.619481147276837
PACSIN1,-0.619481147276837
TRBV7-4,-0.619481147276837
PKN3,-0.61961918602207
TNFRSF13B,-0.61961918602207
TMEM243,-0.61965811965812
MTAP,-0.61965811965812
RAD51B,-0.61965811965812
SMG1,-0.61965811965812
KCTD13,-0.61965811965812
CRNKL1,-0.61965811965812
RPS4X,-0.61965811965812
TRMT13,-0.62026862026862
TNIK,-0.62026862026862
TOX,-0.62026862026862
WEE1,-0.62026862026862
KLC2,-0.62026862026862
PHC1,-0.62026862026862
MAPK1IP1L,-0.62026862026862
ATRX,-0.62026862026862
TRAV13-1,-0.620333587526711
TRBV19,-0.62060604451953
ASNS,-0.620646034087217
NDC80,-0.620668607444978
ALG6,-0.620879120879121
RNASEH1,-0.620879120879121
TMF1,-0.620879120879121
PNISR,-0.620879120879121
PLPP6,-0.620879120879121
CCDC32,-0.620879120879121
SLTM,-0.620879120879121
IKZF3,-0.620879120879121
UBQLN2,-0.620879120879121
NLRC3,-0.620973904349771
TRBV7-2,-0.621258515427743
WDPCP,-0.621489621489621
TUBB4B,-0.621489621489621
TASOR2,-0.621489621489621
COQ10A,-0.621489621489621
DDX19A,-0.621489621489621
SYS1,-0.621489621489621
PMM1,-0.621489621489621
TRAV29DV5,-0.621573756111264
ASTN2,-0.621998807201495
TRAV12-1,-0.622074338814629
NIBAN1,-0.622100122100122
CCDC71,-0.622100122100122
TAF4B,-0.622100122100122
VPS4B,-0.622100122100122
VRK3,-0.622100122100122
PTCH1,-0.622688127012768
ANKZF1,-0.622710622710623
STK17A,-0.622710622710623
PLPP5,-0.622710622710623
CCSER2,-0.622710622710623
TGFBR3,-0.623321123321123
EPRS,-0.623321123321123
PARP15,-0.623321123321123
DLG1,-0.623321123321123
CFAP97,-0.623321123321123
TBPL1,-0.623321123321123
FAM102A,-0.623321123321123
MAN1B1,-0.623321123321123
WAPL,-0.623321123321123
CTSW,-0.623321123321123
STT3A,-0.623321123321123
DHRS1,-0.623321123321123
PPP5C,-0.623321123321123
TRGV3,-0.623915703409048
KDM1A,-0.623931623931624
SF3B4,-0.623931623931624
KBTBD4,-0.623931623931624
PHF11,-0.623931623931624
MYEF2,-0.623931623931624
HNRNPUL1,-0.623931623931624
ZNF428,-0.623931623931624
TIGIT,-0.624026873397705
CEP128,-0.624026873397705
TRAV8-3,-0.624222597508118
PERP,-0.624274651679252
SIT1,-0.624274651679252
PTGDR,-0.624312883743513
DNPEP,-0.624542124542125
RBM15B,-0.624542124542125
COQ6,-0.624542124542125
PMM2,-0.624542124542125
ZNF160,-0.624542124542125
TOX2,-0.624542124542125
APOBEC3C,-0.624542124542125
ITPR3,-0.624637467207292
NPDC1,-0.624637467207292
ACOT4,-0.624637467207292
ZNF831,-0.624923757406668
XCL1,-0.625108801237503
ZBTB20,-0.625152625152625
MFSD10,-0.625152625152625
GLCCI1,-0.625152625152625
EXOSC8,-0.625152625152625
DIS3L,-0.625152625152625
EML5,-0.625284644207451
ILF2,-0.625763125763126
CAPN7,-0.625763125763126
XPO5,-0.625763125763126
UBL4A,-0.625763125763126
MORN3,-0.625844942203651
BTLA,-0.626063962102537
IL18RAP,-0.626108955259112
TRBV20-1,-0.626163951731259
TRAV8-1,-0.626254797992587
SLC4A1AP,-0.626373626373626
GZMA,-0.626373626373626
TCERG1,-0.626373626373626
ST7,-0.626373626373626
DERL1,-0.626373626373626
SMC3,-0.626373626373626
PCSK7,-0.626373626373626
CD3D,-0.626373626373626
DDIT3,-0.626373626373626
CBFA2T2,-0.626373626373626
ADAM19,-0.626414672522422
IGLV1-47,-0.626720389785733
ASB1,-0.626984126984127
PPM1K,-0.626984126984127
ABCE1,-0.626984126984127
TCF7,-0.626984126984127
BRAF,-0.626984126984127
MICU2,-0.626984126984127
PARP2,-0.626984126984127
DNASE1,-0.626984126984127
TRGC2,-0.627026107049043
LRATD2,-0.627026107049043
ARHGEF5,-0.627069687687416
ANK3,-0.627069687687416
KIR3DL2,-0.62707984244564
SPTBN1,-0.627594627594628
SP100,-0.627594627594628
IFT57,-0.627594627594628
TCTEX1D2,-0.627594627594628
BMS1,-0.627594627594628
EMC4,-0.627594627594628
CACNB1,-0.627594627594628
DUS1L,-0.627594627594628
DNAJC14,-0.628205128205128
TRIM37,-0.628205128205128
YES1,-0.628205128205128
WDR7,-0.628205128205128
NFATC2,-0.628205128205128
BUB1,-0.628212220796026
RNF157,-0.628588999385592
SPATA5,-0.628815628815629
BLM,-0.628815628815629
LUC7L,-0.628815628815629
RNPS1,-0.628815628815629
WWOX,-0.628815628815629
AKAP17A,-0.628815628815629
ACSL6,-0.629132903093236
UBE2T,-0.629426129426129
CEP97,-0.629426129426129
DDX56,-0.629426129426129
SUDS3,-0.629426129426129
CCNB2,-0.629426129426129
EDC4,-0.629426129426129
FBXO7,-0.629426129426129
C5orf63,-0.629519178654945
RFC1,-0.63003663003663
GOT1,-0.63003663003663
PPP1R3E,-0.63003663003663
LPCAT4,-0.63003663003663
ADGRG1,-0.630132811493573
RTKN2,-0.63056530299352
CCDC7,-0.630647130647131
FASN,-0.630647130647131
SERTAD1,-0.630647130647131
ITCH,-0.630647130647131
PCNT,-0.630647130647131
SLC25A17,-0.630647130647131
RPS6KA3,-0.630647130647131
SSPN,-0.630829385325969
CD160,-0.631032494038209
SPINDOC,-0.631048702207954
LARGE2,-0.631179810062839
HIBCH,-0.631257631257631
TMEM43,-0.631257631257631
NR2C2,-0.631257631257631
ZBTB49,-0.631257631257631
TRERF1,-0.631257631257631
TTF1,-0.631257631257631
VEGFB,-0.631257631257631
ENO2,-0.631257631257631
MAGOHB,-0.631257631257631
GZMH,-0.631257631257631
ZNF839,-0.631257631257631
CDHR3,-0.631306148735384
TUBB4A,-0.631796875850929
RIOK1,-0.631868131868132
POLM,-0.631868131868132
CDKN1B,-0.631868131868132
GABPB1,-0.631868131868132
TCF3,-0.631868131868132
TNFRSF4,-0.632412662279634
TRAV19,-0.632412662279634
LARS2,-0.632478632478633
LRCH3,-0.632478632478633
IPO11,-0.632478632478633
BTN3A3,-0.632478632478633
YME1L1,-0.632478632478633
IDH2,-0.632478632478633
NUP88,-0.632478632478633
LUC7L3,-0.632478632478633
LIME1,-0.632478632478633
DTHD1,-0.632834735051935
KCNK12,-0.633028448708338
BICDL1,-0.633028448708338
WDR60,-0.633089133089133
RGS3,-0.633089133089133
HERC4,-0.633089133089133
MTMR2,-0.633089133089133
NOP2,-0.633089133089133
ATP2A3,-0.633089133089133
NCOR1,-0.633089133089133
OSBPL7,-0.633089133089133
NR2C2AP,-0.633089133089133
PPDPF,-0.633089133089133
PIK3IP1,-0.633089133089133
NMUR1,-0.633140452315245
TIMELESS,-0.633699633699634
PSPC1,-0.633699633699634
SNRNP70,-0.633699633699634
WHRN,-0.633796374351094
CARMIL2,-0.634086862353979
FCMR,-0.634310134310134
BIRC6,-0.634310134310134
RFTN1,-0.634310134310134
TTC17,-0.634310134310134
BCL9L,-0.634310134310134
NUP107,-0.634310134310134
OGFOD2,-0.634310134310134
TRIP11,-0.634310134310134
ORC6,-0.634310134310134
BUB1B,-0.634438783345525
DDOST,-0.634920634920635
TSEN15,-0.634920634920635
TRABD2A,-0.634920634920635
BRD9,-0.634920634920635
TRBC2,-0.634920634920635
U2AF2,-0.634920634920635
DDX27,-0.634920634920635
PIM2,-0.634920634920635
AGAP1,-0.635030533331885
TXK,-0.635280473158416
BOD1L1,-0.635531135531136
HIST1H2AH,-0.635531135531136
KIFC1,-0.635531135531136
GOPC,-0.635531135531136
NSD3,-0.635531135531136
CCDC92,-0.635531135531136
MARK3,-0.635531135531136
CHEK1,-0.635919483343442
TRBV7-6,-0.636107380851861
DUSP2,-0.636141636141636
LMAN2,-0.636141636141636
CLK4,-0.636141636141636
PRKCQ,-0.636141636141636
KLC1,-0.636141636141636
TRBV2,-0.636191467371843
GOLGA4,-0.636752136752137
EIF4H,-0.636752136752137
MSANTD3,-0.636752136752137
IMMP1L,-0.636752136752137
ATF7IP,-0.636752136752137
UTP20,-0.636752136752137
PIGB,-0.636752136752137
CARHSP1,-0.636752136752137
GOT2,-0.636752136752137
APMAP,-0.636752136752137
CAMK2N1,-0.636805255569982
LCLAT1,-0.637362637362637
SPAG1,-0.637362637362637
DDB2,-0.637362637362637
EARS2,-0.637362637362637
TRBV4-1,-0.637419043768122
DPP4,-0.637752104332904
WRN,-0.637973137973138
RAD21,-0.637973137973138
ECD,-0.637973137973138
ABCA3,-0.637973137973138
NARF,-0.637973137973138
PMAIP1,-0.637973137973138
MRPL39,-0.637973137973138
OR4D1,-0.638272752544104
TRBV5-1,-0.638362977996058
PTPN7,-0.638583638583639
JMJD4,-0.638583638583639
CCDC93,-0.638583638583639
IKZF1,-0.638583638583639
AGK,-0.638583638583639
PRRC2B,-0.638583638583639
SIRT3,-0.638583638583639
SLC16A1,-0.639194139194139
HIST2H2BF,-0.639194139194139
ZNF678,-0.639194139194139
AC073111.4,-0.639194139194139
PUM3,-0.639194139194139
DYRK2,-0.639194139194139
FTSJ1,-0.639194139194139
AGMAT,-0.639260408362541
MAP9,-0.639317142525061
TRDV1,-0.639567302461611
EXOSC10,-0.63980463980464
MZT2B,-0.63980463980464
EXOSC7,-0.63980463980464
RING1,-0.63980463980464
KYAT1,-0.63980463980464
CLIC3,-0.63980463980464
CHORDC1,-0.63980463980464
PCED1B,-0.63980463980464
RNASEH2B,-0.63980463980464
GZMB,-0.63980463980464
ZNF324,-0.63980463980464
CDC25B,-0.63980463980464
PLCG1,-0.63980463980464
SMARCB1,-0.63980463980464
SH2D3A,-0.639902312446962
SIRPG,-0.639902312446962
ST8SIA6,-0.640195598985521
GALM,-0.64041514041514
ZER1,-0.64041514041514
NAT10,-0.64041514041514
PCID2,-0.64041514041514
RALGAPB,-0.64041514041514
ZNF335,-0.64041514041514
AZIN2,-0.640487984758821
USP21,-0.641025641025641
PSME4,-0.641025641025641
CD8A,-0.641025641025641
PAQR3,-0.641025641025641
ZNF394,-0.641025641025641
PIGO,-0.641025641025641
TIMM23,-0.641025641025641
CD3G,-0.641025641025641
AGAP2,-0.641025641025641
PRR14,-0.641025641025641
PLSCR3,-0.641025641025641
ATP1A3,-0.641055918616244
TNFRSF18,-0.641101772956961
ICOS,-0.641154260750707
KIAA1324,-0.641365159290926
TRGV10,-0.641408667056031
SPSB1,-0.641417346311829
LCK,-0.641636141636142
NEMP2,-0.641636141636142
DTYMK,-0.641636141636142
ATP8A1,-0.641636141636142
AKAP9,-0.641636141636142
TRBC1,-0.641636141636142
SLC20A2,-0.641636141636142
ATP6V1H,-0.641636141636142
AMIGO2,-0.641636141636142
PRIM1,-0.641636141636142
ANAPC5,-0.641636141636142
CHTF18,-0.641636141636142
RSAD1,-0.641636141636142
ZNF444,-0.641636141636142
SCLY,-0.642246642246642
NSUN5,-0.642246642246642
STRBP,-0.642246642246642
DDX24,-0.642246642246642
FAM219B,-0.642246642246642
BCAS3,-0.642246642246642
SREBF2,-0.642246642246642
PRSS23,-0.642344687685309
ADGRG5,-0.642639093638137
AQP3,-0.642857142857143
CTSF,-0.642857142857143
CCND2,-0.642857142857143
SMAD7,-0.642857142857143
ZNF544,-0.642857142857143
RAC2,-0.642857142857143
NBDY,-0.642857142857143
GFI1,-0.64294313755138
SBK1,-0.64326057839969
TIPRL,-0.643467643467643
RNF144A,-0.643467643467643
DIMT1,-0.643467643467643
CDKN2A,-0.643467643467643
EFL1,-0.643467643467643
PSMC5,-0.643467643467643
CASK,-0.643467643467643
FCRL6,-0.643871172209276
SMYD5,-0.644078144078144
CYP51A1,-0.644078144078144
KMT2E,-0.644078144078144
MAP2K5,-0.644078144078144
SLC35F2,-0.644112604425021
EPS8L2,-0.644170713947659
SFPQ,-0.644688644688645
ATPAF1,-0.644688644688645
NCBP2AS2,-0.644688644688645
CCDC86,-0.644688644688645
ARL6IP1,-0.644688644688645
CCDC141,-0.644828497202001
NIPA1,-0.645063425584339
ZFP37,-0.645091396244869
DCAF8,-0.645299145299145
DTNB,-0.645299145299145
PPAT,-0.645299145299145
ZNF596,-0.645299145299145
ZNF367,-0.645299145299145
TESPA1,-0.645299145299145
LNX2,-0.645299145299145
MPI,-0.645299145299145
GAMT,-0.645299145299145
LTBP4,-0.645299145299145
ZNF587B,-0.645299145299145
SLC25A23,-0.645440869943883
ZNF512B,-0.645693461953908
LANCL1,-0.645909645909646
SLMAP,-0.645909645909646
RAD50,-0.645909645909646
SMC5,-0.645909645909646
NAA35,-0.645909645909646
UBE2N,-0.645909645909646
ZNF571,-0.645909645909646
ZKSCAN7,-0.646304335617062
ELOVL6,-0.646313010085842
THEMIS,-0.646313547447624
SRM,-0.646520146520146
PIK3R1,-0.646520146520146
SAMD3,-0.646520146520146
DPY19L1,-0.646520146520146
IMMP2L,-0.646520146520146
ACTA2,-0.646520146520146
CSKMT,-0.646520146520146
BORA,-0.646520146520146
TDP1,-0.646520146520146
EXOSC6,-0.646520146520146
CASC3,-0.646520146520146
ITPRIPL1,-0.64657575013984
ELOVL4,-0.646631724637742
GCAT,-0.646665615427648
COBLL1,-0.646915209280216
CCDC66,-0.647130647130647
HOPX,-0.647130647130647
TCAF2,-0.647130647130647
MAP3K12,-0.647130647130647
NMRAL1,-0.647130647130647
RANGRF,-0.647130647130647
FAM117A,-0.647130647130647
EWSR1,-0.647130647130647
MDFIC,-0.647741147741148
XKR6,-0.647741147741148
ZNF37A,-0.647741147741148
SEPTIN1,-0.647741147741148
TSPAN5,-0.64784003197159
CDCA7,-0.647890360911412
SLC9B2,-0.64812059821744
PLEKHF1,-0.648136956606524
STMN1,-0.648351648351648
SMC6,-0.648351648351648
RDH14,-0.648351648351648
SUPT7L,-0.648351648351648
ACVR2B,-0.648351648351648
HLTF,-0.648351648351648
NFKB1,-0.648351648351648
TEX10,-0.648351648351648
GATA3,-0.648351648351648
CAPRIN2,-0.648351648351648
BICD1,-0.648351648351648
TRPC4AP,-0.648351648351648
CHKB,-0.648351648351648
CHST10,-0.648423109425954
TRAV12-3,-0.648423109425954
ARHGAP15,-0.648962148962149
EHMT2,-0.648962148962149
TOX4,-0.648962148962149
LRP10,-0.648962148962149
UBR1,-0.648962148962149
NSF,-0.648962148962149
EOMES,-0.649115106395176
TRDC,-0.649366516495558
TMEM25,-0.649366754718361
GMPPA,-0.64957264957265
N4BP2,-0.64957264957265
HIST1H3H,-0.64957264957265
GTF2E2,-0.64957264957265
TMEM64,-0.64957264957265
DCLRE1A,-0.64957264957265
NFYB,-0.64957264957265
FDXR,-0.64957264957265
SEC11C,-0.64957264957265
PPP6R1,-0.64957264957265
COL6A2,-0.649954901797301
UAP1,-0.65018315018315
PBRM1,-0.65018315018315
CBLB,-0.65018315018315
PRRC1,-0.65018315018315
C6orf136,-0.65018315018315
HACD3,-0.65018315018315
CAPN15,-0.65018315018315
KLHDC4,-0.65018315018315
SLAMF1,-0.650339851878941
CRIM1,-0.650580451259141
KIF11,-0.650587704114731
ZNHIT6,-0.650793650793651
ODF2L,-0.650793650793651
POM121,-0.650793650793651
EZH2,-0.650793650793651
JMJD7,-0.650793650793651
DEXI,-0.650793650793651
SF3B3,-0.650793650793651
SARM1,-0.650793650793651
DYNLT3,-0.650793650793651
BIVM,-0.650893001019524
ADAM22,-0.650952224620823
ANKRD13C,-0.651404151404151
AGL,-0.651404151404151
CD2,-0.651404151404151
STAG1,-0.651404151404151
ANXA6,-0.651404151404151
RNF216,-0.651404151404151
COCH,-0.651854749947167
MSTO1,-0.652014652014652
KHDC4,-0.652014652014652
ZGRF1,-0.652014652014652
ESYT2,-0.652014652014652
RDH10,-0.652014652014652
CDC37L1,-0.652014652014652
PFKP,-0.652014652014652
PSMC6,-0.652014652014652
TRAV8-4,-0.652176970104588
CYP20A1,-0.652625152625153
F2R,-0.652625152625153
LMTK2,-0.652625152625153
CDK5RAP2,-0.652625152625153
RNF26,-0.652625152625153
TRPM7,-0.652625152625153
KMT2B,-0.652625152625153
DTX3,-0.65278934284647
TRGV2,-0.652807064254168
ZEB1,-0.653023945911757
ATP11B,-0.653235653235653
SBDS,-0.653235653235653
G2E3,-0.653235653235653
BATF,-0.653235653235653
FAAH2,-0.65334940085559
PEX14,-0.653846153846154
LBH,-0.653846153846154
MED27,-0.653846153846154
SUPV3L1,-0.653846153846154
ETS1,-0.653846153846154
RBM19,-0.653846153846154
ZNF174,-0.653846153846154
TSR1,-0.653846153846154
DCK,-0.654456654456654
MARCH3,-0.654456654456654
UBE2D2,-0.654456654456654
HIST1H2AD,-0.654456654456654
TTC39B,-0.654456654456654
ANKRD27,-0.654456654456654
TRAV14DV4,-0.654662508302262
THRAP3,-0.655067155067155
HECTD3,-0.655067155067155
CCDC167,-0.655067155067155
MAP4K5,-0.655067155067155
VPS4A,-0.655067155067155
DAZAP1,-0.655067155067155
NBL1,-0.655152095273573
PCBP4,-0.655196760141704
MKI67,-0.655238833813999
CCDC152,-0.655467440564374
HIST1H1B,-0.655467440564374
PVRIG,-0.655481034652334
KHDC1,-0.655586742790376
NAA80,-0.655677655677656
DCAF13,-0.655677655677656
DPP7,-0.655677655677656
NDE1,-0.655677655677656
ABCC1,-0.655677655677656
SGSM3,-0.655677655677656
KIAA1671,-0.656208711675673
CLSTN1,-0.656288156288156
KLRG1,-0.656288156288156
ZFP90,-0.656288156288156
ZNF276,-0.656288156288156
NOP56,-0.656288156288156
ASXL1,-0.656288156288156
IFNG,-0.656463579297764
TSGA10,-0.656898656898657
SMARCA5,-0.656898656898657
MFSD11,-0.656898656898657
LGR6,-0.657044119427818
HIST1H3B,-0.657292116116744
POLR3GL,-0.657509157509157
PPP4R3B,-0.657509157509157
ARHGAP12,-0.657509157509157
FAM160B1,-0.657509157509157
MLLT6,-0.657509157509157
CDK5RAP1,-0.657509157509157
WDTC1,-0.658119658119658
POGLUT1,-0.658119658119658
C12orf29,-0.658119658119658
ZNF688,-0.658119658119658
NCAPD3,-0.658730158730159
CHERP,-0.658730158730159
CHIC1,-0.658730158730159
GPR174,-0.658730158730159
LAMP3,-0.658744982909256
TOP2A,-0.658830720544153
MAGEE1,-0.658913070265292
ECHDC2,-0.659340659340659
ALG14,-0.659340659340659
CNNM3,-0.659340659340659
SETD5,-0.659340659340659
RMND1,-0.659340659340659
FEN1,-0.659340659340659
REEP6,-0.659340659340659
FAM83D,-0.659525443007175
ZMYND11,-0.65995115995116
CYB561,-0.65995115995116
RBM10,-0.65995115995116
SLFN12L,-0.660137815749057
NCR1,-0.660349288749845
HENMT1,-0.66056166056166
SUPT3H,-0.66056166056166
PHF10,-0.66056166056166
KAT6A,-0.66056166056166
RFX3,-0.66056166056166
KATNBL1,-0.66056166056166
LENG1,-0.66056166056166
TOP1,-0.66056166056166
SOX13,-0.661156562470588
THADA,-0.661172161172161
NOP58,-0.661172161172161
CYTH3,-0.661172161172161
ZFAND4,-0.661172161172161
HERC2,-0.661172161172161
TCFL5,-0.661172161172161
EBP,-0.661172161172161
ZNF639,-0.661782661782662
DEF6,-0.661782661782662
CYB5B,-0.661782661782662
PAFAH1B3,-0.661782661782662
ARHGAP35,-0.661782661782662
KIZ,-0.661782661782662
TXLNG,-0.661782661782662
PLEKHG1,-0.661806730862391
HID1,-0.66187738891453
MREG,-0.662084284494635
PLA2G12A,-0.662393162393162
SLC39A7,-0.662393162393162
BICRAL,-0.662393162393162
NUP205,-0.662393162393162
SOCS1,-0.662393162393162
MAZ,-0.662393162393162
WDR59,-0.662393162393162
TRAPPC2,-0.662393162393162
TSPYL2,-0.662393162393162
INTS6L,-0.662393162393162
GNAO1,-0.662797924522223
TRAV3,-0.662817110716113
ZC3H12A,-0.663003663003663
EIF2AK1,-0.663003663003663
GRK5,-0.663003663003663
DGKZ,-0.663003663003663
GNB5,-0.663003663003663
ARIH1,-0.663003663003663
TPX2,-0.663505042189061
SLC1A4,-0.663614163614164
NCL,-0.663614163614164
B3GAT3,-0.663614163614164
UTP4,-0.663614163614164
TLE5,-0.663614163614164
KCNQ5,-0.66381205220035
TRMT61B,-0.664224664224664
NCR3,-0.664224664224664
PIP4K2C,-0.664224664224664
SLAIN1,-0.664224664224664
IL5RA,-0.66424896921741
TDRKH,-0.664835164835165
METTL18,-0.664835164835165
MAN1A1,-0.664835164835165
LUC7L2,-0.664835164835165
PAXX,-0.664835164835165
IFITM1,-0.664835164835165
PPP1R13B,-0.664835164835165
PARP16,-0.664835164835165
RBL2,-0.664835164835165
COIL,-0.664835164835165
STK35,-0.664835164835165
ST8SIA1,-0.664867450566775
TRBV5-6,-0.664916724898398
CCDC102A,-0.66534640678348
COPS8,-0.665445665445665
RNF8,-0.665445665445665
TERF1,-0.665445665445665
SPOUT1,-0.665445665445665
PTDSS2,-0.665445665445665
KDM8,-0.665445665445665
RTTN,-0.665445665445665
TRGV4,-0.665665129429683
FAHD2B,-0.665852292837994
TRGC1,-0.665852292837994
AKTIP,-0.666056166056166
CTDP1,-0.666056166056166
PIGT,-0.666056166056166
ZNF41,-0.666056166056166
AFAP1,-0.666261543167879
PDGFD,-0.66626708908069
PCLAF,-0.666463166501148
ASCC3,-0.666666666666667
ARFGEF1,-0.666666666666667
ANKRD36,-0.667277167277167
TRANK1,-0.667277167277167
ABCA2,-0.667277167277167
SMPD1,-0.667277167277167
GRAMD1B,-0.667277167277167
TRAV1-2,-0.667341375964233
PPM1G,-0.667887667887668
ASTE1,-0.667887667887668
SPON2,-0.667887667887668
STOM,-0.667887667887668
C2CD3,-0.667887667887668
CWF19L2,-0.667887667887668
RPAP1,-0.667887667887668
APOBEC3D,-0.667887667887668
TTC22,-0.668026718934406
FUBP1,-0.668498168498168
CD8B,-0.668498168498168
ILKAP,-0.668498168498168
EXOSC9,-0.668498168498168
HIST1H3A,-0.668498168498168
PIM1,-0.668498168498168
POLR2A,-0.668498168498168
KLRC1,-0.668600221497542
MAST4,-0.668906661153764
TRGV9,-0.668906661153764
ATG16L1,-0.669108669108669
XRN1,-0.669108669108669
CSNK1D,-0.669108669108669
PORCN,-0.669108669108669
TRAV6,-0.669196820012326
PRRC2C,-0.66971916971917
CCR4,-0.670132241175769
ATE1,-0.67032967032967
ZNF554,-0.67032967032967
PSAT1,-0.670433782711055
CAPN12,-0.670548152361055
TRGV8,-0.670563606467668
BTD,-0.670940170940171
CWC27,-0.670940170940171
DDX31,-0.670940170940171
TMEM238,-0.670940170940171
PLXNA3,-0.670940170940171
MANEAL,-0.671160525102937
CENPM,-0.671177394665808
HIST1H2AI,-0.671350155806381
PRXL2B,-0.671550671550672
PIK3CD,-0.671550671550672
CC2D1B,-0.671550671550672
MDH1,-0.671550671550672
OXCT1,-0.671550671550672
ITK,-0.671550671550672
ARID5B,-0.671550671550672
TUBGCP6,-0.671550671550672
SPAG16,-0.671653190545476
INPP4B,-0.671653190545476
CXCR3,-0.671966544755629
RTCA,-0.672161172161172
GPATCH2,-0.672161172161172
LPIN1,-0.672161172161172
TAF6,-0.672161172161172
CIZ1,-0.672161172161172
ATXN7L3B,-0.672161172161172
SHMT1,-0.672161172161172
SCRN2,-0.672161172161172
ZNF771,-0.672263784355062
FNBP1,-0.672771672771673
NMT2,-0.672771672771673
MGA,-0.672771672771673
MYBBP1A,-0.672771672771673
MBP,-0.672771672771673
RGL4,-0.672771672771673
IKZF2,-0.672997643328584
TRBV21-1,-0.673018759260227
TRBV7-9,-0.673182776795843
MORC4,-0.67318941380887
HSPE1,-0.673382173382173
SGO2,-0.673382173382173
LXN,-0.673382173382173
IRF1,-0.673382173382173
ZSCAN26,-0.673382173382173
HSD17B8,-0.673382173382173
SLC15A4,-0.673382173382173
HSPBP1,-0.673382173382173
RNF113A,-0.673382173382173
PLCH2,-0.673939441557437
UBE2J2,-0.673992673992674
RPAP2,-0.673992673992674
LATS1,-0.673992673992674
TRRAP,-0.673992673992674
C12orf75,-0.673992673992674
PIBF1,-0.673992673992674
RAD51C,-0.673992673992674
UNK,-0.673992673992674
ZNF8,-0.673992673992674
ZFYVE28,-0.674095565783823
ANO9,-0.6741065655988
NUDC,-0.674603174603175
SSX2IP,-0.674603174603175
ISCU,-0.674603174603175
ACYP1,-0.674603174603175
OTULIN,-0.675213675213675
BTN3A2,-0.675213675213675
SYNE1,-0.675213675213675
GIMAP5,-0.675213675213675
GOLGA7B,-0.675473912052786
WNT10A,-0.675517712288956
HYOU1,-0.675824175824176
VPS33A,-0.675824175824176
RAP1GDS1,-0.676434676434676
RIPOR2,-0.676434676434676
FAM120B,-0.676434676434676
ZNF800,-0.676434676434676
ACAP1,-0.676434676434676
DKC1,-0.676434676434676
XCL2,-0.676858020968591
CPTP,-0.677045177045177
HIST1H2AK,-0.677045177045177
ANKRD26,-0.677045177045177
ZNF384,-0.677045177045177
SETD6,-0.677045177045177
CRIP2,-0.677148534831757
NBAS,-0.677655677655678
PTPN4,-0.677655677655678
METTL5,-0.677655677655678
C7orf26,-0.677655677655678
ZNF92,-0.677655677655678
MIGA2,-0.677655677655678
SURF4,-0.677655677655678
SLC37A4,-0.677655677655678
SRP54,-0.677655677655678
DTL,-0.677852659541431
TRBV4-2,-0.677980858003775
TBC1D22B,-0.678266178266178
MDN1,-0.678266178266178
ARPC5L,-0.678266178266178
ZNF827,-0.67868063976423
KCNA3,-0.678876678876679
PDIA6,-0.678876678876679
PDE12,-0.678876678876679
CDKN2AIP,-0.678876678876679
HIST1H2BG,-0.678876678876679
ATAD2,-0.678876678876679
CDC14B,-0.678876678876679
ZC3H13,-0.678876678876679
ISG20,-0.678876678876679
IL12RB1,-0.678876678876679
ZNF600,-0.678876678876679
WDR63,-0.679207717092408
GCSAM,-0.679463535340695
SRPK1,-0.679487179487179
RRM1,-0.679487179487179
AAAS,-0.679487179487179
WDR76,-0.679590910070104
ATP8B2,-0.679902387090538
RAP2A,-0.68009768009768
SNRPN,-0.68009768009768
UNKL,-0.68009768009768
HLCS,-0.68009768009768
TRBV27,-0.680384217637904
MRPS26,-0.680708180708181
DAP3,-0.681318681318681
RGS16,-0.681318681318681
FBXO32,-0.681318681318681
NUDT5,-0.681318681318681
PPRC1,-0.681318681318681
PWP1,-0.681318681318681
TPP2,-0.681318681318681
ZC3H14,-0.681318681318681
CDC27,-0.681318681318681
FBXO44,-0.681929181929182
KIAA0825,-0.681929181929182
INCENP,-0.681929181929182
XRRA1,-0.681929181929182
ARHGAP9,-0.681929181929182
EP400,-0.681929181929182
HSPH1,-0.681929181929182
TRIM28,-0.681929181929182
PHLDB2,-0.682238027948815
BBS2,-0.682539682539682
SMCHD1,-0.682539682539682
NPC1,-0.682539682539682
MTR,-0.683150183150183
PLPP1,-0.683150183150183
TRAPPC4,-0.683150183150183
MAPRE2,-0.683150183150183
MFNG,-0.683150183150183
PJA1,-0.683150183150183
CDCA8,-0.683559769832418
TMEM63A,-0.683760683760684
MRPS9,-0.683760683760684
MRNIP,-0.683760683760684
C6orf89,-0.683760683760684
MCM7,-0.683760683760684
ERGIC2,-0.683760683760684
AKT2,-0.683760683760684
JADE1,-0.684371184371184
LETM2,-0.684371184371184
FANCC,-0.684371184371184
ATG2A,-0.684371184371184
MINDY2,-0.684371184371184
SEC23B,-0.684371184371184
IL2RG,-0.684371184371184
ZDBF2,-0.684789376395771
DHFR,-0.684981684981685
FASTK,-0.684981684981685
SLC25A22,-0.684981684981685
PCNX4,-0.684981684981685
ATXN2L,-0.684981684981685
NAE1,-0.684981684981685
STMN3,-0.684981684981685
VBP1,-0.684981684981685
TRAV17,-0.685586575770484
VPS13D,-0.685592185592186
PSMD14,-0.685592185592186
NOLC1,-0.685592185592186
GOLGA8A,-0.685592185592186
ZNF263,-0.685592185592186
PLCXD2,-0.685986081576935
ATG5,-0.686202686202686
KIAA2026,-0.686202686202686
GPHN,-0.686202686202686
ZNF708,-0.686202686202686
TMEM143,-0.686202686202686
PRR5,-0.686202686202686
SMYD3,-0.686813186813187
MRPS30,-0.686813186813187
KRBA2,-0.686813186813187
CCL5,-0.686813186813187
UBE2L3,-0.686813186813187
NIPAL3,-0.687423687423687
RAD18,-0.687423687423687
KIAA1191,-0.687423687423687
CARD11,-0.687423687423687
YLPM1,-0.687423687423687
ABHD17C,-0.687423687423687
LAT,-0.687423687423687
DONSON,-0.687423687423687
FASLG,-0.687442781916511
CHPF,-0.687528629594732
GAS2,-0.687843744711542
LRIG1,-0.688034188034188
LRCH1,-0.688034188034188
RMDN3,-0.688034188034188
NFATC2IP,-0.688034188034188
GLB1L2,-0.688237224131702
MMP23B,-0.688454618374696
B4GALT3,-0.688644688644689
PRKAR1B,-0.688644688644689
RCC1L,-0.688644688644689
ARHGEF12,-0.688644688644689
LIN52,-0.688644688644689
AXIN1,-0.688644688644689
LSR,-0.688780994237686
TRNT1,-0.689255189255189
MYC,-0.689255189255189
TSPAN18,-0.689360411023493
DENND2D,-0.68986568986569
ANKRD36B,-0.68986568986569
MGAT5,-0.68986568986569
IP6K2,-0.68986568986569
TTC14,-0.68986568986569
NMRK1,-0.68986568986569
REXO4,-0.68986568986569
MTG1,-0.68986568986569
DHX37,-0.68986568986569
DNAJA3,-0.68986568986569
PDXDC1,-0.68986568986569
KLF2,-0.68986568986569
NKG7,-0.68986568986569
ERVK3-1,-0.68986568986569
ADNP,-0.68986568986569
SDAD1,-0.69047619047619
OPTN,-0.69047619047619
HIST4H4,-0.69047619047619
ANKRD52,-0.69047619047619
PAFAH1B1,-0.69047619047619
LPIN2,-0.69047619047619
ZBTB32,-0.690534426565399
SLC43A1,-0.690756452843169
QRICH1,-0.691086691086691
DDHD2,-0.691086691086691
INTS8,-0.691086691086691
ZNF22,-0.691086691086691
PYCR2,-0.692307692307692
SEPTIN11,-0.692307692307692
HNRNPA0,-0.692307692307692
GALNT10,-0.692307692307692
CPSF1,-0.692307692307692
INTS6,-0.692307692307692
MAPKBP1,-0.692307692307692
CBX4,-0.692307692307692
TTC38,-0.692307692307692
TRMU,-0.692307692307692
CENPF,-0.69271867697622
CXCR6,-0.692906671222466
STPG1,-0.692918192918193
SEC61A1,-0.692918192918193
ZNF718,-0.692918192918193
G3BP2,-0.692918192918193
PINX1,-0.692918192918193
PCM1,-0.692918192918193
PRPSAP1,-0.692918192918193
EVA1C,-0.692918192918193
LTK,-0.69337551872139
ZNF142,-0.693528693528694
EHMT1,-0.693528693528694
ZNF365,-0.693991305150095
ARID4B,-0.694139194139194
BDP1,-0.694139194139194
HIST1H2BC,-0.694139194139194
UNG,-0.694139194139194
ENOSF1,-0.694139194139194
LMF2,-0.694139194139194
TTF2,-0.694749694749695
PRPF4B,-0.694749694749695
KAT6B,-0.694749694749695
MVK,-0.694749694749695
TMEM185A,-0.694749694749695
ITPKB,-0.695360195360195
RSF1,-0.695360195360195
VPS16,-0.695360195360195
PRIM2,-0.695970695970696
TLE1,-0.695970695970696
NABP2,-0.695970695970696
PRDM4,-0.695970695970696
ATG2B,-0.695970695970696
PRMT7,-0.695970695970696
TRAV23DV6,-0.696342710789538
CTPS1,-0.696581196581197
DMAP1,-0.696581196581197
FAIM,-0.696581196581197
SEL1L3,-0.696581196581197
EID3,-0.696581196581197
LSS,-0.696581196581197
MED15,-0.696581196581197
SEPTIN6,-0.696581196581197
CENPS,-0.697191697191697
MIA3,-0.697191697191697
DDX6,-0.697191697191697
NVL,-0.697802197802198
CD2AP,-0.698412698412698
ZNF251,-0.698412698412698
TTC5,-0.698412698412698
SLC7A5,-0.698412698412698
PTPRA,-0.698412698412698
KIFAP3,-0.699023199023199
UCHL5,-0.699023199023199
SDHA,-0.699023199023199
KANSL1,-0.699023199023199
MXRA7,-0.699023199023199
CD226,-0.699023199023199
DYRK1B,-0.699023199023199
STIM2,-0.6996336996337
GPBP1,-0.6996336996337
CHD7,-0.6996336996337
TMEM204,-0.6996336996337
SYNM,-0.69978681571685
AMBRA1,-0.7002442002442
ZBTB1,-0.7002442002442
LAIR2,-0.7002442002442
GNB1L,-0.7002442002442
ZNF655,-0.700854700854701
RCL1,-0.700854700854701
DNAJC9,-0.700854700854701
TMEM106C,-0.700854700854701
IL32,-0.700854700854701
ATG4D,-0.700854700854701
NR1D2,-0.701465201465202
HIST1H1D,-0.701465201465202
MICAL3,-0.701572287215229
LDLRAP1,-0.702075702075702
EFCAB7,-0.702075702075702
SEC24C,-0.702075702075702
ZNF853,-0.702612315151959
LRRC47,-0.702686202686203
GCLM,-0.702686202686203
SEMA4D,-0.702686202686203
FAM107B,-0.702686202686203
ATG13,-0.702686202686203
MON2,-0.702686202686203
MRTFB,-0.702686202686203
CDR2,-0.702686202686203
NFATC3,-0.702686202686203
PTPRM,-0.702686202686203
PDZD4,-0.703115586290395
SENP5,-0.703296703296703
GALK2,-0.703296703296703
TGFB1,-0.703296703296703
MLF1,-0.703404068643989
ZNF692,-0.703907203907204
HMCES,-0.703907203907204
SLFN5,-0.703907203907204
BRD4,-0.703907203907204
GPATCH4,-0.704517704517705
TTC30A,-0.704517704517705
ATIC,-0.704517704517705
ST6GALNAC4,-0.704517704517705
INPP5E,-0.704517704517705
SRPRA,-0.704517704517705
DCP1B,-0.704517704517705
HOXB2,-0.704517704517705
SIKE1,-0.705128205128205
JADE2,-0.705128205128205
TAF7,-0.705128205128205
G3BP1,-0.705128205128205
RSBN1L,-0.705128205128205
CAAP1,-0.705128205128205
CLSTN3,-0.705128205128205
APBA3,-0.705128205128205
DIP2A,-0.705128205128205
HACL1,-0.705738705738706
ELP6,-0.705738705738706
ABCC10,-0.705738705738706
ZNF12,-0.705738705738706
CLUAP1,-0.705738705738706
ZNF821,-0.705738705738706
ACTN4,-0.705738705738706
TPR,-0.706349206349206
LRBA,-0.706349206349206
ABCB8,-0.706349206349206
YARS2,-0.706349206349206
EMD,-0.706349206349206
GSTM2,-0.706959706959707
BRD3OS,-0.706959706959707
TSEN54,-0.706959706959707
ZBTB9,-0.70706763150151
FAM193A,-0.707570207570208
GPRIN3,-0.707570207570208
EIF3B,-0.707570207570208
PSIP1,-0.707570207570208
ZMYND19,-0.707570207570208
CKAP5,-0.707570207570208
FANCI,-0.707570207570208
CXXC1,-0.707570207570208
B3GLCT,-0.708180708180708
PNMA1,-0.708180708180708
TLE2,-0.708456641402503
LRIF1,-0.708791208791209
NOL10,-0.708791208791209
RNF19A,-0.708791208791209
RASGEF1A,-0.708791208791209
ATAD1,-0.708791208791209
CNR2,-0.70938596586771
SNRNP200,-0.709401709401709
GLRX5,-0.709401709401709
CYB5A,-0.709401709401709
FAM83G,-0.709740007841519
SLC27A2,-0.709964304559258
TSPYL1,-0.71001221001221
RINT1,-0.71001221001221
TRAF1,-0.71001221001221
KDM2A,-0.71001221001221
GPS2,-0.71001221001221
UBE2S,-0.71001221001221
FAM241B,-0.710325829745061
H2AFV,-0.710622710622711
PRPF19,-0.710622710622711
THAP7,-0.710622710622711
IL2RA,-0.710635070419744
LRRC41,-0.711233211233211
PLCL2,-0.711233211233211
H1FX,-0.711233211233211
URGCP,-0.711233211233211
RAB11FIP2,-0.711233211233211
CREBZF,-0.711233211233211
RNF166,-0.711233211233211
UBB,-0.711233211233211
OTUD4,-0.711843711843712
TULP4,-0.711843711843712
RCE1,-0.711843711843712
SART3,-0.711843711843712
EIF2S1,-0.711843711843712
SAE1,-0.711843711843712
ARFRP1,-0.711843711843712
UBIAD1,-0.712454212454212
FBXL17,-0.712454212454212
SLC12A2,-0.712454212454212
ZNF79,-0.712454212454212
DDB1,-0.712454212454212
E4F1,-0.712454212454212
OFD1,-0.712454212454212
MAPK13,-0.712889564900861
CROT,-0.713064713064713
LARP4,-0.713064713064713
LRRC45,-0.713064713064713
SF3A1,-0.713064713064713
BIN1,-0.713675213675214
DNAJC2,-0.713675213675214
TRDV2,-0.714111312227169
GMPPB,-0.714285714285714
RRS1,-0.714285714285714
PANX1,-0.714285714285714
VWA8,-0.714285714285714
POLR3E,-0.714285714285714
HSD17B7,-0.714896214896215
SLC41A1,-0.714896214896215
GNPAT,-0.714896214896215
DCAF10,-0.714896214896215
REST,-0.715506715506716
PRRC2A,-0.715506715506716
CARNMT1,-0.715506715506716
FBXW5,-0.715506715506716
COMTD1,-0.715506715506716
MRPL3,-0.716117216117216
PDIA3,-0.716117216117216
SEMA4F,-0.716476108002223
STRIP1,-0.716727716727717
METAP1D,-0.716727716727717
BTBD9,-0.716727716727717
CDK6,-0.716727716727717
ATP6V0E2,-0.716727716727717
RFC5,-0.716727716727717
RBBP7,-0.716727716727717
IWS1,-0.717338217338217
MOSMO,-0.717338217338217
MYO19,-0.717338217338217
SFI1,-0.717338217338217
GMCL1,-0.717948717948718
PSD4,-0.717948717948718
RIOX1,-0.717948717948718
VCAM1,-0.718096214221094
FCRL3,-0.718129851515456
TMEM185B,-0.718559218559219
PLCD1,-0.718559218559219
TAP2,-0.718559218559219
TMEM116,-0.718559218559219
RFXAP,-0.718559218559219
RALGAPA1,-0.718559218559219
MGAT2,-0.718559218559219
RANBP9,-0.719169719169719
VOPP1,-0.719169719169719
ZBED6,-0.71978021978022
HIST1H1E,-0.71978021978022
TRIM39,-0.71978021978022
SYTL2,-0.71978021978022
GPATCH8,-0.71978021978022
ARHGEF1,-0.71978021978022
P2RY10,-0.71978021978022
FUT10,-0.720269872358627
TMUB1,-0.72039072039072
HSP90AA1,-0.72039072039072
RPUSD2,-0.72039072039072
HUWE1,-0.72039072039072
HTRA2,-0.721001221001221
TMEM223,-0.721001221001221
DVL2,-0.721001221001221
CALR,-0.721001221001221
MCM5,-0.721001221001221
PPP6R2,-0.721001221001221
OIP5,-0.721441796185019
MRPL49,-0.721611721611722
CALCOCO1,-0.721611721611722
WDR83,-0.721611721611722
ZFP36L2,-0.722222222222222
SMARCC1,-0.722222222222222
ACAT2,-0.722222222222222
TAF3,-0.722222222222222
VPS37B,-0.722222222222222
MAP3K10,-0.722222222222222
USP11,-0.722222222222222
SLC16A13,-0.722637773645973
TRAF5,-0.722832722832723
HS3ST3B1,-0.722832722832723
ARL16,-0.722832722832723
ZNF683,-0.722933267299211
CASD1,-0.723443223443223
LRRC14,-0.723443223443223
KLHL11,-0.723443223443223
CC2D1A,-0.723443223443223
TRNAU1AP,-0.724053724053724
YRDC,-0.724053724053724
RUVBL1,-0.724053724053724
HNRNPL,-0.724053724053724
BMERB1,-0.724436953646692
SP140,-0.724664224664225
BLOC1S4,-0.724664224664225
TRMT44,-0.724664224664225
HIST1H2AG,-0.724664224664225
SAMD9,-0.724664224664225
C11orf49,-0.724664224664225
TMEM120B,-0.724664224664225
MTMR8,-0.724664224664225
NPHP3,-0.725274725274725
SPTAN1,-0.725274725274725
POLR2C,-0.725274725274725
MSC,-0.725467065834899
SAMD12,-0.725717911827098
YARS,-0.725885225885226
SQLE,-0.725885225885226
AKNA,-0.725885225885226
FADD,-0.725885225885226
TRAV12-2,-0.726418332498385
PITHD1,-0.726495726495726
TLK1,-0.726495726495726
TIMM22,-0.726495726495726
CPNE1,-0.726495726495726
ISOC1,-0.727106227106227
TUBB2A,-0.727106227106227
SEPTIN7,-0.727106227106227
DLST,-0.727106227106227
CCDC137,-0.727106227106227
ARHGAP33,-0.727106227106227
MAGEH1,-0.727106227106227
GIMAP7,-0.727716727716728
MRPL10,-0.727716727716728
CDC6,-0.727952802993734
MED10,-0.728327228327228
KDM4C,-0.728327228327228
NUP98,-0.728327228327228
API5,-0.728327228327228
MED19,-0.728327228327228
CRY1,-0.728327228327228
NOMO2,-0.728327228327228
CABIN1,-0.728327228327228
GTSE1,-0.728475392705921
PPP2R5D,-0.728937728937729
FIGNL1,-0.728937728937729
CCNF,-0.729354305551428
C11orf80,-0.729548229548229
HTATSF1,-0.729548229548229
LYPLA2,-0.73015873015873
HLA-B,-0.73015873015873
SLC39A13,-0.73015873015873
CDC37,-0.73015873015873
PPP1R3F,-0.73015873015873
OTUD5,-0.730769230769231
RSBN1,-0.731379731379731
NSD2,-0.731379731379731
ATXN7L1,-0.731379731379731
FNBP4,-0.731379731379731
ILF3,-0.731379731379731
NOP53,-0.731379731379731
EIPR1,-0.731990231990232
HLA-C,-0.731990231990232
CRTAM,-0.731990231990232
SNRNP35,-0.731990231990232
PHB,-0.731990231990232
SRP68,-0.731990231990232
JAK3,-0.731990231990232
CA5B,-0.731990231990232
BPNT1,-0.732600732600733
HSPD1,-0.732600732600733
PHAX,-0.732600732600733
FARS2,-0.732600732600733
SRRT,-0.732600732600733
LMBR1,-0.732600732600733
HELLS,-0.732600732600733
USP5,-0.732600732600733
GSPT2,-0.732600732600733
CNOT11,-0.733211233211233
HIVEP2,-0.733211233211233
PRKRIP1,-0.733211233211233
FANCF,-0.733211233211233
KLF12,-0.733211233211233
GATAD2A,-0.733211233211233
TRAIP,-0.733628462218535
PPP1R2,-0.733821733821734
HIST1H2AL,-0.733821733821734
NCAPD2,-0.733821733821734
LPAR5,-0.733821733821734
ZNF75D,-0.733821733821734
RBM27,-0.734432234432234
ECI2,-0.734432234432234
SURF2,-0.734432234432234
KLHL22,-0.734432234432234
CACNA2D2,-0.73484729025869
PHTF1,-0.735042735042735
ALKBH5,-0.735042735042735
NOSIP,-0.735042735042735
HECTD2,-0.735154946742502
FAM160B2,-0.735653235653236
ADCK5,-0.735653235653236
AEBP2,-0.735653235653236
SMARCD1,-0.735653235653236
EVL,-0.735653235653236
PKD1,-0.735653235653236
OSGEPL1,-0.736263736263736
SERPINI1,-0.736263736263736
CPNE5,-0.736263736263736
SMARCA2,-0.736263736263736
SP4,-0.736874236874237
NOL8,-0.736874236874237
SCAMP2,-0.736874236874237
SMG6,-0.736874236874237
PPAN,-0.736874236874237
NCKAP1,-0.737324511427026
GALT,-0.737484737484737
GPR68,-0.737690585340973
GORASP2,-0.738095238095238
ST6GAL1,-0.738095238095238
DNAJC30,-0.738095238095238
MARS,-0.738095238095238
PGRMC2,-0.738705738705739
ELAC2,-0.738705738705739
SRSF1,-0.738705738705739
TMEM259,-0.738705738705739
GNL1,-0.739316239316239
COG1,-0.73992673992674
RAB22A,-0.73992673992674
PIF1,-0.74034499412399
HELQ,-0.740537240537241
GTSF1,-0.740537240537241
SBF1,-0.740537240537241
PDE6B,-0.741147741147741
BTN3A1,-0.741147741147741
ZDHHC6,-0.741147741147741
IL21R,-0.741147741147741
ADARB1,-0.741147741147741
TNIP3,-0.741406860160349
CCAR2,-0.741758241758242
RABEP2,-0.741758241758242
NLRC5,-0.741758241758242
ERN1,-0.741758241758242
UNC45B,-0.742022646589054
MANF,-0.742368742368742
HADH,-0.742368742368742
ACIN1,-0.742368742368742
GSPT1,-0.742368742368742
LONP2,-0.742368742368742
VPS51,-0.742979242979243
SYVN1,-0.742979242979243
BTBD6,-0.742979242979243
RBBP6,-0.743589743589744
DNMT1,-0.743589743589744
GBP3,-0.744200244200244
DZIP3,-0.744200244200244
DMTN,-0.744200244200244
BMI1,-0.744200244200244
MCTP2,-0.744200244200244
CFAP36,-0.744810744810745
UBA5,-0.744810744810745
SRPRB,-0.744810744810745
MCCC1,-0.744810744810745
DUSP8,-0.744810744810745
PPP4R3A,-0.744810744810745
ALG12,-0.744810744810745
PPP2R3B,-0.744810744810745
UBXN4,-0.745421245421245
FUT11,-0.745421245421245
FRMD8,-0.745421245421245
DCPS,-0.746031746031746
DMAC2,-0.746031746031746
PLA2G6,-0.746031746031746
DOCK10,-0.746642246642247
REXO2,-0.746642246642247
TINF2,-0.746642246642247
GBP5,-0.747252747252747
TBCCD1,-0.747252747252747
TMEM209,-0.747252747252747
LIG1,-0.747252747252747
NUP133,-0.747863247863248
PEX6,-0.747863247863248
EXOSC3,-0.747863247863248
DNAAF2,-0.747863247863248
ALKBH6,-0.747863247863248
IGSF8,-0.748473748473748
DPH7,-0.748473748473748
DDX51,-0.748473748473748
EIF5A,-0.748473748473748
PCYT2,-0.748473748473748
TMED9,-0.749084249084249
COPS5,-0.749084249084249
KIF19,-0.749544236063864
NUDCD3,-0.74969474969475
PARP10,-0.74969474969475
DYM,-0.74969474969475
DNAJB1,-0.74969474969475
RFC4,-0.75030525030525
GLG1,-0.75030525030525
ICE1,-0.750915750915751
RXRB,-0.750915750915751
HSP90AB1,-0.750915750915751
ZNF146,-0.750915750915751
RAB39B,-0.750915750915751
GLS,-0.751526251526251
ANKHD1,-0.751526251526251
E2F5,-0.751526251526251
BCDIN3D,-0.751526251526251
WARS2,-0.752136752136752
HIST1H2BJ,-0.752136752136752
PPP3CC,-0.752136752136752
APOBEC3H,-0.752136752136752
MECP2,-0.752136752136752
P4HTM,-0.752747252747253
CTR9,-0.752747252747253
PSMD3,-0.752747252747253
MRPL38,-0.752747252747253
CEACAM21,-0.752747252747253
TFDP2,-0.753357753357753
ADRB2,-0.753357753357753
HIST1H2AE,-0.753357753357753
RNF126,-0.753357753357753
HDAC1,-0.753968253968254
PPOX,-0.753968253968254
TMEM214,-0.753968253968254
JAKMIP2,-0.753968253968254
DBN1,-0.753968253968254
CASP8AP2,-0.753968253968254
BAZ1B,-0.753968253968254
RIC8A,-0.753968253968254
SF1,-0.753968253968254
MED17,-0.753968253968254
MIPEP,-0.753968253968254
SPSB3,-0.753968253968254
TTC19,-0.753968253968254
TECR,-0.753968253968254
TFIP11,-0.753968253968254
ANKRD39,-0.754578754578755
RPS6KA5,-0.754578754578755
POLRMT,-0.754578754578755
ZC3HAV1,-0.755189255189255
ITFG2,-0.755189255189255
CTC1,-0.755189255189255
CNBD2,-0.755189255189255
RHEBL1,-0.75560983936366
ATP2B4,-0.755799755799756
AUH,-0.755799755799756
IPP,-0.756410256410256
RNF10,-0.756410256410256
ZGPAT,-0.756410256410256
MTMR1,-0.756410256410256
NCAPH,-0.756955943955841
PREB,-0.757020757020757
IDS,-0.757020757020757
USP24,-0.757631257631258
WIPF1,-0.757631257631258
PILRB,-0.757631257631258
VPS13A,-0.757631257631258
CRELD2,-0.757631257631258
CYFIP2,-0.758241758241758
FBXW4,-0.758241758241758
MVD,-0.758241758241758
TMEM182,-0.758357511506801
CNST,-0.758852258852259
RSRP1,-0.759462759462759
ANKS3,-0.759462759462759
TMEM161A,-0.759462759462759
SUPT5H,-0.759462759462759
TSR2,-0.759462759462759
LIX1L,-0.76007326007326
NPRL2,-0.76007326007326
ELP3,-0.76007326007326
PPP1R12A,-0.76007326007326
SELENOM,-0.76007326007326
NOL9,-0.760683760683761
NCK2,-0.760683760683761
SIAH2,-0.760683760683761
ACTR3B,-0.760683760683761
AEN,-0.760683760683761
C21orf58,-0.760683760683761
XRCC6,-0.760683760683761
TNFRSF25,-0.761294261294261
RAB29,-0.761294261294261
DDX39A,-0.761294261294261
ACSS1,-0.761294261294261
GLT8D1,-0.761904761904762
HSPA8,-0.761904761904762
UBE2O,-0.761904761904762
MED16,-0.761904761904762
GON4L,-0.762515262515263
FANCD2,-0.762515262515263
FIP1L1,-0.762515262515263
NDUFAF4,-0.762515262515263
ANKRD11,-0.762515262515263
RPA2,-0.763125763125763
ACBD6,-0.763736263736264
CDC123,-0.763736263736264
RASSF7,-0.763736263736264
N4BP1,-0.763736263736264
MYH9,-0.763736263736264
SSBP3,-0.764346764346764
CUL3,-0.764346764346764
RNGTT,-0.764346764346764
METRN,-0.764346764346764
ARIH2OS,-0.764957264957265
EIF5A2,-0.764957264957265
TMEM109,-0.764957264957265
DPF2,-0.764957264957265
PDCD7,-0.764957264957265
RAB11FIP3,-0.764957264957265
HAUS5,-0.764957264957265
CDC14A,-0.765567765567766
EXOC2,-0.765567765567766
HLA-F,-0.765567765567766
VCP,-0.765567765567766
PPP1R35,-0.766178266178266
SLC25A39,-0.766178266178266
KPNB1,-0.766178266178266
GINS2,-0.766295231031429
TRAPPC10,-0.766788766788767
TPRG1L,-0.767399267399267
SP140L,-0.767399267399267
KIF21B,-0.768009768009768
EXOC4,-0.768009768009768
AMZ2,-0.768009768009768
CEP250,-0.768009768009768
CEP68,-0.768620268620269
FBXO31,-0.768620268620269
SHFL,-0.768620268620269
FHL1,-0.768620268620269
FYCO1,-0.769230769230769
KIF3A,-0.769230769230769
PDLIM1,-0.769230769230769
SF3B2,-0.769230769230769
MBD1,-0.769230769230769
EIF5B,-0.76984126984127
FPGS,-0.76984126984127
CDK17,-0.76984126984127
IL16,-0.76984126984127
ANKRD12,-0.76984126984127
USP20,-0.77045177045177
CTCF,-0.77045177045177
SUZ12,-0.77045177045177
ZNF287,-0.770713220804796
TSPYL4,-0.771062271062271
BBS9,-0.771062271062271
CDK13,-0.771062271062271
PACS1,-0.771062271062271
ZNF574,-0.771062271062271
RELA,-0.771672771672772
SPG7,-0.771672771672772
SF3A2,-0.772283272283272
ZNF460,-0.772283272283272
C1orf216,-0.772893772893773
DDX59,-0.772893772893773
ANKAR,-0.772893772893773
HJURP,-0.773426772997272
HARS,-0.773504273504273
CCND3,-0.774114774114774
CCDC130,-0.774114774114774
JAK1,-0.774725274725275
CORO7,-0.774725274725275
PAF1,-0.774725274725275
ARHGAP25,-0.775946275946276
ST6GALNAC6,-0.775946275946276
BCL7C,-0.775946275946276
TSTD1,-0.776556776556777
RPL39L,-0.776556776556777
POLD2,-0.776556776556777
BMPR1A,-0.776556776556777
AP1G2,-0.777167277167277
GTF3C1,-0.777167277167277
HIST1H2BN,-0.777777777777778
CRYBG1,-0.777777777777778
TUT1,-0.777777777777778
AIP,-0.777777777777778
NPRL3,-0.777777777777778
PRPF8,-0.777777777777778
EML4,-0.778388278388278
CCDC91,-0.778388278388278
PGAM5,-0.778388278388278
SH2B1,-0.778388278388278
OLFM2,-0.778402892310747
LEMD3,-0.778998778998779
RAB35,-0.778998778998779
AARS,-0.778998778998779
TNKS,-0.77960927960928
ZWINT,-0.77960927960928
ESYT1,-0.77960927960928
TCOF1,-0.78021978021978
THOC3,-0.78021978021978
CCDC88C,-0.78021978021978
LRRC8A,-0.780830280830281
FBXO21,-0.780830280830281
SCFD2,-0.782051282051282
NUP42,-0.782051282051282
COPS6,-0.782051282051282
CCT2,-0.782051282051282
TIMM21,-0.782051282051282
CASZ1,-0.783272283272283
RUNX3,-0.783272283272283
CCT3,-0.783272283272283
YWHAQ,-0.783272283272283
WHAMM,-0.783272283272283
INPP5K,-0.783272283272283
THOP1,-0.783272283272283
PCNA,-0.783272283272283
KDM6A,-0.783272283272283
PHF14,-0.783882783882784
RASA3,-0.783882783882784
SLC25A42,-0.784493284493284
DIS3L2,-0.785103785103785
NUP210,-0.785103785103785
IRF3,-0.785103785103785
MACF1,-0.786324786324786
MCM3,-0.786324786324786
TRIM35,-0.786324786324786
RBM14,-0.786324786324786
TRADD,-0.786935286935287
PRKD2,-0.786935286935287
DPH1,-0.787545787545787
RPTOR,-0.787545787545787
PTBP1,-0.787545787545787
ZNF526,-0.787545787545787
LTA,-0.788156288156288
HERPUD2,-0.788156288156288
CCDC107,-0.788156288156288
TBC1D10C,-0.788156288156288
FMNL3,-0.788156288156288
FBXW8,-0.788156288156288
DCAF11,-0.788156288156288
DGKQ,-0.788766788766789
HSPA5,-0.788766788766789
GRAP2,-0.788766788766789
PPP1R37,-0.789377289377289
CTBP1,-0.78998778998779
POLR1E,-0.78998778998779
LLGL2,-0.78998778998779
RRP1B,-0.78998778998779
SYNRG,-0.790598290598291
ARHGEF9,-0.790598290598291
WDCP,-0.791208791208791
TBCC,-0.791208791208791
DNAJC1,-0.791208791208791
TBC1D17,-0.791208791208791
PRKX,-0.791208791208791
PGGHG,-0.791819291819292
ZNF75A,-0.791819291819292
RNF167,-0.791819291819292
ATG4A,-0.792429792429792
TRAF2,-0.793040293040293
DIDO1,-0.793040293040293
PEX3,-0.793650793650794
ODC1,-0.794261294261294
EHD1,-0.794261294261294
MTHFD1,-0.794261294261294
CALM1,-0.794261294261294
ALDH18A1,-0.794871794871795
PPP2R1B,-0.794871794871795
NRF1,-0.795482295482295
UBTF,-0.795482295482295
SLC35C2,-0.795482295482295
NIPSNAP1,-0.795482295482295
PMS1,-0.796092796092796
ZFAT,-0.796092796092796
ABHD17A,-0.796092796092796
GALNT11,-0.796703296703297
C16orf58,-0.796703296703297
BCR,-0.796703296703297
CEP120,-0.797313797313797
TIMM29,-0.797313797313797
HIST1H2BF,-0.797924297924298
RIC8B,-0.798534798534799
URI1,-0.798534798534799
FAS,-0.799145299145299
CBX7,-0.7997557997558
NCAPH2,-0.7997557997558
TCF19,-0.8003663003663
TMEM222,-0.800976800976801
MCM4,-0.800976800976801
DUT,-0.800976800976801
ORMDL3,-0.800976800976801
CACTIN,-0.800976800976801
MIB2,-0.801587301587302
JMY,-0.801587301587302
CMTR1,-0.801587301587302
FANCG,-0.801587301587302
CEP78,-0.801587301587302
TRUB2,-0.802197802197802
SIPA1,-0.802197802197802
ATL1,-0.802197802197802
DCAF5,-0.802197802197802
INO80E,-0.804029304029304
TERF2IP,-0.804029304029304
TP53I13,-0.805250305250305
XAB2,-0.805250305250305
GIPC1,-0.805250305250305
RINL,-0.805250305250305
CNN2,-0.805860805860806
NUDT16L1,-0.806471306471306
ATP6V0A2,-0.808302808302808
RASAL3,-0.808302808302808
POMGNT1,-0.808913308913309
SKIV2L,-0.808913308913309
CCDC34,-0.808913308913309
ZNF236,-0.808913308913309
MNAT1,-0.80952380952381
SLAMF7,-0.81013431013431
STK39,-0.81013431013431
TBC1D19,-0.81013431013431
TAPBP,-0.81013431013431
FCHSD1,-0.810744810744811
PHF1,-0.811355311355311
QTRT1,-0.811355311355311
CSTF2,-0.811355311355311
TUBA4A,-0.811965811965812
RASSF1,-0.811965811965812
CENPT,-0.811965811965812
SNX25,-0.812576312576313
EIF2B2,-0.812576312576313
NGRN,-0.812576312576313
TMC8,-0.812576312576313
SLC10A3,-0.812576312576313
GRWD1,-0.813186813186813
PRPF31,-0.813186813186813
KIF5C,-0.813310954369612
TRAF3IP3,-0.813797313797314
SLC2A4RG,-0.814407814407814
ADD1,-0.815018315018315
UBFD1,-0.815628815628816
ZC3H18,-0.815628815628816
SIGIRR,-0.816239316239316
BAK1,-0.816849816849817
ACD,-0.816849816849817
RAB27B,-0.817460317460317
NFKBIB,-0.817460317460317
DMWD,-0.817460317460317
SUN2,-0.817460317460317
PYGO2,-0.818070818070818
KMT2A,-0.818070818070818
NSMCE3,-0.818681318681319
PIP4K2A,-0.819291819291819
HPS6,-0.81990231990232
DHRS13,-0.81990231990232
ACOT7,-0.82051282051282
TRPV2,-0.821123321123321
SDF2L1,-0.821123321123321
PARP1,-0.822344322344322
WDR54,-0.822344322344322
TMED4,-0.822344322344322
CLPP,-0.822344322344322
LSM14A,-0.822954822954823
BUB3,-0.823565323565324
CD81,-0.823565323565324
TAP1,-0.824786324786325
DPP9,-0.824786324786325
SAFB2,-0.824786324786325
KEAP1,-0.824786324786325
ANKS6,-0.825522830561348
SNTB2,-0.826007326007326
PITPNC1,-0.826007326007326
TPST2,-0.826007326007326
PIGG,-0.826617826617827
MRPS7,-0.826617826617827
MUS81,-0.827228327228327
CCT7,-0.827838827838828
MPHOSPH8,-0.827838827838828
WRNIP1,-0.828449328449328
AKT3,-0.829059829059829
ORAI1,-0.829059829059829
FYN,-0.82967032967033
HIST1H1C,-0.831501831501831
SNAP47,-0.832722832722833
MOGS,-0.832722832722833
NELFCD,-0.832722832722833
TP53BP1,-0.833333333333333
APOBEC3G,-0.833943833943834
PDK2,-0.834554334554334
HIST1H3D,-0.836385836385836
AGFG2,-0.836385836385836
STAT5B,-0.836385836385836
C19orf25,-0.836385836385836
EZR,-0.836996336996337
BRF2,-0.836996336996337
IFRD2,-0.839438339438339
PPP1R16B,-0.839438339438339
PRMT1,-0.84004884004884
HIST1H2BH,-0.840659340659341
TRIM73,-0.841880341880342
NAP1L4,-0.841880341880342
RHOT2,-0.841880341880342
BAG3,-0.842490842490843
EPB41L4A,-0.844838276142152
CMC1,-0.844932844932845
INVS,-0.844932844932845
TOGARAM1,-0.844932844932845
FUS,-0.844932844932845
FLT3LG,-0.844932844932845
HLA-A,-0.846153846153846
WDR34,-0.846153846153846
MOB2,-0.846153846153846
CYTH1,-0.846153846153846
PBXIP1,-0.847374847374847
MTA2,-0.848595848595848
RAN,-0.84981684981685
ZXDA,-0.851037851037851
RBM38,-0.851648351648352
HABP4,-0.853479853479853
ULK3,-0.853479853479853
LEO1,-0.855921855921856
HMOX2,-0.856532356532356
HIRIP3,-0.858363858363858
SACS,-0.85958485958486
CCNB1,-0.863074349850936
DENND1C,-0.864468864468864
PNKP,-0.866300366300366
PELP1,-0.871184371184371
CRELD1,-0.872405372405372
FBXL14,-0.872405372405372
SYT11,-0.874236874236874
ACTR5,-0.876068376068376
C16orf91,-0.882173382173382
PRMT2,-0.882173382173382
KIF2A,-0.882783882783883
DAXX,-0.882783882783883
PURA,-0.887057387057387
LTB,-0.893772893772894
PLAAT4,-0.902319902319902
