gene,rho,p_value,fdr
CD36,0.969474969474969,8.88485825818385e-17,4.96841273797641e-13
S100A9,0.965201465201465,4.46619115150217e-16,1.03124989670931e-12
CSTA,0.964590964590964,5.53245652741044e-16,1.03124989670931e-12
HNMT,0.962736893130897,1.03663091703167e-15,1.44921002201028e-12
MS4A6A,0.959096459096459,3.25899752183993e-15,3.64486282842578e-12
MITF,0.958363341045709,4.05317161930769e-15,3.77755594919477e-12
RBP7,0.956589316897345,6.76277666751411e-15,5.40249244639127e-12
KCTD12,0.956043956043956,7.8815993329404e-15,5.42983350981875e-12
SLC16A5,0.955672165107415,8.73900242996579e-15,5.42983350981875e-12
MAP3K20,0.953601953601954,1.52886230074362e-14,7.77217998705301e-12
CLEC4A,0.953601953601954,1.52886230074362e-14,7.77217998705301e-12
MGST2,0.952380952380952,2.10135208037869e-14,9.79230069456468e-12
MAPRE2,-0.94993894993895,3.87454230577267e-14,1.6666492749139e-11
PITHD1,-0.949328449328449,4.4934526632077e-14,1.79481337804696e-11
S100A8,0.947496947496948,6.93429958832717e-14,2.42353770612035e-11
MNDA,0.947496947496948,6.93429958832717e-14,2.42353770612035e-11
MGST1,0.947079527347689,7.63843328794515e-14,2.48091836584026e-11
SUN2,-0.946886446886447,7.98578873124546e-14,2.48091836584026e-11
KLF10,0.945665445665446,1.05392926267512e-13,3.10188022993645e-11
RASA3,-0.945054945054945,1.20787438199428e-13,3.377216772056e-11
GCA,0.943833943833944,1.57922900427737e-13,4.20526123424716e-11
TMEM167A,0.942612942612943,2.05258304142562e-13,5.21729289438731e-11
LY86,0.941230357478046,2.74321418772228e-13,6.66958858162738e-11
ARHGAP25,-0.939560439560439,3.85832544731085e-13,8.63030236054491e-11
LYZ,0.939560439560439,3.85832544731077e-13,8.63030236054491e-11
RUNX3,-0.937728937728938,5.54766412728673e-13,1.14898288147361e-10
AP1S2,0.937728937728938,5.54766412728673e-13,1.14898288147361e-10
NELFCD,-0.937118437118437,6.24629121944977e-13,1.24747358925583e-10
MILR1,0.934799425766827,9.69857122960097e-13,1.78999281252833e-10
SLC22A15,0.934676434676435,9.92306459019619e-13,1.78999281252833e-10
PITPNC1,-0.934676434676435,9.92306459019637e-13,1.78999281252833e-10
TMEM120B,-0.934065934065934,1.11094477744945e-12,1.82717741044038e-10
ARHGEF40,0.934065934065934,1.11094477744942e-12,1.82717741044038e-10
RASSF2,0.934065934065934,1.11094477744942e-12,1.82717741044038e-10
SHTN1,0.932682044143831,1.42942194552422e-12,2.28380786267756e-10
RNASE2,0.932360634166896,1.5144411690149e-12,2.34118977681518e-10
HERPUD2,-0.932234432234432,1.54907048895139e-12,2.34118977681518e-10
EML4,-0.931623931623932,1.72704866611749e-12,2.41441403523225e-10
GORASP2,-0.931623931623932,1.72704866611749e-12,2.41441403523225e-10
VWA8,-0.931623931623932,1.72704866611749e-12,2.41441403523225e-10
FCGR1B,0.931069080201369,1.90483134995947e-12,2.56107713206622e-10
TMEM209,-0.931013431013431,1.92355578588665e-12,2.56107713206622e-10
S100A10,0.93040293040293,2.1403235873428e-12,2.78341616288859e-10
DNAJC1,-0.92979242979243,2.37922742320046e-12,3.02378176148567e-10
CD302,0.928571428571428,2.9317257801527e-12,3.5639588179596e-10
CNBD2,-0.928571428571428,2.93172578015275e-12,3.5639588179596e-10
MED27,-0.927960927960928,3.2498860241072e-12,3.78611721808489e-10
SYVN1,-0.927960927960928,3.2498860241072e-12,3.78611721808489e-10
TMEM144,0.927103542697298,3.75016270866546e-12,4.23331509818282e-10
KIF21B,-0.926739926739927,3.9828444991083e-12,4.23331509818282e-10
TBC1D10C,-0.926739926739927,3.9828444991083e-12,4.23331509818282e-10
SCO2,0.926739926739927,3.98284449910839e-12,4.23331509818282e-10
ST3GAL6,0.926695347004804,4.01226216387142e-12,4.23331509818282e-10
GBP5,-0.926129426129426,4.40338516778406e-12,4.3970946175444e-10
GLRX,0.926129426129426,4.4033851677841e-12,4.3970946175444e-10
CALR,-0.926129426129426,4.40338516778406e-12,4.3970946175444e-10
PARP1,-0.925518925518925,4.86417064650672e-12,4.53340704254434e-10
TLR2,0.925518925518925,4.86417064650681e-12,4.53340704254434e-10
BTBD9,-0.925518925518925,4.86417064650672e-12,4.53340704254434e-10
EZR,-0.925518925518925,4.86417064650672e-12,4.53340704254434e-10
TMC8,-0.924908424908425,5.36865858933282e-12,4.87792126656616e-10
GASK1B,0.924862726015342,5.40828180484803e-12,4.87792126656616e-10
DUSP3,0.924297924297924,5.92057018787177e-12,5.25521087152047e-10
STIM2,-0.923687423687424,6.52390771625565e-12,5.70026436707838e-10
UBE2D1,0.922466422466422,7.90238738116096e-12,6.79848465160802e-10
SERPINB6,0.921855921855922,8.68711165298463e-12,7.25049677067015e-10
FCN1,0.921855921855922,8.68711165298463e-12,7.25049677067015e-10
CD93,0.921245421245421,9.542468640997e-12,7.84727715300812e-10
BST1,0.920820397090062,1.01826756802741e-11,8.24951203827171e-10
NOMO2,-0.920634920634921,1.047416585689e-11,8.24951203827171e-10
SEPTIN6,-0.920634920634921,1.047416585689e-11,8.24951203827171e-10
RETN,0.919859574142508,1.17771368284789e-11,9.14690960345192e-10
YARS2,-0.919413919413919,1.25914818255323e-11,9.64542005046255e-10
CHMP1B,0.918192918192918,1.50933707877886e-11,1.14056931682857e-09
RBM47,0.917582417582418,1.65076231608665e-11,1.21461353573112e-09
NFATC3,-0.917582417582418,1.65076231608658e-11,1.21461353573112e-09
DPYSL2,0.916971916971917,1.80419955781164e-11,1.27709923130161e-09
DDX6,-0.916971916971917,1.8041995578116e-11,1.27709923130161e-09
HIRIP3,-0.916971916971917,1.8041995578116e-11,1.27709923130161e-09
TAP2,-0.916361416361416,1.97056462954345e-11,1.36041943313669e-09
JAML,0.916361416361416,1.97056462954348e-11,1.36041943313669e-09
EVL,-0.915750915750916,2.15083526619094e-11,1.44909286849879e-09
FPR1,0.915750915750916,2.15083526619099e-11,1.44909286849879e-09
SIGLEC7,0.914974823665814,2.40172664614584e-11,1.59886373871994e-09
C4orf48,0.914529914529914,2.55733581028312e-11,1.68242610012979e-09
CPM,0.914364229856227,2.61759978767955e-11,1.70204860612838e-09
FLT3LG,-0.913919413919414,2.78586451944226e-11,1.79063843594496e-09
KIFAP3,-0.913308913308913,3.03290464824234e-11,1.86373657065617e-09
SNRK,-0.913308913308913,3.03290464824234e-11,1.86373657065617e-09
RFC4,-0.913308913308913,3.03290464824234e-11,1.86373657065617e-09
CYFIP2,-0.913308913308913,3.03290464824234e-11,1.86373657065617e-09
B3GNT5,0.912532448427467,3.37597619048284e-11,2.05200639751957e-09
TNNT1,0.912259990312552,3.50451830092905e-11,2.10723293965541e-09
MCM7,-0.912087912087912,3.58798923881906e-11,2.13447189611449e-09
SLAMF7,-0.911477411477411,3.8989904284333e-11,2.2711619245624e-09
ATAD1,-0.911477411477411,3.8989904284333e-11,2.2711619245624e-09
ESYT1,-0.910866910866911,4.23442647204398e-11,2.44112503419278e-09
SYK,0.91025641025641,4.59602029389308e-11,2.54754665438413e-09
BUB3,-0.91025641025641,4.59602029389293e-11,2.54754665438413e-09
RNF126,-0.91025641025641,4.59602029389293e-11,2.54754665438413e-09
FAM151B,0.910247897841238,4.6012555810586e-11,2.54754665438413e-09
CDA,0.910090073189119,4.69931227791953e-11,2.57632884883588e-09
CD81,-0.90964590964591,4.98560247313082e-11,2.68072009901425e-09
TRMT1,0.90964590964591,4.98560247313094e-11,2.68072009901425e-09
POLE4,0.909035409035409,5.40511710605964e-11,2.87861093877005e-09
MPO,0.908900768768003,5.50186896457563e-11,2.90249540093461e-09
PLSCR1,0.908424908424908,5.85662794019968e-11,3.01184935898883e-09
RAC1,0.908424908424908,5.85662794019968e-11,3.01184935898883e-09
FOLR2,0.908406533246818,5.8707364114768e-11,3.01184935898883e-09
ARRDC4,0.907814407814408,6.34232479054931e-11,3.22420729352289e-09
ZGLP1,0.907536403469483,6.57545005420066e-11,3.31260510838649e-09
CDKN1A,0.907203907203907,6.8645302487058e-11,3.39703125227989e-09
TNFSF13B,0.907203907203907,6.8645302487058e-11,3.39703125227989e-09
SDCBP,0.906593406593407,7.42570669583832e-11,3.6425045476428e-09
ZNHIT6,-0.905982905982906,8.02846363081308e-11,3.90392770639189e-09
MYCL,0.905699285243836,8.32339906572519e-11,4.00940176016331e-09
ANKRD13C,-0.905372405372405,8.67556532510301e-11,4.00940176016331e-09
SP140,-0.905372405372405,8.67556532510301e-11,4.00940176016331e-09
JADE2,-0.905372405372405,8.67556532510301e-11,4.00940176016331e-09
PLXDC2,0.905372405372405,8.67556532510301e-11,4.00940176016331e-09
LIG1,-0.905372405372405,8.67556532510301e-11,4.00940176016331e-09
LAT2,0.904761904761905,9.36993881644225e-11,4.1917358289236e-09
CDK6,-0.904761904761905,9.36993881644225e-11,4.1917358289236e-09
APOBEC3G,-0.904761904761905,9.36993881644225e-11,4.1917358289236e-09
CSF2RA,0.904761904761905,9.36993881644225e-11,4.1917358289236e-09
FADS1,0.904289431998045,9.94173016255665e-11,4.41223452928705e-09
WIPF1,-0.904151404151404,1.01146822535261e-10,4.41885180950922e-09
GRN,0.904151404151404,1.01146822535261e-10,4.41885180950922e-09
MARVELD1,0.904005947608005,1.02999102588589e-10,4.46489133081696e-09
KIF5C,-0.903373541283664,1.11417677924228e-10,4.79267426886371e-09
SETD7,0.902930402930403,1.17685797415281e-10,4.98559832686552e-09
IL12RB1,-0.902930402930403,1.17685797415281e-10,4.98559832686552e-09
FEN1,-0.902319902319902,1.26848659169112e-10,5.33336618100507e-09
IL18,0.901961757166351,1.32522297735301e-10,5.53033349952091e-09
RASSF1,-0.901709401709402,1.36658056409421e-10,5.61905773118737e-09
ATOX1,0.901709401709402,1.36658056409421e-10,5.61905773118737e-09
ARID5B,-0.901098901098901,1.47154909791144e-10,6.00649821570859e-09
NUP214,0.900488400488401,1.58382432810344e-10,6.37175945521902e-09
MON2,-0.900488400488401,1.58382432810344e-10,6.37175945521902e-09
RNF217,0.900337340448284,1.61278514974614e-10,6.44192468384314e-09
GNG10,0.8998778998779,1.70386243565898e-10,6.66293618196155e-09
MED19,-0.8998778998779,1.70386243565898e-10,6.66293618196155e-09
DCP1B,-0.8998778998779,1.70386243565898e-10,6.66293618196155e-09
CD33,0.899725905921664,1.73501032811174e-10,6.73762344083394e-09
DMWD,-0.899267399267399,1.83214481145162e-10,7.0657612314741e-09
FCGR1A,0.898892816175652,1.91515355763401e-10,7.33530047554068e-09
HACL1,-0.898656898656899,1.96917926789992e-10,7.4909186844193e-09
TMEM170B,0.898046398046398,2.11550130003571e-10,7.93951897301991e-09
HSPA8,-0.898046398046398,2.11550130003571e-10,7.93951897301991e-09
S100A6,0.897435897435897,2.27167539762556e-10,8.30275086504713e-09
PLAGL1,0.897435897435897,2.27167539762556e-10,8.30275086504713e-09
APLP2,0.897435897435897,2.27167539762556e-10,8.30275086504713e-09
SLFN5,-0.897435897435897,2.27167539762556e-10,8.30275086504713e-09
ANKAR,-0.896825396825397,2.43829641003314e-10,8.79674420961632e-09
GPHN,-0.896825396825397,2.43829641003314e-10,8.79674420961632e-09
OAF,0.89665700937821,2.48617454505117e-10,8.91197952302957e-09
PNMA1,-0.896214896214896,2.6159909655523e-10,9.31759329896081e-09
ASGR1,0.895823875184954,2.73592430423232e-10,9.68309411978934e-09
ADAM9,0.895604395604395,2.80541894698383e-10,9.80493921970849e-09
NFE2,0.895604395604395,2.80541894698383e-10,9.80493921970849e-09
PEX3,-0.894993894993895,3.00727502527296e-10,1.03806678650163e-08
RASAL3,-0.894993894993895,3.00727502527296e-10,1.03806678650163e-08
PTX3,0.894596298788674,3.14576479568276e-10,1.07256232709334e-08
PSMD14,-0.894383394383394,3.22229025307012e-10,1.07256232709334e-08
MAML3,0.894383394383394,3.22229025307012e-10,1.07256232709334e-08
SAT2,0.894383394383394,3.22229025307012e-10,1.07256232709334e-08
DGKE,-0.894383394383394,3.22229025307012e-10,1.07256232709334e-08
AP2S1,0.894383394383394,3.22229025307012e-10,1.07256232709334e-08
TM6SF1,0.894319042857635,3.24575226583068e-10,1.07397909293048e-08
PRRG4,0.894222995182082,3.28106022213011e-10,1.07927580953833e-08
ZNF467,0.893772893772894,3.45123372012056e-10,1.12205226528571e-08
ALDH2,0.893772893772894,3.45123372012056e-10,1.12205226528571e-08
GSTO1,0.893162393162393,3.69491427243778e-10,1.18746900065931e-08
RINL,-0.893162393162393,3.69491427243773e-10,1.18746900065931e-08
CCDC88C,-0.892551892551893,3.95418229725923e-10,1.25635155717464e-08
CYFIP1,0.892551892551893,3.95418229725923e-10,1.25635155717464e-08
ASRGL1,0.891941391941392,4.2299315758333e-10,1.32886389730673e-08
LATS2,0.891941391941392,4.2299315758333e-10,1.32886389730673e-08
TECR,-0.890720390720391,4.8346775976329e-10,1.51036408524934e-08
CLEC11A,0.890653800878711,4.86981944087373e-10,1.51289057296477e-08
KIF13A,0.89010989010989,5.16569654037188e-10,1.59594337313589e-08
C11orf74,0.889777593954898,5.35442728661146e-10,1.64516249377644e-08
DHRS4,0.88949938949939,5.51724535049824e-10,1.6767628260862e-08
RPUSD2,-0.88949938949939,5.51724535049824e-10,1.6767628260862e-08
CXCL8,0.888888888888889,5.89046509464153e-10,1.75210004304444e-08
TNKS,-0.888888888888889,5.89046509464153e-10,1.75210004304444e-08
AEN,-0.888888888888889,5.89046509464153e-10,1.75210004304444e-08
MRTFB,-0.888888888888889,5.89046509464153e-10,1.75210004304444e-08
CPVL,0.888278388278388,6.28655289543003e-10,1.86002136461612e-08
CNOT6L,-0.887667887667888,6.70676432056284e-10,1.95334510836395e-08
GNAQ,0.887667887667888,6.70676432056293e-10,1.95334510836395e-08
TSPAN4,0.887667887667888,6.70676432056293e-10,1.95334510836395e-08
PEA15,0.887057387057387,7.15241585789135e-10,2.05109279370915e-08
RGS2,0.887057387057387,7.15241585789135e-10,2.05109279370915e-08
USP11,-0.887057387057387,7.15241585789135e-10,2.05109279370915e-08
ASTE1,-0.886446886446887,7.62488747901425e-10,2.13191853913238e-08
SGK1,0.886446886446887,7.62488747901425e-10,2.13191853913238e-08
WDR34,-0.886446886446887,7.62488747901425e-10,2.13191853913238e-08
ZBTB1,-0.886446886446887,7.62488747901425e-10,2.13191853913238e-08
ACSS2,0.886446886446887,7.62488747901425e-10,2.13191853913238e-08
TNS3,0.885836385836386,8.12562529395181e-10,2.22737728645973e-08
METTL22,0.885836385836386,8.12562529395181e-10,2.22737728645973e-08
TSEN54,-0.885836385836386,8.12562529395169e-10,2.22737728645973e-08
EBP,-0.885836385836386,8.12562529395169e-10,2.22737728645973e-08
RAB29,-0.885225885225885,8.65614429951553e-10,2.36122726453126e-08
ODC1,-0.884615384615385,9.21803122404909e-10,2.46637467009007e-08
SMIM3,0.884615384615385,9.21803122404909e-10,2.46637467009007e-08
CLK4,-0.884615384615385,9.21803122404909e-10,2.46637467009007e-08
XRRA1,-0.884615384615385,9.21803122404909e-10,2.46637467009007e-08
TRNT1,-0.884004884004884,9.81294747126941e-10,2.60066361418666e-08
RGL4,-0.884004884004884,9.81294747126941e-10,2.60066361418666e-08
BASP1,0.883394383394383,1.04426321659996e-09,2.74155864189059e-08
CTSH,0.883394383394383,1.04426321659996e-09,2.74155864189059e-08
FXYD6,0.883025252886919,1.08409916612846e-09,2.83284230700484e-08
ACOT7,-0.882783882783883,1.11089053046391e-09,2.84958708548361e-08
ARID4B,-0.882783882783883,1.11089053046391e-09,2.84958708548361e-08
HACD4,0.882783882783883,1.11089053046393e-09,2.84958708548361e-08
BCR,-0.882783882783883,1.11089053046391e-09,2.84958708548361e-08
CTSB,0.882173382173382,1.18136710132803e-09,2.97576794172358e-08
RASSF4,0.882173382173382,1.18136710132803e-09,2.97576794172358e-08
COMT,0.882173382173382,1.18136710132803e-09,2.97576794172358e-08
SFI1,-0.882173382173382,1.18136710132803e-09,2.97576794172358e-08
PYGL,0.881562881562882,1.25589209164343e-09,3.13524490020985e-08
PCNA,-0.881562881562882,1.25589209164343e-09,3.13524490020985e-08
TSTD1,-0.880952380952381,1.33467376193974e-09,3.31710918967424e-08
DLG4,0.880781570328953,1.35750738861748e-09,3.35892978634908e-08
HPSE,0.88034188034188,1.41792983073446e-09,3.417699833391e-08
GPAT3,0.88034188034188,1.41792983073446e-09,3.417699833391e-08
OGFRL1,0.88034188034188,1.41792983073446e-09,3.417699833391e-08
TMEM219,0.88034188034188,1.41792983073446e-09,3.417699833391e-08
ATP6V0A1,0.88034188034188,1.41792983073446e-09,3.417699833391e-08
RIN2,0.88034188034188,1.41792983073446e-09,3.417699833391e-08
ZNF251,-0.87973137973138,1.50588784643006e-09,3.58337227116468e-08
NKIRAS2,0.87973137973138,1.50588784643008e-09,3.58337227116468e-08
P2RY10,-0.87973137973138,1.50588784643006e-09,3.58337227116468e-08
CCDC170,0.879480478796236,1.54345477292902e-09,3.65720300433011e-08
NUP133,-0.879120879120879,1.59878557152049e-09,3.74075686859523e-08
NRROS,0.879120879120879,1.59878557152049e-09,3.74075686859523e-08
IRS2,0.879120879120879,1.59878557152049e-09,3.74075686859523e-08
EED,-0.878510378510378,1.69687137943448e-09,3.95371031408234e-08
VIM,0.877899877899878,1.80040466435006e-09,4.16027391861385e-08
LRMDA,0.877899877899878,1.80040466435006e-09,4.16027391861385e-08
ARHGEF10L,0.877825453952474,1.8134115317754e-09,4.17308530275228e-08
EPHB2,0.87764031696131,1.8461392526437e-09,4.23098799212441e-08
TREM1,0.877289377289377,1.90965626432078e-09,4.34097472767554e-08
GSN,0.877289377289377,1.90965626432078e-09,4.34097472767554e-08
MTRR,-0.876678876678877,2.02490889806123e-09,4.56584296691872e-08
ORC6,-0.876678876678877,2.02490889806123e-09,4.56584296691872e-08
TMEM222,-0.876068376068376,2.14645761574536e-09,4.72558700285361e-08
NLRP3,0.876068376068376,2.14645761574538e-09,4.72558700285361e-08
FANCG,-0.876068376068376,2.14645761574536e-09,4.72558700285361e-08
ZFAND4,-0.876068376068376,2.14645761574536e-09,4.72558700285361e-08
PLBD1,0.876068376068376,2.14645761574538e-09,4.72558700285361e-08
FCGRT,0.876068376068376,2.14645761574538e-09,4.72558700285361e-08
STAC3,0.875693020891606,2.22444781777141e-09,4.87808321450106e-08
RTN1,0.875457875457875,2.27461026417842e-09,4.93008550282392e-08
FAH,0.875457875457875,2.27461026417842e-09,4.93008550282392e-08
GAS7,0.875457875457875,2.27461026417842e-09,4.93008550282392e-08
SPECC1,0.874847374847375,2.40968796671001e-09,5.20269309260324e-08
CREG1,0.874236874236874,2.55202561826265e-09,5.44691880050562e-08
MEGF9,0.874236874236874,2.55202561826265e-09,5.44691880050562e-08
IL17RA,0.874236874236874,2.55202561826265e-09,5.44691880050562e-08
MARCO,0.873855902665959,2.64468172374441e-09,5.62321680577137e-08
AKT3,-0.873626373626374,2.70197239585677e-09,5.65896241109782e-08
BCL11A,0.873626373626374,2.70197239585679e-09,5.65896241109782e-08
FBXL5,0.873626373626374,2.70197239585679e-09,5.65896241109782e-08
RAB3D,0.873626373626374,2.70197239585679e-09,5.65896241109782e-08
TBC1D9,0.873015873015873,2.85989228502062e-09,5.96735733501317e-08
ATP6V1A,0.872405372405372,3.02616462248047e-09,6.26752317367066e-08
PLIN3,0.872405372405372,3.02616462248047e-09,6.26752317367066e-08
IL1RN,0.871927960089944,3.16226430850903e-09,6.52523321519648e-08
HACD3,-0.871794871794872,3.20118465553357e-09,6.58125904181754e-08
GPR162,0.87140641169843,3.31729107227542e-09,6.79497863595757e-08
LY96,0.871184371184371,3.38536411851367e-09,6.83428019881893e-08
KANSL2,-0.871184371184371,3.38536411851363e-09,6.83428019881893e-08
FES,0.871184371184371,3.38536411851367e-09,6.83428019881893e-08
SELENOM,-0.871184371184371,3.38536411851363e-09,6.83428019881893e-08
CYP1B1,0.871105843657779,3.40974151251672e-09,6.85873184819911e-08
IL13RA1,0.871012069375564,3.43906107723799e-09,6.89291381502324e-08
NCF4,0.870573870573871,3.57913182676558e-09,7.14803756259754e-08
CCR1,0.870096178661184,3.7377217099796e-09,7.43819921786688e-08
MACF1,-0.86996336996337,3.78293428855424e-09,7.47497121611152e-08
IMPA2,0.86996336996337,3.78293428855429e-09,7.47497121611152e-08
CEP120,-0.869352869352869,3.99723633533925e-09,7.78834341018028e-08
PHAX,-0.869352869352869,3.99723633533925e-09,7.78834341018028e-08
SERPINB1,0.869352869352869,3.99723633533931e-09,7.78834341018028e-08
PLAAT4,-0.869352869352869,3.99723633533925e-09,7.78834341018028e-08
DLEU7,0.868874650902204,4.17275014482351e-09,8.05881970737769e-08
EIF4EBP1,0.868742368742369,4.22252177085419e-09,8.05881970737769e-08
PTPRE,0.868742368742369,4.22252177085419e-09,8.05881970737769e-08
NEDD1,-0.868742368742369,4.22252177085415e-09,8.05881970737769e-08
MAP4K5,-0.868742368742369,4.22252177085415e-09,8.05881970737769e-08
SNTB2,-0.868742368742369,4.22252177085415e-09,8.05881970737769e-08
RSRP1,-0.868131868131868,4.45929403943809e-09,8.42445009072223e-08
UBA5,-0.868131868131868,4.45929403943809e-09,8.42445009072223e-08
CHORDC1,-0.868131868131868,4.45929403943809e-09,8.42445009072223e-08
PRDX3,0.867521367521368,4.70807691407387e-09,8.83475372600708e-08
DYRK2,-0.867521367521368,4.70807691407381e-09,8.83475372600708e-08
PGD,0.866910866910867,4.96941520459445e-09,9.26298994136406e-08
IQCB1,-0.866910866910867,4.9694152045944e-09,9.26298994136406e-08
CEBPD,0.866300366300366,5.24387548652888e-09,9.7421102062025e-08
IQSEC2,0.86612731889887,5.32413956161503e-09,9.8584729895865e-08
VAMP8,0.865079365079365,5.83454167661019e-09,1.0732485873554e-07
RTTN,-0.865079365079365,5.83454167661015e-09,1.0732485873554e-07
MXD1,0.864468864468864,6.15199642246048e-09,1.11333216810353e-07
HSD17B8,-0.864468864468864,6.15199642246041e-09,1.11333216810353e-07
KLF12,-0.864468864468864,6.15199642246041e-09,1.11333216810353e-07
RILP,0.864468864468864,6.15199642246048e-09,1.11333216810353e-07
GPR174,-0.864468864468864,6.15199642246041e-09,1.11333216810353e-07
ADRB2,-0.863858363858364,6.48507244505111e-09,1.1623245228438e-07
INAFM1,0.863858363858364,6.48507244505125e-09,1.1623245228438e-07
TSPO,0.863858363858364,6.48507244505125e-09,1.1623245228438e-07
FAM114A1,0.863445566053961,6.71948457159703e-09,1.20049066212047e-07
KIF3A,-0.863247863247863,6.83445683732779e-09,1.21327881378849e-07
TNFAIP2,0.863247863247863,6.83445683732787e-09,1.21327881378849e-07
PTAFR,0.862769052946143,7.12034947791702e-09,1.26003146457316e-07
ARHGAP31,0.862637362637363,7.20086329173846e-09,1.26626501658495e-07
EXOSC9,-0.862637362637363,7.20086329173838e-09,1.26626501658495e-07
LPAR1,0.862351373252107,7.37857003031308e-09,1.29344713509438e-07
HLA-DRA,0.862026862026862,7.58503298737841e-09,1.3131735128613e-07
GABARAP,0.862026862026862,7.58503298737841e-09,1.3131735128613e-07
TRPV2,-0.862026862026862,7.58503298737836e-09,1.3131735128613e-07
MAGEH1,-0.862026862026862,7.58503298737836e-09,1.3131735128613e-07
MSRB2,0.861416361416361,7.98773550182286e-09,1.37438205926749e-07
RFC5,-0.861416361416361,7.98773550182271e-09,1.37438205926749e-07
IL21R,-0.860805860805861,8.40976974818829e-09,1.44255927705119e-07
SERPING1,0.860720991384159,8.4700162498786e-09,1.44845048530034e-07
SLC22A18AS,0.860224350359668,8.83049841379444e-09,1.50000569494443e-07
LGALS3,0.86019536019536,8.85196493797676e-09,1.50000569494443e-07
AQP9,0.86019536019536,8.85196493797676e-09,1.50000569494443e-07
CCDC88A,0.85958485958486,9.31518157025926e-09,1.55959566888892e-07
ATP6V0E2,-0.85958485958486,9.31518157025916e-09,1.55959566888892e-07
BLVRB,0.85958485958486,9.31518157025926e-09,1.55959566888892e-07
ZXDA,-0.85958485958486,9.31518157025916e-09,1.55959566888892e-07
HAAO,0.859158956860786,9.65125683090329e-09,1.61103964771377e-07
TIMM13,0.858974358974359,9.80031244777032e-09,1.62621208332141e-07
GK,0.858974358974359,9.80031244777032e-09,1.62621208332141e-07
SMC4,-0.858363858363858,1.03082837204882e-08,1.69540948720501e-07
TMEM176A,0.858363858363858,1.03082837204883e-08,1.69540948720501e-07
SPG21,0.858363858363858,1.03082837204883e-08,1.69540948720501e-07
LEO1,-0.857753357753358,1.08400559572885e-08,1.76727676131655e-07
LGALS1,0.857753357753358,1.08400559572886e-08,1.76727676131655e-07
MTMR1,-0.857753357753358,1.08400559572885e-08,1.76727676131655e-07
TGFBI,0.857142857142857,1.13966252462623e-08,1.83659735957057e-07
ATP6V1F,0.857142857142857,1.13966252462623e-08,1.83659735957057e-07
TP53BP1,-0.857142857142857,1.13966252462622e-08,1.83659735957057e-07
ACSS1,-0.857142857142857,1.13966252462622e-08,1.83659735957057e-07
AGTRAP,0.856532356532356,1.1979024324306e-08,1.89764034055295e-07
UBXN11,0.856532356532356,1.1979024324306e-08,1.89764034055295e-07
MAN1A1,-0.856532356532356,1.19790243243058e-08,1.89764034055295e-07
NAMPT,0.856532356532356,1.1979024324306e-08,1.89764034055295e-07
HEBP1,0.856532356532356,1.1979024324306e-08,1.89764034055295e-07
HMOX2,-0.856532356532356,1.19790243243058e-08,1.89764034055295e-07
MSRB1,0.855921855921856,1.25883237365918e-08,1.98852842754297e-07
TLR6,0.855834002078926,1.26782835575134e-08,1.99709751136943e-07
DOCK10,-0.855311355311355,1.32256330265413e-08,2.07746460349492e-07
GLIPR2,0.854700854700855,1.3892101956932e-08,2.1699618475744e-07
KIZ,-0.854700854700855,1.38921019569319e-08,2.1699618475744e-07
CD1D,0.854090354090354,1.45889217627724e-08,2.26614584715064e-07
ANKH,-0.854090354090354,1.45889217627722e-08,2.26614584715064e-07
UBTD1,0.853562599161837,1.52167039189977e-08,2.35711380374058e-07
CPAMD8,0.853256881898527,1.55914840299182e-08,2.40849664904151e-07
CLMN,0.852869352869353,1.60785940468503e-08,2.47690076887016e-07
MCM4,-0.852258852258852,1.68740480899759e-08,2.58519662792179e-07
PIGB,-0.852258852258852,1.68740480899759e-08,2.58519662792179e-07
RAB11FIP1,0.851648351648352,1.77050588769734e-08,2.70510079890807e-07
ANKRD12,-0.851037851037851,1.85730449550168e-08,2.82998548742381e-07
NCEH1,0.850947012773693,1.87054446336708e-08,2.8424143041165e-07
VNN3,0.850585738474434,1.92405339451641e-08,2.91580124177121e-07
KAT6B,-0.85042735042735,1.94794745648891e-08,2.92035447096143e-07
ARHGEF12,-0.85042735042735,1.94794745648891e-08,2.92035447096143e-07
PRIM1,-0.85042735042735,1.94794745648891e-08,2.92035447096143e-07
MID1IP1,0.85042735042735,1.94794745648893e-08,2.92035447096143e-07
TFEC,0.84981684981685,2.04258671349083e-08,3.03780449517041e-07
RNASEK,0.84981684981685,2.04258671349083e-08,3.03780449517041e-07
PRPS1,-0.84981684981685,2.0425867134908e-08,3.03780449517041e-07
FBXO31,-0.849206349206349,2.14137948120656e-08,3.16788202616589e-07
KLHL22,-0.849206349206349,2.14137948120656e-08,3.16788202616589e-07
PEX14,-0.848595848595848,2.24448840311006e-08,3.2942727428324e-07
YRDC,-0.848595848595848,2.24448840311006e-08,3.2942727428324e-07
RUVBL1,-0.848595848595848,2.24448840311006e-08,3.2942727428324e-07
VOPP1,-0.847985347985348,2.35208171222368e-08,3.43416212395687e-07
SRRT,-0.847985347985348,2.35208171222368e-08,3.43416212395687e-07
MTHFR,0.847374847374847,2.46433339583259e-08,3.54255844460047e-07
CLSPN,-0.847374847374847,2.46433339583257e-08,3.54255844460047e-07
NDUFAF4,-0.847374847374847,2.46433339583257e-08,3.54255844460047e-07
CEMIP2,-0.847374847374847,2.46433339583257e-08,3.54255844460047e-07
ZFHX3,0.847374847374847,2.46433339583259e-08,3.54255844460047e-07
TIMM21,-0.847374847374847,2.46433339583257e-08,3.54255844460047e-07
TOGARAM1,-0.846764346764347,2.58142336421465e-08,3.70136396222778e-07
CLEC4G,0.846376102625206,2.65848757181794e-08,3.80211317176621e-07
ARPIN,0.846225384842394,2.68896216581673e-08,3.83588684470591e-07
PSIP1,-0.846153846153846,2.70353762346233e-08,3.83710212954357e-07
RAB34,0.846153846153846,2.70353762346239e-08,3.83710212954357e-07
WDCP,-0.845543345543345,2.83086845247269e-08,3.98746004690863e-07
ANKMY2,-0.845543345543345,2.83086845247269e-08,3.98746004690863e-07
SAMD9,-0.845543345543345,2.83086845247269e-08,3.98746004690863e-07
TET3,0.844932844932845,2.9636145841844e-08,4.12252058576098e-07
FAM172A,-0.844932844932845,2.96361458418438e-08,4.12252058576098e-07
HIST1H2BF,-0.844932844932845,2.96361458418438e-08,4.12252058576098e-07
CKAP4,0.844932844932845,2.9636145841844e-08,4.12252058576098e-07
RILPL2,0.844932844932845,2.9636145841844e-08,4.12252058576098e-07
HIST1H2BC,-0.844322344322344,3.10198139114014e-08,4.29363364833069e-07
TALDO1,0.844322344322344,3.1019813911402e-08,4.29363364833069e-07
MRPL49,-0.843711843711844,3.24618107545454e-08,4.47109472264576e-07
ATP5MPL,0.843711843711844,3.24618107545454e-08,4.47109472264576e-07
RCN3,0.843616528815843,3.2692349087874e-08,4.49178417934623e-07
LAMTOR1,0.843101343101343,3.39643286326787e-08,4.65511092436126e-07
TCN2,0.842862494945983,3.4569123121031e-08,4.72641898515417e-07
SP4,-0.842490842490843,3.55296320376872e-08,4.83410468016416e-07
TRAPPC5,0.842490842490843,3.5529632037687e-08,4.83410468016416e-07
ACPP,0.842424301946796,3.5704132983144e-08,4.84605610780925e-07
ANKRD39,-0.841880341880342,3.71600597286704e-08,5.03145409207566e-07
VNN2,0.841269841269841,3.88580268160211e-08,5.22341552776899e-07
NUP107,-0.841269841269841,3.88580268160211e-08,5.22341552776899e-07
ZNF830,-0.841269841269841,3.88580268160211e-08,5.22341552776899e-07
GLT8D1,-0.840659340659341,4.06260268937035e-08,5.42197475870143e-07
CRY1,-0.840659340659341,4.06260268937035e-08,5.42197475870143e-07
MIPEP,-0.840659340659341,4.06260268937035e-08,5.42197475870143e-07
ARMCX1,0.84032038852922,4.16388052727625e-08,5.54390950203067e-07
THOC3,-0.84004884004884,4.24666342205844e-08,5.62733219340066e-07
TERF2IP,-0.84004884004884,4.24666342205844e-08,5.62733219340066e-07
TRIM7,0.839932688753087,4.28252597921035e-08,5.66143859946674e-07
EXOC2,-0.839438339438339,4.43825059516872e-08,5.82598528830598e-07
HIST1H2AL,-0.839438339438339,4.43825059516872e-08,5.82598528830598e-07
KCNK6,0.839438339438339,4.43825059516872e-08,5.82598528830598e-07
CASP3,-0.838827838827839,4.63763844202481e-08,6.03108701576808e-07
STMP1,0.838827838827839,4.63763844202481e-08,6.03108701576808e-07
GSPT1,-0.838827838827839,4.63763844202481e-08,6.03108701576808e-07
HLCS,-0.838827838827839,4.63763844202481e-08,6.03108701576808e-07
NUP155,-0.838217338217338,4.84510994714603e-08,6.24282369226741e-07
CDKAL1,-0.838217338217338,4.84510994714603e-08,6.24282369226741e-07
DDB2,-0.838217338217338,4.84510994714603e-08,6.24282369226741e-07
MBOAT7,0.838217338217338,4.84510994714603e-08,6.24282369226741e-07
NLRP12,0.838040003657877,4.90693165154266e-08,6.30794524032794e-07
SMYD5,-0.837606837606838,5.06095708488051e-08,6.47617208664801e-07
CCDC34,-0.837606837606838,5.06095708488051e-08,6.47617208664801e-07
ALG12,-0.836996336996337,5.28548106338832e-08,6.74803883709303e-07
ACSL1,0.836385836385836,5.51899257406526e-08,6.96663803028734e-07
NOD2,0.836385836385836,5.51899257406526e-08,6.96663803028734e-07
ESCO1,-0.836385836385836,5.51899257406526e-08,6.96663803028734e-07
SERPINB8,0.836385836385836,5.51899257406526e-08,6.96663803028734e-07
PLPPR2,0.836385836385836,5.51899257406526e-08,6.96663803028734e-07
LIN7A,0.836186784340725,5.59712468612368e-08,7.04935163171252e-07
GPRIN3,-0.835775335775336,5.7618120465017e-08,7.20806554005314e-07
CARD19,0.835775335775336,5.7618120465017e-08,7.20806554005314e-07
RAB20,0.835775335775336,5.7618120465017e-08,7.20806554005314e-07
GPR34,0.835344398071608,5.93899553316637e-08,7.4131390672916e-07
SSX2IP,-0.835164835164835,6.01426990906901e-08,7.45716127084566e-07
CDK17,-0.835164835164835,6.01426990906901e-08,7.45716127084566e-07
CYB561,-0.835164835164835,6.01426990906901e-08,7.45716127084566e-07
RFX2,0.834554334554334,6.27670685522932e-08,7.73113320141902e-07
TMEM205,0.834554334554334,6.27670685522932e-08,7.73113320141902e-07
SPINT2,0.834554334554334,6.27670685522932e-08,7.73113320141902e-07
LMBR1,-0.833333333333333,6.8329337363189e-08,8.37933452927529e-07
NSMCE3,-0.833333333333333,6.8329337363189e-08,8.37933452927529e-07
HBEGF,0.832722832722833,7.12745886246079e-08,8.70234715259404e-07
GOT1,-0.832722832722833,7.12745886246079e-08,8.70234715259404e-07
TMEM150B,0.832543251608632,7.21625645101563e-08,8.79156995077983e-07
TLR5,0.832214556217967,7.38138577844406e-08,8.95856963132134e-07
C2orf68,0.832112332112332,7.43343402885024e-08,8.95856963132134e-07
ARHGAP24,0.832112332112332,7.43343402885024e-08,8.95856963132134e-07
MED17,-0.832112332112332,7.43343402885032e-08,8.95856963132134e-07
SLC10A3,-0.832112332112332,7.43343402885032e-08,8.95856963132134e-07
KBTBD11,0.831934065562009,7.52499561172155e-08,9.04941407757998e-07
UBE2T,-0.831501831501831,7.75125545612411e-08,9.26175651936881e-07
NQO2,0.831501831501831,7.75125545612411e-08,9.26175651936881e-07
LIN52,-0.831501831501831,7.75125545612411e-08,9.26175651936881e-07
PLA2G7,0.831340553799888,7.83724450783458e-08,9.34453545582323e-07
SERINC2,0.831069220281211,7.98386327424127e-08,9.49909860203344e-07
TUBA4A,-0.830891330891331,8.08133135349346e-08,9.5946507279693e-07
CCDC149,0.830788181889607,8.13834033467133e-08,9.64186422700891e-07
LRP1,0.83028083028083,8.42408222785655e-08,9.9382843498257e-07
ANPEP,0.83028083028083,8.42408222785655e-08,9.9382843498257e-07
CEACAM4,0.830177308226453,8.48348993161436e-08,9.98730014686052e-07
CDK13,-0.82967032967033,8.77994119943076e-08,1.02929625130434e-06
FUOM,0.82967032967033,8.7799411994307e-08,1.02929625130434e-06
PPT1,0.829059829059829,9.14935432400665e-08,1.06368377089075e-06
EIF4EBP3,0.829059829059829,9.14935432400665e-08,1.06368377089075e-06
PRR5,-0.829059829059829,9.14935432400665e-08,1.06368377089075e-06
ODF3B,0.829059829059829,9.14935432400665e-08,1.06368377089075e-06
ALDH1A1,0.828540319766674,9.47472656226505e-08,1.08348192917571e-06
TNFAIP6,0.828493783570407,9.50437752424014e-08,1.08348192917571e-06
SLC1A4,-0.828449328449328,9.53278092193223e-08,1.08348192917571e-06
PIP4P2,0.828449328449328,9.53278092193223e-08,1.08348192917571e-06
ZFAT,-0.828449328449328,9.53278092193223e-08,1.08348192917571e-06
LEMD3,-0.828449328449328,9.53278092193223e-08,1.08348192917571e-06
FBXO21,-0.828449328449328,9.53278092193223e-08,1.08348192917571e-06
GLT1D1,0.828449328449328,9.53278092193223e-08,1.08348192917571e-06
HSPH1,-0.828449328449328,9.53278092193223e-08,1.08348192917571e-06
SULT1A1,0.828449328449328,9.53278092193223e-08,1.08348192917571e-06
GAS2L1,0.828449328449328,9.53278092193223e-08,1.08348192917571e-06
AGK,-0.827838827838828,9.93069391392813e-08,1.12186748215528e-06
SMC3,-0.827838827838828,9.93069391392813e-08,1.12186748215528e-06
C2CD3,-0.827838827838828,9.93069391392813e-08,1.12186748215528e-06
KBTBD4,-0.827228327228327,1.03435801638464e-07,1.16615524750462e-06
TSHZ3,0.826438721275728,1.09006212045574e-07,1.22648438180855e-06
PTPN12,0.826007326007326,1.12162917145151e-07,1.25443006535137e-06
INVS,-0.826007326007326,1.12162917145151e-07,1.25443006535137e-06
BCDIN3D,-0.826007326007326,1.12162917145151e-07,1.25443006535137e-06
SYNRG,-0.825396825396825,1.16771636427941e-07,1.30336724731546e-06
DSC2,0.825238232398883,1.17996570927554e-07,1.31441598531251e-06
S100P,0.824931338299813,1.20400017426433e-07,1.33754277363613e-06
SIRPA,0.824912236751761,1.20551065435016e-07,1.33754277363613e-06
KCNE3,0.824825176410686,1.21241680313814e-07,1.34254153725712e-06
MNAT1,-0.824786324786325,1.21551028199012e-07,1.34330701519541e-06
SGMS2,0.823565323565324,1.316444695796e-07,1.44912573600221e-06
XPO4,-0.823565323565324,1.316444695796e-07,1.44912573600221e-06
NBAS,-0.822344322344322,1.42490160935682e-07,1.55930524452512e-06
RCC1L,-0.822344322344322,1.42490160935682e-07,1.55930524452512e-06
FANCI,-0.822344322344322,1.42490160935682e-07,1.55930524452512e-06
PPP3CC,-0.821733821733822,1.48210500815821e-07,1.60618821814355e-06
DNAJC9,-0.821733821733822,1.48210500815821e-07,1.60618821814355e-06
BORCS5,-0.821733821733822,1.48210500815821e-07,1.60618821814355e-06
TK2,0.821733821733822,1.4821050081582e-07,1.60618821814355e-06
PPP1R16B,-0.821733821733822,1.48210500815821e-07,1.60618821814355e-06
ZC3HAV1,-0.82051282051282,1.60278510873251e-07,1.73361205571222e-06
NRG1,0.820457457067242,1.60846183989719e-07,1.73639355380407e-06
DAXX,-0.81990231990232,1.66639666547203e-07,1.79201733717684e-06
FBXO5,-0.81990231990232,1.66639666547203e-07,1.79201733717684e-06
TNFRSF10D,0.819792455952833,1.67808338870709e-07,1.80112136461613e-06
HIST1H2AD,-0.819291819291819,1.73228228048374e-07,1.83812571394024e-06
CYTH3,-0.819291819291819,1.73228228048374e-07,1.83812571394024e-06
ZMYND19,-0.819291819291819,1.73228228048374e-07,1.83812571394024e-06
KLHDC2,-0.819291819291819,1.73228228048374e-07,1.83812571394024e-06
RNF24,0.819291819291819,1.73228228048372e-07,1.83812571394024e-06
APP,0.819291819291819,1.73228228048372e-07,1.83812571394024e-06
MARC1,0.819100350417486,1.75342558421758e-07,1.85703709601225e-06
ODF2L,-0.818681318681319,1.80051417457628e-07,1.89613470136168e-06
TFDP2,-0.818681318681319,1.80051417457628e-07,1.89613470136168e-06
ZNF385A,0.818681318681319,1.80051417457628e-07,1.89613470136168e-06
BACE1,0.818129983154675,1.86421145150091e-07,1.94852205729988e-06
CR1,0.818070818070818,1.87116656790063e-07,1.94852205729988e-06
ITPKB,-0.818070818070818,1.87116656790063e-07,1.94852205729988e-06
PRPF4B,-0.818070818070818,1.87116656790063e-07,1.94852205729988e-06
RPS6KA4,0.818070818070818,1.87116656790063e-07,1.94852205729988e-06
ULK3,-0.818070818070818,1.87116656790063e-07,1.94852205729988e-06
DPCD,0.817517610412793,1.9373427191072e-07,2.00972523931024e-06
PIP4K2A,-0.817460317460317,1.94431572687203e-07,2.00972523931024e-06
FAS,-0.817460317460317,1.94431572687203e-07,2.00972523931024e-06
PRPF39,-0.817460317460317,1.94431572687203e-07,2.00972523931024e-06
BNIP3L,0.816849816849817,2.02004001198382e-07,2.07267224715846e-06
C11orf49,-0.816849816849817,2.02004001198383e-07,2.07267224715846e-06
UNG,-0.816849816849817,2.02004001198383e-07,2.07267224715846e-06
METRN,-0.816849816849817,2.02004001198383e-07,2.07267224715846e-06
SCFD2,-0.816239316239316,2.09841992652584e-07,2.14130734108257e-06
FBXL14,-0.816239316239316,2.09841992652584e-07,2.14130734108257e-06
TFIP11,-0.816239316239316,2.09841992652584e-07,2.14130734108257e-06
ABHD5,0.815628815628816,2.17953816621939e-07,2.19999592518029e-06
HSD17B4,0.815628815628816,2.17953816621939e-07,2.19999592518029e-06
MANEA,-0.815628815628816,2.17953816621939e-07,2.19999592518029e-06
WWOX,-0.815628815628816,2.17953816621939e-07,2.19999592518029e-06
GPX4,0.815628815628816,2.17953816621939e-07,2.19999592518029e-06
MVB12A,0.815628815628816,2.17953816621939e-07,2.19999592518029e-06
ARIH2OS,-0.815018315018315,2.26347966978246e-07,2.26834736799705e-06
NFIL3,0.815018315018315,2.26347966978245e-07,2.26834736799705e-06
AP5B1,0.815018315018315,2.26347966978245e-07,2.26834736799705e-06
ACTR5,-0.815018315018315,2.26347966978246e-07,2.26834736799705e-06
IGFBP7,0.813921548179199,2.4216516546409e-07,2.42251807741537e-06
LTB,-0.813797313797314,2.44018374837177e-07,2.43669777158838e-06
VIPR1,0.813186813186813,2.53312788417444e-07,2.51156934898998e-06
SPAG1,-0.813186813186813,2.53312788417444e-07,2.51156934898998e-06
TUBB6,0.813186813186813,2.53312788417444e-07,2.51156934898998e-06
MT-CYB,-0.813186813186813,2.53312788417444e-07,2.51156934898998e-06
WDR49,0.812838085890084,2.58764278029444e-07,2.56107936768257e-06
NHS,0.812618628477735,2.62249059086514e-07,2.57944098351963e-06
PTGS2,0.812576312576313,2.62925851324424e-07,2.57944098351963e-06
H2AFY,0.812576312576313,2.62925851324424e-07,2.57944098351963e-06
MRNIP,-0.812576312576313,2.62925851324426e-07,2.57944098351963e-06
CNPY3,0.812576312576313,2.62925851324424e-07,2.57944098351963e-06
B4GALT3,-0.811965811965812,2.72867258120003e-07,2.65831656342693e-06
CYP4V2,-0.811965811965812,2.72867258120003e-07,2.65831656342693e-06
NCBP1,-0.811965811965812,2.72867258120003e-07,2.65831656342693e-06
NDUFV3,0.811965811965812,2.72867258120001e-07,2.65831656342693e-06
PDLIM7,0.811355311355311,2.83146960029653e-07,2.74412097137926e-06
LNX2,-0.811355311355311,2.83146960029655e-07,2.74412097137926e-06
TPST2,-0.811355311355311,2.83146960029655e-07,2.74412097137926e-06
H3F3A,0.810744810744811,2.93775170686232e-07,2.81782290647926e-06
ST6GAL1,-0.810744810744811,2.93775170686232e-07,2.81782290647926e-06
WDFY3,0.810744810744811,2.93775170686232e-07,2.81782290647926e-06
HDAC9,0.810744810744811,2.93775170686232e-07,2.81782290647926e-06
DDX24,-0.810744810744811,2.93775170686232e-07,2.81782290647926e-06
ARL6IP1,-0.810744810744811,2.93775170686232e-07,2.81782290647926e-06
BCL2L2,0.810629351005521,2.95825254037575e-07,2.83262811742829e-06
PLCD1,-0.81013431013431,3.04762371977242e-07,2.89835235390602e-06
UHRF2,-0.81013431013431,3.04762371977242e-07,2.89835235390602e-06
RHOF,-0.81013431013431,3.04762371977242e-07,2.89835235390602e-06
KLHL28,-0.81013431013431,3.04762371977242e-07,2.89835235390602e-06
BRF2,-0.80952380952381,3.16119319996996e-07,2.99616819902238e-06
CAND1,-0.80952380952381,3.16119319996996e-07,2.99616819902238e-06
CD9,0.809407603679212,3.18323856287316e-07,3.01195770619064e-06
SYT11,-0.808913308913309,3.27857051105026e-07,3.08130526013328e-06
RELL2,-0.808913308913309,3.27857051105026e-07,3.08130526013328e-06
MTHFD1,-0.808913308913309,3.27857051105026e-07,3.08130526013328e-06
TRIOBP,0.808913308913309,3.27857051105023e-07,3.08130526013328e-06
IPPK,-0.807692307692308,3.5252044645519e-07,3.29647882370806e-06
ATP9B,-0.807692307692308,3.5252044645519e-07,3.29647882370806e-06
PIK3IP1,-0.807692307692308,3.5252044645519e-07,3.29647882370806e-06
NBPF14,0.807081807081807,3.65469640783011e-07,3.38361958817652e-06
BPGM,-0.807081807081807,3.65469640783014e-07,3.38361958817652e-06
TRAPPC6B,-0.807081807081807,3.65469640783014e-07,3.38361958817652e-06
RAD51B,-0.807081807081807,3.65469640783014e-07,3.38361958817652e-06
PTTG1IP,0.807081807081807,3.65469640783011e-07,3.38361958817652e-06
NIPSNAP1,-0.807081807081807,3.65469640783014e-07,3.38361958817652e-06
NCAPG2,-0.806471306471306,3.78846691253163e-07,3.50167057435981e-06
SPINT1,0.80588252831703,3.92164787162635e-07,3.6055464964149e-06
MSH2,-0.805860805860806,3.9266413024261e-07,3.6055464964149e-06
PRIM2,-0.805860805860806,3.9266413024261e-07,3.6055464964149e-06
TOM1,0.805860805860806,3.92664130242609e-07,3.6055464964149e-06
MIER2,0.805250305250305,4.06934809052836e-07,3.73045811839911e-06
DUSP11,-0.804639804639805,4.21671904751021e-07,3.85922960943978e-06
NBPF10,0.804029304029304,4.36888927128753e-07,3.97896234609774e-06
TYW1,-0.804029304029304,4.36888927128758e-07,3.97896234609774e-06
RINT1,-0.804029304029304,4.36888927128758e-07,3.97896234609774e-06
TPP1,0.803418803418803,4.5259972577979e-07,4.1153457992855e-06
CHST13,0.80298550303081,4.64057764284821e-07,4.21268022383234e-06
STK39,-0.802808302808303,4.68818497298154e-07,4.22163129934183e-06
PIK3R1,-0.802808302808303,4.68818497298154e-07,4.22163129934183e-06
UGCG,-0.802808302808303,4.68818497298154e-07,4.22163129934183e-06
DPH7,-0.802808302808303,4.68818497298154e-07,4.22163129934183e-06
ZNF324,-0.802808302808303,4.68818497298154e-07,4.22163129934183e-06
CENPH,-0.802197802197802,4.8555979259822e-07,4.35834728765529e-06
PEX1,-0.802197802197802,4.8555979259822e-07,4.35834728765529e-06
MS4A4E,0.802014968892256,4.90677381549143e-07,4.39722422695963e-06
CRTAP,0.801587301587302,5.02838524358154e-07,4.49180994921853e-06
LGALS2,0.801587301587302,5.02838524358154e-07,4.49180994921853e-06
SHROOM1,0.801466246058209,5.06329879354509e-07,4.51578418716175e-06
SELENON,0.800976800976801,5.20669974588244e-07,4.62891335118833e-06
TRMT61B,-0.800976800976801,5.20669974588242e-07,4.62891335118833e-06
BMPR1A,-0.8003663003663,5.39069802325566e-07,4.78488624540407e-06
RUSC2,0.800183187463496,5.44701820599113e-07,4.82721486654555e-06
TRANK1,-0.7997557997558,5.5805405145656e-07,4.9143909539293e-06
MFSD8,-0.7997557997558,5.5805405145656e-07,4.9143909539293e-06
ZFP36L1,0.7997557997558,5.58054051456564e-07,4.9143909539293e-06
COPRS,0.7997557997558,5.58054051456564e-07,4.9143909539293e-06
RAB44,0.799459128077014,5.67495319122401e-07,4.98967582473659e-06
PHC3,-0.799145299145299,5.77639158668955e-07,5.04712214887005e-06
HLA-DRB1,0.799145299145299,5.77639158668961e-07,5.04712214887005e-06
CHD7,-0.799145299145299,5.77639158668955e-07,5.04712214887005e-06
HIF1A,0.799145299145299,5.77639158668961e-07,5.04712214887005e-06
ZNF577,0.799022751405592,5.81644432749238e-07,5.07418980956901e-06
ATP6V0B,0.798534798534799,5.97841961534632e-07,5.19119914425724e-06
CEP78,-0.798534798534799,5.97841961534628e-07,5.19119914425724e-06
DYRK1B,-0.798534798534799,5.97841961534628e-07,5.19119914425724e-06
XRN1,-0.797924297924298,6.18679706724849e-07,5.34722862442872e-06
TRIB1,0.797924297924298,6.18679706724853e-07,5.34722862442872e-06
ZDHHC7,0.797924297924298,6.18679706724853e-07,5.34722862442872e-06
ATF3,0.797313797313797,6.40170058359546e-07,5.51591828404712e-06
CPNE8,0.797313797313797,6.40170058359546e-07,5.51591828404712e-06
ZWILCH,-0.796703296703297,6.62331106492026e-07,5.69808545769755e-06
PIWIL4,0.79621185231506,6.80670263572282e-07,5.84686346220615e-06
TRIM62,-0.796092796092796,6.85181375730801e-07,5.84967061539945e-06
EIF5B,-0.796092796092796,6.85181375730801e-07,5.84967061539945e-06
MSMO1,-0.796092796092796,6.85181375730801e-07,5.84967061539945e-06
DBF4,-0.796092796092796,6.85181375730801e-07,5.84967061539945e-06
PPP1R26,0.795676255957354,7.01177212805624e-07,5.97710819208697e-06
COQ3,-0.795482295482295,7.08739834000002e-07,6.01605873902014e-06
MTMR8,-0.795482295482295,7.08739834000002e-07,6.01605873902014e-06
ZBTB47,0.795476319132915,7.08974018064069e-07,6.01605873902014e-06
TET2,0.794871794871795,7.33025901439997e-07,6.21072854674615e-06
G0S2,0.794261294261294,7.58059459449748e-07,6.3868898480756e-06
SFXN5,0.794261294261294,7.58059459449748e-07,6.3868898480756e-06
JMY,-0.794261294261294,7.58059459449742e-07,6.3868898480756e-06
SLC2A9,0.794253450079675,7.58386062074786e-07,6.3868898480756e-06
RBKS,0.792429792429792,8.37851003682513e-07,7.00338238055697e-06
PHACTR1,0.792429792429792,8.37851003682513e-07,7.00338238055697e-06
VPS13A,-0.792429792429792,8.37851003682503e-07,7.00338238055697e-06
CHPT1,0.792429792429792,8.37851003682513e-07,7.00338238055697e-06
EVI2A,0.792429792429792,8.37851003682513e-07,7.00338238055697e-06
RAB13,0.791965367861168,8.59250884511445e-07,7.17153872565373e-06
PIP4K2C,-0.791819291819292,8.66082887687951e-07,7.17501556733485e-06
SACS,-0.791819291819292,8.66082887687951e-07,7.17501556733485e-06
LPCAT4,-0.791819291819292,8.66082887687951e-07,7.17501556733485e-06
KLHL11,-0.791819291819292,8.66082887687951e-07,7.17501556733485e-06
TASP1,-0.791819291819292,8.66082887687951e-07,7.17501556733485e-06
WFS1,-0.791208791208791,8.9516891474339e-07,7.38316308443226e-06
ZSCAN26,-0.791208791208791,8.9516891474339e-07,7.38316308443226e-06
IRF8,0.791208791208791,8.95168914743397e-07,7.38316308443226e-06
SEMA3C,0.791172987402128,8.96901711615206e-07,7.38656019344953e-06
FOLR3,0.791081393784589,9.01348327961921e-07,7.4122644852398e-06
IPO11,-0.790598290598291,9.25131931828144e-07,7.56883727336493e-06
KIAA1328,-0.790598290598291,9.25131931828144e-07,7.56883727336493e-06
ARSD,0.790598290598291,9.25131931828152e-07,7.56883727336493e-06
CD300LB,0.790584842919953,9.25801984081118e-07,7.56883727336493e-06
FMO5,0.790413686510107,9.34368398549331e-07,7.62771983166111e-06
NME7,-0.78998778998779,9.55995314579862e-07,7.71417864232414e-06
CEP170,0.78998778998779,9.55995314579869e-07,7.71417864232414e-06
RFTN1,-0.78998778998779,9.55995314579862e-07,7.71417864232414e-06
SPATA5,-0.78998778998779,9.55995314579862e-07,7.71417864232414e-06
DHFR,-0.78998778998779,9.55995314579862e-07,7.71417864232414e-06
GSTP1,0.78998778998779,9.55995314579869e-07,7.71417864232414e-06
FCAR,0.78998778998779,9.55995314579869e-07,7.71417864232414e-06
PRKX,-0.78998778998779,9.55995314579862e-07,7.71417864232414e-06
HIST3H2A,-0.789377289377289,9.87782977528539e-07,7.92493889575273e-06
ZNF124,0.789377289377289,9.8778297752855e-07,7.92493889575273e-06
TP53I3,0.789377289377289,9.8778297752855e-07,7.92493889575273e-06
MT-ND4L,-0.789377289377289,9.87782977528539e-07,7.92493889575273e-06
PID1,0.788766788766789,1.02051938448683e-06,8.1641550758946e-06
HIST1H3D,-0.788766788766789,1.02051938448682e-06,8.1641550758946e-06
HOXA5,0.788254479764981,1.04874092072837e-06,8.37794175530433e-06
PAICS,-0.788156288156288,1.0542295590981e-06,8.3815875884723e-06
DENND1A,0.788156288156288,1.05422955909811e-06,8.3815875884723e-06
PPP1R9B,0.788156288156288,1.05422955909811e-06,8.3815875884723e-06
PRLR,0.788139104813473,1.0551927150008e-06,8.3815875884723e-06
TFB1M,-0.787545787545787,1.08893909554432e-06,8.62513799190357e-06
HAUS4,0.787545787545787,1.08893909554433e-06,8.62513799190357e-06
FCHSD1,-0.786935286935287,1.12467416941487e-06,8.88301971097166e-06
KMT2E,-0.786935286935287,1.12467416941487e-06,8.88301971097166e-06
IGF2BP2,0.786324786324786,1.16146154873834e-06,9.13487057741887e-06
TUT1,-0.786324786324786,1.16146154873834e-06,9.13487057741887e-06
PELI2,0.786324786324786,1.16146154873834e-06,9.13487057741887e-06
RAB32,0.786139529843,1.17283693376746e-06,9.21138221015121e-06
LGALS12,0.785692310581342,1.20071212334235e-06,9.41708582570883e-06
KLF4,0.785103785103785,1.23830332539894e-06,9.67121815032248e-06
ALG9,-0.785103785103785,1.23830332539893e-06,9.67121815032248e-06
MVD,-0.785103785103785,1.23830332539893e-06,9.67121815032248e-06
QPCT,0.784776214917061,1.25968215770065e-06,9.82446670273642e-06
FANCD2,-0.784493284493284,1.27841432258923e-06,9.90151370071887e-06
BRIX1,-0.784493284493284,1.27841432258923e-06,9.90151370071887e-06
EDRF1,-0.784493284493284,1.27841432258923e-06,9.90151370071887e-06
RRM1,-0.784493284493284,1.27841432258923e-06,9.90151370071887e-06
CHP1,0.784493284493284,1.27841432258924e-06,9.90151370071887e-06
LAMTOR2,0.783882783882784,1.31969084816926e-06,1.01789120316724e-05
HABP4,-0.783882783882784,1.31969084816925e-06,1.01789120316724e-05
LRRK2,0.783882783882784,1.31969084816926e-06,1.01789120316724e-05
NREP,0.78383710960927,1.3228266174096e-06,1.0189044689469e-05
FBN2,0.783500634925381,1.34613472299953e-06,1.03543127524255e-05
SLC25A12,-0.783272283272283,1.3621628036583e-06,1.04345402713114e-05
MTHFD1L,-0.783272283272283,1.3621628036583e-06,1.04345402713114e-05
HCAR3,0.783272283272283,1.36216280365832e-06,1.04345402713114e-05
ALDH1A2,0.782886846727241,1.38960665182925e-06,1.063020574149e-05
PKP2,0.782664550883558,1.40565979746995e-06,1.07105903667701e-05
PURA,-0.782661782661783,1.40586075271982e-06,1.07105903667701e-05
ZNF75A,-0.782661782661783,1.40586075271982e-06,1.07105903667701e-05
ZNF503,0.782529162500431,1.41551846678006e-06,1.07694956003185e-05
MCM3,-0.782051282051282,1.4508159333803e-06,1.10080905013062e-05
GLIPR1,0.782051282051282,1.45081593338031e-06,1.10080905013062e-05
HIST2H2BF,-0.781440781440781,1.49706027042453e-06,1.13282287310067e-05
FUT11,-0.781440781440781,1.49706027042453e-06,1.13282287310067e-05
TMEM106C,-0.780830280830281,1.54462638796914e-06,1.16723658939506e-05
BCKDK,0.78021978021978,1.59354762221557e-06,1.2025800679392e-05
CPED1,0.779904981548561,1.61931403900601e-06,1.21873541132189e-05
SIGLEC5,0.779904981548561,1.61931403900601e-06,1.21873541132189e-05
CXCL2,0.77960927960928,1.64385803438501e-06,1.23554490971519e-05
APOBR,0.778998778998779,1.69559242383621e-06,1.27271850122041e-05
ASB13,0.778863920521506,1.7072160099693e-06,1.27972545948369e-05
BMF,0.777777777777778,1.80347610271163e-06,1.35007207046365e-05
ST6GALNAC3,0.777642173195198,1.81583055233184e-06,1.35750326853471e-05
HENMT1,-0.777167277167277,1.85969880220338e-06,1.38290368376613e-05
SNX25,-0.777167277167277,1.85969880220338e-06,1.38290368376613e-05
LTA,-0.777167277167277,1.85969880220338e-06,1.38290368376613e-05
PHF1,-0.777167277167277,1.85969880220338e-06,1.38290368376613e-05
POMGNT1,-0.776556776556777,1.91749232665846e-06,1.41833559400451e-05
CDKN2AIP,-0.776556776556777,1.91749232665846e-06,1.41833559400451e-05
TCF19,-0.776556776556777,1.91749232665846e-06,1.41833559400451e-05
HIST4H4,-0.776556776556777,1.91749232665846e-06,1.41833559400451e-05
QSOX1,0.775946275946276,1.97689536942845e-06,1.44885962068727e-05
HEXB,0.775946275946276,1.97689536942845e-06,1.44885962068727e-05
DCAF4,-0.775946275946276,1.97689536942845e-06,1.44885962068727e-05
TMOD2,0.775946275946276,1.97689536942845e-06,1.44885962068727e-05
MCTP2,-0.775946275946276,1.97689536942845e-06,1.44885962068727e-05
APOBEC3H,-0.775946275946276,1.97689536942845e-06,1.44885962068727e-05
PARVB,0.775946275946276,1.97689536942845e-06,1.44885962068727e-05
FIGNL1,-0.775335775335775,2.0379474446558e-06,1.49164949090514e-05
ST14,0.775298979754448,2.04168069492724e-06,1.49242855503701e-05
SULT1B1,0.774725274725275,2.1006889017233e-06,1.52361249525768e-05
RFXAP,-0.774725274725275,2.1006889017233e-06,1.52361249525768e-05
RIOX1,-0.774725274725275,2.1006889017233e-06,1.52361249525768e-05
DHRS13,-0.774725274725275,2.1006889017233e-06,1.52361249525768e-05
PIM2,-0.774725274725275,2.1006889017233e-06,1.52361249525768e-05
ZNF75D,-0.774725274725275,2.1006889017233e-06,1.52361249525768e-05
CLEC12B,0.774600706052355,2.11370211136803e-06,1.53106505269042e-05
GINS2,-0.774232950556057,2.15254385466006e-06,1.55718308347465e-05
NPEPL1,0.774114774114774,2.16516093990055e-06,1.56226838399018e-05
MRPL39,-0.774114774114774,2.16516093990055e-06,1.56226838399018e-05
CENPP,-0.773504273504273,2.23140562318961e-06,1.6038586433003e-05
OSBPL1A,0.773504273504273,2.23140562318961e-06,1.6038586433003e-05
CSF2RB,0.773504273504273,2.23140562318961e-06,1.6038586433003e-05
FAAH,0.773158958911277,2.26967640648078e-06,1.62927220347118e-05
TMEM64,-0.772893772893773,2.29946589537122e-06,1.64432394973348e-05
GRWD1,-0.772893772893773,2.29946589537122e-06,1.64432394973348e-05
DIP2A,-0.772893772893773,2.29946589537122e-06,1.64432394973348e-05
UTP25,-0.772283272283272,2.36938559525356e-06,1.69000054192065e-05
SEC11C,-0.772283272283272,2.36938559525356e-06,1.69000054192065e-05
CFAP97,-0.771672771672772,2.44120947212531e-06,1.73679941070289e-05
HIST1H2AH,-0.771672771672772,2.44120947212531e-06,1.73679941070289e-05
CENPE,-0.771062271062271,2.51498320141458e-06,1.78701220613854e-05
BOLA3,-0.77045177045177,2.5907534005558e-06,1.83618415917719e-05
NFKBID,0.77045177045177,2.5907534005558e-06,1.83618415917719e-05
TAP1,-0.76984126984127,2.66856764506611e-06,1.88655249952082e-05
PUM3,-0.76984126984127,2.66856764506611e-06,1.88655249952082e-05
GCC2,-0.769230769230769,2.74847448483306e-06,1.93326658102975e-05
TMEM14C,0.769230769230769,2.74847448483306e-06,1.93326658102975e-05
ZWINT,-0.769230769230769,2.74847448483306e-06,1.93326658102975e-05
HSH2D,-0.769230769230769,2.74847448483306e-06,1.93326658102975e-05
SEPTIN10,0.768878917224935,2.79549731969205e-06,1.96140790611266e-05
VNN1,0.768878917224935,2.79549731969205e-06,1.96140790611266e-05
CAPG,0.768620268620269,2.83052346061551e-06,1.98101216417546e-05
SLC16A6,0.768620268620269,2.83052346061551e-06,1.98101216417546e-05
IL10,0.768527791062214,2.84314206295507e-06,1.98735630200559e-05
FBXW8,-0.768009768009768,2.91476512075925e-06,2.032339969487e-05
ZNF708,-0.768009768009768,2.91476512075925e-06,2.032339969487e-05
ZBTB20,-0.767399267399267,3.00125103812964e-06,2.08484419940633e-05
RTN3,0.767399267399267,3.00125103812964e-06,2.08484419940633e-05
GALK1,0.767399267399267,3.00125103812964e-06,2.08484419940633e-05
EVA1B,0.766788766788767,3.09003382726235e-06,2.13326779778408e-05
LARS2,-0.766788766788767,3.09003382726235e-06,2.13326779778408e-05
MRFAP1L1,-0.766788766788767,3.09003382726235e-06,2.13326779778408e-05
KPNA5,-0.766788766788767,3.09003382726235e-06,2.13326779778408e-05
PCID2,-0.766788766788767,3.09003382726235e-06,2.13326779778408e-05
DUSP23,0.766178266178266,3.18116716173454e-06,2.18807955331114e-05
CD63,0.766178266178266,3.18116716173454e-06,2.18807955331114e-05
RPTOR,-0.766178266178266,3.18116716173453e-06,2.18807955331114e-05
THBD,0.766078300094685,3.19631744183651e-06,2.19579940230341e-05
ENPP4,-0.765567765567766,3.27470579175795e-06,2.24138981487276e-05
NIPAL2,0.765567765567766,3.27470579175795e-06,2.24138981487276e-05
COLGALT1,0.765567765567766,3.27470579175795e-06,2.24138981487276e-05
TDRKH,-0.764957264957265,3.37070556199601e-06,2.29306392976663e-05
GTDC1,-0.764957264957265,3.37070556199601e-06,2.29306392976663e-05
KIF2A,-0.764957264957265,3.37070556199601e-06,2.29306392976663e-05
TAF5,-0.764957264957265,3.37070556199601e-06,2.29306392976663e-05
CXorf21,0.764957264957265,3.37070556199601e-06,2.29306392976663e-05
CYP2R1,-0.764346764346764,3.46922342960634e-06,2.35435648281052e-05
ZNF574,-0.764346764346764,3.46922342960634e-06,2.35435648281052e-05
SIGLEC14,0.763824466465086,3.55555034765741e-06,2.40834925961396e-05
ZNF273,-0.763736263736264,3.57031748251067e-06,2.40834925961396e-05
PARP16,-0.763736263736264,3.57031748251067e-06,2.40834925961396e-05
RAB31,0.763736263736264,3.57031748251068e-06,2.40834925961396e-05
ATG4A,-0.763736263736264,3.57031748251067e-06,2.40834925961396e-05
KCNQ1,0.763125763125763,3.67404695789396e-06,2.46641903824046e-05
COX11,-0.763125763125763,3.67404695789396e-06,2.46641903824046e-05
KPNA2,-0.763125763125763,3.67404695789396e-06,2.46641903824046e-05
MAFG,0.763125763125763,3.67404695789396e-06,2.46641903824046e-05
ANKRD50,0.762981205279499,3.69900108590754e-06,2.48019353386031e-05
MPZL2,0.762938730287699,3.70636212858801e-06,2.48215293689391e-05
VSTM1,0.762764571958733,3.73668189887259e-06,2.4994647342698e-05
PLAUR,0.762515262515263,3.78047226093446e-06,2.52573487253829e-05
WDFY4,0.762021074364321,3.86863798096107e-06,2.58155412762939e-05
SORD,0.761759457953191,3.91605445243124e-06,2.61008063146549e-05
IFI44,0.761294261294261,4.00165792467819e-06,2.65763314902618e-05
SLC37A4,-0.761294261294261,4.00165792467816e-06,2.65763314902618e-05
ZNF548,-0.761294261294261,4.00165792467816e-06,2.65763314902618e-05
PDRG1,-0.760683760683761,4.11654510754393e-06,2.7306904200932e-05
CD14,0.76007326007326,4.23438180149745e-06,2.80552879549452e-05
MYO19,-0.759462759462759,4.3552345408425e-06,2.87877914330866e-05
SDF2L1,-0.759462759462759,4.3552345408425e-06,2.87877914330866e-05
WLS,0.759315963300574,4.38475116042396e-06,2.89486759021142e-05
GMPPB,-0.758852258852259,4.47917114520634e-06,2.9502385210829e-05
LMF1,-0.758852258852259,4.47917114520634e-06,2.9502385210829e-05
AATK,0.758484530272391,4.55534012788931e-06,2.99687788178318e-05
RBM34,-0.758241758241758,4.60626073993625e-06,3.00913668898639e-05
GK5,-0.758241758241758,4.60626073993625e-06,3.00913668898639e-05
HLTF,-0.758241758241758,4.60626073993625e-06,3.00913668898639e-05
AUH,-0.758241758241758,4.60626073993625e-06,3.00913668898639e-05
SLC39A13,-0.758241758241758,4.60626073993625e-06,3.00913668898639e-05
RIC8B,-0.758241758241758,4.60626073993625e-06,3.00913668898639e-05
ARAP2,-0.757631257631258,4.73657377674149e-06,3.07866337882896e-05
RNGTT,-0.757631257631258,4.73657377674149e-06,3.07866337882896e-05
TMTC2,0.757631257631258,4.73657377674149e-06,3.07866337882896e-05
RRP1B,-0.757631257631258,4.73657377674149e-06,3.07866337882896e-05
CLEC4D,0.757614408414158,4.74021668306819e-06,3.07866337882896e-05
BTN3A1,-0.757020757020757,4.87018205458195e-06,3.14844601725113e-05
TLR4,0.757020757020757,4.87018205458195e-06,3.14844601725113e-05
PMAIP1,-0.757020757020757,4.87018205458195e-06,3.14844601725113e-05
KDM6A,-0.757020757020757,4.87018205458195e-06,3.14844601725113e-05
NDST1,0.756831026982833,4.91238715887797e-06,3.17206339404684e-05
F8A1,0.756261594984804,5.04103197367949e-06,3.25137840793722e-05
ADAM15,0.755799755799756,5.14757839253715e-06,3.31245781024945e-05
INCENP,-0.755799755799756,5.14757839253711e-06,3.31245781024945e-05
TRAIP,-0.75560983936366,5.1919745889487e-06,3.33718642544841e-05
CASZ1,-0.755189255189255,5.29151697831707e-06,3.39336730994829e-05
B3GNT2,-0.755189255189255,5.29151697831707e-06,3.39336730994829e-05
SDSL,0.754959483711883,5.34661778943081e-06,3.42477510635706e-05
STX3,0.754578754578755,5.43905189999738e-06,3.47999750855668e-05
MGAT5,-0.753968253968254,5.590262014891e-06,3.56857821772494e-05
RFLNB,0.753968253968254,5.59026201489101e-06,3.56857821772494e-05
RHEBL1,-0.753472761030106,5.71574397534984e-06,3.64451998975557e-05
NCF2,0.753357753357753,5.7452276581797e-06,3.65498442144948e-05
TTC5,-0.753357753357753,5.74522765817966e-06,3.65498442144948e-05
GPATCH4,-0.752747252747253,5.9040306655811e-06,3.74748461769915e-05
HSPE1,-0.752747252747253,5.9040306655811e-06,3.74748461769915e-05
CLEC10A,0.752606099773275,5.94130225850304e-06,3.76686646593526e-05
TMEM69,0.752136752136752,6.06675439627703e-06,3.83336616768148e-05
ADPRH,0.752136752136752,6.06675439627703e-06,3.83336616768148e-05
GM2A,0.752136752136752,6.06675439627703e-06,3.83336616768148e-05
MCM6,-0.751526251526251,6.23348375610406e-06,3.92099450665173e-05
SACM1L,-0.751526251526251,6.23348375610406e-06,3.92099450665173e-05
YIPF5,-0.751526251526251,6.23348375610406e-06,3.92099450665173e-05
FAM160B1,-0.751526251526251,6.23348375610406e-06,3.92099450665173e-05
CCDC151,0.750969860423974,6.38899755318623e-06,4.00143852467985e-05
DENND1B,-0.750915750915751,6.40430522100942e-06,4.00143852467985e-05
BORA,-0.750915750915751,6.40430522100942e-06,4.00143852467985e-05
ATL1,-0.750915750915751,6.40430522100942e-06,4.00143852467985e-05
CDKN3,-0.750915750915751,6.40430522100942e-06,4.00143852467985e-05
WHAMM,-0.750915750915751,6.40430522100942e-06,4.00143852467985e-05
GLS,-0.75030525030525,6.57930686077258e-06,4.09248987379761e-05
PELP1,-0.75030525030525,6.57930686077258e-06,4.09248987379761e-05
WDR7,-0.75030525030525,6.57930686077258e-06,4.09248987379761e-05
FOSB,0.75030525030525,6.57930686077262e-06,4.09248987379761e-05
METTL14,-0.74969474969475,6.75857836299525e-06,4.19001886983032e-05
DMPK,-0.74969474969475,6.75857836299525e-06,4.19001886983032e-05
TMEM143,-0.74969474969475,6.75857836299525e-06,4.19001886983032e-05
NECTIN2,0.749541984690108,6.80411588445104e-06,4.21357874040423e-05
AZU1,0.749412083733509,6.84305379368935e-06,4.23300407237952e-05
STEAP4,0.749342267430391,6.86406360336687e-06,4.24130869282073e-05
PHTF1,-0.749084249084249,6.94221105736085e-06,4.27071993759757e-05
ASB3,-0.749084249084249,6.94221105736085e-06,4.27071993759757e-05
ELP6,-0.749084249084249,6.94221105736085e-06,4.27071993759757e-05
LILRB4,0.749084249084249,6.94221105736085e-06,4.27071993759757e-05
HS3ST3B1,-0.748473748473748,7.13029794016571e-06,4.38160726169304e-05
MOGS,-0.747863247863248,7.32293369912351e-06,4.49011461025206e-05
YBX3,0.747863247863248,7.32293369912353e-06,4.49011461025206e-05
BTN3A2,-0.747252747252747,7.52021473844421e-06,4.59596074506886e-05
BBS9,-0.747252747252747,7.52021473844421e-06,4.59596074506886e-05
CTC1,-0.747252747252747,7.52021473844421e-06,4.59596074506886e-05
TRAF2,-0.746642246642247,7.72223920419031e-06,4.71427528709959e-05
CREB5,0.746031746031746,7.92910700991096e-06,4.8300181262987e-05
CTSD,0.746031746031746,7.92910700991096e-06,4.8300181262987e-05
HLA-DMA,0.745421245421245,8.14091986255609e-06,4.9482634642841e-05
HSPA5,-0.745421245421245,8.14091986255606e-06,4.9482634642841e-05
DNAJB1,-0.744810744810745,8.35778128867247e-06,5.05808581885892e-05
CEACAM21,-0.744810744810745,8.35778128867247e-06,5.05808581885892e-05
RBM38,-0.744810744810745,8.35778128867247e-06,5.05808581885892e-05
CSTF2,-0.744810744810745,8.35778128867247e-06,5.05808581885892e-05
SRSF7,-0.744200244200244,8.57979666088336e-06,5.16450192978044e-05
ZNF292,-0.744200244200244,8.57979666088336e-06,5.16450192978044e-05
LAMTOR4,0.744200244200244,8.57979666088345e-06,5.16450192978044e-05
MAPKBP1,-0.744200244200244,8.57979666088336e-06,5.16450192978044e-05
SLC19A1,0.744200244200244,8.57979666088345e-06,5.16450192978044e-05
TTC14,-0.743589743589744,8.80707322465273e-06,5.27858022210701e-05
FDXACB1,-0.743589743589744,8.80707322465273e-06,5.27858022210701e-05
CARS2,0.743589743589744,8.8070732246528e-06,5.27858022210701e-05
ZNF516,0.743589743589744,8.8070732246528e-06,5.27858022210701e-05
NAPEPLD,-0.742368742368742,9.27784843552285e-06,5.537004103676e-05
TGS1,-0.742368742368742,9.27784843552285e-06,5.537004103676e-05
CD300E,0.742368742368742,9.27784843552292e-06,5.537004103676e-05
ABHD8,0.742368742368742,9.27784843552292e-06,5.537004103676e-05
CXCL10,0.742044576991384,9.40655716240185e-06,5.60783237229757e-05
RHOU,0.741758241758242,9.5215711826608e-06,5.65830244988727e-05
PTGER4,-0.741758241758242,9.52157118266077e-06,5.65830244988727e-05
PRKD2,-0.741758241758242,9.52157118266077e-06,5.65830244988727e-05
CRYBG3,0.741147741147741,9.77100337698283e-06,5.79421536416628e-05
TRMT44,-0.741147741147741,9.77100337698279e-06,5.79421536416628e-05
SNX33,0.740971017677513,9.84428946578195e-06,5.8314901157471e-05
TTC30A,-0.740537240537241,1.00262620397193e-05,5.92047067857557e-05
PALLD,0.740537240537241,1.00262620397193e-05,5.92047067857557e-05
ASAP1,0.740537240537241,1.00262620397193e-05,5.92047067857557e-05
ERLEC1,-0.73992673992674,1.02874662316083e-05,6.03646497032049e-05
EPB41L2,0.73992673992674,1.02874662316084e-05,6.03646497032049e-05
ZNF250,-0.73992673992674,1.02874662316083e-05,6.03646497032049e-05
FANCM,-0.73992673992674,1.02874662316083e-05,6.03646497032049e-05
SLC25A42,-0.73992673992674,1.02874662316083e-05,6.03646497032049e-05
HAUS5,-0.73992673992674,1.02874662316083e-05,6.03646497032049e-05
FZD2,0.739559500874236,1.04475047931237e-05,6.12394620578069e-05
CDC14A,-0.739316239316239,1.05547370817025e-05,6.15454533481546e-05
CASP8AP2,-0.739316239316239,1.05547370817025e-05,6.15454533481546e-05
ITGB1,-0.739316239316239,1.05547370817025e-05,6.15454533481546e-05
DVL2,-0.739316239316239,1.05547370817025e-05,6.15454533481546e-05
ARHGEF9,-0.739316239316239,1.05547370817025e-05,6.15454533481546e-05
DHRS9,0.738943714445531,1.07208575491165e-05,6.24489952236036e-05
TMEM67,-0.738705738705739,1.08281978164733e-05,6.30086183035576e-05
CD1C,0.73838720236211,1.09733785079327e-05,6.37870401417461e-05
IPP,-0.738095238095238,1.1107973789216e-05,6.43020594506169e-05
PLD1,0.738095238095238,1.1107973789216e-05,6.43020594506169e-05
DNAJA3,-0.738095238095238,1.1107973789216e-05,6.43020594506169e-05
ADA2,0.738095238095238,1.1107973789216e-05,6.43020594506169e-05
ERN1,-0.737484737484737,1.13941925097554e-05,6.5890718215669e-05
GAPT,0.737296781226219,1.14836284796958e-05,6.63393083248544e-05
APIP,0.736874236874237,1.16869836744554e-05,6.74350162083891e-05
JAG1,0.73685273186676,1.16974187629001e-05,6.74350162083891e-05
WDR54,-0.736263736263736,1.19864791965319e-05,6.87470683764169e-05
ZBTB49,-0.736263736263736,1.19864791965319e-05,6.87470683764169e-05
ZNF92,-0.736263736263736,1.19864791965319e-05,6.87470683764169e-05
DMXL2,0.736263736263736,1.19864791965319e-05,6.87470683764169e-05
APOBEC3A,0.736263736263736,1.19864791965319e-05,6.87470683764169e-05
QKI,0.735653235653236,1.22928132366739e-05,7.02159464958941e-05
KMT2A,-0.735653235653236,1.22928132366739e-05,7.02159464958941e-05
FGD6,0.735653235653236,1.22928132366739e-05,7.02159464958941e-05
C19orf54,0.735653235653236,1.22928132366739e-05,7.02159464958941e-05
SULT1A2,0.735248995873303,1.2499480416305e-05,7.13235658040585e-05
CRYZ,-0.735042735042735,1.26061222339699e-05,7.17855758985333e-05
TMEM176B,0.735042735042735,1.26061222339699e-05,7.17855758985333e-05
EGR2,0.734849649837709,1.27066876684533e-05,7.22846362583832e-05
PBXIP1,-0.734432234432234,1.29265449371454e-05,7.32373245071102e-05
ARHGEF11,0.734432234432234,1.29265449371455e-05,7.32373245071102e-05
MFSD9,-0.734432234432234,1.29265449371454e-05,7.32373245071102e-05
POLR1E,-0.734432234432234,1.29265449371454e-05,7.32373245071102e-05
TBCCD1,-0.733821733821734,1.32542224361109e-05,7.47907284184985e-05
F13A1,0.733821733821734,1.32542224361109e-05,7.47907284184985e-05
SLC25A32,-0.733821733821734,1.32542224361109e-05,7.47907284184985e-05
RBM4B,-0.733821733821734,1.32542224361109e-05,7.47907284184985e-05
SMYD3,-0.733211233211233,1.35892981938212e-05,7.65270448135435e-05
KDM6B,0.733211233211233,1.35892981938213e-05,7.65270448135435e-05
SPACA6,0.732600732600733,1.39319180784504e-05,7.82987797936627e-05
ZNF460,-0.732600732600733,1.39319180784503e-05,7.82987797936627e-05
GPR84,0.731972676972817,1.42924189488495e-05,8.01907943449772e-05
CAVIN3,0.731964356921314,1.42972499931943e-05,8.01907943449772e-05
IFITM1,-0.730769230769231,1.50065379383656e-05,8.38327274239167e-05
TMEM116,-0.730769230769231,1.50065379383656e-05,8.38327274239167e-05
ZNF568,-0.730769230769231,1.50065379383656e-05,8.38327274239167e-05
NFAM1,0.730769230769231,1.50065379383656e-05,8.38327274239167e-05
GLB1L,0.730407955786293,1.52270446126808e-05,8.49796741258593e-05
FSTL3,0.73015873015873,1.53808422605752e-05,8.56670019134828e-05
MT-ATP8,-0.73015873015873,1.53808422605752e-05,8.56670019134828e-05
OR2B11,0.730101061687223,1.5416626508002e-05,8.57808710773601e-05
VENTX,0.729948308323633,1.55117718729281e-05,8.62244814248649e-05
SLC12A2,-0.729548229548229,1.57634572771032e-05,8.74496558467867e-05
CROT,-0.729548229548229,1.57634572771032e-05,8.74496558467867e-05
SOGA1,0.729049008646634,1.60826194844557e-05,8.91318217612251e-05
SEPTIN11,-0.728937728937729,1.61545439808545e-05,8.92650295859085e-05
TLE3,0.728937728937729,1.61545439808547e-05,8.92650295859085e-05
ABCA3,-0.728937728937729,1.61545439808545e-05,8.92650295859085e-05
CLIC4,0.728327228327228,1.65542660040844e-05,9.09346321167387e-05
CREBZF,-0.728327228327228,1.65542660040843e-05,9.09346321167387e-05
YEATS4,-0.728327228327228,1.65542660040843e-05,9.09346321167387e-05
UBR1,-0.728327228327228,1.65542660040843e-05,9.09346321167387e-05
CCNB2,-0.728327228327228,1.65542660040843e-05,9.09346321167387e-05
SHCBP1,-0.728327228327228,1.65542660040843e-05,9.09346321167387e-05
PIK3R3,-0.727716727716728,1.69627896531358e-05,9.25423607222788e-05
SMC6,-0.727716727716728,1.69627896531358e-05,9.25423607222788e-05
ARHGAP15,-0.727716727716728,1.69627896531358e-05,9.25423607222788e-05
FYCO1,-0.727716727716728,1.69627896531358e-05,9.25423607222788e-05
RNF130,0.727716727716728,1.69627896531359e-05,9.25423607222788e-05
MYO15B,0.727716727716728,1.69627896531359e-05,9.25423607222788e-05
LAMP2,0.727716727716728,1.69627896531359e-05,9.25423607222788e-05
HCAR2,0.727522524122667,1.70946158176424e-05,9.3170654631829e-05
NAE1,-0.727106227106227,1.73802839435054e-05,9.4635392222086e-05
NPC1,-0.726495726495726,1.78069206352364e-05,9.67699710323049e-05
AC119396.1,-0.726495726495726,1.78069206352364e-05,9.67699710323049e-05
IL1B,0.725885225885226,1.82428742686424e-05,9.88509233626438e-05
TEX10,-0.725885225885226,1.82428742686424e-05,9.88509233626438e-05
ETV6,0.725885225885226,1.82428742686424e-05,9.88509233626438e-05
DZIP3,-0.725274725274725,1.86883222003611e-05,0.000101166599946195
FOSL1,0.724855631308279,1.89997006690549e-05,0.000102752733212142
RAD18,-0.724664224664225,1.91434446397419e-05,0.000103031898388293
SEC61A2,-0.724664224664225,1.91434446397419e-05,0.000103031898388293
NCAPD3,-0.724664224664225,1.91434446397419e-05,0.000103031898388293
EID3,-0.724664224664225,1.91434446397419e-05,0.000103031898388293
MT-ND5,-0.724664224664225,1.91434446397419e-05,0.000103031898388293
CDC42EP1,0.724270073804896,1.94425053452819e-05,0.000104540855664246
PHC1,-0.724053724053724,1.96084246855658e-05,0.000105230624608142
OSCAR,0.724053724053724,1.96084246855659e-05,0.000105230624608142
HLA-DMB,0.723443223443223,2.00834483631021e-05,0.000107470472006188
RCL1,-0.723443223443223,2.0083448363102e-05,0.000107470472006188
SCPEP1,0.723443223443223,2.00834483631021e-05,0.000107470472006188
NR1H3,0.72324836745556,2.02372087126833e-05,0.000108189742945818
CYP2S1,0.723115046906722,2.03430154005376e-05,0.00010865152064929
ATM,-0.722222222222222,2.1064385571518e-05,0.000112182899158028
COG1,-0.722222222222222,2.1064385571518e-05,0.000112182899158028
SPHK1,0.722222222222222,2.1064385571518e-05,0.000112182899158028
RFC1,-0.721611721611722,2.15706861235948e-05,0.00011455201975607
RNF19A,-0.721611721611722,2.15706861235948e-05,0.00011455201975607
PIBF1,-0.721611721611722,2.15706861235948e-05,0.00011455201975607
MBOAT2,0.721375089937281,2.17698277004305e-05,0.000115499882828091
ZCCHC24,0.721187024148558,2.19292646269034e-05,0.000116235495538999
RAD17,-0.721001221001221,2.20878044262568e-05,0.000116523587124178
TRIM73,-0.721001221001221,2.20878044262568e-05,0.000116523587124178
CARNMT1,-0.721001221001221,2.20878044262568e-05,0.000116523587124178
CAPRIN2,-0.721001221001221,2.20878044262568e-05,0.000116523587124178
TMEM164,0.721001221001221,2.2087804426257e-05,0.000116523587124178
LINGO3,0.720894238715127,2.21795515848149e-05,0.000116897316175575
NR6A1,0.720762717195399,2.22928086903424e-05,0.000117383602821464
CATSPER1,0.720587344616057,2.2444628914431e-05,0.000118071839030572
CDC37L1,-0.72039072039072,2.26159417048693e-05,0.000118527034689437
CDC42BPB,0.72039072039072,2.26159417048693e-05,0.000118527034689437
GNA15,0.72039072039072,2.26159417048693e-05,0.000118527034689437
HOMER3,0.72039072039072,2.26159417048693e-05,0.000118527034689437
HELLS,-0.71978021978022,2.31553023407301e-05,0.00012112670784786
ATG2A,-0.71978021978022,2.31553023407301e-05,0.00012112670784786
STEAP3,0.71965261993213,2.3269470610741e-05,0.000121610167902116
C3orf62,0.719169719169719,2.37060939105073e-05,0.000123545645058301
PRR5L,-0.719169719169719,2.37060939105072e-05,0.000123545645058301
SPTLC2,0.719169719169719,2.37060939105073e-05,0.000123545645058301
FAM83D,-0.71831322622787,2.44984903923299e-05,0.000127556385729896
CNNM3,-0.717948717948718,2.48428163743724e-05,0.000128869229281531
MATR3-1,-0.717948717948718,2.48428163743724e-05,0.000128869229281531
HIST1H2BH,-0.717948717948718,2.48428163743724e-05,0.000128869229281531
PITPNM2,-0.717948717948718,2.48428163743724e-05,0.000128869229281531
OLFM1,0.717211509526289,2.5552409956033e-05,0.000132427318326355
PRICKLE1,0.717164624703324,2.55981429784358e-05,0.000132541495866123
IFI6,0.716727716727717,2.60278351376113e-05,0.000134145303308316
S100A12,0.716727716727717,2.60278351376113e-05,0.000134145303308316
PGRMC2,-0.716727716727717,2.60278351376113e-05,0.000134145303308316
ASPH,0.716727716727717,2.60278351376113e-05,0.000134145303308316
CCDC32,-0.716727716727717,2.60278351376113e-05,0.000134145303308316
EFCAB7,-0.716117216117216,2.6639009669141e-05,0.000136665451440217
ZNF76,-0.716117216117216,2.6639009669141e-05,0.000136665451440217
PRCP,0.716117216117216,2.6639009669141e-05,0.000136665451440217
NGDN,-0.716117216117216,2.6639009669141e-05,0.000136665451440217
BBS4,-0.716117216117216,2.6639009669141e-05,0.000136665451440217
ZHX2,-0.715506715506716,2.7262929949494e-05,0.000139482437582407
TIMELESS,-0.715506715506716,2.7262929949494e-05,0.000139482437582407
ANKS3,-0.715506715506716,2.7262929949494e-05,0.000139482437582407
MAF,-0.714896214896215,2.78998270563145e-05,0.00014261045054745
PDIA4,-0.714285714285714,2.85499355906381e-05,0.0001458002190163
CACNA2D3,0.714118011111585,2.87308635392546e-05,0.000146590318349919
HAUS3,-0.713675213675214,2.92134937194762e-05,0.000148916916024896
BAHCC1,0.713238375302495,2.96966860769757e-05,0.000151198029191567
LRG1,0.71322188623838,2.97150633193011e-05,0.000151198029191567
RALGAPA1,-0.713064713064713,2.98907432187567e-05,0.000151677891179027
SARM1,-0.713064713064713,2.98907432187567e-05,0.000151677891179027
NHSL2,0.713064713064713,2.98907432187567e-05,0.000151677891179027
P2RY2,0.71280187155093,3.01865997451672e-05,0.000153040313485925
FYN,-0.712454212454212,3.05819295166187e-05,0.000154624005295599
OTUD1,0.712454212454212,3.05819295166187e-05,0.000154624005295599
TDP1,-0.712454212454212,3.05819295166187e-05,0.000154624005295599
SIRPB2,0.711952381978204,3.11606952893134e-05,0.000157336862692157
BMP2K,0.711843711843712,3.12873017370671e-05,0.000157336862692157
DAPP1,0.711843711843712,3.12873017370671e-05,0.000157336862692157
SLF1,-0.711843711843712,3.12873017370671e-05,0.000157336862692157
TBCC,-0.711843711843712,3.12873017370671e-05,0.000157336862692157
TRAF4,-0.711843711843712,3.12873017370671e-05,0.000157336862692157
MRPS9,-0.711233211233211,3.20071127439816e-05,0.000160092821524459
SMC2,-0.711233211233211,3.20071127439816e-05,0.000160092821524459
CWF19L2,-0.711233211233211,3.20071127439816e-05,0.000160092821524459
ADAT1,-0.711233211233211,3.20071127439816e-05,0.000160092821524459
TP53I13,-0.711233211233211,3.20071127439816e-05,0.000160092821524459
MRPL10,-0.711233211233211,3.20071127439816e-05,0.000160092821524459
MTR,-0.710622710622711,3.27416191854893e-05,0.000163474227218979
SRPRB,-0.710622710622711,3.27416191854893e-05,0.000163474227218979
ZNF185,0.710425897454237,3.29815846197615e-05,0.000164525442634885
TMEM88,0.710352380583401,3.3071620951703e-05,0.000164827543994584
TARSL2,-0.71001221001221,3.34910815386926e-05,0.000166621110288585
BOLA2,0.71001221001221,3.34910815386926e-05,0.000166621110288585
EPHX1,0.709835196585091,3.37112211695245e-05,0.000167541688213137
CTTNBP2NL,0.70981530364465,3.37360409384822e-05,0.000167541688213137
KRT7,0.709700639016906,3.38794213276707e-05,0.000168104457909791
HSD17B7,-0.709401709401709,3.42557641547625e-05,0.000169520560312772
LCLAT1,-0.709401709401709,3.42557641547625e-05,0.000169520560312772
CSKMT,-0.709401709401709,3.42557641547625e-05,0.000169520560312772
CDK18,0.709127635099636,3.46040772377681e-05,0.000171092838119893
MFSD1,0.708791208791209,3.50359353043891e-05,0.000172769797374025
NAP1L4,-0.708791208791209,3.50359353043891e-05,0.000172769797374025
INAFM2,0.708791208791209,3.50359353043891e-05,0.000172769797374025
CDCA8,-0.708594116025477,3.52911563412043e-05,0.00017387501873129
SLC36A1,0.708180708180708,3.58318672235993e-05,0.000175919053129383
TXNDC11,-0.708180708180708,3.58318672235993e-05,0.000175919053129383
ATP5F1E,0.708180708180708,3.58318672235993e-05,0.000175919053129383
TRAPPC2,-0.708180708180708,3.58318672235993e-05,0.000175919053129383
DNTTIP1,0.707570207570208,3.66438361599342e-05,0.000179747659479256
RCHY1,-0.706959706959707,3.74721224189935e-05,0.000183328178973764
WDR86,-0.706959706959707,3.74721224189935e-05,0.000183328178973764
REXO2,-0.706959706959707,3.74721224189935e-05,0.000183328178973764
KIAA1522,0.706307033724187,3.83759945743649e-05,0.00018758615529707
DONSON,-0.705738705738706,3.91787886997923e-05,0.000191343044898898
CXCL3,0.705128205128205,4.005775004703e-05,0.00019427835061838
HIST1H2AE,-0.705128205128205,4.00577500470301e-05,0.00019427835061838
LY6G5B,0.705128205128205,4.005775004703e-05,0.00019427835061838
ASF1A,-0.705128205128205,4.00577500470301e-05,0.00019427835061838
EMSY,-0.705128205128205,4.00577500470301e-05,0.00019427835061838
GTF3C1,-0.705128205128205,4.00577500470301e-05,0.00019427835061838
TSEN34,0.705128205128205,4.005775004703e-05,0.00019427835061838
CBX7,-0.705128205128205,4.00577500470301e-05,0.00019427835061838
DTX4,0.704228653164578,4.13848099559468e-05,0.000200540604223271
CEP97,-0.703907203907204,4.18684142564657e-05,0.000202533021212938
SERPINI1,-0.703907203907204,4.18684142564657e-05,0.000202533021212938
TRPM4,0.703401275068145,4.26397329955138e-05,0.000206085900528015
BTBD19,0.703296703296703,4.2800724077377e-05,0.000206685361865883
MARCH1,0.702686202686203,4.37514309723639e-05,0.000210549055075266
TULP4,-0.702686202686203,4.3751430972364e-05,0.000210549055075266
LLGL1,-0.702686202686203,4.3751430972364e-05,0.000210549055075266
DENND6B,0.702686202686203,4.37514309723639e-05,0.000210549055075266
SNX8,0.702075702075702,4.47208494310332e-05,0.000215029226155062
NEK6,0.701465201465202,4.57092984364625e-05,0.000219028617700684
PDCD4,-0.701465201465202,4.57092984364625e-05,0.000219028617700684
ACTR6,-0.701465201465202,4.57092984364625e-05,0.000219028617700684
AC015871.1,0.701465201465202,4.57092984364625e-05,0.000219028617700684
B4GALT4,-0.700854700854701,4.67171015154282e-05,0.000223474791851389
PIGG,-0.700854700854701,4.67171015154282e-05,0.000223474791851389
SELENOI,-0.7002442002442,4.77445867890048e-05,0.000227999768850653
BRD3OS,-0.7002442002442,4.77445867890048e-05,0.000227999768850653
CYBRD1,0.700061217974625,4.80564330311568e-05,0.000229097675626795
EPB41L4A,-0.700061217974625,4.80564330311571e-05,0.000229097675626795
METTL18,-0.6996336996337,4.87920870235363e-05,0.000232011352581305
NOP10,0.6996336996337,4.87920870235363e-05,0.000232011352581305
THOC1,-0.6996336996337,4.87920870235363e-05,0.000232011352581305
NAA38,0.699023199023199,4.98599396819842e-05,0.00023668657275183
CLCN5,0.699023199023199,4.98599396819842e-05,0.00023668657275183
ECHDC3,0.698869663926919,5.01317376191262e-05,0.000237774959089189
CMC1,-0.698412698412698,5.09484869756438e-05,0.000241444016243898
VAMP3,0.697802197802198,5.20580759162395e-05,0.000245454266883316
CTPS1,-0.697802197802198,5.20580759162398e-05,0.000245454266883316
DCAF13,-0.697802197802198,5.20580759162398e-05,0.000245454266883316
SPCS2,-0.697802197802198,5.20580759162398e-05,0.000245454266883316
DUSP6,0.697802197802198,5.20580759162395e-05,0.000245454266883316
CTIF,0.697802197802198,5.20580759162395e-05,0.000245454266883316
NRGN,0.697191697191697,5.31890583683893e-05,0.000250154091165714
MYEF2,-0.697191697191697,5.31890583683896e-05,0.000250154091165714
CENPT,-0.697191697191697,5.31890583683896e-05,0.000250154091165714
RAD51AP1,-0.696992833643328,5.35621417988498e-05,0.000251697056251402
RHOQ,0.696581196581197,5.43417911024507e-05,0.000254932295171899
POLH,-0.696581196581197,5.43417911024507e-05,0.000254932295171899
FRMD3,0.696409999384362,5.46689956145696e-05,0.000256252324791847
HK2,0.696382239833741,5.47222160577156e-05,0.00025628696163714
NBPF19,0.695970695970696,5.55166358477376e-05,0.000259572765602465
ZNF79,-0.695970695970696,5.55166358477376e-05,0.000259572765602465
GPR89A,-0.695360195360195,5.67139593461134e-05,0.000264728264326767
NUBPL,-0.695360195360195,5.67139593461134e-05,0.000264728264326767
ICOSLG,0.695161052214567,5.71094464241041e-05,0.000266351980319925
EARS2,-0.694749694749695,5.79341334059597e-05,0.000269973061671772
CTSK,0.69455045840498,5.83373447312874e-05,0.000271625671721365
FCER1A,0.694454411369387,5.85326108119954e-05,0.000272308119518035
NAB2,0.694139194139194,5.91775349565252e-05,0.000275079613862751
ZNF618,0.693580663897909,6.03357596972334e-05,0.00028023053839446
CIP2A,-0.693528693528694,6.0444546102648e-05,0.00028027023366999
INTS2,-0.693528693528694,6.0444546102648e-05,0.00028027023366999
MYLIP,-0.692918192918193,6.17355541798545e-05,0.00028578246603787
TRIM68,-0.692918192918193,6.17355541798545e-05,0.00028578246603787
UPK3A,0.692759732292685,6.20746171715628e-05,0.000287114358331993
ACOT2,-0.692307692307692,6.30509518098357e-05,0.000291148573509993
ARHGAP33,-0.692307692307692,6.30509518098357e-05,0.000291148573509993
ADGRA2,0.692143945863981,6.34079625732715e-05,0.00029255555009054
ZNF697,0.691771389264128,6.42269200830771e-05,0.000296089808000468
NPRL2,-0.691697191697192,6.43911369563054e-05,0.000296114504818799
BCL6,0.691697191697192,6.43911369563054e-05,0.000296114504818799
RAB37,-0.691697191697192,6.43911369563054e-05,0.000296114504818799
EMP1,0.691528159435276,6.47666361152654e-05,0.00029759657284845
LRP3,0.69143240520442,6.49802108266113e-05,0.000298332790593112
DGKQ,-0.691086691086691,6.57565129812297e-05,0.000301137933759924
BRCA2,-0.691086691086691,6.57565129812297e-05,0.000301137933759924
SLC2A4RG,-0.691086691086691,6.57565129812297e-05,0.000301137933759924
TMEM51,0.691040674800861,6.58604601195256e-05,0.000301137933759924
SLITRK4,0.691040674800861,6.58604601195256e-05,0.000301137933759924
HEATR1,-0.69047619047619,6.71474887014385e-05,0.000306021806697998
SEL1L3,-0.69047619047619,6.71474887014385e-05,0.000306021806697998
UST,-0.69047619047619,6.71474887014385e-05,0.000306021806697998
EVI2B,0.69047619047619,6.71474887014382e-05,0.000306021806697998
CCNB1,-0.690276301737873,6.76085516128141e-05,0.000307872166627733
TBPL1,-0.68986568986569,6.85644784456118e-05,0.000311464308259838
PPP1R35,-0.68986568986569,6.85644784456118e-05,0.000311464308259838
TSPAN33,0.68986568986569,6.85644784456115e-05,0.000311464308259838
TTLL4,0.689255189255189,7.00079021116486e-05,0.000317248126911135
LEPROTL1,-0.689255189255189,7.0007902111649e-05,0.000317248126911135
ZNF367,-0.689255189255189,7.0007902111649e-05,0.000317248126911135
COG6,-0.688644688644689,7.14781852244099e-05,0.000323125312671706
ICAM1,0.688644688644689,7.14781852244099e-05,0.000323125312671706
SIK1B,0.688644688644689,7.14781852244099e-05,0.000323125312671706
IL1A,0.688369741842624,7.2149233109006e-05,0.000325895405125655
PYGO2,-0.688034188034188,7.29757589938421e-05,0.000329362747613854
EIF5A2,-0.687423687423687,7.45010603734755e-05,0.000335164866941653
PYROXD1,-0.687423687423687,7.45010603734755e-05,0.000335164866941653
ERGIC2,-0.687423687423687,7.45010603734755e-05,0.000335164866941653
APOBEC3D,-0.687423687423687,7.45010603734755e-05,0.000335164866941653
SOCS6,0.686946690657825,7.57123907683349e-05,0.000340340586154766
PTBP2,-0.686813186813187,7.60545321193062e-05,0.00034132981028183
DKK3,-0.686813186813187,7.60545321193062e-05,0.00034132981028183
PADI4,0.686202686202686,7.76366228490512e-05,0.000347593270593991
ATAD2,-0.686202686202686,7.76366228490512e-05,0.000347593270593991
SHMT1,-0.686202686202686,7.76366228490512e-05,0.000347593270593991
ZNF358,0.686002145070765,7.81626394196286e-05,0.00034966838370765
MRPL30,0.685592185592186,7.92477871017867e-05,0.000353956569866766
AKT1S1,0.685592185592186,7.92477871017867e-05,0.000353956569866766
KCTD3,0.685400250058926,7.97604019732485e-05,0.0003559618258854
TKT,0.684981684981685,8.08884853979581e-05,0.000359847581818128
FAM20C,0.684981684981685,8.08884853979581e-05,0.000359847581818128
LTBR,0.684981684981685,8.08884853979581e-05,0.000359847581818128
UBE2S,-0.684981684981685,8.0888485397959e-05,0.000359847581818128
RFX3,-0.684371184371184,8.25591842997736e-05,0.000366988043405671
GORAB,-0.683150183150183,8.59924807429645e-05,0.000380435088856533
LIN9,-0.683150183150183,8.59924807429645e-05,0.000380435088856533
NUP210,-0.683150183150183,8.59924807429645e-05,0.000380435088856533
ITIH4,0.683150183150183,8.59924807429642e-05,0.000380435088856533
INPPL1,0.683150183150183,8.59924807429642e-05,0.000380435088856533
INTS6L,-0.683150183150183,8.59924807429645e-05,0.000380435088856533
PMS1,-0.682539682539682,8.77560421663742e-05,0.000387317906704313
HYLS1,-0.682539682539682,8.77560421663742e-05,0.000387317906704313
PGAP3,-0.682539682539682,8.77560421663742e-05,0.000387317906704313
SOWAHC,0.682183234456818,8.88004498640798e-05,0.000391618387728655
FBXW4,-0.681929181929182,8.95515320829195e-05,0.000393998558149241
CLEC7A,0.681929181929182,8.9551532082919e-05,0.000393998558149241
SLFN12,0.681929181929182,8.9551532082919e-05,0.000393998558149241
DYSF,0.681318681318681,9.13794481827009e-05,0.000401094092808215
TBC1D19,-0.681318681318681,9.13794481827014e-05,0.000401094092808215
ATG2B,-0.681318681318681,9.13794481827014e-05,0.000401094092808215
TMEM185B,-0.680708180708181,9.32402945678542e-05,0.000407662022848664
ATP6V1B2,0.680708180708181,9.32402945678542e-05,0.000407662022848664
POLR3E,-0.680708180708181,9.32402945678542e-05,0.000407662022848664
TNFSF13,0.680708180708181,9.32402945678542e-05,0.000407662022848664
SLC25A17,-0.680708180708181,9.32402945678542e-05,0.000407662022848664
DAB2,0.680506800784484,9.38614234615627e-05,0.000410057093747702
CENPL,-0.68009768009768,9.51345818155804e-05,0.000414324440430472
LDAH,-0.68009768009768,9.51345818155804e-05,0.000414324440430472
CENPU,-0.68009768009768,9.51345818155804e-05,0.000414324440430472
STT3A,-0.68009768009768,9.51345818155804e-05,0.000414324440430472
LCAT,0.679733743489289,9.62799418586274e-05,0.000418986330640813
CLSTN1,-0.679487179487179,9.70628270415527e-05,0.000421736852227166
ACER3,0.679487179487179,9.70628270415519e-05,0.000421736852227166
MTX2,-0.678876678876679,9.90255539636962e-05,0.000428931756595654
THAP6,-0.678876678876679,9.90255539636962e-05,0.000428931756595654
GAN,-0.678876678876679,9.90255539636962e-05,0.000428931756595654
ZNF430,-0.678876678876679,9.90255539636962e-05,0.000428931756595654
CASP8,-0.678266178266178,0.00010102329296635,0.000436233400979017
PLPP1,-0.678266178266178,0.00010102329296635,0.000436233400979017
AARS,-0.678266178266178,0.00010102329296635,0.000436233400979017
ZNF524,0.678266178266178,0.000101023292966349,0.000436233400979017
CCDC153,0.677896625263642,0.000102249817801392,0.000441189028661561
PLXND1,0.677655677655678,0.000103056581164792,0.000443301847595011
PRH1,-0.677655677655678,0.000103056581164792,0.000443301847595011
NOL11,-0.677655677655678,0.000103056581164792,0.000443301847595011
PTGIR,0.677655677655678,0.000103056581164792,0.000443301847595011
SPAG16,-0.67745383173655,0.000103736746690565,0.000445884617596956
UBTD2,0.67736507157507,0.000104037098183248,0.000446832145192566
FCGR2A,0.677045177045177,0.000105125962470148,0.000450816243967075
HIST1H1C,-0.677045177045177,0.000105125962470147,0.000450816243967075
CAMSAP2,0.676749285146365,0.000106142081171258,0.000454824917938449
HIST1H2BG,-0.676434676434676,0.000107231987654671,0.000457043654698876
TLE1,-0.676434676434676,0.000107231987654671,0.000457043654698876
REXO4,-0.676434676434676,0.000107231987654671,0.000457043654698876
GALK2,-0.676434676434676,0.000107231987654671,0.000457043654698876
ZNF821,-0.676434676434676,0.000107231987654671,0.000457043654698876
OCEL1,0.676434676434676,0.000107231987654672,0.000457043654698876
CBR3,-0.676434676434676,0.000107231987654671,0.000457043654698876
CRELD1,-0.675824175824176,0.000109375214417392,0.000465114980244908
FBXO3,-0.675824175824176,0.000109375214417392,0.000465114980244908
ZNF875,-0.675824175824176,0.000109375214417392,0.000465114980244908
CXCL1,0.675708028971403,0.00010978721877007,0.000466512254834523
LANCL1,-0.675213675213675,0.000111556207450142,0.000473309796708039
HSP90B1,-0.675213675213675,0.000111556207450142,0.000473309796708039
OLR1,0.675015397785306,0.000112272766701963,0.000475988863834252
PILRB,-0.674603174603175,0.000113775538503951,0.00048162968305382
ARNTL,-0.674603174603175,0.000113775538503951,0.00048162968305382
POC1A,-0.673992673992674,0.000116033786455815,0.000489337054193753
PPAT,-0.673992673992674,0.000116033786455815,0.000489337054193753
IFI27L1,-0.673992673992674,0.000116033786455815,0.000489337054193753
ARIH1,-0.673992673992674,0.000116033786455815,0.000489337054193753
CHTF18,-0.673992673992674,0.000116033786455815,0.000489337054193753
OCRL,0.673793650458997,0.000116778485973031,0.000491789347202971
PARM1,-0.673790268879029,0.000116791175444482,0.000491789347202971
POC5,-0.673382173382173,0.000118331537375829,0.000497526283462882
C12orf57,-0.673382173382173,0.000118331537375829,0.000497526283462882
GADD45A,-0.672771672771673,0.000120669384594697,0.000505834481749288
CENPC,-0.672771672771673,0.000120669384594697,0.000505834481749288
ARSB,0.672771672771673,0.000120669384594698,0.000505834481749288
COQ10A,-0.672771672771673,0.000120669384594697,0.000505834481749288
CASD1,-0.672161172161172,0.000123047928771612,0.000515418739843336
MINDY1,0.671550671550672,0.00012546777796249,0.000523593891318094
HIST1H4J,-0.671550671550672,0.00012546777796249,0.000523593891318094
C11orf80,-0.671550671550672,0.00012546777796249,0.000523593891318094
SEC11A,0.671550671550672,0.00012546777796249,0.000523593891318094
ZNF569,-0.671550671550672,0.00012546777796249,0.000523593891318094
ZBTB9,-0.671042596735889,0.000127513575020581,0.00053173446048851
ZDHHC18,-0.670940170940171,0.000127929547688589,0.000531882550687433
ARSK,-0.670940170940171,0.000127929547688589,0.000531882550687433
SMARCD3,0.670940170940171,0.00012792954768859,0.000531882550687433
CTRL,0.670940170940171,0.00012792954768859,0.000531882550687433
GLUL,0.67032967032967,0.000130433861005484,0.000541087648918893
PLK4,-0.67032967032967,0.000130433861005484,0.000541087648918893
CD226,-0.67032967032967,0.000130433861005484,0.000541087648918893
MCPH1,-0.669108669108669,0.000135572648721966,0.000561988325910478
KLHDC8B,0.668744061573206,0.000137141406533676,0.000568070181730603
ZMYND8,-0.668498168498168,0.000138208407530195,0.000572066184240452
ZNF678,-0.667887667887668,0.00014088927888701,0.000581870640720953
TMEM135,-0.667887667887668,0.00014088927888701,0.000581870640720953
TST,0.667887667887668,0.000140889278887012,0.000581870640720953
TMEM109,-0.667277167277167,0.000143615924566991,0.000592256821665646
TTI1,-0.667277167277167,0.000143615924566991,0.000592256821665646
CCL20,0.666769351279358,0.000145919310055909,0.000601312293170704
SLC30A6,-0.666666666666667,0.000146389014300544,0.000602803658297971
KIF20B,-0.666056166056166,0.000149209225845409,0.000613062447411847
CDR2,-0.666056166056166,0.000149209225845409,0.000613062447411847
MT-ND6,-0.666056166056166,0.000149209225845409,0.000613062447411847
SERTAD2,0.665445665445665,0.000152077245058539,0.000623929533651767
SENP1,-0.665445665445665,0.000152077245058541,0.000623929533651767
DGAT2,0.664935047699497,0.000154513251620799,0.000633459019841282
SLC25A22,-0.664835164835165,0.000154993765968338,0.000634963472010951
CLIC2,0.664424424942233,0.000156983622380868,0.000642644521488882
TEX30,-0.664224664224664,0.000157959490847231,0.000645694059077276
UBTF,-0.664224664224664,0.000157959490847231,0.000645694059077276
TUBB2A,-0.663614163614164,0.000160975130284614,0.000656102717603178
PSTK,-0.663614163614164,0.000160975130284614,0.000656102717603178
RBM14,-0.663614163614164,0.000160975130284614,0.000656102717603178
ABCC4,-0.663614163614164,0.000160975130284614,0.000656102717603178
SLC9A3R2,0.663199679458468,0.000163051336911322,0.00066408090022441
OPN3,0.662799580306467,0.000165077838024879,0.000671845174843612
CMSS1,-0.662393162393162,0.000167159037217418,0.000678340592249494
NCF1,0.662393162393162,0.000167159037217417,0.000678340592249494
PARPBP,-0.662393162393162,0.000167159037217418,0.000678340592249494
PRMT7,-0.662393162393162,0.000167159037217418,0.000678340592249494
SEMA6B,0.662187050859069,0.000168223310112654,0.000682164430855664
ZNF853,-0.661970410857455,0.000169348379577639,0.000686229085940695
BTN3A3,-0.661782661782662,0.000170328768137896,0.000689202946039881
IER3,0.661782661782662,0.000170328768137895,0.000689202946039881
OSGEPL1,-0.661172161172161,0.000173551340615325,0.000700721369473573
STXBP4,-0.661172161172161,0.000173551340615325,0.000700721369473573
ZNF493,-0.661172161172161,0.000173551340615325,0.000700721369473573
ZNF629,0.660662501972913,0.00017628262916709,0.000711235542786699
ZBTB18,0.66056166056166,0.000176827507930391,0.000712405925321862
PFKFB3,0.66056166056166,0.000176827507930391,0.000712405925321862
RNF8,-0.65995115995116,0.000180158032125776,0.000724779651544847
POGLUT3,-0.65995115995116,0.000180158032125776,0.000724779651544847
FANCC,-0.659340659340659,0.00018354368408153,0.000736281407018591
P2RX7,0.659340659340659,0.000183543684081528,0.000736281407018591
CRYL1,0.659340659340659,0.000183543684081528,0.000736281407018591
TMC6,-0.659340659340659,0.00018354368408153,0.000736281407018591
ERMAP,0.659136017448946,0.000184691038387111,0.000740352893663602
JAKMIP2,-0.658730158730159,0.000186985243590815,0.000746339387694388
NUP153,-0.658730158730159,0.000186985243590815,0.000746339387694388
BAG3,-0.658730158730159,0.000186985243590815,0.000746339387694388
CBX4,-0.658730158730159,0.000186985243590815,0.000746339387694388
EVA1C,-0.658730158730159,0.000186985243590815,0.000746339387694388
C21orf58,-0.658730158730159,0.000186985243590815,0.000746339387694388
PLOD1,0.658119658119658,0.000190483499435964,0.000758137885299587
NUDT14,0.658119658119658,0.000190483499435964,0.000758137885299587
LLGL2,-0.658119658119658,0.000190483499435966,0.000758137885299587
HSPA13,-0.658119658119658,0.000190483499435966,0.000758137885299587
GATA6,-0.65791093521699,0.00019169265957835,0.000762407789731247
PARP15,-0.657509157509157,0.000194039249464907,0.000770644519181649
HRH2,0.657509157509157,0.000194039249464906,0.000770644519181649
ZNF718,-0.656898656898657,0.000197653300667898,0.000782220281199495
CTNND1,0.656898656898657,0.000197653300667896,0.000782220281199495
CLSTN3,-0.656898656898657,0.000197653300667898,0.000782220281199495
DRAM1,0.656898656898657,0.000197653300667896,0.000782220281199495
PPP1R37,-0.656898656898657,0.000197653300667898,0.000782220281199495
HIST1H2BN,-0.656288156288156,0.000201326469254622,0.000796193505001305
PSRC1,0.656069247063503,0.000202658126728224,0.000800893459126663
PAQR3,-0.655677655677656,0.000205059580731607,0.000808099489394749
HLA-DQB1,0.655677655677656,0.000205059580731606,0.000808099489394749
CACNA2D4,0.655677655677656,0.000205059580731606,0.000808099489394749
ATP6V0D1,0.655677655677656,0.000205059580731606,0.000808099489394749
SLC5A6,-0.655067155067155,0.000208853469979984,0.000820160536606792
NDUFB5,0.655067155067155,0.000208853469979982,0.000820160536606792
FAM200B,0.655067155067155,0.000208853469979982,0.000820160536606792
NCAPG,-0.655067155067155,0.000208853469979984,0.000820160536606792
DDHD2,-0.655067155067155,0.000208853469979984,0.000820160536606792
ADM,0.654556563877045,0.000212073767860144,0.000832222112192228
CCRL2,0.654456654456654,0.000212708981333566,0.00083412946957735
HIST2H3D,-0.653846153846154,0.000216626968657279,0.000847710293024147
UPK3BL1,0.653846153846154,0.000216626968657278,0.000847710293024147
AGAP3,0.653846153846154,0.000216626968657278,0.000847710293024147
RPAP2,-0.653235653235653,0.000220608295425885,0.000861481555880971
GIMAP7,-0.653235653235653,0.000220608295425885,0.000861481555880971
SOCS1,-0.653235653235653,0.000220608295425885,0.000861481555880971
GNPDA2,-0.652014652014652,0.00022876446972084,0.000892085714559929
SRD5A1,0.652014652014652,0.000228764469720838,0.000892085714559929
ACAD11,-0.651404151404151,0.000232941092959216,0.00090773978524595
ANKS6,-0.650893001019524,0.000236489441086461,0.000920925455818584
WDR35,-0.650793650793651,0.000237184607226296,0.000922347930187375
AGPAT2,0.650793650793651,0.000237184607226296,0.000922347930187375
SDC3,0.650642379531393,0.000238246521198083,0.000925833597317358
MTERF1,-0.65018315018315,0.000241495925238596,0.000937158371918273
TRIM34,0.65018315018315,0.000241495925238596,0.000937158371918273
SAPCD2,0.649727479137059,0.000244758587146745,0.000949160901057279
TRAF5,-0.64957264957265,0.000245875969801721,0.00095019932490064
TMEM154,0.64957264957265,0.000245875969801721,0.00095019932490064
TBC1D2,0.64957264957265,0.000245875969801721,0.00095019932490064
MICU1,0.64957264957265,0.000245875969801721,0.00095019932490064
PCYT2,-0.64957264957265,0.000245875969801721,0.00095019932490064
PGM3,-0.648962148962149,0.000250325673891355,0.000966060157626264
CARD16,0.648962148962149,0.000250325673891355,0.000966060157626264
CCDC66,-0.648351648351648,0.000254845980734551,0.000982149362003866
NCK1,-0.648351648351648,0.000254845980734551,0.000982149362003866
ZBTB34,0.64784003197159,0.000258689192547271,0.000995045557640854
HMCES,-0.647741147741148,0.000259437843891339,0.000995045557640854
ST6GALNAC6,-0.647741147741148,0.000259437843891339,0.000995045557640854
RASSF7,-0.647741147741148,0.000259437843891339,0.000995045557640854
SLC15A3,0.647741147741148,0.000259437843891339,0.000995045557640854
SLC7A1,-0.647741147741148,0.000259437843891339,0.000995045557640854
ATAD5,-0.647741147741148,0.000259437843891339,0.000995045557640854
ALDH18A1,-0.647130647130647,0.000264102227336639,0.00101224102485708
TRIM39,-0.646520146520146,0.000268840105542476,0.00102758295980419
SP1,0.646520146520146,0.000268840105542476,0.00102758295980419
ALG11,-0.646520146520146,0.000268840105542476,0.00102758295980419
PRKAR1A,0.646520146520146,0.000268840105542476,0.00102758295980419
SLC46A2,0.64600825054283,0.00027287011399775,0.00104227436986026
LPIN1,-0.645909645909646,0.000273652463560502,0.00104312513717132
SLC39A10,-0.645909645909646,0.000273652463560502,0.00104312513717132
METTL2A,-0.645909645909646,0.000273652463560502,0.00104312513717132
IGSF6,0.645299145299145,0.000278540297104816,0.00105959002817016
ZNF407,-0.645299145299145,0.000278540297104816,0.00105959002817016
PLA2G6,-0.645299145299145,0.000278540297104816,0.00105959002817016
CORO1C,0.644688644688645,0.000283504612635079,0.00107700937082565
MCEMP1,0.644688644688645,0.000283504612635079,0.00107700937082565
NCK2,-0.644078144078144,0.000288546427439931,0.00109467545606791
ZNF490,-0.644078144078144,0.000288546427439931,0.00109467545606791
MANF,-0.643467643467643,0.000293666769720693,0.00110958417316089
N4BP2,-0.643467643467643,0.000293666769720693,0.00110958417316089
SOX4,0.643467643467643,0.000293666769720693,0.00110958417316089
TFEB,0.643467643467643,0.000293666769720693,0.00110958417316089
NPAT,-0.643467643467643,0.000293666769720693,0.00110958417316089
PIGL,-0.643467643467643,0.000293666769720693,0.00110958417316089
MSTO1,-0.642857142857143,0.000298866678675364,0.0011269470446073
TMEM41B,-0.642857142857143,0.000298866678675364,0.0011269470446073
LACTB,0.642857142857143,0.000298866678675364,0.0011269470446073
UAP1L1,0.642246642246642,0.000304147204582907,0.00114608569274098
SASS6,-0.641636141636142,0.000309509408887819,0.00116472181325752
BCKDHB,-0.641636141636142,0.000309509408887819,0.00116472181325752
ORMDL3,-0.641025641025641,0.000314954364284977,0.00118361882061935
SMG8,-0.641025641025641,0.000314954364284977,0.00118361882061935
SIGLEC1,0.640487984758821,0.000319819024098381,0.00120036289462043
CENPS,-0.64041514041514,0.000320483154804774,0.00120036289462043
HIBCH,-0.64041514041514,0.000320483154804774,0.00120036289462043
ZNF12,-0.64041514041514,0.000320483154804774,0.00120036289462043
TP53INP1,-0.64041514041514,0.000320483154804774,0.00120036289462043
S100A13,0.640171949371378,0.000322709124281182,0.00120789118004041
ASAP2,0.640036772610339,0.000323952273510198,0.00121173318626691
TTC27,-0.63980463980464,0.000326096875898527,0.00121568915334971
MARS2,-0.63980463980464,0.000326096875898527,0.00121568915334971
DDX31,-0.63980463980464,0.000326096875898527,0.00121568915334971
SUPV3L1,-0.63980463980464,0.000326096875898527,0.00121568915334971
ZFP30,-0.63980463980464,0.000326096875898527,0.00121568915334971
GALR2,0.639317142525061,0.000330641275387077,0.0012318094683308
IFI44L,0.639194139194139,0.000331796634524163,0.00123282842542134
MORN2,0.639194139194139,0.000331796634524163,0.00123282842542134
CBLB,-0.639194139194139,0.000331796634524161,0.00123282842542134
BRWD1,-0.639194139194139,0.000331796634524161,0.00123282842542134
SRGAP2C,0.638583638583639,0.00033758354923216,0.00125266569827886
ACTN1,0.638583638583639,0.00033758354923216,0.00125266569827886
CALCRL,0.638362977996058,0.000339696846019895,0.0012596715934637
ISOC1,-0.637973137973138,0.000343458750251788,0.00127193465656159
ADARB1,-0.637973137973138,0.000343458750251788,0.00127193465656159
PRSS12,-0.637752104332904,0.000345607874904934,0.00127904648343375
JDP2,0.637362637362637,0.000349423379577593,0.00129231186415205
ZBED3,0.636809059474966,0.000354910146243858,0.00131173664097532
MBD5,-0.636752136752137,0.000355478591056143,0.00131210315589832
KDM8,-0.636752136752137,0.000355478591056143,0.00131210315589832
MFSD2A,0.636197624948346,0.000361057962509289,0.00132952667866223
MANBA,0.636141636141636,0.000361625550473042,0.00132952667866223
GSTCD,-0.636141636141636,0.000361625550473042,0.00132952667866223
AGFG2,-0.636141636141636,0.000361625550473042,0.00132952667866223
GSKIP,-0.636141636141636,0.000361625550473042,0.00132952667866223
GRAP2,-0.636141636141636,0.000361625550473042,0.00132952667866223
PADI2,0.635878419070751,0.000364304409431148,0.00133849556999933
ASGR2,0.635682780959928,0.000366306739003858,0.00134496867006538
USP6NL,0.635531135531136,0.000367865435640204,0.00134715357963328
HSPA2,-0.635531135531136,0.000367865435640204,0.00134715357963328
ZSWIM7,0.635531135531136,0.000367865435640204,0.00134715357963328
ZNF606,-0.635531135531136,0.000367865435640204,0.00134715357963328
CSF3R,0.634920634920635,0.000374199436483376,0.00136766225412748
TRMT13,-0.634920634920635,0.000374199436483376,0.00136766225412748
ACTL10,-0.634920634920635,0.000374199436483376,0.00136766225412748
SLC25A24,0.634310134310134,0.000380628755129905,0.00138572656164481
MTBP,-0.634310134310134,0.000380628755129903,0.00138572656164481
FAM107B,-0.634310134310134,0.000380628755129903,0.00138572656164481
PPP1R13B,-0.634310134310134,0.000380628755129903,0.00138572656164481
KNL1,-0.634310134310134,0.000380628755129903,0.00138572656164481
ZNF554,-0.634310134310134,0.000380628755129903,0.00138572656164481
ORC5,-0.633699633699634,0.000387154605996766,0.00140765185743427
DNAAF2,-0.633699633699634,0.000387154605996766,0.00140765185743427
RRAD,0.633193415106238,0.000392639834473858,0.00142666793656778
ARPC5L,-0.633089133089133,0.000393778215878832,0.00142709512844746
USP20,-0.633089133089133,0.000393778215878832,0.00142709512844746
MPEG1,0.633089133089133,0.000393778215878832,0.00142709512844746
ABHD17C,-0.633089133089133,0.000393778215878832,0.00142709512844746
DNAAF1,0.632880483636714,0.000396064588733014,0.00143445154157708
ZNF184,-0.632478632478633,0.000400500824037376,0.00144957968156441
LRRC40,-0.631868131868132,0.000407323682288818,0.00146762502020559
METAP1D,-0.631868131868132,0.000407323682288818,0.00146762502020559
CCNH,-0.631868131868132,0.000407323682288818,0.00146762502020559
MDN1,-0.631868131868132,0.000407323682288818,0.00146762502020559
PPP2R1B,-0.631868131868132,0.000407323682288818,0.00146762502020559
KIAA0586,-0.631868131868132,0.000407323682288818,0.00146762502020559
DPH1,-0.631868131868132,0.000407323682288818,0.00146762502020559
STON2,0.631281161786725,0.000413979272579444,0.00148969461355886
LUC7L,-0.631257631257631,0.00041424805509371,0.00148969461355886
TOX2,-0.631257631257631,0.00041424805509371,0.00148969461355886
RHOBTB1,0.631181089422224,0.000415123427248311,0.00149188316527799
SYTL1,-0.630647130647131,0.000421275219645952,0.00150721115051834
CDC42EP3,0.630647130647131,0.000421275219645952,0.00150721115051834
RABL3,-0.630647130647131,0.000421275219645952,0.00150721115051834
GMNN,-0.630647130647131,0.000421275219645952,0.00150721115051834
ZNF37A,-0.630647130647131,0.000421275219645952,0.00150721115051834
CCDC184,-0.630647130647131,0.000421275219645952,0.00150721115051834
GSPT2,-0.630647130647131,0.000421275219645952,0.00150721115051834
GCFC2,-0.63003663003663,0.00042840646596222,0.00153174485783934
HIST1H2AI,-0.629199873048746,0.000438352079124731,0.00156630340349233
TMEM220,0.629132903093236,0.000439156735491452,0.00156817654206143
HLX,0.628815628815629,0.000442986428605725,0.0015768173830447
MTRES1,-0.628815628815629,0.000442986428605725,0.0015768173830447
SMCO4,0.628815628815629,0.000442986428605725,0.0015768173830447
TTC19,-0.628815628815629,0.000442986428605725,0.0015768173830447
TYMP,0.628815628815629,0.000442986428605725,0.0015768173830447
RPH3A,0.628519114895096,0.000446591903435842,0.00158863990077177
ALG6,-0.628205128205128,0.000450437789888363,0.00160028470206844
LIPA,0.628205128205128,0.000450437789888363,0.00160028470206844
PLA2G4A,0.626984644399747,0.00046566343446348,0.00165125335937139
PDE3B,-0.626984126984127,0.000465669983499407,0.00165125335937139
PARP2,-0.626984126984127,0.000465669983499407,0.00165125335937139
GOLGA4,-0.625763125763126,0.000481350575282593,0.0017003868711183
HIP1,0.625763125763126,0.000481350575282593,0.0017003868711183
IDI1,-0.625763125763126,0.000481350575282593,0.0017003868711183
GPAM,-0.625763125763126,0.000481350575282593,0.0017003868711183
BTBD6,-0.625763125763126,0.000481350575282593,0.0017003868711183
LILRB3,0.625763125763126,0.000481350575282593,0.0017003868711183
LRFN4,0.625534631069822,0.000484335700454601,0.00170985179099882
ZNF692,-0.625152625152625,0.000489362484736809,0.00172476740478129
BRI3,0.625152625152625,0.000489362484736809,0.00172476740478129
CDC6,-0.625143279805327,0.000489486028502846,0.00172476740478129
GBGT1,0.624923757406668,0.000492395923990024,0.00173392821596487
STAT5B,-0.624542124542125,0.000497490677997111,0.00174856560110612
ZNF549,-0.624542124542125,0.000497490677997111,0.00174856560110612
FAM210B,0.624542124542125,0.000497490677997111,0.00174856560110612
PIF1,-0.624332170302499,0.000500313132989719,0.00175738130633072
ARL11,0.624007823978005,0.000504700882766635,0.00177086972179995
GAS2L3,0.623968934415942,0.000505229230031,0.00177086972179995
ST3GAL3,-0.623931623931624,0.000505736578275129,0.00177086972179995
HSF2,-0.623931623931624,0.000505736578275129,0.00177086972179995
RAD51C,-0.623931623931624,0.000505736578275129,0.00177086972179995
CXCR4,-0.623321123321123,0.000514101622603215,0.00179566288169718
UBXN2B,0.623321123321123,0.000514101622603215,0.00179566288169718
B3GLCT,-0.623321123321123,0.000514101622603215,0.00179566288169718
MGA,-0.623321123321123,0.000514101622603215,0.00179566288169718
GLMN,-0.622710622710623,0.000522587261926359,0.00182188776103005
GPR35,0.622710622710623,0.000522587261926359,0.00182188776103005
STOM,-0.622710622710623,0.000522587261926359,0.00182188776103005
TLR7,0.622440348099391,0.000526382830262791,0.001833976814224
TDRD9,0.622192237460629,0.000529888311511624,0.00184504074593587
WDR36,-0.622100122100122,0.00053119496119428,0.00184614184151549
DMTN,-0.622100122100122,0.00053119496119428,0.00184614184151549
LTA4H,0.622100122100122,0.00053119496119428,0.00184614184151549
MOB3B,0.621869389090897,0.000534480248809735,0.00185525360108258
CHEK1,-0.621869389090897,0.000534480248809735,0.00185525360108258
FUCA1,0.621489621489621,0.000539926199453681,0.00186720303484538
ZRANB2,-0.621489621489621,0.000539926199453681,0.00186720303484538
SRGAP2,0.621489621489621,0.000539926199453681,0.00186720303484538
FASTKD2,-0.621489621489621,0.000539926199453681,0.00186720303484538
PDLIM1,-0.621489621489621,0.000539926199453681,0.00186720303484538
MX2,0.621489621489621,0.000539926199453681,0.00186720303484538
CAMKMT,-0.620879120879121,0.000548782469940706,0.00189548583811516
PTK2,0.620879120879121,0.000548782469940708,0.00189548583811516
TNFRSF25,-0.62026862026862,0.000557765280173536,0.00192176429250179
LRBA,-0.62026862026862,0.000557765280173536,0.00192176429250179
RASGEF1A,-0.62026862026862,0.000557765280173536,0.00192176429250179
ZNF286A,-0.62026862026862,0.000557765280173536,0.00192176429250179
AL592183.1,0.620232974220209,0.00055829371264649,0.00192240051793052
HIST1H2AK,-0.61965811965812,0.000566876152045173,0.0019435753784406
ATXN7L1,-0.61965811965812,0.000566876152045173,0.0019435753784406
NIBAN2,0.61965811965812,0.000566876152045175,0.0019435753784406
BTRC,-0.61965811965812,0.000566876152045173,0.0019435753784406
CREBL2,0.61965811965812,0.000566876152045175,0.0019435753784406
ISG20,-0.61965811965812,0.000566876152045173,0.0019435753784406
NIP7,-0.61965811965812,0.000566876152045173,0.0019435753784406
CHRFAM7A,0.619447419825804,0.000570050557687224,0.0019532614697224
MMS22L,-0.619047619047619,0.000576116621916379,0.00196801719594159
ACADSB,-0.619047619047619,0.000576116621916379,0.00196801719594159
DDX47,-0.619047619047619,0.000576116621916379,0.00196801719594159
C19orf44,-0.619047619047619,0.000576116621916379,0.00196801719594159
ZNF845,-0.619047619047619,0.000576116621916379,0.00196801719594159
LHFPL2,0.618496469301064,0.000584571364068026,0.00199567952861319
AFDN,-0.618437118437118,0.000585488240708771,0.00199637209880698
ADORA2A,-0.618437118437118,0.000585488240708771,0.00199637209880698
CCNE1,-0.617826617826618,0.000594992573998061,0.00202630844932835
SUV39H1,-0.617826617826618,0.000594992573998061,0.00202630844932835
NAA35,-0.617216117216117,0.000604631202107469,0.00205163694307341
CCDC7,-0.617216117216117,0.000604631202107469,0.00205163694307341
SNURF,-0.617216117216117,0.000604631202107469,0.00205163694307341
ZNF565,-0.617216117216117,0.000604631202107469,0.00205163694307341
SAMHD1,0.617216117216117,0.000604631202107471,0.00205163694307341
MPP1,0.617216117216117,0.000604631202107471,0.00205163694307341
FHL3,0.616605616605617,0.000614405720201255,0.00208101561924011
RAPGEF6,-0.616605616605617,0.000614405720201252,0.00208101561924011
HYOU1,-0.616605616605617,0.000614405720201252,0.00208101561924011
GEMIN5,-0.615995115995116,0.000624317738378403,0.00211202951785362
MCM8,-0.615995115995116,0.000624317738378403,0.00211202951785362
CRISPLD2,0.61577881912948,0.000627862802645305,0.00212273808488062
AK4,0.615517780036466,0.000632164542735058,0.00213599040663108
PROSER2,0.615434605591653,0.000633540585384049,0.00213934719412295
MIB2,-0.615384615384615,0.000634368881766462,0.00213956018506517
CEP76,-0.615384615384615,0.000634368881766462,0.00213956018506517
CHPF,-0.615173263158697,0.000637881254640948,0.00214881444334469
HLA-DQB2,0.615173263158697,0.00063788125464095,0.00214881444334469
CITED4,0.614774114774115,0.000644560790615465,0.00216479515983284
PPBP,0.614774114774115,0.000644560790615465,0.00216479515983284
ZNRF2,-0.614774114774115,0.000644560790615463,0.00216479515983284
DNAJC24,-0.614774114774115,0.000644560790615463,0.00216479515983284
AP002495.1,-0.614774114774115,0.000644560790615463,0.00216479515983284
ZNF776,0.614538905133047,0.000648525376552701,0.00217680306463548
FPR2,0.614209860107889,0.00065410726300128,0.002194221844453
ASPM,-0.613928031469893,0.000658921415114588,0.00220904589527625
KIF18A,-0.613553113553114,0.00066537354187361,0.00222667196059678
UTP20,-0.613553113553114,0.00066537354187361,0.00222667196059678
LPAR6,0.613553113553114,0.00066537354187361,0.00222667196059678
TMCO4,-0.612942612942613,0.000675997741242693,0.00225010676727926
CD83,0.612942612942613,0.000675997741242695,0.00225010676727926
CD2AP,-0.612942612942613,0.000675997741242693,0.00225010676727926
TBC1D32,-0.612942612942613,0.000675997741242693,0.00225010676727926
SBDS,-0.612942612942613,0.000675997741242693,0.00225010676727926
NOTCH1,0.612942612942613,0.000675997741242695,0.00225010676727926
RCN2,-0.612942612942613,0.000675997741242693,0.00225010676727926
TIMP2,0.612942612942613,0.000675997741242695,0.00225010676727926
PPP1R3F,-0.612942612942613,0.000675997741242693,0.00225010676727926
SULT1A3,0.612706284143585,0.000680149939975767,0.00226258088301278
MARCKS,0.612332112332112,0.00068676942018138,0.00228053123376145
NCOA4,0.612332112332112,0.00068676942018138,0.00228053123376145
GNG2,-0.612332112332112,0.00068676942018138,0.00228053123376145
ATP8A1,-0.611721611721612,0.000697690295965849,0.00231267583582752
ACTR3B,-0.611721611721612,0.000697690295965849,0.00231267583582752
CTNNAL1,-0.611721611721612,0.000697690295965849,0.00231267583582752
KIF11,-0.611509700301176,0.00070151624956986,0.00232398037179778
ZNF581,0.611111111111111,0.000708762101561057,0.00234659424033714
FLVCR2,0.610535623656595,0.00071933868626168,0.00237672077173599
EREG,0.610500610500611,0.000719986585715445,0.00237672077173599
SMARCAD1,-0.610500610500611,0.000719986585715445,0.00237672077173599
ABCC10,-0.610500610500611,0.000719986585715445,0.00237672077173599
ZNF839,-0.610500610500611,0.000719986585715445,0.00237672077173599
MLF1,-0.610288512682002,0.00072392221185755,0.00238830266000438
SDC4,0.610244350846268,0.000724744017790851,0.00238960409639531
CXCR6,-0.610180829864667,0.000725927501536141,0.00239209580942257
AHCYL1,0.60989010989011,0.00073136551305585,0.00239589686526556
CLIP2,0.60989010989011,0.00073136551305585,0.00239589686526556
WRN,-0.60989010989011,0.00073136551305585,0.00239589686526556
GRASP,0.60989010989011,0.00073136551305585,0.00239589686526556
MPHOSPH9,-0.60989010989011,0.00073136551305585,0.00239589686526556
ZNF599,-0.60989010989011,0.00073136551305585,0.00239589686526556
ZNF235,-0.60989010989011,0.00073136551305585,0.00239589686526556
FKBP1A,0.60989010989011,0.00073136551305585,0.00239589686526556
RAB33A,-0.60989010989011,0.00073136551305585,0.00239589686526556
RAB39B,-0.60989010989011,0.00073136551305585,0.00239589686526556
BRAF,-0.609279609279609,0.000742900664182398,0.00243226025416157
DDO,0.608936832250264,0.000749446445082435,0.00245225542475189
HIVEP2,-0.608669108669109,0.000754593835763581,0.00246477145419974
LETM2,-0.608669108669109,0.000754593835763581,0.00246477145419974
SOCS3,0.608669108669109,0.000754593835763581,0.00246477145419974
ZNF771,-0.608456731253242,0.000758698967853351,0.00247673358332512
TTC13,-0.608058608058608,0.000766446840631339,0.00249619728177662
BET1,-0.608058608058608,0.000766446840631339,0.00249619728177662
PAK1,0.608058608058608,0.00076644684063134,0.00249619728177662
ZFP90,-0.608058608058608,0.000766446840631339,0.00249619728177662
USP21,-0.607448107448107,0.000778461507876273,0.00252796559352156
NEMP2,-0.607448107448107,0.000778461507876273,0.00252796559352156
LRCH1,-0.607448107448107,0.000778461507876273,0.00252796559352156
CRELD2,-0.607448107448107,0.000778461507876273,0.00252796559352156
PPP2R3B,-0.607448107448107,0.000778461507876273,0.00252796559352156
SLC33A1,-0.606837606837607,0.000790639682942879,0.00256156263442444
NFKB1,-0.606837606837607,0.000790639682942879,0.00256156263442444
HIST1H2AG,-0.606837606837607,0.000790639682942879,0.00256156263442444
ZNF276,-0.606837606837607,0.000790639682942879,0.00256156263442444
COBLL1,-0.606597547512044,0.0007954735446586,0.00257573136174342
NCAPH,-0.606237333143955,0.000802775080379668,0.00259403940464349
AKNA,-0.606227106227106,0.000802983227724942,0.00259403940464349
CCSER2,-0.606227106227106,0.000802983227724942,0.00259403940464349
ZNF614,-0.606227106227106,0.000802983227724942,0.00259403940464349
PDZD4,-0.60598667384889,0.000807890263135488,0.0026083847294767
GTPBP10,-0.605616605616606,0.000815494020660875,0.00262686783613804
CLEC12A,0.605616605616606,0.000815494020660879,0.00262686783613804
TCF3,-0.605616605616606,0.000815494020660875,0.00262686783613804
ZFP82,-0.605616605616606,0.000815494020660875,0.00262686783613804
GCNT2,0.605098465300515,0.000826244723622549,0.00265852397622789
STPG1,-0.605006105006105,0.000828173956829216,0.00265852397622789
RETREG1,-0.605006105006105,0.000828173956829216,0.00265852397622789
NMRK1,-0.605006105006105,0.000828173956829216,0.00265852397622789
ZBTB25,-0.605006105006105,0.000828173956829216,0.00265852397622789
SULF2,0.605006105006105,0.000828173956829211,0.00265852397622789
GPX3,0.604411896237773,0.000840679768089932,0.00269051001685499
ZBTB7B,0.604395604395604,0.000841024948044085,0.00269051001685499
ITGA4,-0.604395604395604,0.000841024948044079,0.00269051001685499
ZMYND11,-0.604395604395604,0.000841024948044079,0.00269051001685499
THAP2,0.604395604395604,0.000841024948044085,0.00269051001685499
APAF1,0.604395604395604,0.000841024948044085,0.00269051001685499
WDR4,-0.603785103785104,0.000854048922950813,0.00273061267989762
BCAS2,-0.603174603174603,0.000867247827121503,0.0027680649824563
ACYP1,-0.603174603174603,0.000867247827121503,0.0027680649824563
HERC2,-0.603174603174603,0.000867247827121503,0.0027680649824563
MAD2L1,-0.602564102564102,0.000880623623150679,0.00280435495481697
KCTD7,-0.602564102564102,0.000880623623150679,0.00280435495481697
TRIM37,-0.602564102564102,0.000880623623150679,0.00280435495481697
LSS,-0.602564102564102,0.000880623623150679,0.00280435495481697
SNCA,0.601953601953602,0.000894178290750932,0.002845899261172
CDT1,-0.601350032528362,0.000907756860895562,0.00288468984076012
PTTG1,-0.601343101343101,0.000907913826848678,0.00288468984076012
ORAI1,-0.601343101343101,0.000907913826848678,0.00288468984076012
NHSL1,0.601163871582237,0.000911980918718637,0.00289596666523261
NAIP,0.600732600732601,0.000921832245679864,0.00291896144838154
SLC7A5,-0.600732600732601,0.000921832245679862,0.00291896144838154
TVP23C,-0.600732600732601,0.000921832245679862,0.00291896144838154
ZNF266,-0.600732600732601,0.000921832245679862,0.00291896144838154
ZNF43,-0.600732600732601,0.000921832245679862,0.00291896144838154
TNFRSF17,-0.600482231211147,0.000927593613786266,0.00293554243819627
LRIF1,-0.6001221001221,0.000935935578885685,0.00295191864474267
CDKN2A,-0.6001221001221,0.000935935578885685,0.00295191864474267
COMMD9,0.6001221001221,0.00093593557888568,0.00295191864474267
SLC48A1,0.6001221001221,0.00093593557888568,0.00295191864474267
KRR1,-0.6001221001221,0.000935935578885685,0.00295191864474267
C21orf91,-0.6001221001221,0.000935935578885685,0.00295191864474267
ROGDI,0.599511599511599,0.000950225875608353,0.00299192741914523
SRSF2,-0.599511599511599,0.000950225875608357,0.00299192741914523
UPF3B,-0.599511599511599,0.000950225875608357,0.00299192741914523
RIT1,0.598901098901099,0.000964705202586897,0.00302899017005386
CENPO,-0.598901098901099,0.000964705202586888,0.00302899017005386
HIST1H2BJ,-0.598901098901099,0.000964705202586888,0.00302899017005386
ABCB9,-0.598901098901099,0.000964705202586888,0.00302899017005386
CEP250,-0.598901098901099,0.000964705202586888,0.00302899017005386
C17orf107,0.59865618989104,0.000970567337670228,0.00304568605625809
SERPINB2,0.597960519557481,0.000987387836039652,0.00309673178863361
TNFRSF21,0.597829704988109,0.000990578875291871,0.00310499835797766
RUFY3,0.597680097680098,0.000994239302826269,0.00310971838081564
CCNT1,-0.597680097680098,0.000994239302826274,0.00310971838081564
DBNDD2,0.597680097680098,0.000994239302826269,0.00310971838081564
KCNH3,0.597677249771272,0.000994309096011869,0.00310971838081564
TEX14,0.597522810889039,0.000998100273218797,0.00311983047950783
WARS2,-0.597069597069597,0.00100929829841099,0.00314253679549792
NPL,0.597069597069597,0.00100929829841098,0.00314253679549792
FBXL6,-0.597069597069597,0.00100929829841099,0.00314253679549792
FRY,0.597069597069597,0.00100929829841098,0.00314253679549792
AP5M1,-0.597069597069597,0.00100929829841099,0.00314253679549792
ORAI3,0.597069597069597,0.00100929829841098,0.00314253679549792
CYBB,0.597069597069597,0.00100929829841098,0.00314253679549792
TNIP3,-0.596697049414766,0.00101858467935305,0.003169685880324
VCAN,0.596459096459097,0.00102455476909086,0.00318649069452507
FGGY,-0.595848595848596,0.00104001087102525,0.00322917312091796
SRPK1,-0.595848595848596,0.00104001087102525,0.00322917312091796
REEP3,0.595848595848596,0.00104001087102526,0.00322917312091796
SLC35D1,-0.595238095238095,0.00105566877854481,0.00327233914058901
NDUFAF7,-0.595238095238095,0.00105566877854481,0.00327233914058901
RNF34,-0.595238095238095,0.00105566877854481,0.00327233914058901
TSPYL4,-0.594627594627595,0.00107153068424703,0.00331232702394108
STAG3,-0.594627594627595,0.00107153068424703,0.00331232702394108
DENND10,0.594627594627595,0.00107153068424703,0.00331232702394108
FANCF,-0.594627594627595,0.00107153068424703,0.00331232702394108
MKKS,0.594627594627595,0.00107153068424703,0.00331232702394108
ATG16L1,-0.594017094017094,0.00108759879909204,0.00335457941782829
ZSCAN12,-0.594017094017094,0.00108759879909204,0.00335457941782829
ZNRF1,0.594017094017094,0.00108759879909203,0.00335457941782829
OFD1,-0.594017094017094,0.00108759879909204,0.00335457941782829
PEAK3,0.593742095389864,0.00109490460296553,0.00337525167573498
PPOX,-0.593406593406593,0.00110387535249806,0.00339541857600066
TPCN2,0.593406593406593,0.00110387535249807,0.00339541857600066
MRPS31,-0.593406593406593,0.00110387535249806,0.00339541857600066
ENOSF1,-0.593406593406593,0.00110387535249806,0.00339541857600066
CABIN1,-0.592796092796093,0.0011203625924371,0.0034442372825224
USO1,-0.592185592185592,0.00113706278553026,0.0034879073487028
ZNF316,0.592185592185592,0.00113706278553025,0.0034879073487028
WEE1,-0.592185592185592,0.00113706278553026,0.0034879073487028
DDX39A,-0.592185592185592,0.00113706278553026,0.0034879073487028
S100A4,0.591575091575091,0.00115397821714333,0.00353397929368322
TRMT10C,-0.591575091575091,0.00115397821714334,0.00353397929368322
RHBDD2,-0.591575091575091,0.00115397821714334,0.00353397929368322
ZCCHC4,-0.590964590964591,0.00117111119148214,0.0035805652174785
PF4,0.590964590964591,0.00117111119148215,0.0035805652174785
OSM,0.590964590964591,0.00117111119148215,0.0035805652174785
C5,0.590939695916364,0.00117181449126335,0.00358075772412275
MFSD6,-0.59035409035409,0.00118846403168783,0.00362173889111626
ABCA1,0.59035409035409,0.00118846403168782,0.00362173889111626
SCAI,-0.59035409035409,0.00118846403168783,0.00362173889111626
FAM177A1,-0.59035409035409,0.00118846403168783,0.00362173889111626
GLCE,0.59035409035409,0.00118846403168782,0.00362173889111626
SIGLEC9,0.590034318188519,0.00119764174781949,0.00364771931035218
NMNAT3,0.589850458412292,0.00120294640449811,0.00366188148827077
RBM48,-0.58974358974359,0.00120603907993204,0.00366531007335867
CCDC186,-0.58974358974359,0.00120603907993204,0.00366531007335867
APMAP,-0.58974358974359,0.00120603907993204,0.00366531007335867
ENHO,0.589422883661899,0.00121536136418489,0.003691635387573
PIGK,-0.589133089133089,0.00122383869751216,0.00370932574335394
CEBPZ,-0.589133089133089,0.00122383869751216,0.00370932574335394
TRIM23,-0.589133089133089,0.00122383869751216,0.00370932574335394
GDF11,-0.589133089133089,0.00122383869751216,0.00370932574335394
C1orf162,0.588522588522589,0.00124186526494636,0.00374569070203886
SEMA4C,-0.588522588522589,0.00124186526494635,0.00374569070203886
ATF2,-0.588522588522589,0.00124186526494635,0.00374569070203886
PARP3,-0.588522588522589,0.00124186526494635,0.00374569070203886
SMIM4,0.588522588522589,0.00124186526494636,0.00374569070203886
TRIM52,-0.588522588522589,0.00124186526494635,0.00374569070203886
HIST1H3A,-0.588522588522589,0.00124186526494635,0.00374569070203886
RAD9A,-0.588522588522589,0.00124186526494635,0.00374569070203886
TUBGCP6,-0.588522588522589,0.00124186526494635,0.00374569070203886
FANCL,-0.587912087912088,0.00126012118206854,0.00379053128032667
ZFYVE16,0.587912087912088,0.00126012118206854,0.00379053128032667
BRD2,-0.587912087912088,0.00126012118206854,0.00379053128032667
VRK1,-0.587912087912088,0.00126012118206854,0.00379053128032667
CENPN,-0.587912087912088,0.00126012118206854,0.00379053128032667
MAGEE1,-0.587877832206952,0.00126115238158746,0.00379159361174037
HYAL2,0.587702199718803,0.00126645092407774,0.00380547746772848
RPL39L,-0.587301587301587,0.00127860886812322,0.00383171532183551
ATF7IP,-0.587301587301587,0.00127860886812322,0.00383171532183551
VMP1,0.587301587301587,0.00127860886812322,0.00383171532183551
UBE2O,-0.587301587301587,0.00127860886812322,0.00383171532183551
SPIN2B,-0.587301587301587,0.00127860886812322,0.00383171532183551
TRPM2,0.586780651012911,0.00129456938667385,0.00387746760057856
QSER1,0.586691086691087,0.00129733076186033,0.00388158032120008
NLRC5,-0.586691086691087,0.00129733076186033,0.00388158032120008
DERL3,-0.586475354108118,0.00130400298122201,0.00389945704331203
PRKACB,-0.586080586080586,0.00131628932162984,0.00392570127282884
FAM13A,0.586080586080586,0.00131628932162984,0.00392570127282884
TMEM181,-0.586080586080586,0.00131628932162984,0.00392570127282884
DLGAP4,0.586080586080586,0.00131628932162984,0.00392570127282884
ABCD1,0.586080586080586,0.00131628932162984,0.00392570127282884
AGL,-0.585470085470085,0.00133548702547634,0.00396603475648629
DTNB,-0.585470085470085,0.00133548702547634,0.00396603475648629
HTRA2,-0.585470085470085,0.00133548702547634,0.00396603475648629
HES1,0.585470085470085,0.00133548702547634,0.00396603475648629
LRWD1,-0.585470085470085,0.00133548702547634,0.00396603475648629
DDX11,-0.585470085470085,0.00133548702547634,0.00396603475648629
GIPC1,-0.585470085470085,0.00133548702547634,0.00396603475648629
MAGED2,-0.585470085470085,0.00133548702547634,0.00396603475648629
TMUB1,-0.584859584859585,0.00135492637123345,0.00401949510235409
NFKBIA,0.584859584859585,0.00135492637123345,0.00401949510235409
F11R,0.584249084249084,0.00137460987661813,0.0040670996984384
RASGRP3,-0.584249084249084,0.00137460987661813,0.0040670996984384
DUSP8,-0.584249084249084,0.00137460987661813,0.0040670996984384
PHLDA2,0.584249084249084,0.00137460987661813,0.0040670996984384
ZNF420,-0.584249084249084,0.00137460987661813,0.0040670996984384
XKR6,-0.583638583638584,0.00139454007932482,0.00411735381393051
CDAN1,-0.583638583638584,0.00139454007932482,0.00411735381393051
RBL1,-0.583638583638584,0.00139454007932482,0.00411735381393051
SCML1,0.583638583638584,0.00139454007932482,0.00411735381393051
SAMD4A,0.583308538395697,0.00140541826366413,0.00414509437257902
CCDC106,0.583308538395697,0.00140541826366413,0.00414509437257902
C14orf28,-0.583028083028083,0.0014147195371195,0.00417032770246297
ANG,0.582697103869076,0.00142576481525884,0.00420067273283847
PRKCD,0.582417582417582,0.00143515082793358,0.00422165356644111
BEST1,0.582417582417582,0.00143515082793358,0.00422165356644111
USP28,-0.582417582417582,0.00143515082793358,0.00422165356644111
ZNF205,0.581918175125856,0.00145205329658222,0.0042691283041471
NCKAP5L,0.581807081807082,0.00145583654995754,0.00427351075452104
SNRPN,-0.581807081807082,0.00145583654995754,0.00427351075452104
NAPSA,0.581807081807082,0.00145583654995754,0.00427351075452104
SOD2,0.581196581196581,0.00147677932173465,0.00432817084231663
ST7,-0.581196581196581,0.00147677932173465,0.00432817084231663
ZNF14,-0.581196581196581,0.00147677932173465,0.00432817084231663
SIGLEC11,0.580946885926196,0.00148541960979873,0.0043512134405419
LRRC14,-0.580586080586081,0.00149798178225423,0.00438112663512849
CLUAP1,-0.580586080586081,0.00149798178225423,0.00438112663512849
SBF1,-0.580586080586081,0.00149798178225423,0.00438112663512849
SASH1,0.580329979996417,0.00150695401698369,0.00440506370254719
SPEF2,-0.57997557997558,0.00151944659104501,0.00443694273479044
MTMR2,-0.57997557997558,0.00151944659104501,0.00443694273479044
C16orf86,0.579719106333262,0.00152854294087985,0.00446117543079339
RMC1,-0.579365079365079,0.00154117642826808,0.00449570087995572
TNFRSF10C,0.578802270845777,0.00156144584953119,0.00455037427328314
TAF13,0.578754578754579,0.00156317399480989,0.00455037427328314
ENTPD1,0.578754578754579,0.00156317399480989,0.00455037427328314
MOSMO,-0.578754578754579,0.00156317399480989,0.00455037427328314
TPRG1,-0.578144078144078,0.00158544201237484,0.00460799986133061
ERAP2,-0.578144078144078,0.00158544201237484,0.00460799986133061
ST6GALNAC4,-0.578144078144078,0.00158544201237484,0.00460799986133061
IGSF8,-0.577533577533577,0.00160798322357779,0.00465898558872903
E2F5,-0.577533577533577,0.00160798322357779,0.00465898558872903
SC5D,-0.577533577533577,0.00160798322357779,0.00465898558872903
SLC27A1,0.577533577533577,0.00160798322357779,0.00465898558872903
TYROBP,0.577533577533577,0.00160798322357779,0.00465898558872903
CXorf40A,0.577533577533577,0.00160798322357779,0.00465898558872903
TMEM158,0.577467495594954,0.00161043963646924,0.00466368640452408
NFKBIL1,0.576923076923077,0.00163080039203647,0.00471288671435035
SIPA1,-0.576923076923077,0.00163080039203647,0.00471288671435035
PNPO,0.576923076923077,0.00163080039203647,0.00471288671435035
ARID3A,0.576923076923077,0.00163080039203647,0.00471288671435035
LXN,-0.576312576312576,0.00165389630246338,0.00477223329379526
PDE6B,-0.576312576312576,0.00165389630246338,0.00477223329379526
ZNF230,-0.576312576312576,0.00165389630246338,0.00477223329379526
IFT80,-0.575702075702076,0.00167727376075783,0.00483220755804109
MBIP,-0.575702075702076,0.00167727376075783,0.00483220755804109
SERTAD1,-0.575702075702076,0.00167727376075783,0.00483220755804109
SNAI1,0.575442990691184,0.00168728050058909,0.00485853375864788
RNF19B,0.575091575091575,0.00170093559409747,0.00488778614706733
ATP2B4,-0.575091575091575,0.00170093559409747,0.00488778614706733
NEK3,0.575091575091575,0.00170093559409747,0.00488778614706733
RAB11FIP3,-0.575091575091575,0.00170093559409747,0.00488778614706733
LMBRD2,-0.574481074481074,0.00172488465102983,0.00494643844541476
GTSF1,-0.574481074481074,0.00172488465102983,0.00494643844541476
CMIP,0.574481074481074,0.00172488465102983,0.00494643844541476
TMEM91,0.574481074481074,0.00172488465102983,0.00494643844541476
TBX19,0.573891965260659,0.00174826954743192,0.00500312035720851
EXO5,-0.573870573870574,0.00174912380156342,0.00500312035720851
GFPT1,-0.573870573870574,0.00174912380156342,0.00500312035720851
ABHD17A,-0.573870573870574,0.00174912380156342,0.00500312035720851
ZNF254,-0.573870573870574,0.00174912380156342,0.00500312035720851
FASLG,-0.573278177062519,0.00177292421785965,0.00505519062240108
EVI5,0.573260073260073,0.00177365593725875,0.00505519062240108
UAP1,-0.573260073260073,0.00177365593725875,0.00505519062240108
EXOSC4,0.573260073260073,0.00177365593725875,0.00505519062240108
POLR3B,-0.573260073260073,0.00177365593725875,0.00505519062240108
LCMT2,-0.573260073260073,0.00177365593725875,0.00505519062240108
E2F1,-0.573260073260073,0.00177365593725875,0.00505519062240108
TNFAIP8L2,0.572649572649573,0.00179848397131896,0.00511552511068953
RDH10,-0.572649572649573,0.00179848397131896,0.00511552511068953
DUSP5,-0.572649572649573,0.00179848397131896,0.00511552511068953
CRTAM,-0.572649572649573,0.00179848397131896,0.00511552511068953
ARHGAP22,0.572568513659896,0.00180180291299891,0.00512235988281133
SYT5,-0.572126399582828,0.00181999820070485,0.00517145830200281
PLEKHO1,0.572039072039072,0.00182361083868038,0.00517646284766532
PUS7L,-0.572039072039072,0.00182361083868038,0.00517646284766532
F5,0.571777748712259,0.00183445839908246,0.00520461256604218
URB2,-0.571428571428571,0.00184903949610265,0.00523535638592711
SLC25A38,-0.571428571428571,0.00184903949610265,0.00523535638592711
SLC20A2,-0.571428571428571,0.00184903949610265,0.00523535638592711
POLA2,-0.571428571428571,0.00184903949610265,0.00523535638592711
MTMR11,0.571166875049105,0.00186003285732256,0.00526381768124888
TMEM255B,0.57085828546338,0.0018730683845897,0.00528413819620497
NIPAL3,-0.570818070818071,0.0018747729222587,0.00528413819620497
EAF1,0.570818070818071,0.0018747729222587,0.00528413819620497
NSD2,-0.570818070818071,0.0018747729222587,0.00528413819620497
RIOK1,-0.570818070818071,0.0018747729222587,0.00528413819620497
HIST1H2BD,-0.570818070818071,0.0018747729222587,0.00528413819620497
ZNF107,-0.570818070818071,0.0018747729222587,0.00528413819620497
DNMT1,-0.570818070818071,0.0018747729222587,0.00528413819620497
BLOC1S3,0.570599915058861,0.00188404296465823,0.00530759106215055
HLA-DRB5,0.57020757020757,0.00190081411782433,0.00534675681432278
VCPKMT,-0.57020757020757,0.00190081411782434,0.00534675681432278
AXIN1,-0.57020757020757,0.00190081411782434,0.00534675681432278
C15orf48,0.569945127722797,0.0019121040688136,0.00537580993102346
DNAJB11,-0.56959706959707,0.0019271661055677,0.00540728191787987
GNA12,0.56959706959707,0.0019271661055677,0.00540728191787987
ZNF680,-0.56959706959707,0.0019271661055677,0.00540728191787987
NTNG2,0.56959706959707,0.0019271661055677,0.00540728191787987
TTC30B,-0.568986568986569,0.00195383193043838,0.00547660559148442
PRKAR2B,0.568986568986569,0.00195383193043838,0.00547660559148442
SNX10,0.568376068376068,0.0019808146596561,0.00554390169008855
LINS1,-0.568376068376068,0.0019808146596561,0.00554390169008855
RENBP,0.568376068376068,0.0019808146596561,0.00554390169008855
ZBED6,-0.567765567765568,0.00200811738279934,0.00560908711519175
NAA16,-0.567765567765568,0.00200811738279934,0.00560908711519175
INTS6,-0.567765567765568,0.00200811738279934,0.00560908711519175
ATP11A,0.567765567765568,0.00200811738279933,0.00560908711519175
IFIT1,0.567546946010927,0.00201797296144509,0.00563380169765398
CTNNBIP1,0.567155067155067,0.00203574321189347,0.00567208572043262
RGS16,-0.567155067155067,0.00203574321189347,0.00567208572043262
ANKZF1,-0.567155067155067,0.00203574321189347,0.00567208572043262
APOLD1,-0.567155067155067,0.00203574321189347,0.00567208572043262
SIMC1,-0.566544566544567,0.0020636952814987,0.00574138508166207
METTL15,-0.566544566544567,0.0020636952814987,0.00574138508166207
CST3,0.566544566544567,0.0020636952814987,0.00574138508166207
NCDN,-0.565934065934066,0.00209197674879762,0.00580562480361105
CCDC107,-0.565934065934066,0.00209197674879762,0.00580562480361105
IARS,-0.565934065934066,0.00209197674879762,0.00580562480361105
CAPN15,-0.565934065934066,0.00209197674879762,0.00580562480361105
S1PR4,-0.565934065934066,0.00209197674879762,0.00580562480361105
DHX32,0.565715164582166,0.00210219820072622,0.00583109739010963
PLEKHA1,-0.565323565323565,0.00212059079368237,0.00587919867043719
MEF2C,0.564713064713065,0.00214954061884169,0.00594766508686925
DUSP16,-0.564713064713065,0.00214954061884169,0.00594766508686925
TMEM117,-0.564713064713065,0.00214954061884169,0.00594766508686925
MEFV,0.564713064713065,0.00214954061884169,0.00594766508686925
GNAO1,-0.564447264754409,0.00216225054136709,0.00597987390075408
NICN1,-0.564102564102564,0.00217882944984743,0.00601382738575856
C9orf72,0.564102564102564,0.00217882944984743,0.00601382738575856
ALDOA,0.564102564102564,0.00217882944984743,0.00601382738575856
APOL2,-0.564102564102564,0.00217882944984743,0.00601382738575856
RNASE4,0.564060368693422,0.00218086638678163,0.00601647993827472
HIST1H1B,-0.563836391091255,0.00219170607534733,0.00604340255095772
NDC80,-0.563578086248613,0.00220426452142149,0.00607503558589894
EZH2,-0.563492063492063,0.00220846053524078,0.00607761383517049
ZBTB26,-0.563492063492063,0.00220846053524078,0.00607761383517049
SLC16A7,-0.563492063492063,0.00220846053524078,0.00607761383517049
RGS18,0.562881562881563,0.00223843714661808,0.00614800615122219
DBN1,-0.562881562881563,0.00223843714661809,0.00614800615122219
TOPORS,-0.562881562881563,0.00223843714661809,0.00614800615122219
PORCN,-0.562881562881563,0.00223843714661809,0.00614800615122219
POGLUT1,-0.562271062271062,0.00226876257871652,0.00621907859812882
PATL2,-0.562271062271062,0.00226876257871652,0.00621907859812882
SMAD7,-0.562271062271062,0.00226876257871652,0.00621907859812882
IL2RG,-0.562271062271062,0.00226876257871652,0.00621907859812882
WDR75,-0.561660561660562,0.00229944014949908,0.0062908362602734
KIAA0825,-0.561660561660562,0.00229944014949908,0.0062908362602734
GAB2,0.561660561660562,0.00229944014949908,0.0062908362602734
FUT8,-0.561660561660562,0.00229944014949908,0.0062908362602734
NUF2,-0.561050061050061,0.00233047320023948,0.00636639283621846
ATPSCKMT,-0.561050061050061,0.00233047320023948,0.00636639283621846
GGH,-0.561050061050061,0.00233047320023948,0.00636639283621846
RUFY4,0.560695519000654,0.00234865982295106,0.00641294225094839
C1QC,0.560653343198866,0.00235083136268623,0.0064157388873311
NINJ1,0.56043956043956,0.00236186509560647,0.00643956587744098
TK1,-0.56043956043956,0.00236186509560648,0.00643956587744098
RSAD2,0.56017114911233,0.00237578122351823,0.00647435117052337
NIPSNAP3A,0.55982905982906,0.00239361922374791,0.00651661085647439
IPO4,-0.55982905982906,0.00239361922374792,0.00651661085647439
HIST1H3B,-0.559768309120818,0.00239679901293637,0.00652209249651591
NEXN,0.559560275449177,0.00240771530199999,0.00654861087975873
ZFP36L2,-0.559218559218559,0.00242573899637436,0.00658482158627448
TMEM161B,-0.559218559218559,0.00242573899637436,0.00658482158627448
SH3GLB2,-0.559218559218559,0.00242573899637436,0.00658482158627448
BACH1,0.559218559218559,0.00242573899637436,0.00658482158627448
IDH1,0.558998632676712,0.00243740005945222,0.00661326595461273
ZNF280B,-0.558851157330887,0.00244524648408125,0.00663133770076737
NFKBIE,0.558608058608059,0.00245822784884231,0.00664077784093056
SYTL2,-0.558608058608059,0.00245822784884232,0.00664077784093056
TULP3,-0.558608058608059,0.00245822784884232,0.00664077784093056
NR4A1,0.558608058608059,0.00245822784884231,0.00664077784093056
ZNF174,-0.558608058608059,0.00245822784884232,0.00664077784093056
KLHDC4,-0.558608058608059,0.00245822784884232,0.00664077784093056
MXRA7,-0.558608058608059,0.00245822784884232,0.00664077784093056
ABCG1,-0.558608058608059,0.00245822784884232,0.00664077784093056
HIST1H2AB,-0.557997557997558,0.002491089240237,0.00672630180174084
NACC2,0.557387057387057,0.00252432665345478,0.00680290826318995
ZNF600,-0.557387057387057,0.00252432665345478,0.00680290826318995
ACSL4,0.557387057387057,0.00252432665345478,0.00680290826318995
PLXNA3,-0.557387057387057,0.00252432665345478,0.00680290826318995
GNG11,0.556776556776557,0.00255794359528517,0.00688024078154624
EGR3,0.556776556776557,0.00255794359528517,0.00688024078154624
NDUFB1,0.556776556776557,0.00255794359528517,0.00688024078154624
FAM214A,-0.556776556776557,0.00255794359528517,0.00688024078154624
HAVCR2,0.556166056166056,0.00259194359649236,0.00696499211512988
MIGA2,-0.556166056166056,0.00259194359649236,0.00696499211512988
TRAF1,-0.555555555555555,0.00262633021189631,0.00704385541722981
TCTN3,-0.555555555555555,0.00262633021189631,0.00704385541722981
PLP2,0.555555555555555,0.0026263302118963,0.00704385541722981
AMMECR1,-0.555555555555555,0.00262633021189631,0.00704385541722981
MICAL3,-0.555029772914398,0.00265625766150601,0.00712070606094996
ANKRD36B,-0.554945054945055,0.00266110702045346,0.0071268728248926
FASTKD1,-0.554945054945055,0.00266110702045346,0.0071268728248926
OTUD3,-0.554334554334554,0.00269627762533694,0.00721415525401157
NCOA7,-0.554334554334554,0.00269627762533694,0.00721415525401157
C19orf33,0.554207785834148,0.00270363039824323,0.00723036881251848
SLC4A7,-0.553724053724054,0.00273184565401637,0.00729535859467983
CEP95,-0.553724053724054,0.00273184565401637,0.00729535859467983
ARHGAP35,-0.553724053724054,0.00273184565401637,0.00729535859467983
MN1,0.553636954722047,0.00273695268619081,0.00730550807693509
IL6R,0.553113553113553,0.0027678147583371,0.00738083935556562
TTC39B,-0.553113553113553,0.00276781475833711,0.00738083935556562
ZNF287,-0.553042529327995,0.00277202550686973,0.007388544630322
KIF19,-0.552972585919665,0.00277617756295799,0.00739608619917154
ACP6,-0.552503052503052,0.00280418861459914,0.00746715368230399
CARD6,0.552282100771257,0.00281745347128112,0.0074989051934336
SLC66A1,0.551892551892552,0.00284097092363545,0.00754713035865531
PTPN4,-0.551892551892552,0.00284097092363545,0.00754713035865531
CLASP1,-0.551892551892552,0.00284097092363545,0.00754713035865531
TP53,0.551892551892552,0.00284097092363545,0.00754713035865531
MYO7B,0.55174464011933,0.0028499444088402,0.00756737375794606
CCDC13,0.551685363633082,0.00285354738704991,0.00757334456021978
ALG14,-0.551282051282051,0.00287816541088984,0.00762059705383334
LRIG1,-0.551282051282051,0.00287816541088984,0.00762059705383334
PRIMPOL,-0.551282051282051,0.00287816541088984,0.00762059705383334
HIST1H1E,-0.551282051282051,0.00287816541088984,0.00762059705383334
ATG16L2,0.551282051282051,0.00287816541088983,0.00762059705383334
CMPK2,0.550671550671551,0.00291577582649436,0.00770558526548039
EIF2AK3,-0.550671550671551,0.00291577582649437,0.00770558526548039
GORASP1,0.550671550671551,0.00291577582649436,0.00770558526548039
PRAM1,0.550671550671551,0.00291577582649436,0.00770558526548039
RRAGD,0.550145022437703,0.00294854999212244,0.00776937104721356
DECR2,0.550145022437703,0.00294854999212244,0.00776937104721356
PRKCZ,-0.55006105006105,0.00295380594534621,0.00776937104721356
SNX27,0.55006105006105,0.00295380594534621,0.00776937104721356
NUAK2,0.55006105006105,0.00295380594534621,0.00776937104721356
CCDC138,-0.55006105006105,0.00295380594534621,0.00776937104721356
LRRC8A,-0.55006105006105,0.00295380594534621,0.00776937104721356
GDPGP1,-0.55006105006105,0.00295380594534621,0.00776937104721356
MSI2,-0.55006105006105,0.00295380594534621,0.00776937104721356
CBR1,0.55006105006105,0.00295380594534621,0.00776937104721356
MMP25,0.549954225533209,0.00296050382888568,0.00778332741472906
PSAT1,-0.549829919584989,0.00296831414531396,0.00780019393824984
PHLDB2,-0.549737253925698,0.00297414791820723,0.00781185305712298
NEIL2,-0.549450549450549,0.00299225956718408,0.00785204856860318
ABHD3,-0.549450549450549,0.00299225956718408,0.00785204856860318
DCUN1D3,0.549175423175556,0.00300972840737255,0.00789418445310849
SLC9A9,-0.548840048840049,0.00303114051666405,0.00794289492464169
SYNE1,-0.548840048840049,0.00303114051666405,0.00794289492464169
TGM2,0.548762487641654,0.00303611094508172,0.00795219316388617
PLIN5,0.548283716211578,0.00306694705932222,0.00801585956213266
SLC41A1,-0.548229548229548,0.00307045264343493,0.00801585956213266
P4HTM,-0.548229548229548,0.00307045264343493,0.00801585956213266
FLNB,-0.548229548229548,0.00307045264343493,0.00801585956213266
FBXL17,-0.548229548229548,0.00307045264343493,0.00801585956213266
C12orf29,-0.548229548229548,0.00307045264343493,0.00801585956213266
C19orf48,-0.548229548229548,0.00307045264343493,0.00801585956213266
NKIRAS1,-0.547619047619048,0.00311019982221312,0.00810826918686049
SLC38A7,0.547619047619048,0.0031101998222131,0.00810826918686049
CCL3,0.547619047619048,0.0031101998222131,0.00810826918686049
SLC22A4,0.547397350294563,0.00312474205867981,0.00814238471208643
PLCL1,-0.547008547008547,0.00315038595285684,0.00819012470868221
SGO2,-0.547008547008547,0.00315038595285684,0.00819012470868221
SPICE1,-0.547008547008547,0.00315038595285684,0.00819012470868221
MCTP1,0.547008547008547,0.00315038595285683,0.00819012470868221
ZBP1,-0.547008547008547,0.00315038595285684,0.00819012470868221
GABBR1,0.546398046398046,0.00319101496043995,0.00828035065372636
PLPP5,-0.546398046398046,0.00319101496043997,0.00828035065372636
TMCO3,0.546398046398046,0.00319101496043995,0.00828035065372636
TMEM204,-0.546398046398046,0.00319101496043997,0.00828035065372636
NAP1L5,-0.545787545787546,0.00323209079532514,0.00835978340770499
OXCT1,-0.545787545787546,0.00323209079532514,0.00835978340770499
LPAR5,-0.545787545787546,0.00323209079532514,0.00835978340770499
RAB40C,0.545787545787546,0.00323209079532511,0.00835978340770499
CIITA,0.545787545787546,0.00323209079532511,0.00835978340770499
PTPRM,-0.545787545787546,0.00323209079532514,0.00835978340770499
RPL3,-0.545787545787546,0.00323209079532514,0.00835978340770499
GPR85,0.545350814047161,0.0032617514366377,0.00843260010803423
MREG,-0.545191309464755,0.00327264199389534,0.00845155525699837
MCM2,-0.545177045177045,0.00327361743323649,0.00845155525699837
PJA1,-0.545177045177045,0.00327361743323649,0.00845155525699837
IL2RA,-0.544572828115391,0.00331516445329563,0.00853629323704192
RGL1,0.544566544566545,0.0033155988753317,0.00853629323704192
PTGS1,0.544566544566545,0.0033155988753317,0.00853629323704192
MVK,-0.544566544566545,0.00331559887533173,0.00853629323704192
PPAN,-0.544566544566545,0.00331559887533173,0.00853629323704192
SLC44A2,-0.544566544566545,0.00331559887533173,0.00853629323704192
FAHD2B,-0.544288433870323,0.00333487519936513,0.00858197060048312
ZBTB17,-0.543956043956044,0.0033580391482736,0.00862174238620108
NAGK,0.543956043956044,0.00335803914827358,0.00862174238620108
LYAR,-0.543956043956044,0.0033580391482736,0.00862174238620108
TCAF2,-0.543956043956044,0.0033580391482736,0.00862174238620108
DDX51,-0.543956043956044,0.0033580391482736,0.00862174238620108
PDGFD,-0.543509449452742,0.00338937805680142,0.00869821114898281
NGLY1,-0.543345543345543,0.00340094230430088,0.00871189618215781
ENDOD1,-0.543345543345543,0.00340094230430088,0.00871189618215781
NETO2,0.543345543345543,0.00340094230430084,0.00871189618215781
GRB2,0.543345543345543,0.00340094230430084,0.00871189618215781
SMOX,0.543174622049549,0.00341303735369455,0.00873887586165746
MARCH3,-0.542735042735043,0.00344431242129873,0.00881491764755263
CMTM4,0.542207302913075,0.00348218264612066,0.00889455309951683
CFAP36,-0.542124542124542,0.00348815360286845,0.00889455309951683
GYPC,-0.542124542124542,0.00348815360286845,0.00889455309951683
MTRNR2L12,-0.542124542124542,0.00348815360286845,0.00889455309951683
CPNE5,-0.542124542124542,0.00348815360286845,0.00889455309951683
LDB1,-0.542124542124542,0.00348815360286845,0.00889455309951683
PCSK7,-0.542124542124542,0.00348815360286845,0.00889455309951683
ZNF675,-0.542124542124542,0.00348815360286845,0.00889455309951683
OTUD6B,-0.541514041514041,0.00353246997839669,0.00899115708657
FBXO32,-0.541514041514041,0.00353246997839669,0.00899115708657
C15orf41,-0.541514041514041,0.00353246997839669,0.00899115708657
ITGAM,0.541514041514041,0.00353246997839667,0.00899115708657
TMEM25,-0.541138962265301,0.0035599345182109,0.00905693986616712
ZMYND12,-0.540903540903541,0.00357726570312395,0.00905981422639
ETAA1,-0.540903540903541,0.00357726570312395,0.00905981422639
SETD5,-0.540903540903541,0.00357726570312395,0.00905981422639
SPTAN1,-0.540903540903541,0.00357726570312395,0.00905981422639
TESPA1,-0.540903540903541,0.00357726570312395,0.00905981422639
BLM,-0.540903540903541,0.00357726570312395,0.00905981422639
ZNF624,-0.540903540903541,0.00357726570312395,0.00905981422639
HOXB2,-0.540903540903541,0.00357726570312395,0.00905981422639
PLD3,0.540903540903541,0.00357726570312392,0.00905981422639
HMGN1,-0.540903540903541,0.00357726570312395,0.00905981422639
NRP2,0.540747402561113,0.00358879989537158,0.00908491127882204
KHDC1,-0.540516963458099,0.00360588073845759,0.00912402040246824
RTP5,-0.540375521484314,0.0036163991380239,0.00914649659874701
DENND5B,-0.54029304029304,0.0036225449582126,0.0091496257481142
ING1,0.54029304029304,0.00362254495821258,0.0091496257481142
LAT,-0.54029304029304,0.0036225449582126,0.0091496257481142
LDHD,0.539894964650898,0.00365233163651943,0.00922069458754702
ZBTB39,-0.53968253968254,0.00366831195081418,0.00925685939934698
FAM83G,-0.539500385598255,0.00368206247504809,0.00928736732542577
CAMP,0.539272965843696,0.00369929167946679,0.00932661815670796
TTC7A,0.539072039072039,0.00371457091413614,0.00935249011789708
SKAP2,0.539072039072039,0.00371457091413614,0.00935249011789708
STMN3,-0.539072039072039,0.00371457091413616,0.00935249011789708
YPEL1,-0.538849036960347,0.00373159178141182,0.00939111667041174
TLR8,0.538543740055554,0.00375500163338503,0.00944578008721955
FBXO44,-0.538461538461538,0.00376132610750793,0.00945318453626262
SCARB1,0.538461538461538,0.00376132610750791,0.00945318453626262
SAP30,0.537851037851038,0.00380858181644629,0.00953765764333531
EPHB6,0.537851037851038,0.00380858181644629,0.00953765764333531
TRIM35,-0.537851037851038,0.00380858181644631,0.00953765764333531
RALGPS1,-0.537851037851038,0.00380858181644631,0.00953765764333531
RBL2,-0.537851037851038,0.00380858181644631,0.00953765764333531
ZNF85,-0.537851037851038,0.00380858181644631,0.00953765764333531
OGT,-0.537851037851038,0.00380858181644631,0.00953765764333531
CYSLTR1,0.537851037851038,0.00380858181644629,0.00953765764333531
TRDV2,-0.537568823575628,0.00383059692923559,0.00958849508875802
CTSS,0.537240537240537,0.0038563423527203,0.00963568652207866
DOK3,0.537240537240537,0.0038563423527203,0.00963568652207866
NOC3L,-0.537240537240537,0.00385634235272032,0.00963568652207866
IRF2BP1,-0.537240537240537,0.00385634235272032,0.00963568652207866
C1orf53,0.537145231635869,0.0038638441146464,0.0096501189321584
PREPL,-0.536630036630037,0.00390461205441535,0.00973888965579421
ARL15,-0.536630036630037,0.00390461205441535,0.00973888965579421
KCNN4,-0.536630036630037,0.00390461205441535,0.00973888965579421
S100Z,0.536438521888844,0.0039198599239899,0.00977256205749065
BDH1,-0.536019536019536,0.00395339528599656,0.00983862324846139
TICAM2,0.536019536019536,0.00395339528599654,0.00983862324846139
PCOLCE,-0.536019536019536,0.00395339528599656,0.00983862324846139
KLC2,-0.536019536019536,0.00395339528599656,0.00983862324846139
CIB2,-0.535922362582629,0.00396120778298056,0.00985368057047478
NFIX,0.53549077100762,0.0039960656689563,0.00993478849683737
XXYLT1,0.535409035409035,0.00400269643837169,0.00993478849683737
IRAK3,0.535409035409035,0.00400269643837169,0.00993478849683737
ZNF26,-0.535409035409035,0.00400269643837171,0.00993478849683737
LMAN1,-0.535409035409035,0.00400269643837171,0.00993478849683737
CHAF1B,-0.53521377640508,0.00401857467011039,0.00996977353826856
CYSTM1,0.534798534798535,0.00405251992895333,0.0100495305732625
TPX2,-0.534609520579715,0.00406805213191956,0.0100835760291198
NBPF26,0.534188034188034,0.00410287020172016,0.0101518806053183
SMIM14,0.534188034188034,0.00410287020172016,0.0101518806053183
RAB2B,-0.534188034188034,0.00410287020172018,0.0101518806053183
FDXR,-0.534188034188034,0.00410287020172018,0.0101518806053183
ST8SIA1,-0.533749404501513,0.00413937333960557,0.0102376717006079
PLA1A,0.533688838282506,0.00414443535305851,0.0102456598118051
PXMP2,-0.533577533577534,0.00415375172727785,0.0102641536274581
MAST4,-0.533292707933549,0.00417767322602267,0.0103187052473139
ZBTB41,-0.532967032967033,0.004205169002919,0.010359165226574
CEP70,-0.532967032967033,0.004205169002919,0.010359165226574
TBCK,-0.532967032967033,0.004205169002919,0.010359165226574
MAD1L1,-0.532967032967033,0.004205169002919,0.010359165226574
ZDHHC13,-0.532967032967033,0.004205169002919,0.010359165226574
CENPV,-0.532967032967033,0.004205169002919,0.010359165226574
FLT3,0.532865189949528,0.00421379883316431,0.0103758534016094
TMEM237,-0.532743098864479,0.00422416426119843,0.0103922246144398
STAB1,0.532743098864479,0.00422416426119843,0.0103922246144398
CELSR3,-0.532356532356532,0.00425712655268266,0.0104549194917002
FGL2,0.532356532356532,0.00425712655268263,0.0104549194917002
FBP1,0.532356532356532,0.00425712655268263,0.0104549194917002
FAM98B,-0.532356532356532,0.00425712655268266,0.0104549194917002
TRPC1,-0.532132505054893,0.00427632912894151,0.0104974681690259
ACOT4,-0.531827208150099,0.00430261627728972,0.0105573629761317
ID3,0.531746031746032,0.00430962892741276,0.0105606682568327
NOTCH2,0.531746031746032,0.00430962892741276,0.0105606682568327
KIFC1,-0.531746031746032,0.00430962892741278,0.0105606682568327
MYBL2,-0.531540579589017,0.00432742091249385,0.010599622313914
PCLAF,-0.531460086944087,0.00433440851021845,0.010612089487365
CDC42SE2,-0.531135531135531,0.00436268070481628,0.0106719643487894
ADA,-0.531135531135531,0.00436268070481628,0.0106719643487894
ZNF829,-0.530849213280933,0.00438775194290653,0.0107286002906573
NADK,0.53052503052503,0.00441628648952014,0.0107748141576775
OSBPL11,0.53052503052503,0.00441628648952014,0.0107748141576775
PRAG1,-0.53052503052503,0.00441628648952016,0.0107748141576775
GRAMD1B,-0.53052503052503,0.00441628648952016,0.0107748141576775
BCL3,0.53052503052503,0.00441628648952014,0.0107748141576775
PIGZ,0.530419451843047,0.00442561348909027,0.0107928611561242
SLC2A13,-0.52991452991453,0.00447045091312799,0.0108927065386543
ZNF571,-0.52991452991453,0.00447045091312799,0.0108927065386543
MSC,-0.529808017316427,0.00447995843198799,0.0109111182716362
NUMB,0.529304029304029,0.00452517863427563,0.0110068720847627
ZNF83,-0.529304029304029,0.00452517863427565,0.0110068720847627
BRD1,-0.529304029304029,0.00452517863427565,0.0110068720847627
FKBP1B,0.529090048986257,0.00454449487391143,0.0110465590269369
CBY1,-0.529079536006959,0.00454544569402395,0.0110465590269369
IGLV1-47,-0.528890865526496,0.00456253826839918,0.011083281493001
TENM1,-0.528471638598318,0.0046007135458458,0.0111711637639469
ARHGAP32,0.528405718628316,0.00460674089767349,0.0111809440537284
MFAP3,-0.528083028083028,0.00463634273922438,0.0112332879539613
SFT2D1,0.528083028083028,0.00463634273922436,0.0112332879539613
CDC25B,-0.528083028083028,0.00463634273922438,0.0112332879539613
PARVG,0.528083028083028,0.00463634273922436,0.0112332879539613
EML6,-0.527667996473256,0.00467465271469934,0.0113212031098305
NOP58,-0.527472527472528,0.00469278857594961,0.0113454706946434
PRKAR1B,-0.527472527472528,0.00469278857594961,0.0113454706946434
MYC,-0.527472527472528,0.00469278857594961,0.0113454706946434
SNAPC1,0.527472527472528,0.00469278857594959,0.0113454706946434
CHIC1,-0.526862026862027,0.00474981661616911,0.0114783813818573
BMERB1,-0.526640558018728,0.00477064929133487,0.0115161376424449
FGD4,0.526637160768611,0.00477096945963343,0.0115161376424449
AGMAT,-0.526630274003899,0.00477161854748655,0.0115161376424449
SPON2,-0.526251526251526,0.00480743165448961,0.0115875680223732
SLC24A4,0.526251526251526,0.00480743165448958,0.0115875680223732
ZNF559,-0.526251526251526,0.00480743165448961,0.0115875680223732
TRBV28,-0.526016485805759,0.00482977074841994,0.0116363972534099
PLK2,0.525641025641026,0.00486563851286844,0.0117076809655595
NKG7,-0.525641025641026,0.00486563851286844,0.0117076809655595
TCFL5,-0.525641025641026,0.00486563851286844,0.0117076809655595
TRBV5-6,-0.525588992085263,0.0048706270655049,0.0117146436775498
SYNM,-0.525527975630085,0.00487648235065588,0.0117236841379483
PTPN7,-0.525030525030525,0.00492444204066405,0.0118135906869984
HOPX,-0.525030525030525,0.00492444204066405,0.0118135906869984
PLPP6,-0.525030525030525,0.00492444204066405,0.0118135906869984
USP36,-0.525030525030525,0.00492444204066405,0.0118135906869984
C20orf194,0.525030525030525,0.00492444204066404,0.0118135906869984
CEP83,-0.524420024420024,0.00498384711468539,0.0119356201564543
ZNF544,-0.524420024420024,0.00498384711468539,0.0119356201564543
COL18A1,-0.524420024420024,0.00498384711468539,0.0119356201564543
IGLC2,-0.524420024420024,0.00498384711468539,0.0119356201564543
NIPA1,-0.523999389313534,0.00502512980165917,0.0120293346964375
PTCD2,-0.523809523809524,0.00504385863924068,0.0120535288506982
WDR41,0.523809523809524,0.00504385863924068,0.0120535288506982
ZNF17,-0.523809523809524,0.00504385863924068,0.0120535288506982
CASK,-0.523809523809524,0.00504385863924068,0.0120535288506982
PLEK,0.523199023199023,0.00510448154618539,0.012182783101267
NPHP3,-0.523199023199023,0.00510448154618539,0.012182783101267
STX11,0.523199023199023,0.00510448154618539,0.012182783101267
SLC35F2,-0.522802677970213,0.00514416839929254,0.012272265225616
ATXN7L2,-0.522588522588523,0.00516572079496931,0.0122922173129653
WDR3,-0.522588522588523,0.00516572079496931,0.0122922173129653
TSGA10,-0.522588522588523,0.00516572079496931,0.0122922173129653
ATIC,-0.522588522588523,0.00516572079496931,0.0122922173129653
ZNF595,-0.522588522588523,0.00516572079496931,0.0122922173129653
CAPS2,-0.522588522588523,0.00516572079496931,0.0122922173129653
EXOC3L1,0.522478998049256,0.00517677277689608,0.0123132766347949
TRBV7-3,-0.522353948825552,0.00518941582193772,0.0123381008827703
GCLM,-0.521978021978022,0.00522758137268284,0.0123919605917942
NDUFAF6,-0.521978021978022,0.00522758137268284,0.0123919605917942
AMIGO2,-0.521978021978022,0.00522758137268284,0.0123919605917942
NPC2,0.521978021978022,0.00522758137268284,0.0123919605917942
SCRN2,-0.521978021978022,0.00522758137268284,0.0123919605917942
CEBPB,0.521978021978022,0.00522758137268284,0.0123919605917942
TXLNG,-0.521978021978022,0.00522758137268284,0.0123919605917942
TLE2,-0.521856999242054,0.00523991854806767,0.012415942593557
BIN1,-0.521367521367521,0.00529006829410245,0.0125029847424433
CLDND1,-0.521367521367521,0.00529006829410245,0.0125029847424433
MDC1,-0.521367521367521,0.00529006829410245,0.0125029847424433
UTRN,-0.521367521367521,0.00529006829410245,0.0125029847424433
GKAP1,-0.521367521367521,0.00529006829410245,0.0125029847424433
TMED8,0.521367521367521,0.00529006829410245,0.0125029847424433
SOX13,-0.521070536839542,0.00532069368893475,0.0125700545452147
MPZL1,0.520836519577537,0.00534493145980616,0.0126201599818313
LEPROT,0.520757020757021,0.00535318660173529,0.0126201599818313
ALPK1,0.520757020757021,0.00535318660173529,0.0126201599818313
GFM2,-0.520757020757021,0.00535318660173529,0.0126201599818313
SPART,0.520757020757021,0.00535318660173529,0.0126201599818313
DTHD1,-0.520636499417123,0.00536572210043071,0.0126443817891313
COCH,-0.520613001627651,0.00536816901273225,0.0126448193425437
SAMD12,-0.520464361007312,0.00538366941348386,0.0126759913095586
SMPD1,-0.52014652014652,0.00541694136586296,0.012732886136152
LTB4R,0.52014652014652,0.00541694136586296,0.012732886136152
SERPINF1,0.52014652014652,0.00541694136586296,0.012732886136152
LAIR2,-0.52014652014652,0.00541694136586296,0.012732886136152
NID1,0.519904457858023,0.00544239733647271,0.0127873470191409
CDCA7L,-0.51953601953602,0.00548133768458438,0.0128572316829681
TAX1BP3,0.51953601953602,0.00548133768458438,0.0128572316829681
ZNF66,-0.51953601953602,0.00548133768458438,0.0128572316829681
RASGRP4,0.51953601953602,0.00548133768458438,0.0128572316829681
PRRT3,-0.51931003505357,0.00550533851108693,0.0129081144461208
PTCH1,-0.519264815626222,0.00551015173141893,0.012913985114038
GPR171,-0.518957921527152,0.005542912162142,0.0129717109092989
MZB1,-0.518925518925519,0.00554638068385793,0.0129717109092989
CASP1,0.518925518925519,0.00554638068385793,0.0129717109092989
LILRA6,0.518925518925519,0.00554638068385793,0.0129717109092989
MTFP1,-0.518925518925519,0.00554638068385793,0.0129717109092989
FCRL3,-0.518802195837263,0.0055595985475981,0.0129971885778297
SH2D3A,-0.518699441243983,0.0055706322087816,0.013017056639821
IFNLR1,-0.518679712374259,0.00557275278893624,0.013017056639821
PDK4,0.51863174001785,0.00557791200204162,0.013023667605602
C12orf42,-0.518496478573952,0.00559248053114484,0.0130522333598339
TOP2A,-0.51839414433919,0.00560352396475261,0.0130598111918843
RRP9,-0.518315018315018,0.00561207551754257,0.0130598111918843
SUPT3H,-0.518315018315018,0.00561207551754257,0.0130598111918843
ISCA1,-0.518315018315018,0.00561207551754257,0.0130598111918843
CLYBL,-0.518315018315018,0.00561207551754257,0.0130598111918843
PGLS,0.518315018315018,0.00561207551754257,0.0130598111918843
SAMD10,-0.518315018315018,0.00561207551754257,0.0130598111918843
SUV39H2,-0.518020866354696,0.00564396288726053,0.0131285526063065
FOXM1,-0.517876386540576,0.00565968117048135,0.0131596412080381
LDLRAP1,-0.517704517704518,0.00567842736743817,0.0131703715631332
OXNAD1,-0.517704517704518,0.00567842736743817,0.0131703715631332
SLC25A15,-0.517704517704518,0.00567842736743817,0.0131703715631332
ZNF106,0.517704517704518,0.00567842736743817,0.0131703715631332
ITPRIPL2,0.517704517704518,0.00567842736743817,0.0131703715631332
ZNF764,-0.517704517704518,0.00567842736743817,0.0131703715631332
NANP,0.517423451031803,0.00570919721612069,0.0132362482722002
TCAIM,0.516483516483516,0.00581312298300197,0.0134604487457337
NME4,0.516483516483516,0.00581312298300197,0.0134604487457337
OGFR,0.516483516483516,0.00581312298300197,0.0134604487457337
ZNF827,-0.516188245365234,0.00584609847745716,0.0135312014428561
INTS7,-0.515873015873016,0.00588147725232489,0.0135849734799673
AC093323.1,-0.515873015873016,0.00588147725232489,0.0135849734799673
GIMAP5,-0.515873015873016,0.00588147725232489,0.0135849734799673
IGHA1,-0.515873015873016,0.00588147725232489,0.0135849734799673
ZNF428,-0.515873015873016,0.00588147725232489,0.0135849734799673
TMTC3,-0.515262515262515,0.00595050954524265,0.0137160961982675
C12orf65,-0.515262515262515,0.00595050954524265,0.0137160961982675
MAP3K3,0.515262515262515,0.00595050954524265,0.0137160961982675
RGS9,-0.515262515262515,0.00595050954524265,0.0137160961982675
ETS2,0.515262515262515,0.00595050954524265,0.0137160961982675
GPR157,0.515035878386462,0.00597631012803138,0.0137697018361535
PLEKHG1,-0.515015012362838,0.00597869028222116,0.0137697018361535
SPSB1,-0.514966498038925,0.00598422732990176,0.0137767802506425
MAN1C1,0.514652014652015,0.00602022518383327,0.0138255027630372
DENND2D,-0.514652014652015,0.00602022518383324,0.0138255027630372
LBH,-0.514652014652015,0.00602022518383324,0.0138255027630372
IGKC,-0.514652014652015,0.00602022518383324,0.0138255027630372
MT1E,-0.514652014652015,0.00602022518383324,0.0138255027630372
ALPK2,0.514652014652015,0.00602022518383327,0.0138255027630372
ST6GALNAC2,0.514522154150921,0.00603514314752591,0.0138483875588695
LSR,-0.514522154150921,0.00603514314752591,0.0138483875588695
MYO1E,0.514425284576876,0.00604629154043105,0.0138682782174284
SPA17,0.514355624375771,0.00605431924574146,0.0138809976310727
LGR6,-0.514181667968349,0.0060744054605121,0.0139099407596985
CTTN,0.514181667968349,0.00607440546051208,0.0139099407596985
NAP1L2,-0.514181667968349,0.0060744054605121,0.0139099407596985
TMEM63A,-0.514041514041514,0.00609062951833878,0.0139242846551719
CCDC112,0.514041514041514,0.00609062951833878,0.0139242846551719
WDHD1,-0.514041514041514,0.00609062951833878,0.0139242846551719
STX10,0.514041514041514,0.00609062951833878,0.0139242846551719
OTUD7B,-0.513910719624301,0.00610580312603339,0.0139532697510334
IL6,0.513740721842964,0.00612557245893028,0.0139927292444192
JCHAIN,-0.513431013431013,0.00616172792719942,0.0140351863824436
MTERF3,-0.513431013431013,0.00616172792719942,0.0140351863824436
RESF1,-0.513431013431013,0.00616172792719942,0.0140351863824436
TUBGCP5,-0.513431013431013,0.00616172792719942,0.0140351863824436
BAIAP2,0.513431013431013,0.00616172792719942,0.0140351863824436
ZNF671,-0.513431013431013,0.00616172792719942,0.0140351863824436
MEI1,-0.513431013431013,0.00616172792719942,0.0140351863824436
ACRBP,0.513204096957702,0.00618833245957974,0.0140900468705089
DPP4,-0.513133877049463,0.00619658492547995,0.0141030943847309
NLN,0.512898800052909,0.00622427956463924,0.0141603626222387
CEP290,-0.512820512820513,0.00623352581708642,0.0141642377659367
MX1,0.512820512820513,0.00623352581708642,0.0141642377659367
EPS8L2,-0.512820039545755,0.00623358174927936,0.0141642377659367
ZSWIM1,0.512593503148115,0.00626040277737212,0.0142194038712693
IKZF2,-0.512555984955437,0.00626485417336679,0.0142237371244284
CD80,-0.512523003386309,0.00626876952177751,0.0142268503107873
EGFL7,0.512334308682235,0.00629120980978334,0.0142719859051961
LY75,-0.512210012210012,0.00630602862293429,0.0142824269175571
IFT22,-0.512210012210012,0.00630602862293429,0.0142824269175571
PGBD4,-0.512210012210012,0.00630602862293429,0.0142824269175571
ZNF567,-0.512210012210012,0.00630602862293429,0.0142824269175571
CENPF,-0.511982909338528,0.006333180255138,0.0143381149743853
TRAV8-4,-0.511943612213554,0.00633788848052217,0.0143429673747794
CLEC4E,0.511912129723155,0.0063416625578514,0.0143433652318738
CCDC102A,-0.511899357248545,0.00634319424506866,0.0143433652318738
DOCK4,0.511599511599512,0.00637924180797204,0.0144132202788605
MPI,-0.511599511599512,0.00637924180797204,0.0144132202788605
ZBTB38,-0.510989010989011,0.00645317086375336,0.0145684826282232
GRAMD2B,-0.510989010989011,0.00645317086375336,0.0145684826282232
PDGFC,0.510486949396121,0.00651450873197677,0.0146638307307619
SIRPG,-0.510456424814561,0.00651825378222243,0.0146638307307619
SRGAP2B,0.51037851037851,0.00652782131018596,0.0146638307307619
ADAMTSL4,0.51037851037851,0.00652782131018596,0.0146638307307619
ANKRD36,-0.51037851037851,0.00652782131018596,0.0146638307307619
FCHO2,0.51037851037851,0.00652782131018596,0.0146638307307619
BRD8,-0.51037851037851,0.00652782131018596,0.0146638307307619
PDE7B,0.51037851037851,0.00652782131018596,0.0146638307307619
ANKRD16,-0.51037851037851,0.00652782131018596,0.0146638307307619
ANXA2,0.51037851037851,0.00652782131018596,0.0146638307307619
LITAF,-0.51037851037851,0.00652782131018596,0.0146638307307619
KCNE1,0.51037851037851,0.00652782131018596,0.0146638307307619
GFI1,-0.510364886753196,0.00652949544341868,0.0146638307307619
PHGDH,-0.510242112464579,0.00654459884924232,0.0146918493636945
HFE,0.510151127909768,0.00655581055274276,0.0147111126047101
GFRA2,0.509871162967416,0.00659041128465138,0.0147700348422284
TSPAN5,-0.509845831004975,0.00659354963163764,0.0147700348422284
UBE2E2,0.50976800976801,0.00660319869555989,0.0147700348422284
AIF1,0.50976800976801,0.00660319869555989,0.0147700348422284
CAPZA2,0.50976800976801,0.00660319869555989,0.0147700348422284
STRBP,-0.50976800976801,0.00660319869555986,0.0147700348422284
TBC1D12,0.50976800976801,0.00660319869555989,0.0147700348422284
GAA,0.50976800976801,0.00660319869555989,0.0147700348422284
ADAM22,-0.509494121246025,0.00663725290269445,0.0148402711842732
CENPK,-0.509157509157509,0.00667930859657478,0.0148923258283875
DPY19L1,-0.509157509157509,0.00667930859657478,0.0148923258283875
MYBL1,-0.509157509157509,0.00667930859657478,0.0148923258283875
FAM102A,-0.509157509157509,0.00667930859657478,0.0148923258283875
TSHZ1,-0.509157509157509,0.00667930859657478,0.0148923258283875
PBX4,-0.509157509157509,0.00667930859657478,0.0148923258283875
GCSAM,-0.509137310356916,0.00668183932464667,0.0148923258283875
S1PR3,0.509137310356916,0.00668183932464665,0.0148923258283875
ARHGEF5,-0.508881748504143,0.00671392879590414,0.014957884393106
PLAAT2,-0.508639590110007,0.00674445502038818,0.0150199093882958
ZNF782,-0.508547008547009,0.00675615661836651,0.0150280142441947
ETS1,-0.508547008547009,0.00675615661836651,0.0150280142441947
GOLGA8A,-0.508547008547009,0.00675615661836651,0.0150280142441947
CCR4,-0.508407808884719,0.00677378258360011,0.0150552433257122
SLX1A,0.508407808884719,0.00677378258360013,0.0150552433257122
MTRNR2L8,-0.507936507936508,0.00683374839453232,0.0151523873997719
ENO2,-0.507936507936508,0.00683374839453232,0.0151523873997719
SLAIN1,-0.507936507936508,0.00683374839453232,0.0151523873997719
GSTZ1,0.507936507936508,0.00683374839453232,0.0151523873997719
ARL4D,-0.507936507936508,0.00683374839453232,0.0151523873997719
C19orf12,-0.507936507936508,0.00683374839453232,0.0151523873997719
HAL,0.507708752671421,0.00686288666125211,0.0152109640149512
FAIM,-0.507326007326007,0.00691208958715538,0.0153018230290471
SNX30,0.507326007326007,0.00691208958715538,0.0153018230290471
CCL5,-0.507326007326007,0.00691208958715538,0.0153018230290471
KIR3DL2,-0.507098158861834,0.00694152094960656,0.0153608963791848
TRGC1,-0.507025140417922,0.00695097510129024,0.0153757328981072
HIST1H3C,-0.506929027869219,0.00696343591995537,0.0153911200254508
IGFBP4,-0.506929027869219,0.00696343591995537,0.0153911200254508
TMEM127,0.506715506715507,0.00699118588682816,0.0154341537619988
USP45,-0.506715506715507,0.00699118588682816,0.0154341537619988
ASXL1,-0.506715506715507,0.00699118588682816,0.0154341537619988
TRAV12-3,-0.506176444395189,0.00706165896606913,0.015583582059297
SLC25A37,0.506105006105006,0.00707104301267487,0.0155919844348887
NARF,-0.506105006105006,0.00707104301267487,0.0155919844348887
SYN1,0.506068369366217,0.00707585964124241,0.0155964553069876
PPM1H,0.505819884794732,0.00710860083890017,0.015661076221719
CARMIL2,-0.505803393091614,0.00711077834888134,0.015661076221719
KCNA3,-0.505494505494506,0.00715166671237283,0.0156893370951702
KMO,0.505494505494506,0.00715166671237283,0.0156893370951702
CAD,-0.505494505494506,0.00715166671237283,0.0156893370951702
NRM,0.505494505494506,0.00715166671237283,0.0156893370951702
ARPC1B,0.505494505494506,0.00715166671237283,0.0156893370951702
CNPY4,-0.505494505494506,0.00715166671237283,0.0156893370951702
PRRC2B,-0.505494505494506,0.00715166671237283,0.0156893370951702
NUDT8,-0.505494505494506,0.00715166671237283,0.0156893370951702
ZNF155,-0.505494505494506,0.00715166671237283,0.0156893370951702
IFNGR2,0.505494505494506,0.00715166671237283,0.0156893370951702
SLC9B2,-0.505350636251618,0.00717077855405931,0.0157250955585489
TRBV7-9,-0.505192519428459,0.00719183263341475,0.0157650835304019
CD163,0.505147687069008,0.00719781175378457,0.0157720075733398
PCSK1N,-0.505044918988307,0.00721153332708625,0.0157958849843581
PLCXD2,-0.50494487153778,0.00722491278257886,0.0158189946281053
KYAT1,-0.504884004884005,0.00723306276217292,0.0158244471698243
GZF1,0.504884004884005,0.00723306276217292,0.0158244471698243
ZHX3,0.504655783623487,0.00726369026395852,0.015885238934711
MORC4,-0.504433484461687,0.00729362785251916,0.0159444749614101
C1orf21,-0.504273504273504,0.0073152369669189,0.0159729813037917
GLCCI1,-0.504273504273504,0.0073152369669189,0.0159729813037917
NMT2,-0.504273504273504,0.0073152369669189,0.0159729813037917
NMUR1,-0.504127767198377,0.00733496906810275,0.0160035688758605
GPR82,-0.504127767198377,0.00733496906810275,0.0160035688758605
MAP9,-0.503982766569085,0.00735464587504922,0.0160375410363218
MAPK13,-0.503970772102151,0.00735627552899954,0.0160375410363218
TRAV8-1,-0.50371329868037,0.00739133102072563,0.0160975514922521
DCAF16,-0.503663003663004,0.00739819516006578,0.0160975514922521
FAM160B2,-0.503663003663004,0.00739819516006578,0.0160975514922521
CHKA,0.503663003663004,0.00739819516006578,0.0160975514922521
INTS13,-0.503663003663004,0.00739819516006578,0.0160975514922521
SSC5D,0.503516332671757,0.00741824307644725,0.0161348950927628
IL12RB2,-0.503370393827203,0.00743823624738651,0.0161658053227304
AGAP1,-0.503370393827203,0.00743823624738651,0.0161658053227304
TRAV12-2,-0.503306322474589,0.00744702812852045,0.0161786252116109
VILL,-0.503052503052503,0.00748194320369712,0.0162166768973156
SFXN1,-0.503052503052503,0.00748194320369712,0.0162166768973156
NUDCD1,-0.503052503052503,0.00748194320369712,0.0162166768973156
NFATC2,-0.503052503052503,0.00748194320369712,0.0162166768973156
KIAA0930,0.503052503052503,0.00748194320369712,0.0162166768973156
TSPYL2,-0.503052503052503,0.00748194320369712,0.0162166768973156
CARD11,-0.502442002442002,0.00756648698854131,0.0163681993191191
NOP2,-0.502442002442002,0.00756648698854131,0.0163681993191191
TAF4B,-0.502442002442002,0.00756648698854131,0.0163681993191191
TMEM238,-0.502442002442002,0.00756648698854131,0.0163681993191191
IL10RB,0.502442002442002,0.00756648698854131,0.0163681993191191
BCORL1,0.50221340838514,0.00759834928006506,0.0164263957691371
FAM184A,-0.502206855683927,0.0075992642801784,0.0164263957691371
FBXL22,-0.501908111480346,0.00764107853314715,0.0164699949849322
C1orf61,-0.501865939394257,0.0076469967686538,0.0164699949849322
TRAV19,-0.501865939394257,0.0076469967686538,0.0164699949849322
LRRC8C,-0.501831501831502,0.00765183243398674,0.0164699949849322
ARL4C,-0.501831501831502,0.00765183243398674,0.0164699949849322
TXNDC5,-0.501831501831502,0.00765183243398674,0.0164699949849322
AUTS2,-0.501831501831502,0.00765183243398674,0.0164699949849322
CFL2,-0.501831501831502,0.00765183243398674,0.0164699949849322
ASF1B,-0.501831501831502,0.00765183243398674,0.0164699949849322
MAP3K10,-0.501831501831502,0.00765183243398674,0.0164699949849322
SAT1,0.501831501831502,0.00765183243398674,0.0164699949849322
ZNF512B,-0.501527277449535,0.00769466286168438,0.016555811743955
LRP8,-0.501221001221001,0.00773798548809613,0.0166234402033936
CMTM6,0.501221001221001,0.00773798548809613,0.0166234402033936
ZNF354C,-0.501221001221001,0.00773798548809613,0.0166234402033936
BCAS4,-0.501221001221001,0.00773798548809613,0.0166234402033936
RRAS2,-0.500992220765966,0.00777047993643899,0.016686837098528
CCDC141,-0.500920902859674,0.00778063286480509,0.0167022260959655
CDHR3,-0.500764877301966,0.0078028837749399,0.0167435633420813
TTC22,-0.500709039797204,0.00781085977676776,0.0167542492795111
LTK,-0.500634366536847,0.0078215370395934,0.0167651847883707
CTNNA1,0.500610500610501,0.00782495212761937,0.0167651847883707
HIST1H3H,-0.500610500610501,0.00782495212761937,0.0167651847883707
AFAP1,-0.500308530117792,0.00786827081385676,0.0168460117149541
GPR27,0.500305530123226,0.0078687021815916,0.0168460117149541
COL6A2,-0.500153442775346,0.00789059679055084,0.0168864206860927
PRMT6,-0.5,0.00791273835800582,0.0168950106521453
SNX2,0.5,0.00791273835800582,0.0168950106521453
TPMT,0.5,0.00791273835800582,0.0168950106521453
TMEM245,-0.5,0.00791273835800582,0.0168950106521453
AKTIP,-0.5,0.00791273835800582,0.0168950106521453
APBA3,-0.5,0.00791273835800582,0.0168950106521453
SLC4A4,-0.49962359328575,0.00796727438877653,0.0169869211820112
TRAV21,-0.499423689611787,0.00799636570396264,0.0169869211820112
FCER1G,0.499389499389499,0.00800135021341516,0.0169869211820112
P2RY13,0.499389499389499,0.00800135021341516,0.0169869211820112
TRIM59,-0.499389499389499,0.00800135021341512,0.0169869211820112
RBAK,-0.499389499389499,0.00800135021341512,0.0169869211820112
PDE7A,-0.499389499389499,0.00800135021341512,0.0169869211820112
PFKP,-0.499389499389499,0.00800135021341512,0.0169869211820112
SFMBT2,-0.499389499389499,0.00800135021341512,0.0169869211820112
PTDSS2,-0.499389499389499,0.00800135021341512,0.0169869211820112
RAB30,-0.499389499389499,0.00800135021341512,0.0169869211820112
ZNF778,-0.499389499389499,0.00800135021341512,0.0169869211820112
YES1,-0.499389499389499,0.00800135021341512,0.0169869211820112
RAB27B,-0.499389499389499,0.00800135021341512,0.0169869211820112
TCEAL4,0.499389499389499,0.00800135021341516,0.0169869211820112
DOCK9,-0.499083782796918,0.0080460359591494,0.0170753066730791
XCL2,-0.498930573722105,0.0080685087922729,0.0171165027186609
ADGRG1,-0.498855142432412,0.00807959245828499,0.0171312831077691
ARL13B,-0.498778998778999,0.00809079375672715,0.0171312831077691
REEP6,-0.498778998778999,0.00809079375672715,0.0171312831077691
TNFSF9,-0.498778998778999,0.00809079375672715,0.0171312831077691
H1F0,0.498778998778999,0.00809079375672715,0.0171312831077691
HECW2,0.498624856458795,0.00811350914702443,0.0171728778009692
GCNT4,-0.498549845527619,0.00812458258190451,0.0171898092311805
BIVM,-0.498244548622825,0.00816978278756073,0.017263612016924
LAX1,-0.498168498168498,0.00818107507955088,0.017263612016924
PDE4D,-0.498168498168498,0.00818107507955088,0.017263612016924
EGR1,0.498168498168498,0.0081810750795509,0.017263612016924
ERLIN2,0.498168498168498,0.0081810750795509,0.017263612016924
PRKCQ,-0.498168498168498,0.00818107507955088,0.017263612016924
FXYD1,-0.498168498168498,0.00818107507955088,0.017263612016924
LTBP1,0.49786203547061,0.00822671278642769,0.0173402856772347
SDHAF4,0.49786203547061,0.00822671278642769,0.0173402856772347
TRGV9,-0.49786203547061,0.00822671278642765,0.0173402856772347
BMP8B,-0.497633954813239,0.008260816510158,0.017399053079022
CCDC102B,-0.497633954813239,0.008260816510158,0.017399053079022
ZNF709,-0.497557997557998,0.0082722003022319,0.017416469913434
PATJ,-0.497251161807456,0.00831832015473972,0.0174952364550691
RNF157,-0.497251161807456,0.00831832015473972,0.0174952364550691
MKI67,-0.497246666408381,0.00831899744886063,0.0174952364550691
NCR1,-0.497096270142245,0.00834168340744236,0.0175309107230214
TPRG1L,-0.496947496947497,0.00836417557385926,0.0175309107230214
STMN1,-0.496947496947497,0.00836417557385926,0.0175309107230214
LSM6,0.496947496947497,0.00836417557385928,0.0175309107230214
AHR,0.496947496947497,0.00836417557385928,0.0175309107230214
ZYX,0.496947496947497,0.00836417557385928,0.0175309107230214
MSANTD3,-0.496947496947497,0.00836417557385926,0.0175309107230214
VAMP1,-0.496947496947497,0.00836417557385926,0.0175309107230214
PSTPIP2,0.496947496947497,0.00836417557385928,0.0175309107230214
TRGV8,-0.496861546394121,0.00837719311300702,0.0175516162937187
CNTLN,0.496718064098859,0.00839896191385892,0.0175906348398124
ZNF142,-0.496336996336996,0.00845700707227088,0.017672490115149
LST1,0.496336996336996,0.00845700707227088,0.017672490115149
NR4A3,-0.496336996336996,0.00845700707227088,0.017672490115149
MS4A7,0.496336996336996,0.00845700707227088,0.017672490115149
RBMS2,0.496336996336996,0.00845700707227088,0.017672490115149
CST7,-0.496336996336996,0.00845700707227088,0.017672490115149
SLFN12L,-0.496021920924616,0.00850525381854762,0.0177666714057969
ANXA6,-0.495726495726496,0.00855070100405796,0.0178349571110378
NCR3,-0.495726495726496,0.00855070100405796,0.0178349571110378
TMBIM4,0.495726495726496,0.00855070100405799,0.0178349571110378
PCNX1,-0.495726495726496,0.00855070100405796,0.0178349571110378
HIP1R,-0.495418540817994,0.00859829226285991,0.0179275355458287
ZNF737,-0.495191579574891,0.00863350873178171,0.017991929317732
C1orf112,-0.495115995115995,0.00864526360456828,0.017991929317732
TNFSF10,0.495115995115995,0.00864526360456828,0.017991929317732
OPTN,-0.495115995115995,0.00864526360456828,0.017991929317732
AGAP2,-0.495115995115995,0.00864526360456828,0.017991929317732
ACSL6,-0.495020181799702,0.00866018374018279,0.0180162751023446
SGCB,-0.494886282670098,0.00868107078109464,0.0180463003003276
ZNF768,0.494886282670098,0.00868107078109464,0.0180463003003276
CYP27A1,0.494807667154839,0.00869335374156908,0.0180484064150197
LAMB3,0.494797175440852,0.00869499407762217,0.0180484064150197
ICOS,-0.494797175440852,0.00869499407762217,0.0180484064150197
TRGV5,-0.494797175440852,0.00869499407762217,0.0180484064150197
RAPH1,0.494580985765305,0.00872885222124371,0.0181119634958051
HNRNPLL,-0.494505494505494,0.00874070113790838,0.0181231000234274
NUP160,-0.494505494505494,0.00874070113790838,0.0181231000234274
GSDMB,-0.494344814772453,0.00876596589745731,0.0181620160424532
PVR,0.494344814772453,0.00876596589745731,0.0181620160424532
NLRC3,-0.494275688860511,0.00877685383965184,0.0181778395079011
ABCD2,-0.494099499502492,0.00880465647636667,0.0182286704982756
NSD3,-0.493894993894994,0.00883701989694459,0.0182483808211648
EEF1AKMT2,-0.493894993894994,0.00883701989694459,0.0182483808211648
NUCB2,-0.493894993894994,0.00883701989694459,0.0182483808211648
ULK1,0.493894993894994,0.00883701989694459,0.0182483808211648
GPR18,-0.493894993894994,0.00883701989694459,0.0182483808211648
TLE5,-0.493894993894994,0.00883701989694459,0.0182483808211648
SLA2,-0.493894993894994,0.00883701989694459,0.0182483808211648
TRAV23DV6,-0.493485711304353,0.00890208903217513,0.018375962298975
SYNE2,-0.493284493284493,0.00893422620330292,0.0184286952891442
FAN1,-0.493284493284493,0.00893422620330292,0.0184286952891442
AMY2B,0.493054501241338,0.00897107790728213,0.0184978863043959
UBASH3A,-0.492749204336544,0.009020192291278,0.0185762299632223
SIPA1L2,0.492673992673993,0.00903232640736794,0.0185762299632223
STK17A,-0.492673992673993,0.00903232640736794,0.0185762299632223
MLLT3,-0.492673992673993,0.00903232640736794,0.0185762299632223
GDI2,0.492673992673993,0.00903232640736794,0.0185762299632223
MEX3C,-0.492673992673993,0.00903232640736794,0.0185762299632223
HCCS,0.492673992673993,0.00903232640736794,0.0185762299632223
GPX7,-0.492347684473323,0.00908512904871524,0.0186710921133464
CD70,-0.492347684473323,0.00908512904871524,0.0186710921133464
PYCARD,0.492063492063492,0.00913132688828022,0.0187591403230209
IL5RA,-0.492001913419413,0.00914136288500621,0.0187728612754149
PDCD1,-0.49173531173144,0.00918491981726975,0.0188484666488706
BEX5,-0.49173531173144,0.00918491981726975,0.0188484666488706
TRAV29DV5,-0.491692672744731,0.00919190218815864,0.0188558756552396
ZFYVE28,-0.491528016717371,0.0092189072420228,0.0189018897215646
NAP1L1,0.491452991452991,0.00923123405393294,0.0189018897215646
VAMP2,-0.491452991452991,0.00923123405393291,0.0189018897215646
STXBP2,0.491452991452991,0.00923123405393294,0.0189018897215646
ZNF880,-0.491452991452991,0.00923123405393291,0.0189018897215646
CXCR3,-0.491287642139352,0.00925845000525051,0.0189506780488144
SIDT1,-0.491222719812577,0.00926915434694332,0.0189656462159192
CENPM,-0.491030558511794,0.00930089845615088,0.0190236372226758
PPP1R12B,-0.490842490842491,0.00933205434096719,0.0190525183916351
GNB4,0.490842490842491,0.00933205434096721,0.0190525183916351
F2R,-0.490842490842491,0.00933205434096719,0.0190525183916351
NRBP2,-0.490842490842491,0.00933205434096719,0.0190525183916351
JAK2,0.490842490842491,0.00933205434096721,0.0190525183916351
PPP2R2B,-0.490510566247676,0.00938725506147709,0.0191582227386058
CDK1,-0.490370490349422,0.00941063219999893,0.0191989256703371
MTX3,-0.49023199023199,0.00943379421476613,0.019232146281069
TMEM263,-0.49023199023199,0.00943379421476613,0.019232146281069
MMP23B,-0.489920677849606,0.00948603050842763,0.0193111470163399
NEU4,0.489920677849606,0.0094860305084276,0.0193111470163399
CDCA7,-0.489898193505794,0.00948981258957476,0.0193111470163399
SDC2,0.489898193505794,0.00948981258957476,0.0193111470163399
IFNG,-0.489898193505794,0.00948981258957476,0.0193111470163399
SH3TC1,0.48962148962149,0.00953646016944796,0.019342722258815
TYW1B,-0.48962148962149,0.00953646016944793,0.019342722258815
CORO2A,-0.48962148962149,0.00953646016944793,0.019342722258815
KLRD1,-0.48962148962149,0.00953646016944793,0.019342722258815
GXYLT1,-0.48962148962149,0.00953646016944793,0.019342722258815
ATP2A3,-0.48962148962149,0.00953646016944793,0.019342722258815
SETBP1,-0.48962148962149,0.00953646016944793,0.019342722258815
ZNF701,-0.48962148962149,0.00953646016944793,0.019342722258815
PRDM15,-0.48962148962149,0.00953646016944793,0.019342722258815
SBK1,-0.489390938383817,0.00957547348504604,0.0194148106339295
BAG2,-0.489309804186452,0.00958923451923912,0.0194286229824584
DUSP4,-0.489309804186452,0.00958923451923912,0.0194286229824584
LRATD2,-0.489147621296182,0.00961679164854582,0.0194751475455852
RADX,-0.489085641479024,0.00962734035208865,0.0194751475455852
DUSP2,-0.489010989010989,0.00964005872785763,0.0194751475455852
ITK,-0.489010989010989,0.00964005872785763,0.0194751475455852
DEF6,-0.489010989010989,0.00964005872785763,0.0194751475455852
MINPP1,-0.489010989010989,0.00964005872785763,0.0194751475455852
TIPIN,-0.489010989010989,0.00964005872785763,0.0194751475455852
ZNF101,-0.489010989010989,0.00964005872785763,0.0194751475455852
L2HGDH,-0.48878034457423,0.00967944187846754,0.0195476486039691
SCIMP,0.488698930523298,0.00969337561922064,0.0195687207446505
DTX3,-0.488673448022029,0.00969774030701636,0.0195704669061117
STARD9,-0.488475047669437,0.00973177888575711,0.0196154727506087
CNIH4,0.488400488400488,0.00974459644155776,0.0196154727506087
SLC49A4,0.488400488400488,0.00974459644155776,0.0196154727506087
OSBPL3,-0.488400488400488,0.00974459644155774,0.0196154727506087
PAXX,-0.488400488400488,0.00974459644155774,0.0196154727506087
DGKA,-0.488400488400488,0.00974459644155774,0.0196154727506087
METTL16,-0.488400488400488,0.00974459644155774,0.0196154727506087
TYMS,-0.488291025323227,0.00976343990478273,0.0196463317551439
BUB1,-0.488268511620165,0.00976731928742595,0.0196470681493834
MS4A14,0.488230469506251,0.00977387732989274,0.0196531902296872
NCKAP1,-0.488088056860144,0.00979846038664531,0.0196955393537457
AIFM3,0.488061075280147,0.00980312372328456,0.0196978325047098
THBS3,0.487789987789988,0.00985007989081779,0.019756688217164
SLC8A1,0.487789987789988,0.00985007989081779,0.019756688217164
TRUB1,-0.487789987789988,0.00985007989081776,0.019756688217164
IRGQ,0.487789987789988,0.00985007989081779,0.019756688217164
RP2,0.487789987789988,0.00985007989081779,0.019756688217164
PCBP4,-0.48770285153405,0.00986521296750644,0.019772856958529
RTKN2,-0.48770285153405,0.00986521296750644,0.019772856958529
ATP1A3,-0.487672543973862,0.00987048107533319,0.0197763275432688
CRIM1,-0.48747718319699,0.00990449542855769,0.019816078152592
ZDBF2,-0.48747718319699,0.00990449542855769,0.019816078152592
DUSP7,0.48747718319699,0.00990449542855766,0.019816078152592
ADAMTS6,-0.48747718319699,0.00990449542855769,0.019816078152592
TTC21A,0.487313317716321,0.0099331015857388,0.0198562181555978
PERP,-0.487313317716321,0.00993310158573882,0.0198562181555978
TENT5C,-0.487179487179487,0.00995651568460235,0.0198562181555978
IRF5,0.487179487179487,0.00995651568460235,0.0198562181555978
TBXAS1,0.487179487179487,0.00995651568460235,0.0198562181555978
FRAT1,0.487179487179487,0.00995651568460235,0.0198562181555978
GNB5,-0.487179487179487,0.00995651568460235,0.0198562181555978
SIRPB1,0.487179487179487,0.00995651568460235,0.0198562181555978
MAGED1,-0.487179487179487,0.00995651568460235,0.0198562181555978
TUBB4A,-0.487087065105346,0.00997271213207124,0.0198814282504607
TRAV17,-0.487054062624498,0.00997850096039101,0.0198858793194963
LPCAT2,0.48694856314547,0.00999702501659777,0.0199156978599269
ARL17B,0.486701883189701,0.0100404502715725,0.0199635996081741
SH2D2A,-0.486643266240676,0.0100507922629072,0.0199635996081741
CDC42EP2,0.486643266240676,0.0100507922629073,0.0199635996081741
ZACN,-0.486643266240676,0.0100507922629072,0.0199635996081741
EHBP1,-0.486568986568987,0.0100639104605584,0.0199635996081741
BLVRA,0.486568986568987,0.0100639104605584,0.0199635996081741
CLIC3,-0.486568986568987,0.0100639104605584,0.0199635996081741
BCL9L,-0.486568986568987,0.0100639104605584,0.0199635996081741
BLOC1S1,0.486568986568987,0.0100639104605584,0.0199635996081741
SPTSSA,0.486568986568987,0.0100639104605584,0.0199635996081741
ELMO2,-0.486568986568987,0.0100639104605584,0.0199635996081741
TKTL1,-0.486568986568987,0.0100639104605584,0.0199635996081741
MFGE8,-0.486120252926676,0.010143463745241,0.0200859247136038
UTF1,0.48609044866308,0.0101487661045246,0.0200859247136038
FCRL6,-0.48603267243109,0.0101590514379586,0.0200859247136038
WHRN,-0.48603267243109,0.0101590514379586,0.0200859247136038
IL2RB,-0.48603267243109,0.0101590514379586,0.0200859247136038
EPB41,-0.485958485958486,0.010172270885001,0.0200859247136038
KLF7,0.485958485958486,0.010172270885001,0.0200859247136038
ZNF346,-0.485958485958486,0.010172270885001,0.0200859247136038
AHI1,-0.485958485958486,0.010172270885001,0.0200859247136038
IFIT3,0.485958485958486,0.010172270885001,0.0200859247136038
CD4,0.485958485958486,0.010172270885001,0.0200859247136038
KLRG1,-0.485958485958486,0.010172270885001,0.0200859247136038
GP1BB,0.485958485958486,0.010172270885001,0.0200859247136038
PARD6B,-0.48578473139977,0.0102032887998873,0.0201400603490893
ADGRE1,0.485644562207528,0.0102283687029668,0.0201753219707198
ZNF831,-0.485644562207528,0.0102283687029668,0.0201753219707198
ANXA5,0.485347985347985,0.0102816036528981,0.0202446224038754
CREM,-0.485347985347985,0.0102816036528981,0.0202446224038754
CSTF1,-0.485347985347985,0.0102816036528981,0.0202446224038754
RWDD2B,-0.485347985347985,0.0102816036528981,0.0202446224038754
SOD1,-0.485347985347985,0.0102816036528981,0.0202446224038754
SLC16A1,-0.484737484737485,0.0103919154878536,0.0203971889814242
TCTEX1D2,-0.484737484737485,0.0103919154878536,0.0203971889814242
NPM1,-0.484737484737485,0.0103919154878536,0.0203971889814242
RNF144B,0.484737484737485,0.0103919154878536,0.0203971889814242
LRRK1,0.484737484737485,0.0103919154878536,0.0203971889814242
HSBP1,0.484737484737485,0.0103919154878536,0.0203971889814242
MAP4K1,-0.484737484737485,0.0103919154878536,0.0203971889814242
ZNF836,-0.484737484737485,0.0103919154878536,0.0203971889814242
PLCG1,-0.484737484737485,0.0103919154878536,0.0203971889814242
DLG3,-0.484623919390527,0.0104125442445,0.0204305078649978
TXK,-0.48456186234653,0.0104238311231586,0.0204383112344681
ALDH5A1,-0.48456186234653,0.0104238311231586,0.0204383112344681
ZP3,0.484386838828853,0.0104557192493843,0.0204864688306086
POU2AF1,-0.484386838828853,0.0104557192493842,0.0204864688306086
TRGV3,-0.484278888332257,0.0104754276629932,0.020507670352852
LY9,-0.484126984126984,0.0105032131420902,0.020507670352852
TNIK,-0.484126984126984,0.0105032131420902,0.020507670352852
SLC10A7,-0.484126984126984,0.0105032131420902,0.020507670352852
HIST1H1D,-0.484126984126984,0.0105032131420902,0.020507670352852
TRMT11,-0.484126984126984,0.0105032131420902,0.020507670352852
VPS37C,0.484126984126984,0.0105032131420902,0.020507670352852
TPCN1,0.484126984126984,0.0105032131420902,0.020507670352852
ANKRD9,0.484126984126984,0.0105032131420902,0.020507670352852
CACTIN,-0.484126984126984,0.0105032131420902,0.020507670352852
CCNF,-0.483895594097536,0.0105456558641859,0.0205833534354372
CD160,-0.483811941218065,0.0105610350605743,0.0206061786666893
EOMES,-0.483774466086971,0.0105679307555366,0.0206124411527591
CKS1B,-0.483516483516483,0.0106155033964298,0.0206332620760637
TCF7,-0.483516483516483,0.0106155033964298,0.0206332620760637
PAG1,-0.483516483516483,0.0106155033964298,0.0206332620760637
PEBP1,-0.483516483516483,0.0106155033964298,0.0206332620760637
PSEN1,0.483516483516483,0.0106155033964297,0.0206332620760637
CALML4,0.483516483516483,0.0106155033964297,0.0206332620760637
FASN,-0.483516483516483,0.0106155033964298,0.0206332620760637
CD7,-0.483516483516483,0.0106155033964298,0.0206332620760637
IFI30,0.483516483516483,0.0106155033964297,0.0206332620760637
FHL1,-0.483516483516483,0.0106155033964298,0.0206332620760637
TRAT1,-0.483285000287949,0.0106583413849658,0.0207093276666882
ZNF773,-0.482979703383156,0.0107150595820966,0.0208028470156203
TOX,-0.482905982905983,0.0107287930602734,0.0208028470156203
APBB1,-0.482905982905983,0.0107287930602734,0.0208028470156203
APBA2,-0.482905982905983,0.0107287930602734,0.0208028470156203
DEXI,-0.482905982905983,0.0107287930602734,0.0208028470156203
BST2,0.482905982905983,0.0107287930602734,0.0208028470156203
IL18RAP,-0.482727558766669,0.0107620926660586,0.0208601810012478
MYO1D,-0.482590193891757,0.0107877879743558,0.0209027409399159
AP4B1,-0.482295482295482,0.0108430889715803,0.0209518153175802
FGFBP2,-0.482295482295482,0.0108430889715803,0.0209518153175802
CCDC146,-0.482295482295482,0.0108430889715803,0.0209518153175802
GRINA,0.482295482295482,0.0108430889715803,0.0209518153175802
TOLLIP,0.482295482295482,0.0108430889715803,0.0209518153175802
SLC37A2,0.482295482295482,0.0108430889715803,0.0209518153175802
RASGRP1,-0.482295482295482,0.0108430889715803,0.0209518153175802
CD300LF,0.482295482295482,0.0108430889715803,0.0209518153175802
KCNK12,-0.482160773675709,0.0108684448706541,0.0209863065320089
ITPRIPL1,-0.482160773675709,0.0108684448706541,0.0209863065320089
CXorf65,-0.482063812668775,0.0108867261929793,0.0210143503179636
RABGAP1L,-0.481684981684982,0.0109583979968442,0.0211089774710138
RIPK2,0.481684981684982,0.0109583979968443,0.0211089774710138
SLC31A1,0.481684981684982,0.0109583979968443,0.0211089774710138
CDK2,-0.481684981684982,0.0109583979968442,0.0211089774710138
RNF125,-0.481684981684982,0.0109583979968442,0.0211089774710138
LIME1,-0.481684981684982,0.0109583979968442,0.0211089774710138
NPDC1,-0.481453218859189,0.0110024392125978,0.0211865151779776
CMTM5,0.481368446565449,0.0110185850373426,0.0212103020753253
TRAV13-1,-0.481324975119442,0.0110268723111742,0.0212189504349917
ECHDC2,-0.481074481074481,0.0110747270310707,0.0212452396424519
TIPARP,-0.481074481074481,0.0110747270310707,0.0212452396424519
SYTL3,-0.481074481074481,0.0110747270310707,0.0212452396424519
SLC43A3,0.481074481074481,0.0110747270310707,0.0212452396424519
CD69,-0.481074481074481,0.0110747270310707,0.0212452396424519
LIMA1,-0.481074481074481,0.0110747270310707,0.0212452396424519
EPSTI1,0.481074481074481,0.0110747270310707,0.0212452396424519
SMURF2,-0.481074481074481,0.0110747270310707,0.0212452396424519
PRAF2,-0.481074481074481,0.0110747270310707,0.0212452396424519
FEZ1,-0.480893255186808,0.0111094564270181,0.0213045543003721
PLEKHA5,-0.480842625049602,0.0111191751784286,0.0213158819327298
CHI3L2,-0.48071260237756,0.0111441662440893,0.021345882716037
IL18R1,-0.48071260237756,0.0111441662440893,0.021345882716037
GOLGA7B,-0.480596159143418,0.0111665869619267,0.021345882716037
ATP8B4,0.480537328144808,0.0111779289330229,0.021345882716037
CD8B,-0.48046398046398,0.0111920829977504,0.021345882716037
NEK11,-0.48046398046398,0.0111920829977504,0.021345882716037
SLC39A8,-0.48046398046398,0.0111920829977504,0.021345882716037
ABTB2,-0.48046398046398,0.0111920829977504,0.021345882716037
AEBP2,-0.48046398046398,0.0111920829977504,0.021345882716037
TPM1,0.48046398046398,0.0111920829977504,0.021345882716037
PRC1,-0.48046398046398,0.0111920829977504,0.021345882716037
ADAP2,0.48046398046398,0.0111920829977504,0.021345882716037
MLLT6,-0.48046398046398,0.0111920829977504,0.021345882716037
SUPT4H1,0.48046398046398,0.0111920829977504,0.021345882716037
S1PR5,-0.48046398046398,0.0111920829977504,0.021345882716037
SGPP2,-0.480313414389595,0.0112211848407538,0.0213940898839056
CCR6,-0.480100229635678,0.0112624975600887,0.0214655372719891
RGS1,-0.47985347985348,0.0113104728488342,0.0214764564246794
EXOG,-0.47985347985348,0.0113104728488342,0.0214764564246794
FUCA2,0.47985347985348,0.0113104728488342,0.0214764564246794
CHST12,-0.47985347985348,0.0113104728488342,0.0214764564246794
AK3,-0.47985347985348,0.0113104728488342,0.0214764564246794
ZNF25,0.47985347985348,0.0113104728488342,0.0214764564246794
CD3G,-0.47985347985348,0.0113104728488342,0.0214764564246794
GNS,0.47985347985348,0.0113104728488342,0.0214764564246794
PRKCH,-0.47985347985348,0.0113104728488342,0.0214764564246794
LGMN,0.47985347985348,0.0113104728488342,0.0214764564246794
BCL2,-0.47985347985348,0.0113104728488342,0.0214764564246794
TRDV3,-0.4798224586623,0.0113165162873566,0.0214806378407666
SLC25A23,-0.479487856893796,0.011381873292331,0.0215859576946392
CCDC65,-0.479323045757442,0.0114141808004646,0.0215859576946392
LCK,-0.479242979242979,0.0114299035647043,0.0215859576946392
ITM2C,-0.479242979242979,0.0114299035647043,0.0215859576946392
CD86,0.479242979242979,0.0114299035647044,0.0215859576946392
ENC1,-0.479242979242979,0.0114299035647043,0.0215859576946392
ANKRD26,-0.479242979242979,0.0114299035647043,0.0215859576946392
FNDC3A,-0.479242979242979,0.0114299035647043,0.0215859576946392
RNASE6,0.479242979242979,0.0114299035647044,0.0215859576946392
GOT2,-0.479242979242979,0.0114299035647043,0.0215859576946392
CACNB1,-0.479242979242979,0.0114299035647043,0.0215859576946392
ZNF227,-0.479242979242979,0.0114299035647043,0.0215859576946392
TIAM1,0.479242979242979,0.0114299035647044,0.0215859576946392
URB1,-0.479242979242979,0.0114299035647043,0.0215859576946392
CD99,-0.479242979242979,0.0114299035647043,0.0215859576946392
SLFN13,-0.479010843620841,0.011475590270267,0.0216649226169254
MAP3K1,0.478632478632479,0.011550382154146,0.021784059698477
MPP6,-0.478632478632479,0.011550382154146,0.021784059698477
IGHA2,-0.478632478632479,0.011550382154146,0.021784059698477
MYO6,-0.478263111410031,0.0116237862819719,0.0219151088633806
ZC3H12A,-0.478021978021978,0.0116719156543168,0.0219762129087339
TIFA,-0.478021978021978,0.0116719156543168,0.0219762129087339
HAUS6,-0.478021978021978,0.0116719156543168,0.0219762129087339
STAT2,0.478021978021978,0.0116719156543168,0.0219762129087339
KLRC3,-0.477834112251789,0.0117095277956181,0.0220396093682587
OCIAD2,-0.477789656001668,0.0117184430081795,0.0220489681365207
RRM2,-0.477703204586524,0.0117357960562358,0.0220741915729803
TRAV8-3,-0.477527218152719,0.0117711871612678,0.0221333149313414
ANKRD36C,-0.477411477411477,0.0117945111307156,0.0221473828888388
STAT4,-0.477411477411477,0.0117945111307156,0.0221473828888388
CCDC167,-0.477411477411477,0.0117945111307156,0.0221473828888388
RIC3,-0.477411477411477,0.0117945111307156,0.0221473828888388
TBX21,-0.477179062192081,0.0118414633336087,0.0222280842435515
TRAV1-2,-0.477158361034667,0.0118456528810123,0.0222284868827587
PALM2-AKAP2,-0.47709233092337,0.0118590244427527,0.0222461136141809
DLG5,-0.477038365926267,0.0118699620530239,0.0222591642523507
ADAM12,-0.47691342995458,0.0118953162344889,0.0222823264415313
INPP4B,-0.476873765287288,0.0119033750904718,0.0222823264415313
TRAV6,-0.476849120359985,0.0119083846018729,0.0222823264415313
SLC30A1,0.476800976800977,0.0119181756771495,0.0222823264415313
FAM49A,0.476800976800977,0.0119181756771495,0.0222823264415313
FGFR1OP,-0.476800976800977,0.0119181756771495,0.0222823264415313
OSBPL7,-0.476800976800977,0.0119181756771495,0.0222823264415313
SLC66A2,0.476800976800977,0.0119181756771495,0.0222823264415313
POU2F2,0.476800976800977,0.0119181756771495,0.0222823264415313
TRGV4,-0.476618695817368,0.0119553072830411,0.0223442775156303
ITGA6,-0.476568468382494,0.0119655557643517,0.0223559598510707
MAP3K9,-0.476539879685302,0.0119713923061564,0.0223593940467691
ANLN,-0.476481457260216,0.0119833269304146,0.0223742117512115
SLAMF1,-0.476425993184384,0.0119946663695427,0.0223879086577045
SLAMF6,-0.476190476190476,0.0120429164156997,0.0224405160268553
PASK,-0.476190476190476,0.0120429164156997,0.0224405160268553
SENP7,-0.476190476190476,0.0120429164156997,0.0224405160268553
FTH1,0.476190476190476,0.0120429164156997,0.0224405160268553
TFE3,0.476190476190476,0.0120429164156997,0.0224405160268553
ITPR3,-0.475957874572907,0.0120907274365138,0.0225221012075233
LAG3,-0.475870583597061,0.0121087106691693,0.0225405825772287
PLEKHF1,-0.475870583597061,0.0121087106691693,0.0225405825772287
KCTD15,0.475813620442502,0.0121204579042145,0.0225549419635166
SLC49A3,0.475579975579976,0.0121687404966861,0.0225771721491271
ELL2,-0.475579975579976,0.0121687404966862,0.0225771721491271
SAMD3,-0.475579975579976,0.0121687404966862,0.0225771721491271
IPCEF1,-0.475579975579976,0.0121687404966862,0.0225771721491271
PPIF,0.475579975579976,0.0121687404966861,0.0225771721491271
CCR10,-0.475579975579976,0.0121687404966862,0.0225771721491271
TUBD1,-0.475579975579976,0.0121687404966862,0.0225771721491271
ZNF461,-0.475579975579976,0.0121687404966862,0.0225771721491271
CTSZ,0.475579975579976,0.0121687404966861,0.0225771721491271
SLC14A1,-0.475207088701942,0.0122461284203763,0.0227132172891357
CDC14B,-0.474969474969475,0.012295655098631,0.02273720347604
UBAC1,0.474969474969475,0.0122956550986311,0.02273720347604
NHLRC2,-0.474969474969475,0.012295655098631,0.02273720347604
IMMP1L,-0.474969474969475,0.012295655098631,0.02273720347604
ZNF84,-0.474969474969475,0.012295655098631,0.02273720347604
CKAP2,-0.474969474969475,0.012295655098631,0.02273720347604
P2RX5,-0.474969474969475,0.012295655098631,0.02273720347604
ZNF626,-0.474969474969475,0.012295655098631,0.02273720347604
SARS2,-0.474969474969475,0.012295655098631,0.02273720347604
PDE6G,0.474765171261091,0.0123383717901039,0.0228086529091773
MICU3,-0.474588874958738,0.0123753315918745,0.0228694164777799
ZNF69,0.474473192657296,0.0123996338490157,0.0229049836986129
TNFRSF13B,-0.474458277162021,0.0124027701429542,0.0229049836986129
ZNF584,-0.47443139004894,0.0124084253835589,0.0229057528053451
BNIP1,-0.474358974358974,0.012423667428221,0.0229057528053451
ABCA2,-0.474358974358974,0.012423667428221,0.0229057528053451
ZNF22,-0.474358974358974,0.012423667428221,0.0229057528053451
STAMBPL1,-0.474358974358974,0.012423667428221,0.0229057528053451
MERTK,0.473844488963881,0.0125324045462103,0.0230905171564913
ANP32E,-0.473748473748474,0.012552784720267,0.0230905171564913
TMEM41A,-0.473748473748474,0.012552784720267,0.0230905171564913
STYXL1,0.473748473748474,0.0125527847202671,0.0230905171564913
AP3M2,-0.473748473748474,0.012552784720267,0.0230905171564913
ZFAND5,0.473748473748474,0.0125527847202671,0.0230905171564913
ZNF248,-0.473748473748474,0.012552784720267,0.0230905171564913
CEP128,-0.47351549933456,0.0126023502491458,0.0231740685936281
OSR2,0.473427088944445,0.0126212021233817,0.0231934808655768
ADGRG5,-0.473427088944445,0.0126212021233817,0.0231934808655768
TRBV2,-0.473230700765741,0.0126631620294451,0.0232535788908277
AMACR,-0.473210202429767,0.0126675483291325,0.0232535788908277
HPGD,-0.473137973137973,0.0126830142376653,0.0232535788908277
AC073111.4,-0.473137973137973,0.0126830142376653,0.0232535788908277
ASAH1,0.473137973137973,0.0126830142376652,0.0232535788908277
ZNF253,-0.473137973137973,0.0126830142376653,0.0232535788908277
STRN4,0.473137973137973,0.0126830142376652,0.0232535788908277
TRIB2,-0.472904905524973,0.0127330261571314,0.0233299745316772
KLRC4,-0.472904905524973,0.0127330261571314,0.0233299745316772
CCDC152,-0.472816215281291,0.0127521003555858,0.023357269960182
ETV5,0.472616912567602,0.0127950499976164,0.0233794190582088
TRDV1,-0.472616912567602,0.0127950499976164,0.0233794190582088
ZNF527,-0.47259960862018,0.0127987846471407,0.0233794190582088
S1PR1,-0.472527472527473,0.0128143632713536,0.0233794190582088
DDX20,-0.472527472527473,0.0128143632713536,0.0233794190582088
RASA2,-0.472527472527473,0.0128143632713536,0.0233794190582088
TNFAIP3,-0.472527472527473,0.0128143632713536,0.0233794190582088
CKS2,-0.472527472527473,0.0128143632713536,0.0233794190582088
RUBCNL,0.472527472527473,0.0128143632713537,0.0233794190582088
ZNF710,0.472527472527473,0.0128143632713537,0.0233794190582088
CBFA2T3,0.472527472527473,0.0128143632713537,0.0233794190582088
TSPOAP1,-0.472527472527473,0.0128143632713536,0.0233794190582088
TRDC,-0.472294311715387,0.012864824714908,0.02346382902993
TRAV14DV4,-0.472210510239751,0.0128830015422297,0.0234837084969047
GPRASP1,-0.472205341618137,0.0128841233312775,0.0234837084969047
CAPN12,-0.472139383991209,0.0128984457826821,0.0235021534104785
ADGRD1,0.472027454550815,0.0129227810692002,0.023536646447461
CD8A,-0.471916971916972,0.01294683914027,0.023536646447461
AQP3,-0.471916971916972,0.01294683914027,0.023536646447461
KIAA1958,0.471916971916972,0.01294683914027,0.023536646447461
TRUB2,-0.471916971916972,0.01294683914027,0.023536646447461
SETD3,0.471916971916972,0.01294683914027,0.023536646447461
PRDX2,-0.471916971916972,0.01294683914027,0.023536646447461
CD40LG,-0.471721737287505,0.0129894431667841,0.0236064238507172
ST8SIA6,-0.471594467954983,0.013017278397594,0.0236426133666712
TRGV2,-0.471592028890387,0.0130178123311839,0.0236426133666712
IFITM10,0.471527011249326,0.0130320519863763,0.0236488431547965
SLC38A5,-0.471527011249326,0.0130320519863763,0.0236488431547965
MSR1,0.471416020024195,0.0130563902682845,0.0236488431547965
WDR76,-0.471378421001007,0.0130646435684571,0.0236488431547965
NIBAN1,-0.471306471306471,0.0130804491913063,0.0236488431547965
ERO1B,-0.471306471306471,0.0130804491913063,0.0236488431547965
SESTD1,0.471306471306471,0.0130804491913064,0.0236488431547965
PDLIM5,0.471306471306471,0.0130804491913064,0.0236488431547965
LMTK2,-0.471306471306471,0.0130804491913063,0.0236488431547965
PRF1,-0.471306471306471,0.0130804491913063,0.0236488431547965
HVCN1,0.471306471306471,0.0130804491913064,0.0236488431547965
ZDHHC1,0.471306471306471,0.0130804491913064,0.0236488431547965
ALDOC,-0.471306471306471,0.0130804491913063,0.0236488431547965
GZMM,-0.471306471306471,0.0130804491913063,0.0236488431547965
NCALD,-0.470983594291829,0.0131515729296717,0.0237697465490381
LSM10,0.470695970695971,0.0132152007992644,0.0238539066718809
PLAC8,0.470695970695971,0.0132152007992644,0.0238539066718809
GATA3,-0.470695970695971,0.0132152007992645,0.0238539066718809
BICD1,-0.470695970695971,0.0132152007992645,0.0238539066718809
CATIP,0.470302265765562,0.0133027095103776,0.0239886332092975
CDKN2B,0.470302265765562,0.0133027095103776,0.0239886332092975
ANK3,-0.470302265765562,0.0133027095103776,0.0239886332092975
TUT4,-0.47008547008547,0.0133511013668069,0.0240216727294673
DUSP10,-0.47008547008547,0.0133511013668069,0.0240216727294673
TMEM39A,-0.47008547008547,0.0133511013668069,0.0240216727294673
PAM,-0.47008547008547,0.0133511013668069,0.0240216727294673
ZNF500,-0.47008547008547,0.0133511013668069,0.0240216727294673
C20orf27,0.47008547008547,0.013351101366807,0.0240216727294673
ITM2A,-0.47008547008547,0.0133511013668069,0.0240216727294673
TRBV4-2,-0.469845045101617,0.0134049381639668,0.0241107797403996
THEMIS,-0.469546639572246,0.0134720082867324,0.0242236239033466
RHOH,-0.469474969474969,0.0134881583244107,0.0242292905075825
CD3D,-0.469474969474969,0.0134881583244107,0.0242292905075825
GZMB,-0.469474969474969,0.0134881583244107,0.0242292905075825
TRGV10,-0.469241077477833,0.0135409748631153,0.0243163556308737
KCNMB1,0.469150973302366,0.0135613674908315,0.0243451579482278
VSIG1,-0.469077520281797,0.0135780104031145,0.0243672125077717
GPR137B,-0.468864468864469,0.013626379130315,0.0244304944202379
CD320,-0.468864468864469,0.013626379130315,0.0244304944202379
GRK3,0.468864468864469,0.0136263791303151,0.0244304944202379
TRIQK,0.468630748857866,0.0136796043079258,0.0245037668730528
ZNF507,-0.468630748857866,0.0136796043079258,0.0245037668730528
MS4A4A,0.468627289279693,0.0136803934509426,0.0245037668730528
ATP8B2,-0.468540099639212,0.013700294195637,0.0245237020300903
TOR4A,0.468540099639212,0.013700294195637,0.0245237020300903
EPHA4,-0.468320395180623,0.0137505473666982,0.0245701222293275
EPB41L5,-0.468253968253968,0.0137657712704727,0.0245701222293275
CAMK4,-0.468253968253968,0.0137657712704727,0.0245701222293275
SPOCK2,-0.468253968253968,0.0137657712704727,0.0245701222293275
KBTBD3,-0.468253968253968,0.0137657712704727,0.0245701222293275
ARHGAP11A,-0.468253968253968,0.0137657712704727,0.0245701222293275
MCRIP2,0.468253968253968,0.0137657712704726,0.0245701222293275
EMILIN2,0.468253968253968,0.0137657712704726,0.0245701222293275
MARCH2,0.468253968253968,0.0137657712704726,0.0245701222293275
MMEL1,0.467852774798033,0.0138580149140704,0.0247263166643893
PLB1,0.467747412864474,0.0138823247284467,0.0247263166643893
ZAP70,-0.467643467643468,0.013906342258495,0.0247263166643893
MTERF4,-0.467643467643468,0.013906342258495,0.0247263166643893
GZMA,-0.467643467643468,0.013906342258495,0.0247263166643893
TENT5A,0.467643467643468,0.013906342258495,0.0247263166643893
TBC1D31,-0.467643467643468,0.013906342258495,0.0247263166643893
HHEX,0.467643467643468,0.013906342258495,0.0247263166643893
KLRK1,-0.467643467643468,0.013906342258495,0.0247263166643893
KLRC2,-0.467643467643468,0.013906342258495,0.0247263166643893
IL32,-0.467643467643468,0.013906342258495,0.0247263166643893
BTK,0.467643467643468,0.013906342258495,0.0247263166643893
SIT1,-0.467441695601163,0.0139530618136041,0.0248015008460503
SLC25A4,-0.467381899386798,0.013966932334874,0.0248182667990516
PTGDR,-0.467318352312904,0.0139816854265973,0.0248365898683393
FAM169A,-0.467092818784344,0.0140341494780035,0.0248676711498182
TRGV7,-0.467092818784344,0.0140341494780035,0.0248676711498182
RHOB,0.467032967032967,0.0140480996356,0.0248676711498182
ATG3,0.467032967032967,0.0140480996356,0.0248676711498182
PPM1K,-0.467032967032967,0.0140480996356001,0.0248676711498182
CTBP2,0.467032967032967,0.0140480996356,0.0248676711498182
C12orf75,-0.467032967032967,0.0140480996356001,0.0248676711498182
PPP2R5C,-0.467032967032967,0.0140480996356001,0.0248676711498182
C17orf80,-0.467032967032967,0.0140480996356001,0.0248676711498182
ZNF682,-0.467032967032967,0.0140480996356001,0.0248676711498182
PAFAH1B3,-0.467032967032967,0.0140480996356001,0.0248676711498182
OR4D1,-0.466953418770154,0.0140666583896271,0.0248926435806313
ZNF419,-0.466493670524312,0.01417431647319,0.0250335511127287
CD2,-0.466422466422466,0.0141910509705561,0.0250335511127287
HSPA6,0.466422466422466,0.0141910509705561,0.0250335511127287
CCNJ,0.466422466422466,0.0141910509705561,0.0250335511127287
H2AFX,-0.466422466422466,0.0141910509705561,0.0250335511127287
THBS1,0.466422466422466,0.0141910509705561,0.0250335511127287
HAGHL,-0.466422466422466,0.0141910509705561,0.0250335511127287
CHD3,-0.466422466422466,0.0141910509705561,0.0250335511127287
PABPC1L,-0.466422466422466,0.0141910509705561,0.0250335511127287
ZNF280C,-0.466422466422466,0.0141910509705561,0.0250335511127287
SLC16A13,-0.466188373619519,0.0142461830850703,0.0251228810506821
NEO1,-0.466015656572386,0.0142869738632111,0.0251789340822807
ALOX12,0.466015656572386,0.0142869738632111,0.0251789340822807
PAX8,-0.465883076714725,0.0143183509070005,0.0252162503878663
PIGM,0.465811965811966,0.0143352038596256,0.0252162503878663
NOM1,-0.465811965811966,0.0143352038596257,0.0252162503878663
NAA40,-0.465811965811966,0.0143352038596257,0.0252162503878663
SMAD4,-0.465811965811966,0.0143352038596257,0.0252162503878663
NEDD4L,0.465811965811966,0.0143352038596256,0.0252162503878663
TMEM156,-0.465607392021303,0.0143837784219389,0.0252822715779919
TIGIT,-0.465577779809932,0.0143908208928376,0.0252822715779919
AIFM2,-0.465577779809932,0.0143908208928376,0.0252822715779919
MAP1A,-0.465577779809932,0.0143908208928376,0.0252822715779919
TTC16,-0.465301674757993,0.0144566224532957,0.0253898972232505
KLRC1,-0.465272482905139,0.0144635939981511,0.0253941656633158
TRBV21-1,-0.465251454189925,0.0144686177600435,0.0253950127163099
METTL7A,0.465201465201465,0.0144805659265072,0.0254080089931058
ZNF441,-0.464967186000345,0.0145366711802211,0.0254984520827467
SCARF1,0.464690240231372,0.0146032259472951,0.0255609355769276
THEMIS2,0.464590964590965,0.0146271448222761,0.0255609355769276
PTPN22,-0.464590964590965,0.0146271448222762,0.0255609355769276
SH3BP2,0.464590964590965,0.0146271448222761,0.0255609355769276
TUBE1,-0.464590964590965,0.0146271448222762,0.0255609355769276
PILRA,0.464590964590965,0.0146271448222761,0.0255609355769276
CAMKK2,0.464590964590965,0.0146271448222761,0.0255609355769276
BATF,-0.464590964590965,0.0146271448222762,0.0255609355769276
CPPED1,0.464590964590965,0.0146271448222761,0.0255609355769276
SKAP1,-0.464590964590965,0.0146271448222762,0.0255609355769276
ZNF431,-0.464590964590965,0.0146271448222762,0.0255609355769276
FTL,0.464590964590965,0.0146271448222761,0.0255609355769276
ZNF483,-0.464479493372696,0.0146540406186253,0.0255999360010475
LIPN,0.464178538346739,0.0147268593649169,0.0257191122950079
TRAV2,-0.464011110172315,0.0147674994111128,0.0257468091230949
TGFBR3,-0.463980463980464,0.0147749482253239,0.0257468091230949
FCMR,-0.463980463980464,0.0147749482253239,0.0257468091230949
KYNU,0.463980463980464,0.0147749482253239,0.0257468091230949
KDM1B,0.463980463980464,0.0147749482253239,0.0257468091230949
TRERF1,-0.463980463980464,0.0147749482253239,0.0257468091230949
ZNF440,0.463980463980464,0.0147749482253239,0.0257468091230949
ANO9,-0.463773088441442,0.0148254342341352,0.0258267377686243
BTLA,-0.463716983694575,0.0148391175275294,0.0258344785846652
CDK3,0.463716983694575,0.0148391175275294,0.0258344785846652
SORT1,0.463440701476378,0.014906651866229,0.0259257277541245
SH2D1A,-0.463440701476378,0.014906651866229,0.0259257277541245
INPP1,0.463369963369963,0.0149239838412959,0.0259257277541245
TRBC1,-0.463369963369963,0.0149239838412959,0.0259257277541245
ITGB7,-0.463369963369963,0.0149239838412959,0.0259257277541245
APH1B,0.463369963369963,0.0149239838412959,0.0259257277541245
IKZF3,-0.463369963369963,0.0149239838412959,0.0259257277541245
WASF1,0.462953792862975,0.0150262897826433,0.0260953454858823
METTL6,-0.462759462759463,0.0150742594030284,0.0261461720166671
ZSCAN16,-0.462759462759463,0.0150742594030284,0.0261461720166671
TRAC,-0.462759462759463,0.0150742594030284,0.0261461720166671
CFD,0.462759462759463,0.0150742594030284,0.0261461720166671
STARD8,0.462550219388202,0.015126051657991,0.0262278700376699
TRIM61,-0.462524810761998,0.0151323508366249,0.0262306589827671
GALM,-0.462148962148962,0.0152257826704831,0.0263436190264052
ADH5,-0.462148962148962,0.0152257826704831,0.0263436190264052
TC2N,-0.462148962148962,0.0152257826704831,0.0263436190264052
MTHFS,0.462148962148962,0.0152257826704831,0.0263436190264052
CFP,0.462148962148962,0.0152257826704831,0.0263436190264052
BEX2,-0.462148962148962,0.0152257826704831,0.0263436190264052
NELL2,-0.461608920047618,0.0153608647375923,0.0265422578766581
CC2D1B,-0.461538461538462,0.0153785614306818,0.0265422578766581
DAPK1,0.461538461538462,0.0153785614306818,0.0265422578766581
RNF141,0.461538461538462,0.0153785614306818,0.0265422578766581
DYNC2H1,-0.461538461538462,0.0153785614306818,0.0265422578766581
LDHB,-0.461538461538462,0.0153785614306818,0.0265422578766581
NR2C1,-0.461538461538462,0.0153785614306818,0.0265422578766581
SGPP1,-0.461538461538462,0.0153785614306818,0.0265422578766581
TRBV29-1,-0.461116674637328,0.0154848517149314,0.0267092001103291
RPH3AL,-0.460998326238031,0.0155147841958004,0.0267092001103291
CD84,-0.460927960927961,0.0155326034976377,0.0267092001103291
GTPBP8,-0.460927960927961,0.0155326034976377,0.0267092001103291
RNF13,0.460927960927961,0.0155326034976377,0.0267092001103291
ANXA2R,-0.460927960927961,0.0155326034976377,0.0267092001103291
KLC4,-0.460927960927961,0.0155326034976377,0.0267092001103291
HSPB1,-0.460927960927961,0.0155326034976377,0.0267092001103291
ZBTB16,-0.460927960927961,0.0155326034976377,0.0267092001103291
SNAP23,0.460927960927961,0.0155326034976377,0.0267092001103291
ZNF720,-0.460927960927961,0.0155326034976377,0.0267092001103291
LILRA5,0.460927960927961,0.0155326034976377,0.0267092001103291
OBSCN,-0.460715915808341,0.0155864039425225,0.0267770110127761
ADAM19,-0.460715915808341,0.0155864039425225,0.0267770110127761
FAM110B,0.460715915808341,0.0155864039425225,0.0267770110127761
CD5,-0.460693029333238,0.0155922199201836,0.0267787757351557
ZEB1,-0.460598742018209,0.0156161993762818,0.0268117245662168
NSG1,-0.460410198545031,0.0156642416318571,0.0268770926026692
MCOLN2,-0.46031746031746,0.0156879167122876,0.0268770926026692
SLC37A3,-0.46031746031746,0.0156879167122876,0.0268770926026692
ACAP1,-0.46031746031746,0.0156879167122876,0.0268770926026692
ITGA2B,0.46031746031746,0.0156879167122876,0.0268770926026692
SPIB,0.46031746031746,0.0156879167122876,0.0268770926026692
DIAPH2,0.46031746031746,0.0156879167122876,0.0268770926026692
FZD3,-0.460104481281721,0.0157423997535437,0.0269621744017815
CADM1,-0.459992462242343,0.0157711183831462,0.0270030906302981
SLC11A1,0.45970695970696,0.0158445089424206,0.0270872803442422
CD96,-0.45970695970696,0.0158445089424206,0.0270872803442422
DENND5A,0.45970695970696,0.0158445089424206,0.0270872803442422
SPATS2,-0.45970695970696,0.0158445089424206,0.0270872803442422
GOLGA8B,-0.45970695970696,0.0158445089424206,0.0270872803442422
SLC2A1,-0.459493046755101,0.01589968125569,0.0271577555763815
SMAD1,0.459493046755101,0.01589968125569,0.0271577555763815
CCL28,-0.459471841714064,0.0159051590687857,0.0271577555763815
TMEM14A,-0.459471841714064,0.0159051590687857,0.0271577555763815
MORN3,-0.459279556411682,0.0159549024385072,0.027234375591005
PAFAH2,-0.459096459096459,0.0160023880826069,0.0272405948730405
TTN,-0.459096459096459,0.0160023880826069,0.0272405948730405
FRMD4B,0.459096459096459,0.0160023880826069,0.0272405948730405
DOCK5,0.459096459096459,0.0160023880826069,0.0272405948730405
ABLIM1,-0.459096459096459,0.0160023880826069,0.0272405948730405
CTSF,-0.459096459096459,0.0160023880826069,0.0272405948730405
HDGFL3,-0.459096459096459,0.0160023880826069,0.0272405948730405
CSTB,0.459096459096459,0.0160023880826069,0.0272405948730405
PPM1F,0.459096459096459,0.0160023880826069,0.0272405948730405
HGF,0.458766121028746,0.0160883548576249,0.0273786002324524
CD247,-0.458485958485959,0.0161615620541244,0.0274280591825989
PCNX2,-0.458485958485959,0.0161615620541244,0.0274280591825989
GPR160,0.458485958485959,0.0161615620541244,0.0274280591825989
SCML4,-0.458485958485959,0.0161615620541244,0.0274280591825989
NAPRT,0.458485958485959,0.0161615620541244,0.0274280591825989
TOR2A,0.458485958485959,0.0161615620541244,0.0274280591825989
CD59,-0.458485958485959,0.0161615620541244,0.0274280591825989
C11orf1,-0.458485958485959,0.0161615620541244,0.0274280591825989
KATNAL1,-0.458485958485959,0.0161615620541244,0.0274280591825989
TNFRSF4,-0.458145102956229,0.0162509985095801,0.0275714756266905
C5orf63,-0.458054810927917,0.0162747582808906,0.0275950419365494
PLD6,-0.458054810927917,0.0162747582808906,0.0275950419365494
C1orf54,0.457875457875458,0.016322038804884,0.0276082398659743
RAB10,0.457875457875458,0.016322038804884,0.0276082398659743
SPTBN1,-0.457875457875458,0.016322038804884,0.0276082398659743
TNFAIP8,-0.457875457875458,0.016322038804884,0.0276082398659743
BCAT1,0.457875457875458,0.016322038804884,0.0276082398659743
HELB,-0.457875457875458,0.016322038804884,0.0276082398659743
ATP10A,-0.457875457875458,0.016322038804884,0.0276082398659743
MIDN,0.457875457875458,0.016322038804884,0.0276082398659743
PTPRO,0.457579101713178,0.0164004113394039,0.0277324161505735
TRBV5-1,-0.457544373702438,0.0164096155564576,0.0277395919563817
TARBP1,-0.457264957264957,0.0164838263093539,0.0278145916481313
AOPEP,-0.457264957264957,0.0164838263093539,0.0278145916481313
LRRC23,0.457264957264957,0.0164838263093539,0.0278145916481313
NATD1,0.457264957264957,0.0164838263093539,0.0278145916481313
N6AMT1,-0.457264957264957,0.0164838263093539,0.0278145916481313
GEMIN8,-0.457264957264957,0.0164838263093539,0.0278145916481313
ABCB1,-0.456965313515038,0.0165637162598754,0.0279409657089662
TRBV7-6,-0.45691353009882,0.0165775548345697,0.0279558765485264
LACC1,0.45674159138531,0.0166235719697629,0.0280250269686204
GAB1,-0.456654456654457,0.0166469325684822,0.0280390502779978
GDAP1,-0.456654456654457,0.0166469325684822,0.0280390502779978
DPEP2,0.456654456654457,0.0166469325684822,0.0280390502779978
KLF5,0.45641887266613,0.0167102274217805,0.0281371851076774
NLRC4,0.456351525316898,0.0167283581556135,0.0281507610009603
TRAV12-1,-0.456351525316898,0.0167283581556136,0.0281507610009603
DUSP14,-0.45621769270227,0.0167644356174348,0.0282029855513524
TRGC2,-0.456130156858689,0.0167880674229747,0.0282225026985839
PYHIN1,-0.456043956043956,0.0168113656096178,0.0282225026985839
RTN4,0.456043956043956,0.0168113656096178,0.0282225026985839
AKR1B1,-0.456043956043956,0.0168113656096178,0.0282225026985839
SBF2,0.456043956043956,0.0168113656096178,0.0282225026985839
BCL11B,-0.456043956043956,0.0168113656096178,0.0282225026985839
FBF1,-0.456043956043956,0.0168113656096178,0.0282225026985839
PRSS23,-0.455808278856543,0.0168751998851604,0.0283211637928623
TRBV4-1,-0.455737737118758,0.0168943451975613,0.028344787982227
CACNA2D2,-0.455605319960388,0.0169303320304558,0.0283899911651075
IGF2BP3,0.455518722332069,0.0169539006567032,0.0283899911651075
CROCC,-0.455433455433455,0.0169771334864305,0.0283899911651075
ABHD14A,-0.455433455433455,0.0169771334864305,0.0283899911651075
CTSW,-0.455433455433455,0.0169771334864305,0.0283899911651075
METTL9,0.455433455433455,0.0169771334864305,0.0283899911651075
CCL3L1,0.455433455433455,0.0169771334864305,0.0283899911651075
MATK,-0.455433455433455,0.0169771334864305,0.0283899911651075
SRC,0.455433455433455,0.0169771334864305,0.0283899911651075
PDXK,0.455433455433455,0.0169771334864305,0.0283899911651075
ELF4,0.455433455433455,0.0169771334864305,0.0283899911651075
CTDSPL,0.455123948920619,0.0170616855835125,0.0285228537467868
KIF21A,-0.454892388142163,0.0171251705340023,0.0285669290843897
CCDC30,-0.454822954822955,0.017144244278829,0.0285669290843897
THEM4,-0.454822954822955,0.017144244278829,0.0285669290843897
S100A11,0.454822954822955,0.017144244278829,0.0285669290843897
IL7R,-0.454822954822955,0.017144244278829,0.0285669290843897
DDAH2,0.454822954822955,0.017144244278829,0.0285669290843897
HLA-DPA1,0.454822954822955,0.017144244278829,0.0285669290843897
SCRN1,0.454822954822955,0.017144244278829,0.0285669290843897
CD6,-0.454822954822955,0.017144244278829,0.0285669290843897
SLC38A1,-0.454822954822955,0.017144244278829,0.0285669290843897
CEBPA,0.454822954822955,0.017144244278829,0.0285669290843897
FAAH2,-0.454450384384002,0.0172468903516354,0.0287294044820807
BTBD3,0.454295853278829,0.0172896129454368,0.0287813317935474
GPBAR1,0.454281794332576,0.0172935040819597,0.0287813317935474
USP53,-0.454281794332576,0.0172935040819598,0.0287813317935474
IFITM3,0.454212454212454,0.0173127060928784,0.0287961488612064
EHBP1L1,0.454212454212454,0.0173127060928784,0.0287961488612064
PELI3,0.453768201734741,0.0174361472292027,0.0289928442776394
ARAP3,0.453601953601954,0.017482527060715,0.0290613232234002
LOXL3,0.453155828992859,0.0176074882815972,0.0292502447952174
RNF144A,-0.452991452991453,0.0176537153404612,0.0292502447952174
AAK1,-0.452991452991453,0.0176537153404612,0.0292502447952174
CCNG2,0.452991452991453,0.0176537153404612,0.0292502447952174
ADAP1,0.452991452991453,0.0176537153404612,0.0292502447952174
CASTOR3,-0.452991452991453,0.0176537153404612,0.0292502447952174
CDK2AP1,0.452991452991453,0.0176537153404612,0.0292502447952174
TNRC6C,-0.452991452991453,0.0176537153404612,0.0292502447952174
INSR,0.452991452991453,0.0176537153404612,0.0292502447952174
GTPBP3,-0.452991452991453,0.0176537153404612,0.0292502447952174
RTL8C,0.452991452991453,0.0176537153404612,0.0292502447952174
IGLV3-21,-0.452767266962278,0.0177169233982464,0.0293462783302708
MYLK,0.45266879612806,0.0177447454582382,0.0293836590472218
ITGB5,0.452603025097888,0.0177633484727161,0.0293968011847358
MRVI1,0.452543456250977,0.0177802110593031,0.0293968011847358
CHML,0.452380952380952,0.0178262791161372,0.0293968011847358
IMPDH1,0.452380952380952,0.0178262791161372,0.0293968011847358
ZNF510,-0.452380952380952,0.0178262791161372,0.0293968011847358
SRSF8,-0.452380952380952,0.0178262791161372,0.0293968011847358
RORA,-0.452380952380952,0.0178262791161372,0.0293968011847358
SCAPER,-0.452380952380952,0.0178262791161372,0.0293968011847358
ITGAL,-0.452380952380952,0.0178262791161372,0.0293968011847358
SLC43A2,0.452380952380952,0.0178262791161372,0.0293968011847358
TUBG1,-0.452380952380952,0.0178262791161372,0.0293968011847358
PCTP,0.452380952380952,0.0178262791161372,0.0293968011847358
TTC39C,-0.452380952380952,0.0178262791161372,0.0293968011847358
HCK,0.452380952380952,0.0178262791161372,0.0293968011847358
ISG15,0.451770451770452,0.0180002265975731,0.0296225035708148
HMGB2,-0.451770451770452,0.0180002265975731,0.0296225035708148
MVB12B,-0.451770451770452,0.0180002265975731,0.0296225035708148
RITA1,-0.451770451770452,0.0180002265975731,0.0296225035708148
ERG28,-0.451770451770452,0.0180002265975731,0.0296225035708148
WARS,0.451770451770452,0.0180002265975731,0.0296225035708148
GAMT,-0.451770451770452,0.0180002265975731,0.0296225035708148
TRBV27,-0.45174811383085,0.0180066176035611,0.0296243029241288
SNTA1,-0.451534122189436,0.0180679362898532,0.0297164410978998
CHAC2,-0.451238680645728,0.0181528759751734,0.0298145395088355
ZNF589,0.451159951159951,0.0181755660203184,0.0298145395088355
CD38,-0.451159951159951,0.0181755660203184,0.0298145395088355
NAAA,0.451159951159951,0.0181755660203184,0.0298145395088355
SLC31A2,0.451159951159951,0.0181755660203184,0.0298145395088355
CARD9,0.451159951159951,0.0181755660203184,0.0298145395088355
VASH1,0.451159951159951,0.0181755660203184,0.0298145395088355
PPIB,-0.451159951159951,0.0181755660203184,0.0298145395088355
YPEL2,0.451159951159951,0.0181755660203184,0.0298145395088355
ZNF70,-0.450824763407742,0.0182724288381365,0.0299646399011318
ADORA2B,0.45070633802533,0.0183067526607505,0.0300121257340712
GNG5,0.450549450549451,0.0183523056455499,0.0300603670679306
PIM1,-0.450549450549451,0.0183523056455499,0.0300603670679306
CLEC2D,-0.450549450549451,0.0183523056455499,0.0300603670679306
ZNF540,-0.450520537434571,0.0183607108450414,0.0300653279781761
FNDC10,0.450213889744588,0.0184500496509244,0.0302027744871105
CUEDC1,0.450007637665469,0.0185103396462306,0.0302546853797969
SLC6A12,0.449945181662631,0.0185286281587361,0.0302546853797969
ZC3H8,-0.44993894993895,0.0185304537599793,0.0302546853797969
ATP5ME,0.44993894993895,0.0185304537599793,0.0302546853797969
ATXN1,-0.44993894993895,0.0185304537599793,0.0302546853797969
MTERF2,-0.44993894993895,0.0185304537599793,0.0302546853797969
SLC7A7,0.44993894993895,0.0185304537599793,0.0302546853797969
S100B,-0.44993894993895,0.0185304537599793,0.0302546853797969
XBP1,-0.44993894993895,0.0185304537599793,0.0302546853797969
LDLRAD3,0.449906749236431,0.0185398894000798,0.030261255553195
SYCE1L,-0.449702340760675,0.0185998783842599,0.0303503122044883
HEXIM2,0.449404377065867,0.0186876088232014,0.0304766747552696
MGAT4A,-0.449328449328449,0.0187100186757583,0.0304766747552696
PECR,-0.449328449328449,0.0187100186757583,0.0304766747552696
GLB1,0.449328449328449,0.0187100186757583,0.0304766747552696
KLRB1,-0.449328449328449,0.0187100186757583,0.0304766747552696
ARPC3,0.449328449328449,0.0187100186757583,0.0304766747552696
ITSN1,0.449091746951088,0.0187800222496869,0.0305817951136428
IGLC3,-0.448792942539247,0.0188686988727161,0.0307172530120025
RNPEP,0.448717948717949,0.0188910087303827,0.0307178019250654
LYST,0.448717948717949,0.0188910087303827,0.0307178019250654
RYBP,0.448717948717949,0.0188910087303827,0.0307178019250654
ZNF484,-0.448717948717949,0.0188910087303827,0.0307178019250654
NUDT7,0.448381268755126,0.0189914341737658,0.0308721220638658
CRIPAK,0.448107448107448,0.0190734322865948,0.0309334783487929
ARHGAP21,0.448107448107448,0.0190734322865948,0.0309334783487929
TCF7L2,0.448107448107448,0.0190734322865948,0.0309334783487929
CCND2,-0.448107448107448,0.0190734322865948,0.0309334783487929
KNTC1,-0.448107448107448,0.0190734322865948,0.0309334783487929
RASL11A,0.448107448107448,0.0190734322865948,0.0309334783487929
GZMH,-0.448107448107448,0.0190734322865948,0.0309334783487929
SLC27A5,-0.448107448107448,0.0190734322865948,0.0309334783487929
JSRP1,-0.447870559331915,0.0191446048000542,0.0310399043322422
C1QB,0.447758490542942,0.0191783513146123,0.031085605956902
DIPK1A,-0.447496947496948,0.0192572977322847,0.0311593775807107
RRP12,0.447496947496948,0.0192572977322847,0.0311593775807107
CHST15,0.447496947496948,0.0192572977322847,0.0311593775807107
OAS3,0.447496947496948,0.0192572977322847,0.0311593775807107
LTBP4,-0.447496947496948,0.0192572977322847,0.0311593775807107
P2RY8,-0.447496947496948,0.0192572977322847,0.0311593775807107
MMP17,0.447159521428818,0.019359542656115,0.0313157542762496
LRRC8D,0.446886446886447,0.0194426134803903,0.0313594158010794
MZT2A,-0.446886446886447,0.0194426134803903,0.0313594158010794
NUDT16,0.446886446886447,0.0194426134803903,0.0313594158010794
GNPDA1,0.446886446886447,0.0194426134803903,0.0313594158010794
IRF4,-0.446886446886447,0.0194426134803903,0.0313594158010794
BCL2A1,0.446886446886447,0.0194426134803903,0.0313594158010794
SEPTIN1,-0.446886446886447,0.0194426134803903,0.0313594158010794
SPATA33,-0.446886446886447,0.0194426134803903,0.0313594158010794
ATF5,0.446886446886447,0.0194426134803903,0.0313594158010794
LILRB2,0.446886446886447,0.0194426134803903,0.0313594158010794
CDC7,-0.446649371712741,0.0195149697442363,0.0314579737128191
TRBV20-1,-0.446649371712741,0.0195149697442363,0.0314579737128191
KCNJ2,0.446543534241127,0.0195473429048711,0.0315010782490026
TSPAN18,-0.446344074807948,0.0196084723820563,0.0315696110214265
PHC2,0.446275946275946,0.0196293879687947,0.0315696110214265
RNF115,-0.446275946275946,0.0196293879687947,0.0315696110214265
ARL4A,0.446275946275946,0.0196293879687947,0.0315696110214265
PSAP,0.446275946275946,0.0196293879687947,0.0315696110214265
GNG7,-0.446275946275946,0.0196293879687947,0.0315696110214265
PXMP4,-0.446275946275946,0.0196293879687947,0.0315696110214265
VANGL1,-0.44593777410251,0.0197334781301157,0.0317278923817156
PFKFB4,0.445733480998361,0.0197965787456749,0.0317809535589249
RALB,0.445665445665446,0.0198176296602237,0.0317809535589249
IL15,0.445665445665446,0.0198176296602237,0.0317809535589249
WDR89,-0.445665445665446,0.0198176296602237,0.0317809535589249
TNFSF12,0.445665445665446,0.0198176296602237,0.0317809535589249
GPATCH1,-0.445665445665446,0.0198176296602237,0.0317809535589249
ZNF808,-0.445665445665446,0.0198176296602237,0.0317809535589249
LAIR1,0.445665445665446,0.0198176296602237,0.0317809535589249
BTG3,-0.445665445665446,0.0198176296602237,0.0317809535589249
OLIG1,0.445610231849453,0.0198347269211749,0.0317992525639936
SLC4A10,-0.445351145956271,0.0199151156820376,0.0319189816262409
CEACAM3,0.445213587953432,0.0199579052544131,0.031966024188472
ZSWIM3,-0.445122887188774,0.0199861603030053,0.031966024188472
IRF2BP2,0.445054945054945,0.0200073470421409,0.031966024188472
HEG1,-0.445054945054945,0.0200073470421409,0.031966024188472
BACH2,-0.445054945054945,0.0200073470421409,0.031966024188472
EXT1,0.445054945054945,0.0200073470421409,0.031966024188472
CDH23,0.445054945054945,0.0200073470421409,0.031966024188472
DHCR7,-0.445054945054945,0.0200073470421409,0.031966024188472
METTL17,-0.445054945054945,0.0200073470421409,0.031966024188472
DENND4A,-0.445054945054945,0.0200073470421409,0.031966024188472
SPN,-0.445054945054945,0.0200073470421409,0.031966024188472
LEF1,-0.444444444444444,0.0201985486266414,0.0322346700685442
EMB,-0.444444444444444,0.0201985486266414,0.0322346700685442
SH2B3,0.444444444444444,0.0201985486266414,0.0322346700685442
ZNF181,-0.444444444444444,0.0201985486266414,0.0322346700685442
SHISAL2A,-0.444105153113047,0.0203054554506257,0.0323960361996858
NSMF,-0.443833943833944,0.0203912429503443,0.0325143514623111
ADGRE2,0.443833943833944,0.0203912429503443,0.0325143514623111
OSBPL10,-0.443290031799664,0.0205641840447055,0.0327399808041506
KLF11,0.443223443223443,0.0205854385742836,0.0327399808041506
TLR1,0.443223443223443,0.0205854385742836,0.0327399808041506
ADHFE1,-0.443223443223443,0.0205854385742836,0.0327399808041506
GOLM1,0.443223443223443,0.0205854385742836,0.0327399808041506
ALOX5,0.443223443223443,0.0205854385742836,0.0327399808041506
ISYNA1,-0.443223443223443,0.0205854385742836,0.0327399808041506
NAGA,0.443223443223443,0.0205854385742836,0.0327399808041506
SH3BGRL,0.443223443223443,0.0205854385742836,0.0327399808041506
CLDND2,0.44298580885522,0.0206614360355004,0.032851507054455
TRAV38-2DV8,-0.442848184957824,0.0207055541180797,0.032912296369614
AC005726.1,0.442680511950427,0.0207594091021548,0.0329668532529352
PRELID1,0.442612942612943,0.0207811440837977,0.0329668532529352
RUNX2,-0.442612942612943,0.0207811440837977,0.0329668532529352
PRDM1,-0.442612942612943,0.0207811440837977,0.0329668532529352
PLCB3,0.442612942612943,0.0207811440837977,0.0329668532529352
IKZF4,0.442612942612943,0.0207811440837977,0.0329668532529352
WASHC4,0.442612942612943,0.0207811440837977,0.0329668532529352
MYOF,0.442375215045634,0.0208577616695325,0.0330708301614916
SEZ6L,0.442372880009734,0.0208585153754616,0.0330708301614916
FSD1L,0.442272532123585,0.0208909268403528,0.0331128296177021
TRBV19,-0.442067162746424,0.0209573876481658,0.0331993517644598
PLEKHB1,-0.442067162746424,0.0209573876481658,0.0331993517644598
RHOA,0.442002442002442,0.0209783680884174,0.0332043686245203
MAP3K11,0.442002442002442,0.0209783680884174,0.0332043686245203
NLE1,-0.442002442002442,0.0209783680884174,0.0332043686245203
SRGAP3,0.441455728219804,0.0211562814425559,0.0334764928768456
HIST1H4F,-0.441391941391941,0.0211771192217526,0.033481043451524
L3HYPDH,-0.441391941391941,0.0211771192217526,0.033481043451524
SERPINA1,0.441391941391941,0.0211771192217526,0.033481043451524
IGFBP3,-0.440977202096847,0.0213130149279758,0.0336863706832223
DZANK1,-0.440848730521667,0.0213552548212419,0.0337119162838631
GNAI2,0.440781440781441,0.0213774061413767,0.0337119162838631
RASA4,0.440781440781441,0.0213774061413767,0.0337119162838631
ALG2,-0.440781440781441,0.0213774061413767,0.0337119162838631
CD3E,-0.440781440781441,0.0213774061413767,0.0337119162838631
ZNF91,-0.440781440781441,0.0213774061413767,0.0337119162838631
LENG9,-0.440781440781441,0.0213774061413767,0.0337119162838631
MORC2,-0.440781440781441,0.0213774061413767,0.0337119162838631
LPL,0.440375155498659,0.0215115515342491,0.0339138979925347
FFAR3,0.440296001413332,0.0215377660949428,0.0339456561451297
LILRA2,0.44023813671208,0.0215569464538153,0.0339663129246929
ORC2,-0.44017094017094,0.0215792375287111,0.0339822856267396
CTLA4,-0.44017094017094,0.0215792375287111,0.0339822856267396
PAPSS2,0.439927141903253,0.0216602706708377,0.0341002909885485
ZNF888,0.439829037470968,0.0216929484247406,0.034142124286842
CSGALNACT1,-0.439627542902493,0.0217601907738924,0.0341966374848866
BATF3,0.439621424639943,0.0217622352060875,0.0341966374848866
CD28,-0.43956043956044,0.0217826220889067,0.0341966374848866
PM20D2,-0.43956043956044,0.0217826220889067,0.0341966374848866
PHACTR2,-0.43956043956044,0.0217826220889067,0.0341966374848866
PLGRKT,-0.43956043956044,0.0217826220889067,0.0341966374848866
FKBP15,0.43956043956044,0.0217826220889067,0.0341966374848866
NRL,-0.43956043956044,0.0217826220889067,0.0341966374848866
A1BG,0.43956043956044,0.0217826220889067,0.0341966374848866
TRAV13-2,-0.439121758048754,0.0219297300440012,0.0344179204058531
IL23A,-0.439071255929568,0.0219467173932799,0.0344313871004348
RPS27,-0.438949938949939,0.0219875685507247,0.0344313871004348
ARPC5,0.438949938949939,0.0219875685507247,0.0344313871004348
PPARGC1B,0.438949938949939,0.0219875685507247,0.0344313871004348
TRBC2,-0.438949938949939,0.0219875685507247,0.0344313871004348
HEATR5A,0.438949938949939,0.0219875685507247,0.0344313871004348
TMEM102,-0.438949938949939,0.0219875685507247,0.0344313871004348
ZNF611,-0.438949938949939,0.0219875685507247,0.0344313871004348
TNFRSF18,-0.438858561669916,0.0220183790386381,0.0344699819664234
FAM72A,0.438458883187685,0.0221535564530912,0.0346718969173485
COQ2,0.438339438339438,0.022194085666416,0.0346964850563596
MTPN,0.438339438339438,0.022194085666416,0.0346964850563596
CD68,0.438339438339438,0.022194085666416,0.0346964850563596
TP53INP2,0.438339438339438,0.022194085666416,0.0346964850563596
TPD52,-0.438101058378526,0.0222751519314802,0.0348037579214409
COPZ2,0.438101058378526,0.0222751519314801,0.0348037579214409
TRAV8-2,-0.437937879372706,0.0223307835930852,0.034880933478361
SYNGAP1,-0.437728937728938,0.0224021822115985,0.03491443782811
MSRA,0.437728937728938,0.0224021822115985,0.03491443782811
CD82,-0.437728937728938,0.0224021822115985,0.03491443782811
APPL2,-0.437728937728938,0.0224021822115985,0.03491443782811
MAZ,-0.437728937728938,0.0224021822115985,0.03491443782811
RIPOR1,0.437728937728938,0.0224021822115985,0.03491443782811
VAT1,0.437728937728938,0.0224021822115985,0.03491443782811
EDA,-0.437728937728938,0.0224021822115985,0.03491443782811
CETP,0.437575554675343,0.0224547139826208,0.0349865590946824
PTPRCAP,-0.437481403796772,0.0224870091930568,0.0350271184979314
HIST1H2BB,-0.437175686533462,0.0225921361690388,0.0351432907673338
C9orf40,-0.437175686533462,0.0225921361690388,0.0351432907673338
AMOTL1,0.437175686533462,0.0225921361690388,0.0351432907673338
AMPD2,0.437118437118437,0.0226118669851336,0.0351432907673338
HIST1H4C,-0.437118437118437,0.0226118669851336,0.0351432907673338
SWAP70,0.437118437118437,0.0226118669851336,0.0351432907673338
MAFB,0.437118437118437,0.0226118669851336,0.0351432907673338
SLC5A3,-0.437118437118437,0.0226118669851336,0.0351432907673338
NR3C2,-0.436879870759353,0.022694239350003,0.0352615133218163
LRRC4,0.43664316265545,0.0227762116464285,0.0353733503713783
TIGD2,0.436574573854559,0.0228000090632103,0.0353733503713783
TRABD2A,-0.436507936507936,0.0228231488090009,0.0353733503713783
DST,0.436507936507936,0.0228231488090009,0.0353733503713783
ADAT2,-0.436507936507936,0.0228231488090009,0.0353733503713783
SLC2A6,0.436507936507936,0.0228231488090009,0.0353733503713783
RNH1,0.436507936507936,0.0228231488090009,0.0353733503713783
PCED1B,-0.436507936507936,0.0228231488090009,0.0353733503713783
NMRAL1,-0.436507936507936,0.0228231488090009,0.0353733503713783
THNSL2,0.436338591976614,0.0228820396313736,0.0354547978993187
FNIP2,0.435897435897436,0.0230360365281714,0.0356637641931159
DENND4C,-0.435897435897436,0.0230360365281714,0.0356637641931159
NARS2,-0.435897435897436,0.0230360365281714,0.0356637641931159
HIST1H1A,-0.435482726580147,0.0231815703150238,0.0358791423198486
TRBV12-4,-0.435410869952567,0.023206862877912,0.0358865620056862
ARV1,-0.435286935286935,0.0232505390104794,0.0358865620056862
CCDC51,-0.435286935286935,0.0232505390104794,0.0358865620056862
ZNF354B,-0.435286935286935,0.0232505390104794,0.0358865620056862
SESN1,-0.435286935286935,0.0232505390104794,0.0358865620056862
VSIR,0.435286935286935,0.0232505390104794,0.0358865620056862
SH3PXD2A,-0.435286935286935,0.0232505390104794,0.0358865620056862
FUT4,0.435286935286935,0.0232505390104794,0.0358865620056862
CD27,-0.435286935286935,0.0232505390104794,0.0358865620056862
MPST,0.435286935286935,0.0232505390104794,0.0358865620056862
MGAT1,0.434676434676435,0.0234666651464928,0.0361802016816068
TRAM2,-0.434676434676435,0.0234666651464928,0.0361802016816068
CEP131,-0.434676434676435,0.0234666651464928,0.0361802016816068
C5AR1,0.434676434676435,0.0234666651464928,0.0361802016816068
C2,0.43412943223675,0.0236616984318854,0.036445596633391
INKA2,0.434065934065934,0.0236844238493818,0.036445596633391
STX7,0.434065934065934,0.0236844238493818,0.036445596633391
SYNJ2,-0.434065934065934,0.0236844238493818,0.036445596633391
PHTF2,-0.434065934065934,0.0236844238493818,0.036445596633391
MPZL3,-0.434065934065934,0.0236844238493818,0.036445596633391
ACBD4,-0.434065934065934,0.0236844238493818,0.036445596633391
HAPLN3,-0.433559901252627,0.0238661638754581,0.036715154990801
EPN1,0.433455433455433,0.0239038240547863,0.0367528688793964
SNAP29,0.433455433455433,0.0239038240547863,0.0367528688793964
CD180,0.433109427176273,0.0240289031460812,0.0369248767224199
KCNK7,0.433109427176273,0.0240289031460812,0.0369248767224199
TNFRSF8,0.432947528510745,0.0240876110215832,0.037004923305685
CAMKK1,0.432911010997038,0.024100869152768,0.0370151223021913
SVIP,-0.432844932844933,0.0241248747206818,0.0370316495849719
OAZ2,0.432844932844933,0.0241248747206818,0.0370316495849719
KCNQ5,-0.432335155768863,0.0243107262815517,0.037240616617601
PKMYT1,-0.432300417187451,0.0243234333125584,0.037240616617601
ZNF792,-0.432300417187451,0.0243234333125584,0.037240616617601
FAM122A,0.4322842103205,0.0243293634717664,0.037240616617601
SPATA6,0.432234432234432,0.0243475848272441,0.037240616617601
ITPRID2,0.432234432234432,0.0243475848272441,0.037240616617601
GZMK,-0.432234432234432,0.0243475848272441,0.037240616617601
DENND11,-0.432234432234432,0.0243475848272441,0.037240616617601
TAF6L,0.432234432234432,0.0243475848272441,0.037240616617601
PLXNC1,0.432234432234432,0.0243475848272441,0.037240616617601
ZNF747,0.432234432234432,0.0243475848272441,0.037240616617601
AFMID,0.432234432234432,0.0243475848272441,0.037240616617601
PLXNB2,0.432234432234432,0.0243475848272441,0.037240616617601
ATG9B,-0.431887679849965,0.024474822168497,0.0374249946858723
HK3,0.431623931623932,0.0245719633767116,0.0375017519657672
FGD2,0.431623931623932,0.0245719633767116,0.0375017519657672
VEGFA,0.431623931623932,0.0245719633767116,0.0375017519657672
RALGDS,-0.431623931623932,0.0245719633767116,0.0375017519657672
EDC3,-0.431623931623932,0.0245719633767116,0.0375017519657672
C5AR2,0.431623931623932,0.0245719633767116,0.0375017519657672
SIGLEC10,0.431623931623932,0.0245719633767116,0.0375017519657672
BICDL1,-0.431050500093226,0.0247842454618821,0.0378054864904683
VPS9D1,0.431013431013431,0.0247980193932471,0.0378054864904683
JUP,0.431013431013431,0.0247980193932471,0.0378054864904683
ETHE1,0.431013431013431,0.0247980193932471,0.0378054864904683
SIAE,0.430665932523656,0.0249274436596035,0.0379924407044161
WDR17,0.430498037543216,0.0249901716715836,0.0380696574190113
ZNF683,-0.430434713664522,0.0250138636625199,0.0380696574190113
DISC1,0.43040293040293,0.0250257619227978,0.0380696574190113
CNNM4,-0.43040293040293,0.0250257619227978,0.0380696574190113
SETD9,0.43040293040293,0.0250257619227978,0.0380696574190113
FAM214B,0.43040293040293,0.0250257619227978,0.0380696574190113
NRIP1,0.43040293040293,0.0250257619227978,0.0380696574190113
SLC27A3,0.42979242979243,0.0252552000329536,0.038376923528336
ESRRA,0.42979242979243,0.0252552000329536,0.038376923528336
TTLL5,-0.42979242979243,0.0252552000329536,0.038376923528336
APOBEC3F,-0.42979242979243,0.0252552000329536,0.038376923528336
TNFRSF9,-0.42965173869782,0.0253083158644889,0.0384471888927525
TRBV12-3,-0.429226056458923,0.0254695783514638,0.0386546322238136
PTGES,0.429226056458923,0.0254695783514638,0.0386546322238136
GSTM2,-0.429181929181929,0.0254863428128041,0.0386546322238136
ERMP1,-0.429181929181929,0.0254863428128041,0.0386546322238136
CENPJ,-0.429181929181929,0.0254863428128041,0.0386546322238136
BAHD1,-0.429181929181929,0.0254863428128041,0.0386546322238136
SPAG5,-0.428942151234724,0.0255775938161884,0.0387719990837965
SLC25A43,0.428942151234724,0.0255775938161884,0.0387719990837965
ATP6V0C,0.428571428571429,0.0257191993727942,0.0389760875047873
NLRP6,-0.428331557425137,0.0258111617531018,0.0390751152703224
ACVR1B,0.428331557425137,0.0258111617531017,0.0390751152703224
ZNF71,-0.428331557425137,0.0258111617531018,0.0390751152703224
PHETA1,0.428309885897469,0.0258194833554795,0.0390751152703224
BRICD5,0.428309885897469,0.0258194833554795,0.0390751152703224
ATXN7,-0.427960927960928,0.0259537788445781,0.0392358830221359
HK1,0.427960927960928,0.025953778844578,0.0392358830221359
KIAA0513,0.427960927960928,0.025953778844578,0.0392358830221359
NAPB,-0.427960927960928,0.0259537788445781,0.0392358830221359
AGO1,0.427350427350427,0.0261900903808714,0.0395290109068375
EFCAB2,0.427350427350427,0.0261900903808714,0.0395290109068375
CSF1R,0.427350427350427,0.0261900903808714,0.0395290109068375
UBE2R2,0.427350427350427,0.0261900903808714,0.0395290109068375
MPP7,0.427350427350427,0.0261900903808714,0.0395290109068375
FFAR2,0.427350427350427,0.0261900903808714,0.0395290109068375
TRAV3,-0.42726017911946,0.0262251710170638,0.0395712780160337
ZNF219,0.427110369805964,0.0262834878900318,0.0396485741249144
FXYD7,-0.426823801091923,0.026395334475768,0.0398065561997018
SOCS5,0.426739926739927,0.0264281431553032,0.0398130863481832
RRAS,0.426739926739927,0.0264281431553032,0.0398130863481832
ZNF444,-0.426739926739927,0.0264281431553033,0.0398130863481832
ZNF552,-0.426739926739927,0.0264281431553033,0.0398130863481832
PALM,0.426691181740226,0.026447225653631,0.0398311031120669
RIN1,0.426475582317608,0.0265317616093453,0.0399476604521968
FBXL16,-0.426389816881578,0.026565450816814,0.0399876180262783
JMJD4,-0.426129426129426,0.0266679463622645,0.0400664040993507
SATB1,-0.426129426129426,0.0266679463622645,0.0400664040993507
ESYT2,-0.426129426129426,0.0266679463622645,0.0400664040993507
CD151,0.426129426129426,0.0266679463622645,0.0400664040993507
SNN,0.426129426129426,0.0266679463622645,0.0400664040993507
METTL4,-0.426129426129426,0.0266679463622645,0.0400664040993507
LILRB1,0.426129426129426,0.0266679463622645,0.0400664040993507
SOX15,0.426069182933024,0.0266917049849417,0.0400913280354
ARID5A,-0.425518925518925,0.0269095092167572,0.0403750940542276
CYSLTR2,0.425518925518925,0.0269095092167572,0.0403750940542276
EVI5L,-0.425518925518925,0.0269095092167572,0.0403750940542276
PRKY,-0.425518925518925,0.0269095092167572,0.0403750940542276
FGR,0.424908424908425,0.0271528409542397,0.0406965120922295
NUP35,-0.424908424908425,0.0271528409542397,0.0406965120922295
TMEM140,-0.424908424908425,0.0271528409542397,0.0406965120922295
SECTM1,0.424908424908425,0.0271528409542397,0.0406965120922295
CALHM6,0.424297924297924,0.0273979508304734,0.0410308894065366
CDCA4,-0.424297924297924,0.0273979508304734,0.0410308894065366
RARA,0.424297924297924,0.0273979508304734,0.0410308894065366
TMEM53,0.423687423687424,0.0276448481213651,0.0413563377995382
MYD88,0.423687423687424,0.0276448481213651,0.0413563377995382
LILRA1,0.423687423687424,0.0276448481213651,0.0413563377995382
TIMP1,0.423687423687424,0.0276448481213651,0.0413563377995382
SEPTIN8,-0.423446806948443,0.02774265090636,0.0414804555797768
C19orf38,0.423446806948443,0.0277426509063599,0.0414804555797768
RAB39A,0.423149564640629,0.0278638563195073,0.0416281525355625
MPIG6B,0.42314151004365,0.0278671466624879,0.0416281525355625
SMPDL3A,0.423112692421197,0.0278789213779418,0.0416281525355625
DAGLA,0.423112692421197,0.0278789213779418,0.0416281525355625
GNL3,-0.423076923076923,0.0278935421228099,0.0416281525355625
ZNF703,0.423076923076923,0.0278935421228098,0.0416281525355625
BCLAF3,-0.423076923076923,0.0278935421228099,0.0416281525355625
ARMH1,0.422466422466423,0.0281440421505314,0.041934847776651
TRAK1,0.422466422466423,0.0281440421505314,0.041934847776651
SPI1,0.422466422466423,0.0281440421505314,0.041934847776651
ATF7IP2,-0.422466422466423,0.0281440421505314,0.041934847776651
RNF135,0.422466422466423,0.0281440421505314,0.041934847776651
ZNF525,-0.422466422466423,0.0281440421505314,0.041934847776651
FAM92A,0.422286280320143,0.0282183043462893,0.0420342988557405
PARP8,-0.421855921855922,0.0283963575399216,0.0422095777148436
ZMIZ1,0.421855921855922,0.0283963575399215,0.0422095777148436
SMAGP,-0.421855921855922,0.0283963575399216,0.0422095777148436
ZNF140,-0.421855921855922,0.0283963575399216,0.0422095777148436
LGALS9,0.421855921855922,0.0283963575399215,0.0422095777148436
USP32,0.421855921855922,0.0283963575399215,0.0422095777148436
ZNF787,0.421855921855922,0.0283963575399215,0.0422095777148436
DNASE1L1,0.421855921855922,0.0283963575399215,0.0422095777148436
C5orf34,-0.421584106104646,0.0285092834964124,0.0423661741461436
LYPD3,0.421309728614889,0.0286236414186984,0.0425248147750695
CUX1,0.421245421245421,0.0286504976458776,0.042530815724913
ZNF195,-0.421245421245421,0.0286504976458776,0.042530815724913
RAP1GAP2,-0.421245421245421,0.0286504976458776,0.042530815724913
HOXB4,-0.420891953913191,0.0287984773126341,0.0427278018392809
ABCC3,0.420891953913191,0.0287984773126341,0.0427278018392809
PRSS36,0.4207000736731,0.0288790663975774,0.0427971910362827
ZBTB6,-0.420699134805302,0.0288794611662616,0.0427971910362827
XPNPEP2,-0.420699134805302,0.0288794611662616,0.0427971910362827
BMP1,0.420666954314716,0.0288929948325634,0.0427971910362827
THEM6,-0.420634920634921,0.0289064718426394,0.0427971910362827
TJP2,0.420634920634921,0.0289064718426393,0.0427971910362827
TAGLN,0.420634920634921,0.0289064718426393,0.0427971910362827
ARHGEF18,-0.420634920634921,0.0289064718426394,0.0427971910362827
ARL10,-0.420393837900509,0.0290080615987756,0.0429362309318033
DHRS3,-0.420088540995716,0.0291371239717176,0.043115850026421
TBC1D8,0.42002442002442,0.0291642895236226,0.0431218157102323
ZNF721,-0.42002442002442,0.0291642895236228,0.0431218157102323
DGKZ,-0.42002442002442,0.0291642895236228,0.0431218157102323
HIST1H4A,-0.419749802524786,0.0292808655993156,0.0432827386813039
PF4V1,0.419670206586882,0.0293147245535564,0.0433213371309427
TRDMT1,-0.419413919413919,0.0294239601012541,0.0434368492307849
PRORP,-0.419413919413919,0.0294239601012541,0.0434368492307849
CDYL2,-0.419413919413919,0.0294239601012541,0.0434368492307849
RRP1,-0.419413919413919,0.0294239601012541,0.0434368492307849
TRBV6-1,-0.419330354869092,0.0294596481699648,0.0434665837906183
TRAV20,-0.419330354869092,0.0294596481699648,0.0434665837906183
REPS2,0.418862955447454,0.0296599058343847,0.0437505126420151
MAPK7,0.418803418803419,0.0296854930068016,0.0437767080416758
CACFD1,0.418562056471749,0.0297894061943116,0.0439067895199238
TSHZ2,-0.418562056471749,0.0297894061943117,0.0439067895199238
PROK2,0.418192918192918,0.0299488976902061,0.0440258243647826
GNB2,0.418192918192918,0.0299488976902061,0.0440258243647826
RGS3,-0.418192918192918,0.0299488976902062,0.0440258243647826
RXRA,0.418192918192918,0.0299488976902061,0.0440258243647826
PPFIBP2,0.418192918192918,0.0299488976902061,0.0440258243647826
FKBP11,-0.418192918192918,0.0299488976902062,0.0440258243647826
LMO7,-0.418192918192918,0.0299488976902062,0.0440258243647826
ARHGAP27,0.418192918192918,0.0299488976902061,0.0440258243647826
PRKACA,0.418192918192918,0.0299488976902061,0.0440258243647826
PLAGL2,0.418192918192918,0.0299488976902061,0.0440258243647826
FUT10,-0.417609781681615,0.0302022524658046,0.0443574992918173
MFHAS1,-0.417582417582418,0.0302141836199092,0.0443574992918173
LYPD2,0.417582417582418,0.0302141836199091,0.0443574992918173
INPP5E,-0.417582417582418,0.0302141836199092,0.0443574992918173
UNC93B1,0.417582417582418,0.0302141836199091,0.0443574992918173
FGFR1,-0.417226711934266,0.0303696225004216,0.044573997118729
PPT2,-0.416998347154995,0.0304697542157557,0.0446559514542188
KANSL1L,0.416971916971917,0.030481360282681,0.0446559514542188
RGS12,0.416971916971917,0.030481360282681,0.0446559514542188
BDH2,-0.416971916971917,0.0304813602826812,0.0446559514542188
ARRB1,0.416971916971917,0.030481360282681,0.0446559514542188
CAPNS1,0.416971916971917,0.030481360282681,0.0446559514542188
CHCHD10,0.416971916971917,0.030481360282681,0.0446559514542188
GIMAP8,0.416361416361416,0.030750437183447,0.0449912204944627
FRAT2,0.416361416361416,0.030750437183447,0.0449912204944627
LRRC45,-0.416361416361416,0.0307504371834471,0.0449912204944627
MBD2,0.416361416361416,0.030750437183447,0.0449912204944627
ERF,0.416361416361416,0.030750437183447,0.0449912204944627
SH3BGRL2,0.416119681233401,0.0308575087267077,0.045136068218611
CAMK2N1,-0.415841504239675,0.0309810927388968,0.0452931426394538
C1QA,0.415841504239675,0.0309810927388968,0.0452931426394538
KLHL17,-0.415750915750916,0.0310214238451112,0.0453047276421681
MAP4K2,-0.415750915750916,0.0310214238451112,0.0453047276421681
NUSAP1,-0.415750915750916,0.0310214238451112,0.0453047276421681
FAM117A,-0.415750915750916,0.0310214238451112,0.0453047276421681
C3orf18,-0.41518871899616,0.0312726668759195,0.0456597266762772
TEC,0.415140415140415,0.0312943298083793,0.0456675084260068
MTRF1,-0.415140415140415,0.0312943298083795,0.0456675084260068
B3GNT8,0.414783217281649,0.0314548982021201,0.0458898488771865
SUB1,-0.414529914529915,0.0315691646315823,0.045996552532519
ACTA2,-0.414529914529915,0.0315691646315823,0.045996552532519
VEGFB,-0.414529914529915,0.0315691646315823,0.045996552532519
ZNF10,-0.414529914529915,0.0315691646315823,0.045996552532519
ASB2,-0.414529914529915,0.0315691646315823,0.045996552532519
GPRC5C,0.414424266518202,0.0316169216757223,0.0460541354547119
S100PBP,-0.413919413919414,0.0318459378904932,0.046291261940119
FBXO48,-0.413919413919414,0.0318459378904932,0.046291261940119
IQCE,0.413919413919414,0.0318459378904931,0.046291261940119
FABP5,-0.413919413919414,0.0318459378904932,0.046291261940119
CAT,0.413919413919414,0.0318459378904931,0.046291261940119
LPXN,-0.413919413919414,0.0318459378904932,0.046291261940119
CBL,0.413919413919414,0.0318459378904931,0.046291261940119
SNRPD3,0.413919413919414,0.0318459378904931,0.046291261940119
NDRG2,0.413386351447116,0.0320891969385572,0.0466327414969885
ADGRE3,0.413351600770513,0.0321051068669728,0.0466437406079792
IGF2R,-0.413308913308913,0.0321246591781487,0.0466600244478462
NIBAN3,0.412836300700765,0.0323417721669044,0.0469457644252037
ZNF852,-0.412698412698413,0.0324053381046649,0.0469457644252037
RAB24,0.412698412698413,0.0324053381046648,0.0469457644252037
VAV2,0.412698412698413,0.0324053381046648,0.0469457644252037
SFXN2,-0.412698412698413,0.0324053381046649,0.0469457644252037
ZNF664,-0.412698412698413,0.0324053381046649,0.0469457644252037
BRI3BP,0.412698412698413,0.0324053381046648,0.0469457644252037
RIN3,0.412698412698413,0.0324053381046648,0.0469457644252037
ZNF432,-0.412698412698413,0.0324053381046649,0.0469457644252037
MAPK11,-0.412698412698413,0.0324053381046649,0.0469457644252037
RHPN1,-0.412412588205343,0.0325374220463979,0.0471249065225219
LONRF3,0.412339722629033,0.0325711634576052,0.0471615603456573
TPPP3,0.412126855286749,0.0326698956622245,0.0472922745387417
PLA2G15,0.412087912087912,0.0326879842970532,0.0473062132994621
AURKB,-0.411514482544867,0.032955267844054,0.0476441396835672
NBPF3,-0.411477411477411,0.0329726073990353,0.0476441396835672
RELT,0.411477411477411,0.0329726073990351,0.0476441396835672
RFFL,-0.411477411477411,0.0329726073990353,0.0476441396835672
FAM210A,-0.411477411477411,0.0329726073990353,0.0476441396835672
OAZ1,0.411477411477411,0.0329726073990351,0.0476441396835672
TNNI2,0.41062433694712,0.0333736510643638,0.0481987454337647
MMP9,0.410624304555487,0.0333736663661547,0.0481987454337647
HS6ST1,0.41025641025641,0.0335478229890892,0.0483877807982944
FTCDNL1,0.41025641025641,0.0335478229890892,0.0483877807982944
ZBTB44,-0.41025641025641,0.0335478229890893,0.0483877807982944
CRACR2A,-0.41025641025641,0.0335478229890893,0.0483877807982944
PTPN6,0.41025641025641,0.0335478229890892,0.0483877807982944
PLD4,0.409896227976416,0.0337190345142626,0.0486221869530058
GLRX2,0.40964590964591,0.0338384348464612,0.0487315291427792
ALCAM,0.40964590964591,0.0338384348464612,0.0487315291427792
B3GAT2,-0.40964590964591,0.0338384348464613,0.0487315291427792
LMO2,0.40964590964591,0.0338384348464612,0.0487315291427792
PNPLA6,0.40964590964591,0.0338384348464612,0.0487315291427792
BX664615.2,-0.409403149327947,0.033954553718602,0.0488861648801293
HIGD1A,0.409035409035409,0.0341310623516449,0.0490897378267487
HDHD3,-0.409035409035409,0.034131062351645,0.0490897378267487
ASCL2,0.409035409035409,0.0341310623516449,0.0490897378267487
SLC16A3,0.409035409035409,0.0341310623516449,0.0490897378267487
ZNF138,-0.408424908424908,0.0344257152290743,0.0494499356694024
ALDH3B1,0.408424908424908,0.0344257152290742,0.0494499356694024
DUS1L,-0.408424908424908,0.0344257152290743,0.0494499356694024
TBCD,-0.408424908424908,0.0344257152290743,0.0494499356694024
ID1,0.408424908424908,0.0344257152290742,0.0494499356694024
ANXA4,0.407814407814408,0.0347224032187482,0.0497865843074974
SLC6A6,0.407814407814408,0.0347224032187482,0.0497865843074974
NFKBIZ,0.407814407814408,0.0347224032187482,0.0497865843074974
STK3,0.407814407814408,0.0347224032187482,0.0497865843074974
ITPK1,0.407814407814408,0.0347224032187482,0.0497865843074974
C15orf39,0.407814407814408,0.0347224032187482,0.0497865843074974
SYNGR2,0.407814407814408,0.0347224032187482,0.0497865843074974
SCGB3A1,0.407555363564789,0.034848909578146,0.0499551659474475
MYO18A,-0.407203907203907,0.0350211360760356,0.0501763240935668
CERS4,-0.407203907203907,0.0350211360760356,0.0501763240935668
MOCS3,-0.4069607740896,0.0351406785696082,0.0503347014757297
GALNT12,-0.406909677465761,0.0351658430033563,0.050357847394307
APBB3,0.406593406593407,0.0353219235714768,0.0505425272803734
FGFBP3,-0.406593406593407,0.035321923571477,0.0505425272803734
PECAM1,0.406593406593407,0.0353219235714768,0.0505425272803734
UGGT2,0.406230985997492,0.0355014604509401,0.0507864330625881
AGRN,0.406003127867926,0.0356147108301338,0.0508847367926843
MXD3,0.405982905982906,0.0356247754905863,0.0508847367926843
FKTN,-0.405982905982906,0.0356247754905864,0.0508847367926843
NOXA1,0.405982905982906,0.0356247754905863,0.0508847367926843
CXCL16,0.405982905982906,0.0356247754905863,0.0508847367926843
VASP,0.405982905982906,0.0356247754905863,0.0508847367926843
RCAN3,-0.405372405372405,0.0359297016336516,0.0512417473948942
FBXO4,-0.405372405372405,0.0359297016336516,0.0512417473948942
BX255925.3,0.405372405372405,0.0359297016336515,0.0512417473948942
PIK3AP1,0.405372405372405,0.0359297016336515,0.0512417473948942
KMT2B,-0.405372405372405,0.0359297016336516,0.0512417473948942
CSNK1E,-0.405372405372405,0.0359297016336516,0.0512417473948942
CTSL,0.404823695756046,0.0362055431201424,0.0516219778500347
CACUL1,0.404761904761905,0.036236711815532,0.0516400847279447
FAM110A,0.404761904761905,0.036236711815532,0.0516400847279447
CD300C,0.404398365008029,0.0364205236933161,0.0518888072593691
NAV1,0.404213101946459,0.0365144821102626,0.0520094202650506
COTL1,0.404151404151404,0.0365458158654563,0.052040795090306
STS,0.403787491344875,0.0367310695607944,0.0522912782545729
ACAA1,0.403540903540904,0.0368570236268175,0.0524438870537311
CERT1,0.403540903540904,0.0368570236268175,0.0524438870537311
LIPE,-0.403249839785616,0.0370061392347077,0.0526426686849365
CES1,0.403176617681721,0.0370437275928604,0.0526827377159907
SLC35E2B,-0.402930402930403,0.0371703449569676,0.0527822673944548
FOCAD,-0.402930402930403,0.0371703449569676,0.0527822673944548
NRARP,0.402930402930403,0.0371703449569675,0.0527822673944548
ARRB2,0.402930402930403,0.0371703449569675,0.0527822673944548
LYL1,0.402930402930403,0.0371703449569675,0.0527822673944548
BICRA,-0.402930402930403,0.0371703449569676,0.0527822673944548
PWWP2B,0.402319902319902,0.0374857897270101,0.0532166885385734
MAPRE3,0.401954870355413,0.0376754196991146,0.0534723215628043
FCRLA,-0.401712483989489,0.0378017590666421,0.0536130948157095
TTYH3,0.401709401709402,0.037803367821592,0.0536130948157095
STAT6,0.401709401709402,0.037803367821592,0.0536130948157095
CRIP2,-0.401160132898525,0.0380909248466626,0.0539707125224232
TMEM38A,0.401101049462869,0.0381219602636144,0.0539707125224232
SH3YL1,-0.401098901098901,0.0381230891386931,0.0539707125224232
AREG,0.401098901098901,0.038123089138693,0.0539707125224232
BNIP3,-0.401098901098901,0.0381230891386931,0.0539707125224232
PPCDC,0.401098901098901,0.038123089138693,0.0539707125224232
ABCA5,-0.401098901098901,0.0381230891386931,0.0539707125224232
ZG16B,0.400876965086701,0.0382398509265965,0.0541223098915534
NOS3,-0.400854835993732,0.0382515087859956,0.0541251106101435
TNFSF14,-0.400491773190986,0.0384431794655088,0.0543301077563831
VGLL4,-0.400488400488401,0.0384449635894149,0.0543301077563831
RHNO1,-0.400488400488401,0.0384449635894149,0.0543301077563831
CCNB1IP1,-0.400488400488401,0.0384449635894149,0.0543301077563831
ZNF780B,-0.400488400488401,0.0384449635894149,0.0543301077563831
CAMK1,0.400244242184145,0.0385742962239824,0.0544853408649936
ITGB3,0.400244242184145,0.0385742962239824,0.0544853408649936
IGLC1,-0.399879400449104,0.0387682019745273,0.0547050855762605
CTSO,0.3998778998779,0.0387690010977683,0.0547050855762605
IFIT2,0.3998778998779,0.0387690010977683,0.0547050855762605
GCN1,-0.3998778998779,0.0387690010977683,0.0547050855762605
ITGAX,0.399267399267399,0.0390952116004584,0.0551375594627398
ABHD15,-0.399267399267399,0.0390952116004584,0.0551375594627398
SNX21,0.398717757660178,0.0393907702314896,0.0555178085421094
COL9A2,0.398656898656899,0.0394236050466699,0.0555178085421094
TGFBR1,-0.398656898656899,0.0394236050466699,0.0555178085421094
KDM2B,-0.398656898656899,0.0394236050466699,0.0555178085421094
PLEKHO2,0.398656898656899,0.0394236050466699,0.0555178085421094
OPRL1,0.398655434691762,0.0394243951574958,0.0555178085421094
FCRL5,-0.398413819371882,0.0395549692883387,0.055687660689927
PMEPA1,-0.398289628376488,0.039622218631043,0.0557682976553719
CLIP4,-0.398046398046398,0.0397541913978497,0.0558977717618244
ABHD14B,-0.398046398046398,0.0397541913978497,0.0558977717618244
ENG,0.398046398046398,0.0397541913978497,0.0558977717618244
CDC42EP4,0.398046398046398,0.0397541913978497,0.0558977717618244
MRAS,0.397678754713334,0.0399543325045864,0.056136841046645
DGKG,0.397678754713334,0.0399543325045864,0.056136841046645
GINS3,-0.397678754713334,0.0399543325045864,0.056136841046645
SLC22A18,0.397435897435897,0.0400869806274887,0.056280792284438
FLII,0.397435897435897,0.0400869806274887,0.056280792284438
HMOX1,0.397435897435897,0.0400869806274887,0.056280792284438
STK32C,0.396825396825397,0.0404219827209017,0.0567226417503845
CD40,0.396825396825397,0.0404219827209017,0.0567226417503845
SPINDOC,-0.396275382421831,0.0407256971486997,0.0571098695361162
NDC1,-0.396214896214896,0.0407592076750071,0.0571098695361162
PLA2G12A,-0.396214896214896,0.0407592076750071,0.0571098695361162
EPB41L3,0.396214896214896,0.0407592076750071,0.0571098695361162
MAST3,0.396214896214896,0.0407592076750071,0.0571098695361162
RGS19,0.396214896214896,0.0407592076750071,0.0571098695361162
C3orf33,-0.395970085517037,0.0408950615078218,0.0572715211499473
FAM161B,-0.395970085517037,0.0408950615078218,0.0572715211499473
SMYD2,-0.395604395604396,0.0410986654981036,0.057513447814163
ZNF408,-0.395604395604396,0.0410986654981036,0.057513447814163
TEFM,-0.395604395604396,0.0410986654981036,0.057513447814163
ZNF530,-0.39535949170745,0.0412354696551255,0.0576904544186794
FZD1,0.395279599601994,0.0412801758443007,0.0577385551078863
OXCT2,-0.395235260060717,0.0413050040683112,0.0577588353963482
CD79A,-0.394993894993895,0.0414403662096471,0.0579336319610867
CASP5,0.394900341569196,0.0414929274219997,0.05799261438236
BIRC5,-0.394591100894514,0.0416670453316133,0.0582214186642632
TGIF1,0.394383394383394,0.0417843198400249,0.058370701110522
DYNC1I2,0.393772893772894,0.0421305364303299,0.0588396502793218
FAM24B,-0.393162393162393,0.0424790260321317,0.0593115389692086
UBE2C,-0.393044897521103,0.0425463572645678,0.059390721373805
LYN,0.392551892551893,0.0428297987072484,0.0597565455017298
KRI1,-0.392551892551893,0.0428297987072484,0.0597565455017298
MYBPC3,0.392530927546517,0.0428418851476249,0.0597584988140481
NUGGC,-0.392490472460912,0.0428652153713287,0.059776130762212
STK40,0.391941391941392,0.0431828645275154,0.0601441042186466
DENND3,0.391941391941392,0.0431828645275154,0.0601441042186466
TRIM8,0.391941391941392,0.0431828645275154,0.0601441042186466
MCOLN1,0.391941391941392,0.0431828645275154,0.0601441042186466
TTC38,-0.391941391941392,0.0431828645275154,0.0601441042186466
CTSC,-0.391330891330891,0.0435382335745536,0.0605937785338238
P4HB,-0.391330891330891,0.0435382335745536,0.0605937785338238
RCAN1,0.391330891330891,0.0435382335745536,0.0605937785338238
EPHX2,-0.390959144418639,0.0437557579490511,0.0608813631378686
GPR89B,-0.39010989010989,0.0442559217229546,0.0615313561100851
DIPK2A,0.39010989010989,0.0442559217229546,0.0615313561100851
RNASET2,0.39010989010989,0.0442559217229546,0.0615313561100851
PTPN18,0.38949938949939,0.0446182610343812,0.0619735011684699
MLLT1,0.38949938949939,0.0446182610343812,0.0619735011684699
PDE4A,0.38949938949939,0.0446182610343812,0.0619735011684699
ZNF341,-0.38949938949939,0.0446182610343812,0.0619735011684699
ZSWIM5,-0.389177022941313,0.0448105342414112,0.0622251073945794
SFMBT1,-0.388888888888889,0.0449829439922336,0.062387059227324
ZNF862,-0.388888888888889,0.0449829439922336,0.062387059227324
RHOG,0.388888888888889,0.0449829439922336,0.062387059227324
DAAM1,-0.388888888888889,0.0449829439922336,0.062387059227324
TERF2,-0.388888888888889,0.0449829439922336,0.062387059227324
PGM2L1,-0.388278388278388,0.0453499807235353,0.0628182046584121
CAB39L,-0.388278388278388,0.0453499807235353,0.0628182046584121
UNC119,0.388278388278388,0.0453499807235353,0.0628182046584121
EPOR,-0.388278388278388,0.0453499807235353,0.0628182046584121
LRRC25,0.388278388278388,0.0453499807235353,0.0628182046584121
ZNF726,-0.387727069087615,0.0456834682216827,0.0632644760514239
SELL,0.387667887667888,0.0457193813636761,0.0632672062820285
ZNF169,0.387667887667888,0.0457193813636761,0.0632672062820285
SNAPC2,0.387667887667888,0.0457193813636761,0.0632672062820285
SLC35A1,0.387057387057387,0.0460911560561708,0.0637501223512508
KCNC3,0.387057387057387,0.0460911560561708,0.0637501223512508
PLXDC1,-0.38688325807933,0.0461976314001315,0.0638815911942472
MROH6,0.386811178373235,0.0462417630843048,0.0639268081996124
SAMSN1,0.386446886446886,0.0464653149524169,0.0642041119876243
AGPAT3,0.386446886446886,0.0464653149524169,0.0642041119876243
SPNS3,-0.386379670728968,0.0465066557389071,0.0642453603982136
RSPH3,0.386200584563648,0.0466169438291115,0.0643818102969601
KAZALD1,0.38609809079779,0.0466801562426262,0.0644531935083373
ZNF519,-0.385836385836386,0.046841868211451,0.0646605102538716
PON2,0.385225885225885,0.0472208259997032,0.0651193240420074
ALOX5AP,-0.385225885225885,0.0472208259997032,0.0651193240420074
TMEM107,0.385225885225885,0.0472208259997032,0.0651193240420074
KSR1,0.385225885225885,0.0472208259997032,0.0651193240420074
LEKR1,0.384979396944475,0.0473745130802394,0.0652990577137537
IGHG2,-0.384979396944475,0.0473745130802394,0.0652990577137537
FKBP1C,0.384845200233618,0.0474583513485651,0.0653823850064489
KIAA1324L,-0.384845200233618,0.047458351348565,0.0653823850064489
MARCH9,-0.384615384615385,0.0476021984907514,0.0655482624871416
PTGER2,0.384615384615385,0.0476021984907514,0.0655482624871416
OMA1,-0.384004884004884,0.0479859958650739,0.0660279746253675
TMEM120A,0.384004884004884,0.0479859958650739,0.0660279746253675
BLMH,-0.384004884004884,0.0479859958650739,0.0660279746253675
ERI2,0.383634945082971,0.0482197458943123,0.0663320570865433
TNS1,0.383617623837339,0.0482307124667176,0.0663320570865433
SLC43A1,-0.383345336418284,0.0484033637982517,0.0665531375362241
GDPD1,-0.383147615515714,0.0485290390750423,0.0667095345397336
P2RX1,0.382783882783883,0.0487609060184587,0.0669953283673762
SEC14L1,0.382783882783883,0.0487609060184587,0.0669953283673762
SLC25A10,-0.382758013664262,0.0487774298551214,0.06700156908618
PLCH2,-0.382696941540129,0.0488164570194019,0.06703871013077
MAPKAPK3,0.382173382173382,0.0491520391907311,0.0674664219819755
NT5M,-0.382173382173382,0.0491520391907311,0.0674664219819755
C3,0.381912233232543,0.0493201034346477,0.0676804953144908
WASF2,0.381562881562882,0.0495456380321939,0.0679566367122954
ZNF570,-0.381562881562882,0.0495456380321939,0.0679566367122954
EEF1AKMT4,0.380952380952381,0.0499417127540672,0.068415986702779
POLD4,0.380952380952381,0.0499417127540672,0.068415986702779
C17orf67,-0.380952380952381,0.0499417127540672,0.068415986702779
HOOK2,0.380952380952381,0.0499417127540672,0.068415986702779
BID,0.380952380952381,0.0499417127540672,0.068415986702779
ZMYND15,0.380705240277367,0.0501027566434441,0.068619793081102
BLK,-0.38054868284664,0.0502049850118927,0.0687429667449814
MIIP,0.38034188034188,0.0503402735729595,0.0688607656115434
PURB,0.38034188034188,0.0503402735729595,0.0688607656115434
TICAM1,0.38034188034188,0.0503402735729595,0.0688607656115434
TNFRSF13C,-0.38034188034188,0.0503402735729595,0.0688607656115434
IGHG1,-0.380283472708872,0.0503785352416905,0.0688962506900301
EOGT,-0.37973137973138,0.0507413307106107,0.0693245837609907
TMEM70,0.37973137973138,0.0507413307106107,0.0693245837609907
CDKN1C,0.37973137973138,0.0507413307106107,0.0693245837609907
PTMS,-0.37973137973138,0.0507413307106107,0.0693245837609907
SPRED1,0.379700841031161,0.050761458290165,0.0693351428330734
CSF1,-0.37967109996699,0.0507810661898887,0.0693449870900752
XCL1,-0.379419272392912,0.0509473315030582,0.0695550482824955
ARAP1,0.379120879120879,0.051144894393635,0.0697906904463657
SLC35E3,-0.379120879120879,0.051144894393635,0.0697906904463657
LRRC29,0.379089406504541,0.0511657670966124,0.0698021394496845
CCDC120,-0.378741671155556,0.0513968315050467,0.0701002638478588
TNFRSF1B,0.378510378510379,0.0515509748532623,0.0702933556155676
FAM174B,0.378446354483226,0.0515937072865679,0.0703344737070912
SEC14L2,-0.37809286722463,0.0518301409809109,0.0706328216943714
TRAV5,-0.378081404836648,0.0518378219302039,0.0706328216943714
SPARC,0.377899877899878,0.0519595823250776,0.0707470134798719
CBX5,-0.377899877899878,0.0519595823250776,0.0707470134798719
CCDC92,-0.377899877899878,0.0519595823250776,0.0707470134798719
HCN2,-0.377519923829248,0.0522151655034527,0.0710777033824993
AAMDC,0.377289377289377,0.0523707270487601,0.071237437522906
SLC38A2,-0.377289377289377,0.0523707270487601,0.071237437522906
VPS35,0.377289377289377,0.0523707270487601,0.071237437522906
SLC12A9,0.376678876678877,0.0527844192678212,0.0717827024673288
CCR2,0.376345901088263,0.0530111300968388,0.072073483953689
MT2A,0.376068376068376,0.0532006692293398,0.0722960248676715
NFATC1,-0.376068376068376,0.0532006692293398,0.0722960248676715
NOTCH4,0.375457875457875,0.0536194871836988,0.0728120865301709
USP54,-0.375457875457875,0.0536194871836988,0.0728120865301709
CHRNE,0.375457875457875,0.0536194871836988,0.0728120865301709
NEK1,-0.374847374847375,0.0540408833843179,0.0733665015501591
OSGIN1,0.374772118031932,0.0540930081763109,0.0734194421655171
CARF,-0.374236874236874,0.0544648680873876,0.0738703716576938
SLC29A1,0.374236874236874,0.0544648680873876,0.0738703716576938
CCL4,-0.374236874236874,0.0544648680873876,0.0738703716576938
PTCRA,0.374181216365487,0.0545036508590167,0.073905047430558
ICA1L,-0.373626373626374,0.0548914515516,0.0743767863039852
PRSS21,-0.373626373626374,0.0548914515516,0.0743767863039852
ULK2,0.373626373626374,0.0548914515516,0.0743767863039852
TREX1,0.373547372548168,0.0549468434939223,0.0744338054307203
SMIM1,0.373243808187169,0.0551600958142701,0.07470459089208
TAF1A,-0.373015873015873,0.0553206440378798,0.0748857519873696
ECT2,-0.373015873015873,0.0553206440378798,0.0748857519873696
TRIP6,0.372405372405372,0.0557524558091133,0.075415513518278
ZNF268,-0.372405372405372,0.0557524558091133,0.075415513518278
ZFYVE21,0.372405372405372,0.0557524558091133,0.075415513518278
CEP126,-0.372156926943152,0.0559289354059206,0.0756359387641857
IGHG3,-0.372057909448408,0.0559993925545519,0.0757129117903903
EFNB1,0.371794871794872,0.0561868971298769,0.0759480610950621
SNX18,0.371184371184371,0.0566239782661644,0.0765203688894131
NEPRO,-0.370573870573871,0.0570637094851121,0.0770959805365419
C2orf81,0.370114283478265,0.0573964953880563,0.0775268604372007
TMEM40,0.37008764365147,0.0574158315424796,0.0775342501776252
KBTBD8,0.36996336996337,0.0575061010547246,0.0776186621042771
DYNLL1,0.36996336996337,0.0575061010547246,0.0776186621042771
KIF14,-0.369917888605237,0.0575391653101419,0.0776445493277784
PGAP1,-0.369352869352869,0.0579511632435979,0.0781627845774722
PLEKHG2,0.369352869352869,0.0579511632435979,0.0781627845774722
MICAL2,0.368742368742369,0.0583989063206423,0.0787287088102776
KLHDC1,-0.368742368742369,0.0583989063206423,0.0787287088102776
TMTC1,0.36864839061311,0.0584680689389276,0.0788029504715553
TRBV6-2,-0.368223293863285,0.0587817138853374,0.0792065889269414
PCSK5,0.368131868131868,0.0588493405548034,0.0792595164697641
RFX7,-0.368131868131868,0.0588493405548034,0.0792595164697641
SOX12,-0.367882770276045,0.059033903170119,0.0794889445045281
DLGAP3,0.367745945218782,0.0591354717731921,0.0796065378323761
C11orf96,0.367624497936652,0.0592257390181137,0.0797088646424288
TCAF1,-0.367521367521368,0.0593024762147833,0.0797353803782323
ZNF16,-0.367521367521368,0.0593024762147833,0.0797353803782323
GOLGA8N,0.367521367521368,0.0593024762147833,0.0797353803782323
SDR42E2,-0.367521367521368,0.0593024762147833,0.0797353803782323
IL17RE,0.367423645129345,0.0593752608150623,0.0798140525187088
SLC40A1,0.366910866910867,0.0597583235687592,0.0802903761164107
CDKN2D,0.366910866910867,0.0597583235687592,0.0802903761164107
UACA,0.366524197892474,0.0600484481089014,0.0806608027444094
SH3RF1,0.365745691942491,0.0606358976746646,0.0814107898671607
PPP1R13L,-0.365745691942491,0.0606358976746646,0.0814107898671607
CCDC14,-0.365689865689866,0.0606781944270935,0.0814284768985618
CBWD1,0.365689865689866,0.0606781944270935,0.0814284768985618
ZNF543,-0.365637846918896,0.0607176270811273,0.0814618451625874
HES4,0.365079365079365,0.0611422384626422,0.0819921816506223
PRPS2,-0.365079365079365,0.0611422384626422,0.0819921816506223
AURKA,-0.364829801228111,0.0613327250383882,0.0822279065966595
DNMBP,0.364468864468864,0.0616090352539986,0.0825785534852253
HEATR3,0.363858363858364,0.0620785950624685,0.0831879951088723
LRFN3,-0.363749408678052,0.0621626880790266,0.0832807263387438
STOML1,-0.363303316704144,0.062507910047637,0.0837206295353615
TRBV25-1,-0.363266395829353,0.0625365489153548,0.0837206295353615
TCIRG1,0.363247863247863,0.0625509281471281,0.0837206295353615
SLX4,-0.363247863247863,0.062550928147128,0.0837206295353615
PDF,-0.362637362637363,0.0630260447645327,0.0843161823739873
CABLES2,-0.362637362637363,0.0630260447645327,0.0843161823739873
TUSC1,0.36208242007831,0.0634603475437493,0.0848768867411256
C2CD2L,0.362026862026862,0.0635039551684306,0.0849149013156059
GP9,0.361637208587241,0.0638104479295102,0.0853043329719868
YAE1,-0.361416361416361,0.0639846696094707,0.0855167955201148
DOK1,0.360805860805861,0.0644681983349137,0.086080746200773
RASGEF1B,0.360805860805861,0.0644681983349137,0.086080746200773
ZNF438,0.360805860805861,0.0644681983349137,0.086080746200773
MPRIP,-0.360805860805861,0.0644681983349135,0.086080746200773
TMEM8B,0.360555644561003,0.0646671900913041,0.0863219322347391
WNT1,-0.36053993120711,0.0646797024434115,0.0863219322347391
SH2D1B,-0.36019536019536,0.0649545515883369,0.0866473884737548
CDADC1,-0.36019536019536,0.0649545515883369,0.0866473884737548
TESC,0.35958485958486,0.0654437396093449,0.0872791299536029
RCCD1,-0.359334456941829,0.0656452069170917,0.0875269425561223
DNASE1,-0.358974358974359,0.0659357726332719,0.0878934065709789
TMEM71,0.358363858363858,0.0664306608908896,0.0885319961157899
TSPAN2,-0.357971966608316,0.0667498483387908,0.0889361810604047
ALDH1B1,-0.357753357753358,0.0669284146081085,0.0891316252651924
GALNT4,0.357753357753358,0.0669284146081084,0.0891316252651924
SCART1,-0.357383480809523,0.0672313811503424,0.0895137817601701
PLA2G4C,0.357361092945162,0.0672497529995517,0.0895169290105911
C17orf58,-0.357142857142857,0.0674290440056837,0.0897128751082048
IL3RA,0.357142857142857,0.067429044005684,0.0897128751082048
SPATA24,0.357077763546212,0.0674825928464457,0.0897627638433217
JHY,-0.356750219282008,0.0677525434284739,0.0901004097151073
SLCO4C1,-0.35661094311919,0.0678675821881527,0.0902319352344627
OAS1,0.356532356532357,0.0679325592989151,0.0902325110687728
GPR180,-0.356532356532357,0.067932559298915,0.0902325110687728
SLC26A11,-0.356532356532357,0.067932559298915,0.0902325110687728
GRAMD4,0.356532356532357,0.0679325592989151,0.0902325110687728
FNDC3B,0.355921855921856,0.0684389706973487,0.0908404282315628
C12orf73,-0.355921855921856,0.0684389706973487,0.0908404282315628
TMEM97,-0.355921855921856,0.0684389706973487,0.0908404282315628
RASGRF2,-0.355690260821981,0.0686318390932779,0.0910748087825368
IFFO2,-0.355311355311355,0.0689482884044778,0.0914513350943643
PDE6D,-0.355311355311355,0.0689482884044778,0.0914513350943643
EEPD1,0.354700854700855,0.0694605226174418,0.0920521997266114
SH2B2,0.354700854700855,0.0694605226174418,0.0920521997266114
RYR1,-0.354700854700855,0.0694605226174417,0.0920521997266114
TRIM36,0.354692982933855,0.0694671464317418,0.0920521997266114
NQO1,-0.354306724629391,0.0697927673418937,0.0924617756398649
FAM89A,0.354090354090354,0.0699756835267241,0.0926821464427857
IFI27,0.353848896227561,0.0701802436936261,0.0929310733447211
TRBV18,-0.352843609812414,0.0710368620319853,0.094043118485526
TRBV15,-0.352395675593396,0.0714211330207094,0.0945294617400726
CAP1,0.352258852258852,0.0715388282311278,0.0946404370637489
TTC12,-0.352258852258852,0.0715388282311277,0.0946404370637489
TRAV16,-0.352051324876046,0.0717176274644887,0.0948545347165139
FAM227B,-0.352007331226788,0.0717555751313052,0.094882283313847
TOGARAM2,-0.351880570069941,0.0718650019888437,0.095004513267521
RAB12,0.351648351648352,0.0720657976868055,0.0952474452055344
VAMP5,0.351037851037851,0.0725957446807699,0.0959025287632566
LMNB1,-0.351037851037851,0.0725957446807697,0.0959025287632566
TUBG2,-0.35042735042735,0.0731286793571887,0.0965609385986775
ZNF345,-0.35042735042735,0.0731286793571887,0.0965609385986775
TRNP1,0.350277208356642,0.0732602043263583,0.0967117711503766
DPH5,-0.34981684981685,0.073664611851439,0.0971309854923951
FLOT1,0.34981684981685,0.0736646118514391,0.0971309854923951
IRF7,0.34981684981685,0.0736646118514391,0.0971309854923951
CKB,0.34981684981685,0.0736646118514391,0.0971309854923951
TMEM189,0.34981684981685,0.0736646118514391,0.0971309854923951
ANKDD1A,0.349206349206349,0.0742035522897977,0.0977954900788472
ZNF529,-0.349206349206349,0.0742035522897975,0.0977954900788472
BLNK,-0.348808861661004,0.0745560696784639,0.0982369325263832
TRAV1-1,-0.348631696543374,0.0747136039751352,0.0984213129396834
SPATA21,-0.34819798799785,0.0751003319241111,0.0989074555156923
LILRB5,0.347711014246164,0.0755363807182144,0.0994583096247362
SLC3A1,-0.347587114334696,0.0756476326292516,0.0995813469074328
ACSF2,0.346764346764347,0.0763895956740223,0.100534389034863
ABR,0.346153846153846,0.0769437273868918,0.101216025299341
POFUT1,0.346153846153846,0.0769437273868918,0.101216025299341
PDZK1IP1,0.345869649651745,0.0772027294632166,0.101532846462443
KIR2DL3,-0.345731074294723,0.0773292613875509,0.101675342036018
ZNF585B,-0.345543345543346,0.0775009275930602,0.101877100869862
TRBV5-4,-0.345421833620041,0.0776121978195473,0.101999391352975
LEMD2,-0.344932844932845,0.0780612063464025,0.102565382022811
FITM2,-0.344680205511746,0.0782939657410194,0.102847041678126
CYB5D1,0.344322344322344,0.0786245736891944,0.103257072820567
CLTCL1,0.34415348093782,0.0787809467376267,0.103438143732521
MYLPF,0.343931921223878,0.0789864782530925,0.103671572093166
TRBV7-2,-0.343921872355771,0.0789958098513911,0.103671572093166
P2RY11,-0.343711843711844,0.0791910396518028,0.103903400688147
NT5DC2,-0.343626203960568,0.0792707507074753,0.103983588542388
SCD5,-0.342638667547901,0.0801943503346877,0.105170451939862
CYB5R1,0.342490842490842,0.0803333074964708,0.105303294777371
ADCK2,-0.342490842490842,0.080333307496471,0.105303294777371
ZNF343,-0.341932533368606,0.0808597800120822,0.105968570383774
MOSPD2,0.341880341880342,0.0809091293768527,0.106008400064517
NMB,-0.341627236463812,0.0811487772335837,0.106297484724807
ZNF182,-0.341269841269841,0.0814880898730584,0.106716955168652
CCR5,-0.340711345749432,0.0820204894460325,0.107389036989514
RPS6KA2,0.340100751939845,0.0826055771605952,0.108056120499282
ZRANB3,-0.34004884004884,0.0826554665633123,0.108056120499282
WDR6,-0.34004884004884,0.0826554665633123,0.108056120499282
SRD5A3,0.34004884004884,0.082655466563312,0.108056120499282
DOK2,0.34004884004884,0.082655466563312,0.108056120499282
SIK1,0.34004884004884,0.082655466563312,0.108056120499282
UHRF1,-0.340038661769417,0.0826652509828195,0.108056120499282
RAB11FIP5,-0.339490158130259,0.0831938334700655,0.108710860253575
PIK3CG,-0.339438339438339,0.0832439026476768,0.108710860253575
TTC9,-0.339438339438339,0.0832439026476768,0.108710860253575
HAUS8,-0.339438339438339,0.0832439026476768,0.108710860253575
PLLP,-0.338879564320672,0.0837852683038572,0.109392299872792
AP2A1,0.338827838827839,0.0838355171278552,0.109432355690702
ZNF48,-0.338268970511085,0.0843798915766186,0.110117235401739
L3MBTL3,-0.338217338217338,0.0844303199126913,0.110157337599573
ZBTB7C,0.337690816752985,0.0849458710973613,0.110804131368426
WDR5B,-0.337606837606838,0.0850283208959226,0.110885814004198
FANCE,-0.337353079796705,0.0852778264599153,0.111185265927686
NR2F6,0.337202262061076,0.0854263798173409,0.111352987398268
SH3BP5,-0.336996336996337,0.0856295299558587,0.111539793038239
ARRDC1,0.336996336996337,0.0856295299558587,0.111539793038239
SLC25A29,0.336996336996337,0.0856295299558587,0.111539793038239
CPLANE1,-0.336385836385836,0.0862339569550571,0.112248670226415
TLN1,0.336385836385836,0.0862339569550571,0.112248670226415
DGKH,-0.336385836385836,0.0862339569550571,0.112248670226415
IGHG4,-0.336219390072717,0.0863993069249343,0.112437729654231
VWA5A,0.336131892177531,0.0864863247731591,0.112524785512216
SLC35B2,-0.335775335775336,0.0868416117399989,0.112934486709319
FCSK,-0.335775335775336,0.0868416117399989,0.112934486709319
TBCE,-0.335369641071613,0.0872472053102728,0.113435566634514
C3AR1,0.335164835164835,0.0874525041407647,0.113676058381022
TRAF3IP2,-0.334910704558358,0.0877077545239075,0.113981353311106
TBC1D30,0.334758767408459,0.0878606302294634,0.114153495409656
NT5E,-0.334147893745305,0.0884773130735819,0.114928021999412
FXYD2,-0.333843251534644,0.0887860728567181,0.115302303626281
C2orf74,-0.333333333333333,0.0893047050859593,0.115895082580804
CHST2,0.333333333333333,0.0893047050859594,0.115895082580804
FCHO1,0.333333333333333,0.0893047050859594,0.115895082580804
TTC8,-0.333078923129597,0.0895643173553979,0.116205026137212
UBE3D,-0.332773626224804,0.0898766089774476,0.116583158757107
SERINC5,-0.332722832722833,0.0899286459114074,0.116596565716807
NAT1,-0.332722832722833,0.0899286459114074,0.116596565716807
KHDRBS2,0.33236630929267,0.0902945376566955,0.117043823499361
PDK1,-0.332112332112332,0.0905558732456613,0.117328184242294
SLC2A3,0.332112332112332,0.0905558732456615,0.117328184242294
SYT17,0.331506003259341,0.0911820770253076,0.118063054174888
NEIL3,0.331501831501831,0.0911863968135444,0.118063054174888
EPM2A,-0.331501831501831,0.0911863968135444,0.118063054174888
DLC1,0.33129309864308,0.0914027335097319,0.118315760598708
CPEB3,0.330891330891331,0.0918202263211899,0.118828675211315
STIL,-0.330681280616411,0.0920390693434465,0.11908433034904
SYP,-0.33063654789125,0.0920857253214851,0.119117135322171
CRTC3,-0.33028083028083,0.0924573714557128,0.119514937859534
YPEL3,-0.33028083028083,0.0924573714557128,0.119514937859534
MRI1,-0.33028083028083,0.0924573714557128,0.119514937859534
SCARB2,0.32967032967033,0.0930978418848796,0.120315029309047
RNF215,0.329456535132646,0.0933229196576516,0.120578042219406
SPRED2,0.329110063367283,0.0936885463585812,0.121022488158278
MARCKSL1,0.329059829059829,0.0937416472567781,0.121035163117041
SLX4IP,-0.329059829059829,0.0937416472567779,0.121035163117041
KLRF1,-0.328449328449328,0.0943887971994872,0.121758282338993
RAB3IP,-0.328449328449328,0.0943887971994872,0.121758282338993
FLCN,0.328449328449328,0.0943887971994874,0.121758282338993
ZNF260,-0.328449328449328,0.0943887971994872,0.121758282338993
TPM2,-0.328340340795062,0.0945046801270947,0.121879652045829
ACY1,0.327838827838828,0.0950393013207467,0.122484391100626
VDR,0.327838827838828,0.0950393013207467,0.122484391100626
TMCC3,0.327838827838828,0.0950393013207467,0.122484391100626
ARHGEF39,-0.32742828345061,0.0954786379470481,0.122993905413475
PRDM11,-0.32742828345061,0.0954786379470481,0.122993905413475
ZNF512,-0.327228327228327,0.0956931692076239,0.123100115530028
ADAM8,-0.327228327228327,0.0956931692076239,0.123100115530028
ALG10,-0.327228327228327,0.0956931692076239,0.123100115530028
BOLA2B,-0.327228327228327,0.0956931692076239,0.123100115530028
HSBP1L1,0.327228327228327,0.0956931692076241,0.123100115530028
ZNF714,-0.327228327228327,0.0956931692076239,0.123100115530028
ASNSD1,0.326617826617827,0.0963504104261846,0.123831646771598
CLU,0.326617826617827,0.0963504104261846,0.123831646771598
ZNF846,-0.326617826617827,0.0963504104261845,0.123831646771598
ICAM4,0.326617826617827,0.0963504104261846,0.123831646771598
CAVIN2,0.326007326007326,0.0970110345211581,0.124623410301474
METRNL,0.326007326007326,0.0970110345211581,0.124623410301474
CCDC125,0.325396825396825,0.0976750510156062,0.125447608010857
MGLL,0.324786324786325,0.0983424694105905,0.126246806460978
CTNS,0.324786324786325,0.0983424694105905,0.126246806460978
LKAAEAR1,0.324693956815924,0.0984437458507129,0.126347814275232
ICA1,0.32467173363534,0.098468124013699,0.126350103140111
SOS1,-0.324175824175824,0.0990132991848377,0.1269622492643
VCL,0.324175824175824,0.0990132991848377,0.1269622492643
IL27RA,-0.324175824175824,0.0990132991848377,0.1269622492643
IGHV6-1,-0.324061378551979,0.0991394346912391,0.127094846124119
ARMC2,-0.322954822954823,0.100365230672354,0.128607325829469
GTF2IRD2B,-0.322954822954823,0.100365230672354,0.128607325829469
FCER2,0.322720434971942,0.100626324294237,0.128912349473854
PFAS,-0.322344322344322,0.1010463512284,0.129391160079966
UTY,-0.322344322344322,0.1010463512284,0.129391160079966
ITGAE,0.321733821733822,0.101730920848593,0.130237937130342
IGLV4-69,0.321103534815223,0.102441305831181,0.131117368324093
AP001453.3,-0.320561750033068,0.103054895651864,0.13187253466481
TSPAN3,0.320512820512821,0.10311044470525,0.131913430975007
PPP1R17,0.320391691948999,0.103248056497058,0.132059270798616
SMG9,-0.31990231990232,0.103805417592436,0.132711452943965
USP18,-0.31990231990232,0.103805417592436,0.132711452943965
GEN1,-0.319340562413894,0.10444798271234,0.133451856431765
CCSAP,0.319291819291819,0.104503876844546,0.133451856431765
PLIN2,0.319291819291819,0.104503876844546,0.133451856431765
SIDT2,0.319291819291819,0.104503876844546,0.133451856431765
TSC22D1,0.319291819291819,0.104503876844546,0.133451856431765
KCTD11,0.319168822895758,0.1046450168742,0.133601583187335
HHAT,-0.319035265509101,0.104798436554489,0.133766915592947
TRBV3-1,-0.318862968933596,0.104996604023012,0.133958706296301
TRBV9,-0.318862968933596,0.104996604023012,0.133958706296301
NOL4L,-0.318681318681319,0.105205831724237,0.134195029881828
C2orf42,-0.318070818070818,0.105911291468484,0.135002494162699
ZNF841,-0.318070818070818,0.105911291468484,0.135002494162699
HIC2,0.318070818070818,0.105911291468484,0.135002494162699
IGKV1-17,-0.317625968934848,0.106427546463804,0.135629635329442
WDR62,-0.317460317460317,0.106620265288236,0.135844275117753
AK1,-0.317209080295001,0.106913049560636,0.136186280898195
TRAV9-2,-0.317028802052588,0.107123508475306,0.136423288406721
ACVR2B,-0.316849816849817,0.107332762368084,0.136627545450109
HIRA,-0.316849816849817,0.107332762368084,0.136627545450109
PAQR7,0.316723084789278,0.107481110031187,0.136785245173964
IGLV2-8,0.316662450874594,0.107552139613942,0.136844497092415
C11orf98,-0.316239316239316,0.108048791865921,0.137382638498006
SELPLG,-0.316239316239316,0.108048791865921,0.137382638498006
NUDT15,-0.316239316239316,0.108048791865921,0.137382638498006
NPHP4,0.315821683850681,0.108540654118929,0.137976662385327
C1orf56,-0.315628815628816,0.108768362912605,0.138203291389977
TMLHE,0.315628815628816,0.108768362912605,0.138203291389977
TNFSF8,-0.315018315018315,0.109491484611623,0.139058910276673
ABCD4,-0.315018315018315,0.109491484611623,0.139058910276673
KMT5C,-0.314407814407814,0.110218166038749,0.139950041891163
TMEM86A,0.313952663348478,0.110762255885158,0.1406089750079
MANBAL,0.313797313797314,0.110948416241712,0.140813332642681
TTYH2,0.313186813186813,0.111682244239855,0.141680378808818
MICALL1,-0.313186813186813,0.111682244239855,0.141680378808818
ZNF74,-0.312767315534911,0.112188563250325,0.142290416351966
PTGDR2,0.312642322103725,0.11233975386351,0.142445635675908
C3orf14,0.31262403050844,0.112361891803725,0.142445635675908
CASP10,0.312576312576313,0.112419659023795,0.142486566922271
PYCR3,-0.312137325839626,0.112952126549318,0.143129003322861
HIST1H4E,-0.311965811965812,0.113160669555087,0.143328304451199
LBHD1,-0.311965811965812,0.113160669555087,0.143328304451199
AKR1C3,-0.311402842889266,0.11384718191417,0.144108224527336
GOLPH3L,-0.311355311355311,0.113905284765885,0.144108224527336
PIK3C2B,-0.311355311355311,0.113905284765885,0.144108224527336
SMUG1,0.311355311355311,0.113905284765885,0.144108224527336
PARD6A,-0.311355311355311,0.113905284765885,0.144108224527336
ME2,0.310744810744811,0.114653513558603,0.145022042031149
VMO1,0.310323820882294,0.115171587947318,0.145644396155903
TBKBP1,-0.31013431013431,0.115405364805578,0.145907031425004
PKIA,-0.309876358365299,0.115724131541099,0.146276976396435
CPQ,0.30952380952381,0.116160847348727,0.146729491387866
WBP1L,0.30952380952381,0.116160847348727,0.146729491387866
FAM120C,-0.30952380952381,0.116160847348727,0.146729491387866
LZTFL1,-0.308913308913309,0.116919969999215,0.147588368450476
ZNF736,-0.308913308913309,0.116919969999215,0.147588368450476
FANCB,-0.308913308913309,0.116919969999215,0.147588368450476
C19orf73,-0.308491199892832,0.117446971567349,0.148220145566377
AACS,-0.308302808302808,0.117682741537108,0.148484181109094
TMSB4Y,0.308163001416594,0.117857933424415,0.14867168141424
TNFRSF6B,0.308023489166768,0.118032947417998,0.148858872792387
AMER1,-0.307880326229678,0.118212739879999,0.149052004827272
SLC39A1,0.307692307692308,0.11844917071104,0.149215535619765
TMEM273,-0.307692307692308,0.11844917071104,0.149215535619765
DDIT4,-0.307692307692308,0.11844917071104,0.149215535619765
ZNF550,-0.307692307692308,0.11844917071104,0.149215535619765
FAXDC2,0.307411116424885,0.118803414034708,0.149628083622092
CAMK2D,-0.307081807081807,0.119219266237875,0.150118022247736
FPGT,0.306823389317365,0.119546345195013,0.150462111710672
SPDL1,-0.306823389317365,0.119546345195013,0.150462111710672
FBXL19,0.306518092412572,0.119933608383778,0.150915557624232
C1orf109,-0.306471306471306,0.119993036802361,0.15095636935856
GMPR,0.306186370941121,0.120355434724544,0.151378225591465
ANGPTL6,-0.306047705240215,0.120532088531284,0.151566323154248
PHOSPHO2,-0.305860805860806,0.120770491056798,0.151797839062624
PLCB2,0.305860805860806,0.120770491056798,0.151797839062624
CXCR5,-0.305717263310113,0.12095382401355,0.151994108737926
KIR3DL1,-0.305401414335934,0.121357946496838,0.152467678456599
BRPF3,-0.305250305250305,0.121551637620696,0.152573907424227
NEURL1,0.305250305250305,0.121551637620696,0.152573907424227
TBCEL,0.305250305250305,0.121551637620696,0.152573907424227
ITGA5,0.305250305250305,0.121551637620696,0.152573907424227
UTS2,-0.304686310983811,0.122276567030888,0.153421310735546
SLC35F6,0.304639804639805,0.122336485080436,0.153421310735546
IFITM2,0.304639804639805,0.122336485080436,0.153421310735546
GAS6,0.304639804639805,0.122336485080436,0.153421310735546
PLEKHM2,0.304029304029304,0.123125041988935,0.154306417481426
SLC7A6,-0.304029304029304,0.123125041988935,0.154306417481426
PHLPP1,-0.304029304029304,0.123125041988935,0.154306417481426
CELSR2,-0.303983583212623,0.12318424710742,0.154346025055948
DCHS1,0.303577242466943,0.123711345468929,0.154971739216454
MTA3,-0.303418803418803,0.123917316865299,0.155194991245409
POLR1A,-0.302808302808303,0.124713318194493,0.156087035663296
EAF2,-0.302808302808303,0.124713318194493,0.156087035663296
TWSG1,-0.302808302808303,0.124713318194493,0.156087035663296
ACKR3,0.302351136493963,0.125311839722362,0.156801031042167
ADSSL1,0.302290687583823,0.125391136316544,0.156865153083247
BTBD11,-0.302197802197802,0.125513054426999,0.156947450884565
GFOD2,-0.302197802197802,0.125513054426999,0.156947450884565
FKBP14,-0.301771589598137,0.126073597680718,0.157613136201783
KLHL18,0.301587301587302,0.126316533978474,0.157811004916807
POT1,-0.301587301587302,0.126316533978474,0.157811004916807
ZNF331,-0.301587301587302,0.126316533978474,0.157811004916807
CAPN3,0.300976800976801,0.127123765229418,0.158784028403597
ZNF786,-0.300717451221497,0.127467826553689,0.159178223780311
BEND2,0.300520069833842,0.127730133872451,0.159470173836737
MAP2K6,-0.3003663003663,0.12793475652483,0.159689990733671
ACTR3C,-0.299938968608674,0.128504667169846,0.160329785545242
MRM1,-0.299938968608674,0.128504667169846,0.160329785545242
CLEC4F,0.299528640692194,0.129053640886727,0.160978799874766
AARS2,-0.299145299145299,0.129568052449538,0.161584422234125
ZNF573,-0.298580372887943,0.130328855757826,0.16246501094157
HEATR5B,-0.298534798534798,0.130390373588299,0.16246501094157
AK9,-0.298534798534798,0.130390373588299,0.16246501094157
POLR3A,-0.298534798534798,0.130390373588299,0.16246501094157
HIST1H2BE,-0.29827507598315,0.130741359607811,0.162866046541965
CXXC5,0.297924297924298,0.13121648778978,0.163385125744924
DBP,0.297924297924298,0.13121648778978,0.163385125744924
TMEM86B,0.297495473956058,0.131799033956879,0.164073953225037
PLAAT3,-0.297313797313797,0.132046403216423,0.164345311993376
SLC12A7,0.296092796092796,0.133717670206977,0.166351326317557
MT1F,-0.296092796092796,0.133717670206977,0.166351326317557
PABPC4,0.295482295482296,0.13455903790679,0.167286380607997
CYTH4,0.295482295482296,0.13455903790679,0.167286380607997
FUNDC1,-0.295482295482296,0.13455903790679,0.167286380607997
CDK20,0.294961699349508,0.135279530778402,0.168144729075978
MRPL53,0.294306216220836,0.13619067625923,0.169239613698136
SVIL,0.294261294261294,0.136253281766736,0.169242192723143
GCHFR,0.294261294261294,0.136253281766736,0.169242192723143
CD274,-0.293697652809867,0.137040573270818,0.170182297519523
LTBP3,-0.292429792429792,0.138823537688984,0.172358175567673
SUOX,0.291997610987671,0.139435118907014,0.173040653557039
LZTS3,-0.291997610987671,0.139435118907014,0.173040653557039
BOLA1,-0.291819291819292,0.139688025149018,0.173316049840983
SEPTIN5,0.291348551934538,0.140357256569676,0.174107759258569
DDIAS,0.291253247172902,0.140493028575381,0.174198894854441
SPIN3,-0.291253247172902,0.140493028575381,0.174198894854441
LANCL2,0.290598290598291,0.141428649990637,0.175320108789102
HDAC7,-0.28998778998779,0.142304802793337,0.176367122610891
PROS1,0.289819965617988,0.142546337720851,0.176627325622645
ZNF45,-0.289377289377289,0.143184859395678,0.17733991887943
MAP3K7CL,0.289377289377289,0.143184859395677,0.17733991887943
TSTD3,-0.288766788766789,0.144068827404171,0.178355741165403
TCEANC,-0.288766788766789,0.144068827404171,0.178355741165403
TSEN2,-0.288505575029761,0.144448245804727,0.178785876613553
PNMA5,0.287985662038127,0.145205567722245,0.179683455344721
WWC2,0.287894981220174,0.145337947987326,0.179807479014409
XKR8,0.287545787545788,0.145848527854246,0.180319471094616
PRDM8,-0.287545787545788,0.145848527854247,0.180319471094616
CCR7,-0.287545787545788,0.145848527854247,0.180319471094616
TMIGD2,-0.287374227511507,0.146099848880261,0.180590264133161
INTS5,-0.286935286935287,0.146744275296434,0.181306669787375
ZNF582,-0.286935286935287,0.146744275296434,0.181306669787375
MTF1,0.286324786324786,0.147643964145323,0.182216960384164
PPP1R16A,0.286324786324786,0.147643964145323,0.182216960384164
IGHM,-0.286324786324786,0.147643964145323,0.182216960384164
IVD,-0.286324786324786,0.147643964145323,0.182216960384164
CPNE2,0.286324786324786,0.147643964145323,0.182216960384164
FAM131A,0.286063199791414,0.148030669737876,0.182642045636131
TRAV8-6,-0.286047624081054,0.148053718324139,0.182642045636131
AGBL5,-0.285714285714286,0.148547601793015,0.1831704937655
TCTN1,0.285714285714286,0.148547601793015,0.1831704937655
ZNF19,-0.285452605981827,0.148936140123434,0.183609103961694
ZNF329,-0.285103785103785,0.149455195587736,0.184127220472929
TUBB1,0.285103785103785,0.149455195587736,0.184127220472929
CPT1B,-0.285103785103785,0.149455195587736,0.184127220472929
ADAT3,0.28484201217224,0.149845571001127,0.184486224799274
C20orf96,0.28484201217224,0.149845571001127,0.184486224799274
MLC1,-0.28484201217224,0.149845571001127,0.184486224799274
HYAL3,0.284622772141716,0.150173079305163,0.184808067666037
KCNMB4,0.284622772141716,0.150173079305163,0.184808067666037
LY6E,0.284493284493284,0.150366752833506,0.184964998206107
TNFRSF12A,0.284493284493284,0.150366752833506,0.184964998206107
CD19,-0.284231418362654,0.150758969659257,0.185406676563573
NRIP3,0.284056253366667,0.151021735663142,0.185688994245446
FAAP24,-0.28392612145786,0.151217159171366,0.185886731306658
FEM1C,0.283882783882784,0.151282280789807,0.185886731306658
CABP4,-0.283882783882784,0.151282280789807,0.185886731306658
JUN,-0.283272283272283,0.152201786671256,0.186852336128577
D2HGDH,-0.283272283272283,0.152201786671256,0.186852336128577
ABITRAM,0.283272283272283,0.152201786671256,0.186852336128577
CMC4,0.283272283272283,0.152201786671256,0.186852336128577
ZNF713,0.283094185825165,0.152470778780552,0.187141482647245
DHRS4L2,0.282661782661783,0.153125277647277,0.187903566513841
ZNF696,-0.282177034035235,0.153861389413531,0.188765443089177
MAML2,-0.282051282051282,0.15405276084177,0.188917333032275
AMN1,-0.282051282051282,0.15405276084177,0.188917333032275
IGHV4-34,-0.281691461265831,0.15460127961034,0.189548422622456
GSTM4,0.281440781440781,0.154984243332783,0.1899346677004
TBL2,-0.281440781440781,0.154984243332784,0.1899346677004
SLC30A4,-0.281178449314719,0.155385731599316,0.190384971757969
ZNF35,-0.280830280830281,0.155919732152191,0.190913760060226
PIP5K1C,0.280830280830281,0.15591973215219,0.190913760060226
NECAB3,-0.280830280830281,0.155919732152191,0.190913760060226
BTBD8,-0.27960927960928,0.157802756670832,0.193050320565148
NFE2L3,0.27960927960928,0.157802756670831,0.193050320565148
TEP1,0.27960927960928,0.157802756670831,0.193050320565148
RAB27A,-0.27960927960928,0.157802756670832,0.193050320565148
KIF23,-0.279273630153583,0.158323214696015,0.193644666793551
KDM5D,-0.278998778998779,0.158750306199987,0.194124581734162
IGHV3-64,-0.278947428788837,0.158830189976056,0.194179803748602
PTP4A3,-0.278388278388278,0.159701889716729,0.195032314325387
ZNF33B,-0.278388278388278,0.159701889716729,0.195032314325387
EHD4,0.278388278388278,0.159701889716728,0.195032314325387
KIF1C,0.278388278388278,0.159701889716728,0.195032314325387
NF2,-0.278388278388278,0.159701889716729,0.195032314325387
CMTM1,0.277947516735126,0.16039141354414,0.195831612344723
GBP4,-0.277777777777778,0.160657514017157,0.196028107873433
TREML1,0.277777777777778,0.160657514017157,0.196028107873433
TMEM168,-0.277777777777778,0.160657514017157,0.196028107873433
AJM1,-0.276556776556777,0.162580911912511,0.198201975019569
NSUN6,-0.276556776556777,0.162580911912511,0.198201975019569
PAAF1,-0.276556776556777,0.162580911912511,0.198201975019569
PFKL,0.276556776556777,0.162580911912511,0.198201975019569
C10orf105,0.275872320059665,0.163666212399793,0.199481573613697
ZNF416,-0.275504022082509,0.164252315310129,0.20015230926438
ZNF395,0.275335775335775,0.164520553286486,0.200435497598699
HLA-DQA2,0.275072511218852,0.164940899621656,0.200903835914681
CHMP7,-0.274725274725275,0.16549648175109,0.201536656348453
FMNL2,0.274282274756201,0.1662072029881,0.20235808384704
MEN1,-0.274114774114774,0.166476490754025,0.202641823312257
USP9Y,-0.273504273504273,0.167460586747744,0.203795343001825
SHISA4,0.273005516135931,0.168267596126492,0.204732897636932
SLC18B1,0.272893772893773,0.168448776134328,0.204864192288638
DNAJC17,-0.272893772893773,0.168448776134327,0.204864192288638
CD200R1,-0.272832563059421,0.168548079715928,0.204940391774618
RPL39,0.272283272283272,0.169441065265165,0.20598139933974
ZNF740,-0.271672771672772,0.170437460440641,0.207147637205839
BCS1L,-0.271062271062271,0.171437967909816,0.208227870667178
TNFRSF10A,-0.271062271062271,0.171437967909816,0.208227870667178
TBC1D10B,0.271062271062271,0.171437967909816,0.208227870667178
TRAV26-1,-0.27056948113265,0.172248571064806,0.209166994439607
CCDC28B,-0.27045177045177,0.172442593870111,0.209266272769457
XRCC4,0.27045177045177,0.172442593870111,0.209266272769457
MFSD12,0.27045177045177,0.172442593870111,0.209266272769457
IGLV3-25,0.269903955445079,0.173347576753466,0.210318865091209
SLC35E2A,-0.26984126984127,0.173451344466995,0.21035348476674
ITPKC,-0.26984126984127,0.173451344466995,0.21035348476674
COLQ,-0.269714455772619,0.173661401534537,0.21056256664812
CD109,0.269395285450968,0.174190870065952,0.211158756862954
NEIL1,-0.269230769230769,0.174464225793671,0.211352675614863
JPT2,-0.269230769230769,0.174464225793671,0.211352675614863
GNGT2,0.269230769230769,0.174464225793671,0.211352675614863
GRAP,-0.268831633686304,0.175128667420807,0.212111654368022
PRKN,-0.268784411787814,0.175207394847818,0.212161054999783
CD244,-0.268620268620269,0.175481243890761,0.212400674423622
ZNF575,-0.268620268620269,0.175481243890761,0.212400674423622
EPN2,-0.267399267399267,0.177527714293903,0.214831200677669
TRAV27,-0.266837488289441,0.178474868502369,0.215900274696703
ZNF439,-0.26682949478943,0.178488370873186,0.215900274696703
GRK2,0.266178266178266,0.179590802937974,0.217186801476892
ITLN1,0.266019737200391,0.179859885843498,0.217465185218776
CAMK2G,-0.265567765567766,0.18062859363439,0.218300215172577
SPATA2L,0.265567765567766,0.180628593634391,0.218300215172577
LMNTD2,0.265119169808889,0.18139382078522,0.219177667638494
TBC1D16,0.264751150026558,0.182023282745618,0.219890731716028
ENTR1,-0.264346764346764,0.182716696368794,0.220585441730203
BBS1,-0.264346764346764,0.182716696368794,0.220585441730203
PLCXD1,0.264346764346764,0.182716696368794,0.220585441730203
NFXL1,-0.263736263736264,0.183767019679487,0.221805563144332
NECTIN1,0.263286548819427,0.184543401449392,0.22269458370846
ANKRD28,-0.263125763125763,0.184821531708921,0.222837862293291
HEMK1,-0.263125763125763,0.184821531708921,0.222837862293291
SAMD9L,-0.263125763125763,0.184821531708921,0.222837862293291
TGIF2,-0.263125763125763,0.184821531708921,0.222837862293291
JRK,-0.262515262515263,0.185880237954909,0.224066025144179
ARHGAP6,0.262064801493119,0.186664102092943,0.224962426487875
SPATS2L,-0.261904761904762,0.186943143859302,0.225201650250154
SUSD3,-0.261904761904762,0.186943143859302,0.225201650250154
MEGF6,-0.2617806665066,0.187159712969421,0.225413981245962
PHF13,-0.261639447407942,0.1874063774784,0.225613877902952
CELF6,0.261639447407942,0.1874063774784,0.225613877902952
PPP1R15B,0.261294261294261,0.188010254807688,0.226243457044241
ZNF844,0.261294261294261,0.188010254807688,0.226243457044241
BTN2A2,-0.260683760683761,0.189081576129091,0.227385843809435
STN1,-0.260683760683761,0.189081576129091,0.227385843809435
DUS2,0.260683760683761,0.189081576129091,0.227385843809435
AK5,0.26038064808243,0.189615051299906,0.22797836311956
CCDC15,-0.260232180503656,0.189876732124794,0.228243913594551
CCDC180,-0.259632407813111,0.190936399714322,0.229468374640551
PRADC1,0.259462759462759,0.191236870922424,0.229780099312031
MEIKIN,0.25924608648464,0.191621103959084,0.230192312210354
TTLL11,-0.259197072169595,0.191708096444222,0.230247352945895
CCDC171,-0.259010433177348,0.192039599983594,0.23059597232301
ANKLE1,0.258630300055936,0.192716005679407,0.231358502309842
TPRN,0.258241758241758,0.193409069728851,0.232140699275324
ADAMTS10,-0.258014513627231,0.193815213973533,0.23257825676824
PXN,-0.257631257631258,0.194501520850037,0.233351749537312
RNF43,-0.257108218443805,0.19544083853198,0.234428393194087
SRBD1,-0.257020757020757,0.195598213113834,0.234516553973533
CCZ1B,0.257020757020757,0.195598213113834,0.234516553973533
FCGR3B,0.256566938524732,0.196416195492926,0.235446809259687
BYSL,-0.256410256410256,0.196699151444986,0.23573545968289
MBOAT1,0.255799755799756,0.197804340709311,0.236704873367529
DCBLD1,0.255799755799756,0.197804340709311,0.236704873367529
RNF122,-0.255799755799756,0.197804340709311,0.236704873367529
ARL5B,0.255799755799756,0.197804340709311,0.236704873367529
FURIN,0.255799755799756,0.197804340709311,0.236704873367529
PICK1,-0.255799755799756,0.197804340709311,0.236704873367529
RTL8A,0.255799755799756,0.197804340709311,0.236704873367529
DNAAF4,0.255642784525203,0.198089193408433,0.236995029854506
WNT7A,-0.255335890426133,0.198646921174987,0.237611461649311
DNAJC18,-0.255228212407281,0.198842862683402,0.237778086727092
FADS2,0.255189255189255,0.1989137857134,0.237778086727092
ZNF891,-0.255189255189255,0.1989137857134,0.237778086727092
FBXL18,-0.254578754578755,0.200027491204338,0.238956148432955
FAM149B1,0.254578754578755,0.200027491204338,0.238956148432955
PDCD11,-0.254578754578755,0.200027491204338,0.238956148432955
HNRNPA1L2,0.254123443872115,0.200860867980185,0.23990046427706
TACC3,0.253968253968254,0.201145461869408,0.240137793077226
C8orf82,0.253968253968254,0.201145461869408,0.240137793077226
GPAT2,-0.253512570208961,0.201982709022216,0.241085871686709
GPATCH11,-0.253357753357753,0.202267702335804,0.241271542547316
CYP2U1,-0.253357753357753,0.202267702335804,0.241271542547316
MACROD1,-0.253357753357753,0.202267702335804,0.241271542547316
ZSCAN21,0.252901696545807,0.203108828504,0.242223196629211
PSD,-0.252522459494154,0.203810090308707,0.243007681238015
TESK2,0.252136752136752,0.204525010879214,0.243808113586989
APOBEC3B,0.251526251526252,0.205660087907616,0.24510895387455
GADD45B,-0.250915750915751,0.206799452639556,0.246414348851566
LRRCC1,-0.25064875883538,0.207299083183983,0.246957067142061
FAM234B,0.250382438650983,0.207798274543207,0.247499031149226
OSBPL5,-0.25030525030525,0.207943109397529,0.247566077869062
HDAC6,-0.25030525030525,0.207943109397529,0.247566077869062
SLF2,-0.24969474969475,0.209091062442244,0.248879783136873
MAL,-0.248816977406619,0.210749116741313,0.250799970380383
DGCR6,0.248625580903728,0.211111833972941,0.251178165016316
ITPR1,-0.248473748473748,0.211399874124144,0.251360428684289
ETV7,-0.248473748473748,0.211399874124144,0.251360428684289
MISP3,-0.248473748473748,0.211399874124144,0.251360428684289
MOV10,-0.247863247863248,0.21256074097132,0.252687003297539
SAC3D1,0.246642246642247,0.214895416731834,0.255299590049802
C16orf74,0.246642246642247,0.214895416731834,0.255299590049802
TNFAIP8L1,0.246642246642247,0.214895416731834,0.255299590049802
ZSCAN30,-0.246374602168272,0.215409487830409,0.255855959207232
CD300A,0.246031746031746,0.216069233476998,0.256476152325063
MAP1LC3A,-0.246031746031746,0.216069233476998,0.256476152325063
SLC17A9,-0.246031746031746,0.216069233476998,0.256476152325063
ZNF223,0.245796679701331,0.216522351160188,0.256959462582294
PTGDS,-0.245421245421245,0.21724737458065,0.257765185371312
TMEM229B,-0.244848117644305,0.218357332498688,0.259027196294582
DGKD,-0.244810744810745,0.2184298437993,0.25905825801181
PIK3R6,0.244542820739512,0.218950149261672,0.259620278768293
TCP11L1,-0.244200244200244,0.219616644825213,0.260300186066679
DNAL1,-0.244200244200244,0.219616644825213,0.260300186066679
NT5DC1,-0.243589743589744,0.220807781286144,0.261601083252567
SLC1A5,-0.243589743589744,0.220807781286144,0.261601083252567
TRBV14,-0.243372410974908,0.221232862013854,0.26204917695011
FN3K,-0.24304522433154,0.221873843560421,0.262752760099508
XYLT2,-0.242368742368742,0.223203074699925,0.264270928164722
ZC2HC1A,0.241147741147741,0.225615751762412,0.26701445160961
SRXN1,0.241147741147741,0.225615751762412,0.26701445160961
TRBV30,-0.240911867769849,0.226083839154055,0.267511813065907
AGA,-0.240537240537241,0.226828617538364,0.26822280170745
ZNF28,-0.240537240537241,0.226828617538364,0.26822280170745
RPS4Y1,0.240537240537241,0.226828617538364,0.26822280170745
ISL2,-0.24007334961957,0.227753129833559,0.269256988857429
L1TD1,0.240050114817839,0.227799501839144,0.269256988857429
CBWD3,-0.23992673992674,0.228045839146376,0.269434255758828
P4HA1,0.23992673992674,0.228045839146376,0.269434255758828
ADCY3,0.239462475956416,0.22897441050987,0.27047420861242
HCST,-0.239316239316239,0.229267419755281,0.27076312804045
GAL3ST2,-0.23876360907636,0.230376966082941,0.27201604610131
LHFPL5,-0.238705738705739,0.230493362467322,0.272038599180512
FSCN1,0.238705738705739,0.230493362467322,0.272038599180512
SFTPD,0.238309347908684,0.231291689558767,0.272923217559111
MAP3K4,-0.238095238095238,0.231723670317897,0.273087200088025
CA2,0.238095238095238,0.231723670317897,0.273087200088025
CALHM2,0.238095238095238,0.231723670317897,0.273087200088025
SAMD1,0.238095238095238,0.231723670317897,0.273087200088025
ZNF583,-0.238095238095238,0.231723670317897,0.273087200088025
ZNF417,0.238095238095238,0.231723670317897,0.273087200088025
CHST7,-0.237484737484738,0.232958346275308,0.274426600457451
HMGN5,-0.237484737484738,0.232958346275308,0.274426600457451
RNLS,-0.23721569502447,0.23350384494509,0.275011268098767
ZNF469,0.2370189813038,0.233903230427494,0.275423639618982
PIGQ,0.236874236874237,0.234197393240509,0.275653930330652
ELAC1,-0.236874236874237,0.234197393240509,0.275653930330652
P2RY1,0.236615350382871,0.234724139105578,0.27618221955636
GINS4,-0.236605101214883,0.23474500886112,0.27618221955636
FBXW9,0.236263736263736,0.235440814046862,0.276942581436696
CLDN5,0.235950634782535,0.236080212824927,0.277636288142375
PFKFB2,0.235042735042735,0.237940788177004,0.279706724298047
SMARCAL1,-0.235042735042735,0.237940788177005,0.279706724298047
ERMN,-0.234432234432234,0.239197346827322,0.281065678390079
DTX3L,0.234432234432234,0.239197346827322,0.281065678390079
HOXA1,0.233998842907752,0.240092032832873,0.28205769907593
TOP1MT,0.233821733821734,0.240458289971361,0.282428640520868
GPR141,0.233552132166949,0.241016528220645,0.283024868922689
TMEM187,-0.233211233211233,0.241723620100829,0.283795608566835
CISD1,-0.232600732600733,0.242993339638383,0.285226438970998
POLD1,-0.231990231990232,0.244267450937384,0.28654155352252
IGLV2-14,-0.231990231990232,0.244267450937384,0.28654155352252
TCEAL8,-0.231990231990232,0.244267450937384,0.28654155352252
KIR2DL1,-0.231476896431487,0.245342179921878,0.287681583166942
SOWAHD,0.231476896431487,0.245342179921878,0.287681583166942
BIK,-0.231427968325756,0.245444778939461,0.287739519599141
RPS10,0.231379731379731,0.24554595628167,0.287739519599141
PUS7,-0.231379731379731,0.24554595628167,0.287739519599141
MAGEF1,-0.230769230769231,0.246828857885315,0.289121695285857
MPP5,0.230769230769231,0.246828857885315,0.289121695285857
SLC29A3,0.23015873015873,0.248116157892399,0.290568702604041
CASTOR2,-0.22954822954823,0.249407858376778,0.291959125820168
LTB4R2,-0.22954822954823,0.249407858376778,0.291959125820168
ADAM28,0.228937728937729,0.250703961341854,0.293414933408047
MYB,-0.228636103807054,0.251345941979952,0.294104730603032
DARS2,-0.228327228327228,0.252004468720348,0.294813596042716
CEACAM1,-0.227855876356488,0.253011571521382,0.295929869890728
SCLT1,0.227716727716728,0.253309382374073,0.296216241370936
ZNF670,0.227245002693334,0.254320689184938,0.297274517960321
PLXNA1,-0.227245002693334,0.254320689184938,0.297274517960321
CDKN2C,-0.227106227106227,0.25461870409371,0.297498494210621
MSANTD4,0.227106227106227,0.254618704093711,0.297498494210621
SKA3,-0.226842209376104,0.255186300525429,0.298099392633842
PALB2,-0.226495726495727,0.255932435598591,0.298846143217232
TCEAL3,0.226495726495727,0.255932435598591,0.298846143217232
PLXNA2,0.226230774849484,0.256503955589644,0.299450964437847
FBLN7,-0.225993619334592,0.257016222113914,0.299986373212483
NPIPB11,-0.225614412642321,0.257836709199229,0.300881234942005
C12orf4,-0.225274725274725,0.258573134483312,0.301677648243414
PAQR8,0.224190634377563,0.260932531631396,0.30436685792298
RBM44,0.223579760714409,0.262268161606358,0.305861013493796
INKA1,0.223530473619773,0.262376117025382,0.305923112261455
GNLY,-0.223443223443223,0.262567295055822,0.30601840640937
SIRT5,-0.223443223443223,0.262567295055822,0.30601840640937
RACGAP1,-0.222832722832723,0.263907517354752,0.307452257718286
MYL9,0.222832722832723,0.263907517354752,0.307452257718286
RWDD2A,-0.222222222222222,0.26525215945805,0.308761464548171
ZCWPW1,0.222222222222222,0.26525215945805,0.308761464548171
LSM14B,-0.222222222222222,0.26525215945805,0.308761464548171
EIF1AY,0.222222222222222,0.26525215945805,0.308761464548171
ARHGAP10,-0.221611721611722,0.266601222506435,0.310202670881395
DHRS7B,0.221611721611722,0.266601222506435,0.310202670881395
ZBTB45,-0.221001221001221,0.267954707567353,0.311712653363145
GOLGA6L4,-0.219914518735484,0.270374879941831,0.314462630747653
IGKV1-9,0.219736889659131,0.270771806944573,0.314858794850083
AMT,0.219169719169719,0.272041704396413,0.316269690433418
TRAV4,-0.218943580134926,0.27254909583123,0.316793711055547
PDSS1,-0.218559218559219,0.273412886709374,0.317731683806903
SLX1B,0.218282126003421,0.274036696016648,0.318390443408496
FBLN5,-0.217988395761432,0.274698956860606,0.31899880953438
ZC4H2,-0.217981990022486,0.274713411019982,0.31899880953438
EHD3,-0.217948717948718,0.274788495265935,0.31899880953438
SORL1,-0.217948717948718,0.274788495265935,0.31899880953438
KNDC1,0.217471024082868,0.275867944517515,0.320185459888324
CYB5RL,-0.217066099308106,0.276785079451388,0.321183267128484
APOO,-0.216117216117216,0.278941884259628,0.323618883149344
GUCY1A1,0.215555205142549,0.280224375588926,0.325039350403086
DHX33,-0.215506715506716,0.280335203278931,0.32510046800825
PELO,-0.214896214896215,0.281732950911275,0.326518271812612
INPP5A,0.214896214896215,0.281732950911275,0.326518271812612
TBC1D4,-0.214896214896215,0.281732950911275,0.326518271812612
NR1D1,-0.214285714285714,0.283135127405056,0.328075348621856
S1PR2,0.21310571417502,0.285857864018482,0.331161627427253
IFT172,-0.213064713064713,0.285952767592347,0.331202956995941
MUSTN1,0.212791942640998,0.286584646553135,0.331866088947014
GPR153,-0.212584034777635,0.287066863704803,0.332355673258232
IRAK2,0.212473498000529,0.287323449544032,0.332583881153017
TTC7B,0.211880968691256,0.288701346014091,0.334071822746625
IDUA,-0.211843711843712,0.288788124312801,0.334071822746625
ADGRL1,-0.211843711843712,0.288788124312801,0.334071822746625
TRIM58,0.211233211233211,0.290212446187541,0.335650051516179
KIFC3,-0.210751413788172,0.291339625235267,0.336884033150458
LYNX1,0.210656223207491,0.291562652656542,0.337072225275043
FAM20A,0.210333477157358,0.29231963406819,0.33787751006807
NACC1,-0.21001221001221,0.2930743759266,0.338679873978414
PLCD3,0.209915563763792,0.293301663569823,0.338872500554225
RTN2,0.209722042630738,0.293757110119983,0.339328601485425
CXCL5,0.208804890840807,0.29592165180982,0.341725143271825
GMIP,0.208791208791209,0.295954018037455,0.341725143271825
ZNF813,-0.207570207570208,0.298851368704664,0.344999350494732
ETV2,-0.206959706959707,0.300306683216471,0.346607837470899
GUCY1B1,0.20668600454513,0.300960573162159,0.347290863624183
UGDH,-0.206349206349206,0.301766422875772,0.348005328257645
MTSS1,0.206349206349206,0.301766422875772,0.348005328257645
SLC4A8,0.206349206349206,0.301766422875772,0.348005328257645
LSM11,-0.205738705738706,0.303230586856891,0.349549668460881
NFS1,-0.205738705738706,0.303230586856891,0.349549668460881
PGLYRP2,0.205464816925957,0.30388889200469,0.350236332252726
NPIPB4,-0.205128205128205,0.304699174256207,0.351097832771628
HSPA1A,0.204517704517705,0.306172184092002,0.352577193872009
ENTPD6,0.204517704517705,0.306172184092002,0.352577193872009
RTL5,0.204517704517705,0.306172184092002,0.352577193872009
PPP1R14A,-0.203913414627846,0.307634562902434,0.354188279956848
ZNF749,-0.203296703296703,0.309131466754785,0.35583844423482
IGKV4-1,-0.202810056167169,0.310315857311369,0.357128272089973
UQCC1,-0.202686202686203,0.31061773722652,0.357383404267467
IGHV3-74,0.202666668541269,0.310665366263261,0.357383404267467
KCTD21,0.202079111047985,0.312100089312495,0.35867454068448
SUSD1,0.202075702075702,0.312108425423941,0.35867454068448
EPS8,0.202075702075702,0.312108425423941,0.35867454068448
SLC25A35,-0.202075702075702,0.312108425423941,0.35867454068448
NAA10,0.202075702075702,0.312108425423941,0.35867454068448
RPS29,-0.201465201465201,0.313603529972644,0.360318664394293
IGHV3-48,0.201006438543444,0.314729937152438,0.361538580229341
DNHD1,-0.200854700854701,0.315103049419264,0.36189284295595
ARHGAP29,0.200401846692626,0.316218206767263,0.363099016887585
TMEM191C,0.2002442002442,0.316606982231334,0.363470795450137
SCN1B,0.199969472639676,0.317285197186052,0.364174635193843
ZNF133,0.199755687851398,0.317813581745014,0.36470624853645
CASTOR1,-0.199023199023199,0.319628081425655,0.366713219395212
GALE,0.198412698412698,0.32114524434627,0.36822723116349
IL11RA,-0.198412698412698,0.32114524434627,0.36822723116349
CRY2,-0.198412698412698,0.32114524434627,0.36822723116349
NUDT17,-0.197221800496535,0.324117439805381,0.3714169367273
OXSM,-0.197191697191697,0.324192787583325,0.3714169367273
FAM8A1,-0.197191697191697,0.324192787583325,0.3714169367273
TTC9C,0.197191697191697,0.324192787583325,0.3714169367273
SMN1,0.196611206686948,0.325647833076746,0.372864674076627
STRADB,0.196581196581197,0.32572316396,0.372864674076627
IL6ST,-0.196581196581197,0.32572316396,0.372864674076627
EID2,-0.196581196581197,0.32572316396,0.372864674076627
TMC4,0.196090445872473,0.326956546944767,0.374199961218817
DCLRE1B,0.196000612877361,0.327182628208719,0.374382086544538
ZNF558,-0.195360195360195,0.328797115780448,0.376152510524605
NFIA,0.194749694749695,0.330340686804123,0.377841096463215
KIAA1586,-0.194139194139194,0.331888651489532,0.379534016181894
GRK4,0.193646951219857,0.333139963808768,0.380887073731063
JMJD6,-0.192918192918193,0.334997752121091,0.382915217441738
MYO10,0.192897413692906,0.33505081526152,0.382915217441738
MED18,-0.192307692307692,0.336558883003481,0.384481567672209
NOTCH2NLA,0.192307692307692,0.336558883003481,0.384481567672209
HLA-DOB,0.191726456210254,0.338049254073429,0.385954609179813
PSEN2,0.191697191697192,0.338124397419868,0.385954609179813
C2orf88,-0.191697191697192,0.338124397419868,0.385954609179813
TMTC4,-0.191697191697192,0.338124397419868,0.385954609179813
FRS3,0.191421159305461,0.33883366908739,0.386685281129935
CCDC122,0.19120345656724,0.33939369287913,0.387245364329748
TMEM106A,0.191086691086691,0.339694292636365,0.387509278747971
FAM126A,-0.19047619047619,0.341268565838096,0.389146374422234
PROSER3,-0.19047619047619,0.341268565838096,0.389146374422234
BHLHE40,-0.18986568986569,0.342847214129101,0.390866793355746
FLT1,0.189835549983495,0.34292526389368,0.390876085546974
GCNT1,0.189255189255189,0.344430234532238,0.392511487977232
TIGD3,0.189046765027041,0.344971676498684,0.393048413810237
TMEM262,-0.188759961914624,0.345717562445788,0.39381800961435
ALDH4A1,0.188644688644689,0.34601762398909,0.393999298176948
EFHC1,-0.188644688644689,0.34601762398909,0.393999298176948
OAS2,0.188034188034188,0.347609379359872,0.395650651207084
TANC2,0.188034188034188,0.347609379359872,0.395650651207084
IGHV3-7,-0.187205400432621,0.349777254163194,0.398037119511718
WDR74,0.186813186813187,0.350805974876726,0.399104907415465
F12,0.186793247882479,0.350858319895284,0.399104907415465
IGHV4-59,-0.186591612234482,0.351387928378954,0.399626051554833
TIGD5,-0.186316467262007,0.35211137999633,0.400286000597577
PTGR2,0.186316467262007,0.35211137999633,0.400286000597577
INF2,0.186202686202686,0.352410808335605,0.400544967522908
FBXO30,0.185592185592186,0.354019994333865,0.402112445662566
FADS3,-0.185592185592186,0.354019994333865,0.402112445662566
PLCG2,-0.185592185592186,0.354019994333865,0.402112445662566
CFAP44,0.185570378829239,0.354077554084849,0.402112445662566
TM7SF2,-0.184981684981685,0.355633529323599,0.403797501721333
ZNF256,-0.184483846272545,0.356952518932198,0.405212847314018
TRBV5-5,-0.184041151856945,0.358127833063379,0.406464550941834
MED11,0.183760683760684,0.358873631676453,0.407228358022469
ZNF775,-0.183262098946237,0.360201689172694,0.408569542769514
ZNF555,0.183262098946237,0.360201689172694,0.408569542769514
IL17RC,0.183150183150183,0.360500191534134,0.408825201999367
TAFA2,0.182567549066452,0.362056548275916,0.410506937947876
CHCHD4,0.182539682539683,0.362131085372265,0.410508215974398
ACSM3,0.182207488932828,0.363020328066628,0.41143284851005
BANK1,0.182040351619929,0.363468219315796,0.411856997449631
SLC24A1,-0.181956955256865,0.363691824512085,0.412026880606073
CA13,0.181874704339026,0.363912437574061,0.412193305836368
ZBED6CL,-0.181318681318681,0.365405859075821,0.413717263403926
ZNF34,-0.181318681318681,0.365405859075821,0.413717263403926
RNF207,-0.179596856967312,0.37005323026642,0.418894263896725
PDE8B,0.179425213371497,0.370518393663984,0.419335935512851
LMLN,-0.179150316299726,0.371264089020011,0.420094857507062
ZNF496,-0.178876678876679,0.372007234586157,0.420765464362012
IQCG,-0.178876678876679,0.372007234586157,0.420765464362012
CACNA1A,-0.178598689304138,0.372763085257208,0.421535120881356
CA11,0.17776423597785,0.375037311134776,0.424021157271667
SLC35E4,0.177072204780171,0.376929467481957,0.425985745306678
RHOC,0.177045177045177,0.377003478813081,0.425985745306678
WDR11,0.177045177045177,0.377003478813081,0.425985745306678
SEC22A,0.175851017160997,0.380281891648324,0.429603300625743
H2AFY2,0.175481709140005,0.381299097413632,0.430578463799885
BEGAIN,0.175481709140005,0.381299097413632,0.430578463799885
SH3D21,-0.174629829541824,0.383651446007761,0.433147362421845
CREB3L2,-0.173992673992674,0.38541630070777,0.434964269133774
PNOC,-0.173992673992674,0.38541630070777,0.434964269133774
HILPDA,0.173713938827443,0.386189829510556,0.43557352291711
DBF4B,-0.173713938827443,0.386189829510556,0.43557352291711
ZNF566,-0.173713938827443,0.386189829510556,0.43557352291711
TRBV10-3,-0.173484018496726,0.38682855930966,0.436205949517971
GTF2I,0.173382173382173,0.387111683152866,0.436437204070731
EEF1AKMT3,0.173301485952675,0.387336073975397,0.436602161997666
ACY3,-0.173103345017857,0.387887417370795,0.437135517520655
RAPGEF2,-0.172771672771673,0.388811326354424,0.438000188753816
PFKM,-0.172771672771673,0.388811326354424,0.438000188753816
FCRL1,0.172424536506904,0.389779657244848,0.438914185121464
ROBO3,0.172424536506904,0.389779657244848,0.438914185121464
KCNMA1,-0.172266373009463,0.390221307697282,0.439323042609866
LMNA,-0.172161172161172,0.390515225032867,0.439388559030944
TSPAN14,0.172161172161172,0.390515225032866,0.439388559030944
ZNF473,-0.172161172161172,0.390515225032867,0.439388559030944
TRBV24-1,-0.171929451712088,0.391163066591022,0.44002894153631
TRBV6-6,-0.171671670787613,0.391884486841897,0.440751820277532
STAM2,0.171550671550672,0.39222337382569,0.440955590356506
SLC26A2,-0.171550671550672,0.39222337382569,0.440955590356506
PTCH2,0.170940170940171,0.393935767287444,0.442791720737967
IPMK,0.17032967032967,0.395652399889707,0.444542539719358
CHEK2,-0.17032967032967,0.395652399889707,0.444542539719358
L3MBTL1,-0.169822878356846,0.397080636063208,0.446057636975785
ATRIP,-0.16971916971917,0.397373266021069,0.446117507245497
DNAH1,-0.16971916971917,0.397373266021069,0.446117507245497
GGT7,-0.16971916971917,0.397373266021069,0.446117507245497
SPACA9,0.168829188350749,0.399889499028359,0.448791134561797
TSKS,0.168791754488429,0.399995531948497,0.448791134561797
LDOC1,-0.168791754488429,0.399995531948498,0.448791134561797
MEST,0.168601131030538,0.40053572658314,0.449216964110092
ZNF528,-0.168601131030538,0.40053572658314,0.449216964110092
LRRC46,-0.167990257367384,0.402269608291413,0.451071114811627
ZNF77,-0.167887667887668,0.402561208230546,0.451126708702448
QPCTL,-0.167887667887668,0.402561208230546,0.451126708702448
LIMK2,0.167887667887668,0.402561208230546,0.451126708702448
MST1,-0.167608000731575,0.403356736800948,0.451927644197736
NAIF1,-0.167277167277167,0.404298950703974,0.452892574586663
NIPSNAP3B,0.166615908504012,0.406185915225246,0.454915208880348
NISCH,-0.166056166056166,0.4077870422216,0.456342833720871
PSPH,0.166056166056166,0.407787042221601,0.456342833720871
MFSD3,-0.166056166056166,0.4077870422216,0.456342833720871
ZNF579,0.166056166056166,0.407787042221601,0.456342833720871
UBQLN4,-0.165445665445665,0.409537378963603,0.458026604632894
JUND,0.165445665445665,0.409537378963604,0.458026604632894
ZNF429,-0.165445665445665,0.409537378963603,0.458026604632894
PPM1L,0.164835164835165,0.411291901354532,0.459804940498709
ARMC5,-0.164835164835165,0.411291901354532,0.459804940498709
LAPTM4B,-0.164555031683642,0.412098377383029,0.460614456591225
IGHV3-33,0.164473719804739,0.412332631042619,0.460784187208298
ZNF707,-0.164224664224664,0.413050603035687,0.461309960490426
MRPS35,0.164224664224664,0.413050603035687,0.461309960490426
ZNF615,0.164224664224664,0.413050603035687,0.461309960490426
CHN2,0.163614163614164,0.414813477565338,0.463093824425109
NT5C3B,0.163614163614164,0.414813477565338,0.463093824425109
ME3,-0.163333844064468,0.415624321171705,0.46390642794255
HDAC11,0.162492394398997,0.418063541623145,0.466535886002121
HSPA1B,-0.162393162393162,0.418351718988122,0.466671217351203
SNX9,-0.162393162393162,0.418351718988122,0.466671217351203
CENPBD1,0.162112656445294,0.419166923162314,0.467487322362118
ANKRD33B,-0.161119402011682,0.422060550342535,0.470620657530499
SHB,-0.160891468826121,0.422726129831397,0.471268843304859
SMIM5,0.160812507912612,0.422956835233252,0.471432055536047
TRMT12,-0.160561660561661,0.423690211669833,0.472061299792331
IER5L,-0.160561660561661,0.423690211669833,0.472061299792331
ZSCAN18,-0.159975578111741,0.425406398706641,0.473864346341897
SEC31B,0.15995115995116,0.425477983365998,0.473864346341897
SLC45A1,-0.159890128711189,0.425656932359574,0.473916349856393
IGLV1-51,0.159877428810708,0.425694174772651,0.473916349856393
PXT1,0.159364984302154,0.427198404807274,0.475481228204416
TMEM184B,-0.159340659340659,0.427269880494848,0.475481228204416
CSK,0.158730158730159,0.429065895950974,0.477289932396627
KAT2A,-0.158730158730159,0.429065895950974,0.477289932396627
ARHGAP26,0.158119658119658,0.430866022546122,0.479101769353334
ALDH16A1,0.158119658119658,0.430866022546122,0.479101769353334
COPG2,0.157509157509158,0.43267025300922,0.480916727256521
DDX3Y,0.157509157509158,0.43267025300922,0.480916727256521
SCD,-0.157025539319675,0.434102412374394,0.482412696740383
ARMCX5,0.156922609063807,0.434407555608594,0.482638899341283
SH3D19,-0.156898656898657,0.434478579986413,0.482638899341283
GTF2H2C,0.156617312159013,0.435313311117891,0.48347011633987
CRYBB2,-0.155915804288158,0.437398415722346,0.485689424288991
SPDYA,0.155772784104301,0.43782417819837,0.486065674902777
DOLPP1,-0.155677655677656,0.438107493653983,0.486187161046453
ATP8B3,-0.155677655677656,0.438107493653983,0.486187161046453
PTPN13,-0.15539612453984,0.438946540892094,0.487021638227894
SMTN,0.155161910441147,0.439645228801066,0.4877000832088
KIAA0040,-0.155067155067155,0.439928065223099,0.487917044967785
GP6,0.154930303696207,0.440336727370438,0.488273444270372
SLC46A1,-0.153259046206286,0.445343845248561,0.493512166974618
ANKRD46,0.153235653235653,0.445414146409316,0.493512166974618
CIPC,0.153235653235653,0.445414146409316,0.493512166974618
NEDD4,0.153235653235653,0.445414146409316,0.493512166974618
LRRC75A,0.152343155491906,0.448100732822678,0.496390510686294
PDGFA,0.152099247890038,0.448836440616373,0.497094442808826
FCGR2B,0.152014652014652,0.449091760563338,0.497094442808826
THUMPD2,-0.152014652014652,0.449091760563339,0.497094442808826
LRRC37A2,-0.152014652014652,0.449091760563339,0.497094442808826
GLTPD2,0.151732561682319,0.449943699814183,0.497938881725888
MDK,-0.151496668462222,0.450656778909796,0.498530703791015
ZBTB3,-0.151496668462222,0.450656778909796,0.498530703791015
WDR19,-0.151404151404151,0.45093661160582,0.498741600494412
MKS1,-0.150885794799068,0.452506170574585,0.500378585298217
GGPS1,0.150793650793651,0.452785481080508,0.500588455951403
NKAPL,-0.150718610811886,0.453013012695066,0.500741009486224
LMAN2L,-0.150511374063145,0.453641697788184,0.501237773963944
TMEM191B,0.150511374063145,0.453641697788184,0.501237773963944
TMPPE,0.150412893548576,0.453940615666874,0.501468969341991
JPT1,0.15018315018315,0.454638360726031,0.502140571435901
EEF1AKMT1,-0.149900780253558,0.455496712246597,0.502989260442924
GFI1B,0.149190024495335,0.457661060123777,0.505279496191937
MAN1A2,-0.148962148962149,0.458356117073398,0.505946981183269
RMI1,0.148351648351648,0.460220976842008,0.507804992600732
RASD1,-0.148351648351648,0.460220976842008,0.507804992600732
UPK3BL2,0.148272872705405,0.460461897931125,0.507970592470083
AGAP9,0.148068998824798,0.4610857166374,0.508558447226103
CEP19,-0.147220552820144,0.463686568424869,0.511326225721134
RRNAD1,0.147130647130647,0.463962616621355,0.511328134045451
PCGF6,-0.147130647130647,0.463962616621355,0.511328134045451
TRIM69,-0.147130647130647,0.463962616621355,0.511328134045451
TRBV6-5,-0.147002273454468,0.464356926492834,0.511661858708952
MYL6B,-0.146847811205624,0.464831601378324,0.512083986388413
LFNG,0.146520146520147,0.465839379207464,0.51299208517687
NUFIP1,-0.146520146520147,0.465839379207465,0.51299208517687
POU5F2,-0.145998805493835,0.467445180201877,0.514456494329639
MUC6,-0.145998805493835,0.467445180201877,0.514456494329639
HARBI1,-0.145998805493835,0.467445180201877,0.514456494329639
TCF4,0.145909645909646,0.46772009183856,0.514657763392607
ME1,-0.145299145299145,0.469604745598125,0.516528272498961
SPIRE1,-0.145299145299145,0.469604745598125,0.516528272498961
BPHL,0.145016029776864,0.470480076127514,0.517389299057042
PKD2L2,-0.144777058167527,0.471219580918537,0.518100648151093
ACO1,0.144078144078144,0.473385840429041,0.520380110021466
IGHV2-5,0.142853147378426,0.477195040451541,0.524464360496269
SPATA1,0.142464244702513,0.478407639851896,0.525693755561368
ZNF320,-0.142333563514911,0.478815458475386,0.526038515480227
ST3GAL5,-0.142246642246642,0.479086813543058,0.526129902068496
ZNF804A,0.142246642246642,0.479086813543058,0.526129902068496
TRIP10,0.14207047611668,0.479637019167406,0.526630711012003
DNM3,0.141852810175893,0.480317284385902,0.52727409781821
CEP89,-0.141025641025641,0.482906907427221,0.530012841282241
ZNF57,-0.140935658385962,0.483189045115208,0.530218434121712
CBWD2,0.13980463980464,0.486742468707614,0.53390817673852
FAM89B,0.13980463980464,0.486742468707614,0.53390817673852
ABHD11,0.139194139194139,0.488666025454045,0.5358079243802
C10orf88,-0.139194139194139,0.488666025454045,0.5358079243802
SPRY1,0.139023026878652,0.489205852715547,0.536294673276875
COX15,0.138583638583639,0.490593419887559,0.537710388869312
HDX,0.137446574209678,0.494193410318838,0.5415234122137
ARHGEF19,-0.137362637362637,0.494459682182252,0.5415234122137
ABHD6,-0.137362637362637,0.494459682182252,0.5415234122137
RTL6,-0.137362637362637,0.494459682182252,0.5415234122137
ZNF790,-0.136773013347442,0.496332166681133,0.543327574849444
HIST1H4H,-0.136752136752137,0.496398530026075,0.543327574849444
PPP1R3B,0.136752136752137,0.496398530026075,0.543327574849444
POMT2,0.136162419537855,0.498274979315776,0.545240433089784
NEURL4,-0.136141636141636,0.498341175522512,0.545240433089784
IGLV3-19,0.136065896860177,0.4985824462469,0.545397699415623
FARP1,0.135613953220215,0.500023342702447,0.54686691421711
NOMO3,-0.134920634920635,0.502237818558708,0.549181439456452
GTF2E1,-0.134310134310134,0.504191795441902,0.551102525432196
ZNF275,-0.134310134310134,0.504191795441902,0.551102525432196
FAM200A,-0.134025341204302,0.505104593785904,0.551884503409686
ZNF532,0.134025341204302,0.505104593785903,0.551884503409686
TIGD6,0.133781332230753,0.505887323182619,0.552631746676539
GEM,-0.133497257730329,0.506799328429592,0.553519891519195
LGALSL,-0.133170458567599,0.507849500977781,0.554411074158347
SDCBP2,-0.133170458567599,0.507849500977781,0.554411074158347
RETSAT,-0.133089133089133,0.508111007700559,0.554411074158347
PDP1,0.133089133089133,0.508111007700559,0.554411074158347
CBWD5,-0.133089133089133,0.508111007700559,0.554411074158347
CCSER1,0.132559584904445,0.509815419964923,0.556162276325371
HIST2H2AA4,0.132375575013279,0.510408333805952,0.556700488130073
CRAMP1,-0.131257631257631,0.514017813226848,0.560528005375299
PRR29,-0.130972372156368,0.514940813799148,0.561425040117925
SPRYD4,-0.130647130647131,0.515994168661307,0.562354198236996
USP30,-0.130647130647131,0.515994168661307,0.562354198236996
LRP11,0.130546722885377,0.516319569549622,0.562599188020555
ENKD1,0.130361778346781,0.516919197953328,0.563142831668616
MAP1LC3B2,-0.13003663003663,0.517974216088018,0.564072408250086
GATD3A,0.13003663003663,0.517974216088018,0.564072408250086
LINC00672,0.12889434292552,0.521688894501198,0.567844038357224
LIMD1,-0.128815628815629,0.521945342839079,0.567844038357224
NUP43,-0.128815628815629,0.521945342839079,0.567844038357224
REPIN1,0.128815628815629,0.521945342839079,0.567844038357224
ASPHD2,0.128815628815629,0.521945342839079,0.567844038357224
RDH5,0.128598275795271,0.522653788597746,0.568504179311145
DBT,0.128205128205128,0.523936399928176,0.569566941757068
IVNS1ABP,0.128205128205128,0.523936399928176,0.569566941757068
PHLDA1,-0.128205128205128,0.523936399928176,0.569566941757068
CENPQ,-0.127919403108434,0.524869503621721,0.570470410933462
LZTS2,-0.12761410620364,0.525867405352816,0.571291129872564
GPR183,0.127594627594628,0.525931104539334,0.571291129872564
CDKL5,0.127594627594628,0.525931104539334,0.571291129872564
TIAM2,-0.126984126984127,0.527929445359949,0.573350448330324
MELTF,0.126872664273697,0.528294685926552,0.573635705573064
ABL2,-0.126373626373626,0.52993141099972,0.575189528398764
ZFYVE19,-0.126373626373626,0.52993141099972,0.575189528398764
MAK,0.126261229747077,0.53030037843127,0.575478307042046
ZBTB22,-0.125763125763126,0.531936989990816,0.577142345368383
CARMIL1,0.125229100946595,0.533694289095289,0.57887301028437
SLC7A11,0.125152625152625,0.53394617078805,0.57887301028437
KRBA1,0.125152625152625,0.53394617078805,0.57887301028437
BRCA1,-0.125152625152625,0.53394617078805,0.57887301028437
PNPLA7,-0.124618227283441,0.535707841728435,0.5806703335812
SNED1,-0.124542124542125,0.535958941769048,0.58082992294041
XRCC3,-0.123396479957133,0.539745688176764,0.584820362000477
ABCC5,-0.122710622710623,0.542018678436784,0.587169401359646
COL9A3,0.121223169132599,0.546963570225874,0.592411443870441
RHOBTB3,0.120952985304516,0.547864013044042,0.593271797239017
KDM7A,0.120879120879121,0.548110300980367,0.593308711398028
TRIB3,0.120879120879121,0.548110300980367,0.593308711398028
IGKV2-30,0.12066776859709,0.548815301502025,0.593956873620925
TMEM250,-0.12026862026862,0.550147871375053,0.595053558361566
CMKLR1,0.12026862026862,0.550147871375053,0.595053558361566
SYNGR1,0.12026862026862,0.550147871375053,0.595053558361566
HTD2,0.119731237978208,0.551944298562137,0.596881167580636
CREB3L4,0.119676386679012,0.552127814142222,0.596914852373397
FP565260.1,-0.11965811965812,0.552188936217378,0.596914852373397
IGHV3-21,0.119465685197002,0.55283301783263,0.597495600255134
HSD17B1,0.119412684667037,0.55301047227775,0.597571895841001
MTURN,0.119047619047619,0.554233483198488,0.598777750781674
MORN1,0.118618298164324,0.555673343776641,0.600217372686686
ZSCAN9,-0.118437118437118,0.556281499934205,0.600642237426545
DYNLRB1,-0.118437118437118,0.556281499934205,0.600642237426545
LRFN1,0.117287743325592,0.560146624395595,0.6046988269537
PEX10,0.116605616605617,0.562446243701679,0.606947007869507
RARG,-0.116605616605617,0.562446243701679,0.606947007869507
CCDC24,0.116318120726285,0.563416743807147,0.607876988494996
WDR81,0.115995115995116,0.564508014114747,0.608936885596
RHOBTB2,0.115866842794533,0.564941649314924,0.609287117255362
CH25H,-0.115455122336129,0.566334509543697,0.610671534394206
LDLR,0.115384615384615,0.566573191238856,0.610811121150507
MCF2L2,-0.115096933107111,0.567547528610084,0.611743596759366
IGKV3-20,0.114181042392731,0.570654518532569,0.614445723895546
TADA2B,-0.114163614163614,0.570713714219147,0.614445723895546
SCRIB,-0.114163614163614,0.570713714219147,0.614445723895546
NET1,-0.114163614163614,0.570713714219147,0.614445723895546
ADO,-0.114163614163614,0.570713714219147,0.614445723895546
ZNF677,0.114163614163614,0.570713714219147,0.614445723895546
JRKL,0.114032539214672,0.571159003522609,0.614806765678235
EFCAB13,0.113553113553114,0.572789034190364,0.616442701923117
SNX15,0.112942612942613,0.57486770910313,0.61844175246339
ZNF551,-0.112942612942613,0.57486770910313,0.61844175246339
PAIP2B,-0.112400754020359,0.576715467771062,0.620310231924559
AGAP4,0.11234926096397,0.576891197609752,0.620379918660333
IGKV3D-11,0.111880562327351,0.578491808623494,0.621981579277558
MYH11,-0.111721611721612,0.57903507117659,0.622446005001825
UCK2,-0.111111111111111,0.58112373186671,0.624211277103082
HYPK,0.111111111111111,0.58112373186671,0.624211277103082
TBC1D2B,-0.111111111111111,0.58112373186671,0.624211277103082
ADGRE5,-0.111111111111111,0.58112373186671,0.624211277103082
RELL1,0.110500610500611,0.583215694557686,0.626217773419082
LGALS3BP,-0.110500610500611,0.583215694557686,0.626217773419082
RPP25,0.110363932054951,0.583684492703024,0.62660082226825
CES4A,-0.10989010989011,0.585310945833047,0.62822625894403
PINK1,0.109279609279609,0.587409472204271,0.63035766044258
SLC5A10,0.108947405169804,0.588552757146638,0.631463357245587
CCDC189,-0.10852962847509,0.589991908845069,0.632886006955999
TRMT5,-0.107513764715126,0.593497673860028,0.636523729427199
PLEKHG3,-0.107448107448107,0.593724565932094,0.636523729427199
CTU1,0.107448107448107,0.593724565932094,0.636523729427199
NUDT6,-0.106902891051971,0.595610109632878,0.638420238975769
WDR90,-0.106853916677689,0.595779605057757,0.638420238975769
MPND,0.106837606837607,0.595836056368837,0.638420238975769
IGLV2-11,0.106361796031456,0.597483929939618,0.640063244487039
NPIPA1,0.106227106227106,0.597950753386425,0.640440646032732
PKN1,0.105616605616606,0.600068643069088,0.642585954048705
RAB40B,-0.105022135248929,0.60213397687986,0.644487055755127
RNASEL,-0.105006105006105,0.602189711430711,0.644487055755127
ERGIC1,0.105006105006105,0.602189711430711,0.644487055755127
MAP10,-0.104861021315369,0.602694243066118,0.644903598780277
PRMT9,0.104395604395604,0.604313944415096,0.646389360590898
ZNF605,-0.104395604395604,0.604313944415096,0.646389360590898
SORBS3,0.103174603174603,0.608571847678456,0.650694793923122
ABI3,0.103174603174603,0.608571847678456,0.650694793923122
ZNF653,-0.102885056915375,0.609583396088975,0.651426740817454
ADD2,0.102878620636217,0.609605889609753,0.651426740817454
CLDN15,0.102878620636217,0.609605889609753,0.651426740817454
SMPD3,-0.102721000472198,0.610156848883449,0.651890924523548
KLF13,-0.102564102564103,0.610705489496916,0.652227864260266
COQ7,-0.102564102564103,0.610705489496916,0.652227864260266
PIP5K1B,0.102274463105788,0.611718839794009,0.653185364164235
SLC25A28,0.101953601953602,0.612842239017633,0.654135102230693
SEMA4B,-0.101953601953602,0.612842239017633,0.654135102230693
BAMBI,-0.100275262365717,0.618732317846653,0.660296015534062
AFF3,0.1001221001221,0.619270989423611,0.660744776351237
SNAPC3,-0.0995115995115995,0.621420025042161,0.662784814044587
ZCCHC14,0.0995115995115995,0.621420025042162,0.662784814044587
GSTA4,0.098592011443041,0.624662809864027,0.66611640594196
ALKBH1,0.0976800976800977,0.62788528289716,0.669297465108829
ARMC7,-0.0976800976800977,0.627885282897159,0.669297465108829
TEF,0.0971289124415055,0.629836270932207,0.671249176110712
PCK2,0.0970695970695971,0.630046369816497,0.671345141008737
IGLV8-61,0.0968133142580806,0.630954462811736,0.67218467442241
DRAP1,0.0958485958485958,0.634377455548093,0.675702615509512
SRR,-0.0952526342955402,0.636495712399126,0.677755749533236
MYL5,0.0952380952380952,0.636547424275493,0.677755749533236
DNASE2,-0.0946275946275946,0.638720323411018,0.679810439382264
ZNF296,0.0946275946275946,0.638720323411018,0.679810439382264
LTC4S,0.09433674358116,0.639756549199733,0.68078375321121
KIAA0753,0.0940745441257349,0.640691262642508,0.681607303592147
TMEM173,0.094017094017094,0.640896137748124,0.681607303592147
AC138969.1,-0.094017094017094,0.640896137748124,0.681607303592147
NBPF20,-0.0934065934065934,0.643074852015147,0.683794366318445
ANKRD6,-0.0931155559619864,0.644114503523136,0.684769639486954
LONRF1,0.0927960927960928,0.645256450875607,0.685722932971568
ZNF668,0.0927960927960928,0.645256450875607,0.685722932971568
NUMBL,0.0926323307829644,0.645842136388837,0.686214939518598
L3MBTL4,0.0922419231362725,0.647239238103772,0.687568734702944
ARL17A,-0.0921855921855922,0.6474409189285,0.687652349220925
MT1X,-0.0915750915750916,0.649628240708607,0.689844497159614
PRICKLE4,0.091283774533226,0.650672982286138,0.690822729626748
SGSH,0.090964590964591,0.651818400686796,0.691776142843151
U2AF1,-0.090964590964591,0.651818400686796,0.691776142843151
HAUS7,0.0904093021468101,0.653812941005957,0.693761283890951
PCYOX1L,-0.0903540903540904,0.654011383270328,0.693840192610069
ETV3,-0.0897435897435897,0.656207172803165,0.695905653388071
PSTPIP1,0.0897435897435897,0.656207172803165,0.695905653388071
FAM86C1,-0.0894519931044656,0.657256945336803,0.696886772530034
AC240274.1,-0.0885361023900854,0.660558351258993,0.700040734864215
SLC35A5,0.0885225885225885,0.660607109777979,0.700040734864215
DHX58,0.0885225885225885,0.660607109777979,0.700040734864215
IGHV1-24,-0.0884868612549496,0.660736021554419,0.700044682177398
IGKV3-11,-0.0879255085804986,0.662762742842454,0.701844418390978
MAP3K13,-0.0879120879120879,0.662811225594198,0.701844418390978
NOCT,-0.0879120879120879,0.662811225594198,0.701844418390978
CCDC96,-0.0873015873015873,0.665018085108836,0.704047923500305
TREML2,0.0871294200433823,0.66564093527566,0.704573937168558
FAM117B,0.0866910866910867,0.667227672354068,0.706119822824365
AP1S3,-0.0861331865047313,0.669249254390573,0.707857353991316
TIMM23B,0.0861331865047313,0.669249254390572,0.707857353991316
CYP4F22,0.0861331865047313,0.669249254390572,0.707857353991316
IGFBP6,0.0856008337268318,0.67118036409539,0.709765619519935
CRACR2B,-0.0854831333421514,0.67160759799774,0.70999897336102
CDIP1,0.0854700854700855,0.671654965858333,0.70999897336102
DDX58,-0.0848595848595848,0.673872639876004,0.712074036694372
GIT1,-0.0848595848595848,0.673872639876004,0.712074036694372
IGLV3-1,-0.0845074383797494,0.675153041783822,0.713292236851526
ALS2CL,-0.0843779646735913,0.675624029360671,0.713476491447289
THAP9,0.0843779646735913,0.675624029360671,0.713476491447289
FGFRL1,-0.0842490842490842,0.676092977142201,0.713476491447289
DTNBP1,-0.0842490842490842,0.676092977142201,0.713476491447289
NFE2L1,-0.0842490842490842,0.676092977142201,0.713476491447289
PHLDB3,-0.0842490842490842,0.676092977142201,0.713476491447289
SPAG4,-0.0836385836385836,0.678315961385346,0.715687331333369
IGHV4-39,-0.0832826928959849,0.679613062709497,0.716920627555463
ACACB,0.0830407581038043,0.68049534192906,0.717715947202433
TRIM3,-0.0824175824175824,0.682769805417695,0.719979021666179
EIF4G3,-0.0818070818070818,0.685000632366267,0.722195236838644
ESAM,0.0814455746703382,0.686322831490454,0.723452831987675
SNTB1,0.0811965811965812,0.687234040611199,0.72414033448235
ZDHHC8,-0.0811965811965812,0.6872340406112,0.72414033448235
ZKSCAN3,-0.0807093575138699,0.689018303057178,0.725746911037058
MAPK8IP1,0.0807093575138699,0.689018303057178,0.725746911037058
TFPT,0.0805860805860806,0.68947001358546,0.725949221609846
CASS4,0.0805860805860806,0.68947001358546,0.725949221609846
IGLV6-57,-0.0804025754173774,0.690142604445947,0.726520603174273
KTI12,0.07997557997558,0.691708534663941,0.727758066950285
CTH,0.07997557997558,0.691708534663941,0.727758066950285
TRAPPC12,-0.07997557997558,0.691708534663942,0.727758066950285
LRRN3,-0.0794364493028946,0.693687469129346,0.729653952199907
CATSPERG,0.0794135762100359,0.693771470645011,0.729653952199907
CAPS,0.0793650793650794,0.69394958716381,0.729704041259877
LY6G5C,0.0788027025468818,0.696016210277439,0.731650464028637
IL4R,0.0787545787545788,0.696193154344846,0.731650464028637
ZNF784,0.0787545787545788,0.696193154344846,0.731650464028637
CDK14,-0.0781440781440781,0.698439219409796,0.73345955210133
SH2D3C,0.0781440781440781,0.698439219409796,0.73345955210133
CCDC134,-0.0781440781440781,0.698439219409796,0.73345955210133
PNPLA4,0.0781440781440781,0.698439219409796,0.73345955210133
PYROXD2,-0.0775809552205736,0.700513179457827,0.73540652866036
FASTKD3,0.0775335775335775,0.700687765504721,0.73540652866036
ZKSCAN5,-0.0775335775335775,0.700687765504721,0.73540652866036
IGHV1-18,0.077057187729756,0.702444078089967,0.737076810940089
C17orf97,0.0770304188665376,0.702542811572009,0.737076810940089
ZNF619,-0.0769700815574194,0.702765375188472,0.737172008638892
MAP3K6,0.0769230769230769,0.702938775719347,0.737215610244297
CCT6B,0.0763125763125763,0.705192233087424,0.739440271409127
ZNF597,0.0751374605679571,0.709536602859308,0.743615946603212
FAM167A,0.0751259443019623,0.709579222316819,0.743615946603212
CEPT1,-0.0750915750915751,0.709706421141155,0.743615946603212
PHF19,-0.0750915750915751,0.709706421141155,0.743615946603212
PDIA5,-0.0744810744810745,0.711967117617619,0.745705211035349
MLH3,0.0744810744810745,0.711967117617619,0.745705211035349
PRXL2A,-0.0742892949843576,0.712677772890436,0.746309757678524
NBPF1,-0.0738705738705739,0.714230192829872,0.747655417129286
C11orf21,0.0738705738705739,0.714230192829872,0.747655417129286
BCL9,-0.0733048395784947,0.716329431484464,0.749605904653261
MICAL1,0.0732600732600733,0.716495629537139,0.749605904653261
VAV1,-0.0732600732600733,0.716495629537139,0.749605904653261
STARD10,0.0726606633408287,0.71872219188034,0.751697211746301
ZBTB10,-0.0726495726495726,0.718763410444827,0.751697211746301
MOB3C,-0.072039072039072,0.721033518204895,0.753930335415441
ARRDC5,-0.0717447726264485,0.722128677950999,0.754934299327348
FAM189B,0.0714285714285714,0.723305935416224,0.755882412791538
PDE8A,0.0714285714285714,0.723305935416224,0.755882412791538
ATXN7L3,0.0708180708180708,0.72558064462498,0.758117893262871
ZNF81,0.0705235850072749,0.726678705271631,0.759123355105354
PHETA2,0.0703149705613261,0.727456893203629,0.759794349420003
HSD11B1L,0.0702504712627241,0.727697546357686,0.759903768297327
TMEM63C,-0.070009253298016,0.728597777269411,0.760701786872768
IGHV3-30,-0.0698883924781819,0.729048964817801,0.761030765589162
ZBTB5,-0.0695970695970696,0.730136868958146,0.761739808062304
QPRT,-0.0695970695970696,0.730136868958146,0.761739808062304
SPHK2,-0.0695970695970696,0.730136868958146,0.761739808062304
ARG2,-0.0693978187713957,0.730881236775019,0.762374160799461
DYNC2LI1,0.0689971004833079,0.732378973152836,0.763793960811387
H6PD,0.0683760683760684,0.734702050533764,0.76593099675332
GPSM2,0.0683760683760684,0.734702050533764,0.76593099675332
FAM219A,0.0677655677655678,0.736987956103557,0.768170857508125
ZNF717,-0.0671653190545476,0.739237606875737,0.770268615547548
MON1A,-0.0671550671550672,0.73927604786189,0.770268615547548
CACNB3,-0.0669029135972319,0.740221726515852,0.771110263538868
C1orf198,0.0666463634016047,0.741184272694752,0.771969166122007
GTF2IRD2,-0.0659340659340659,0.74385871864545,0.774177918232897
TRIM14,0.0659340659340659,0.74385871864545,0.774177918232897
ATN1,-0.0659340659340659,0.74385871864545,0.774177918232897
SNX22,-0.0659340659340659,0.74385871864545,0.774177918232897
IGHV1-2,0.0655007571713087,0.745487074492536,0.775728269550105
PROCA1,0.0653335376257872,0.746115764342287,0.775988290967238
CDKL1,0.0653235653235653,0.746153261897503,0.775988290967238
FAHD1,0.0653235653235653,0.746153261897503,0.775988290967238
CMTM8,-0.0649115106395177,0.747703150107157,0.77745556255099
CTPS2,0.064417646911407,0.749562013449055,0.779243498644193
C11orf95,0.0641123500066136,0.750711810430656,0.780187063149587
ALS2,-0.0641025641025641,0.750748674321875,0.780187063149587
RABL2A,-0.0635017561970268,0.75301296176018,0.782287357522149
TMEM201,0.0634920634920635,0.753049507428778,0.782287357522149
ZNF449,0.0631964592922334,0.75416431158009,0.783299931343957
NEFH,0.0628815628815629,0.755352401008742,0.784388231465345
CD72,-0.0622710622710623,0.757657336909938,0.786489665491066
MDM1,-0.0622710622710623,0.757657336909938,0.786489665491066
HBB,-0.0616982399785664,0.759821859820538,0.788408414503878
PLTP,0.0616982399785664,0.759821859820538,0.788408414503878
SMN2,0.0616699747682664,0.759928711404847,0.788408414503878
COL6A3,0.0610873663154123,0.762132113905423,0.790547493651745
TTBK2,-0.061050061050061,0.762273262834443,0.790547493651745
IGHV4-4,0.0608552763277534,0.763010374551658,0.791018541804389
IGHV4-61,-0.0608552763277534,0.763010374551658,0.791018541804389
EFCAB11,-0.059838193339506,0.766862521715162,0.794753299036705
MICA,-0.0598290598290598,0.766897139056162,0.794753299036705
MAP4K3,0.0592185592185592,0.769212012657371,0.796709311868868
EME2,0.0592185592185592,0.769212012657371,0.796709311868868
CCDC144A,-0.0592185592185592,0.769212012657371,0.796709311868868
FUT7,0.0586438716627958,0.771392857697167,0.798517333732158
ZNF283,-0.0586438716627958,0.771392857697167,0.798517333732158
HEXA,-0.0586080586080586,0.771528818697219,0.798517333732158
KPTN,0.0586080586080586,0.771528818697219,0.798517333732158
ADAL,-0.058311708815539,0.772654136090679,0.799534035717816
SLC16A10,-0.0580029847242056,0.773826919275169,0.800472703742402
TRMT10A,-0.057997557997558,0.773847538703759,0.800472703742402
ADTRP,0.0578839242982333,0.774279336486132,0.800771231668292
ZNF724,-0.0574748455023013,0.775834340799156,0.802231071329305
MBLAC1,-0.0564799273867786,0.779619768584959,0.805996255486613
SLC19A2,-0.0561660561660562,0.780814997144844,0.807082710542323
ACVR2A,0.0555555555555556,0.783141187422599,0.809188011837985
SLC22A5,-0.0555555555555556,0.783141187422599,0.809188011837985
PTPRN2,-0.0551135467694018,0.784826510889843,0.81077957674044
KNSTRN,-0.054945054945055,0.785469198653849,0.811293638506155
PPP1R32,0.0546481459580182,0.786602049006242,0.812313694929437
MAFF,0.0543345543345543,0.787799012108151,0.813399570847264
TESK1,0.0537240537240537,0.79013060901343,0.815355299059439
FKBP4,0.0537240537240537,0.79013060901343,0.815355299059439
SNAI3,-0.0537240537240537,0.79013060901343,0.815355299059439
RPS6KA1,0.0531135531135531,0.792463970556397,0.817310683023123
GFOD1,0.0531135531135531,0.792463970556397,0.817310683023123
PACS2,0.0531135531135531,0.792463970556397,0.817310683023123
TXNDC16,0.0525030525030525,0.794799077882972,0.81956784870396
ARHGEF10,0.0522776520260294,0.795661650968176,0.820306038387544
EIF3C,-0.0518925518925519,0.797135912098701,0.821674473816763
HBA1,-0.0517260600111872,0.797773496009418,0.82218013079334
POP1,-0.0513605002360991,0.799173858062204,0.823326178319204
IFT81,0.0513133877049463,0.799354377812163,0.823326178319204
IGLV2-23,-0.0513133877049463,0.799354377812163,0.823326178319204
IRF2,-0.0512820512820513,0.799474454269184,0.823326178319204
USP40,0.0506715506715507,0.801814685420494,0.825584187234654
MAST2,-0.0500610500610501,0.804156586539606,0.827843083933998
RNF227,0.0498319139195485,0.805035987698101,0.828595848188438
SGSM2,-0.0494505494505495,0.806500138574823,0.829797382688208
SS18L1,-0.0494505494505495,0.806500138574823,0.829797382688208
ZSWIM4,-0.0482295482295482,0.811192118995994,0.834471363028991
CD3EAP,0.0479316140525635,0.812337973474588,0.835496403838495
ADK,-0.0476190476190476,0.813540509089055,0.836425542714837
KLF16,0.0476190476190476,0.813540509089055,0.836425542714837
SUMO4,0.0470804585497575,0.815613587435666,0.838402790614016
FHIT,0.047008547008547,0.815890473513299,0.838533271068989
TCEANC2,0.0463980463980464,0.81824199303012,0.840486632076494
EIF4E3,-0.0463980463980464,0.81824199303012,0.840486632076494
UBASH3B,0.0463980463980464,0.81824199303012,0.840486632076494
AL136454.1,-0.0457875457875458,0.820595048364829,0.842439418112012
CLCF1,0.0457875457875458,0.82059504836483,0.842439418112012
PLA2G4B,0.0457875457875458,0.82059504836483,0.842439418112012
TCEA3,-0.0445665445665446,0.825305689211371,0.846809066801833
GADD45G,0.0445665445665446,0.825305689211372,0.846809066801833
SCARF2,0.0445665445665446,0.825305689211372,0.846809066801833
ROM1,0.0443290031799664,0.826222819104348,0.847594570616679
ZNF691,0.0434784646736392,0.829508503222227,0.850653135891929
GPR146,-0.0434784646736392,0.829508503222226,0.850653135891929
PDZD7,-0.0427611564207886,0.832281689876543,0.853131227228936
MUC12,0.0427415666710757,0.832357453489579,0.853131227228936
PER3,-0.0427350427350427,0.832382685221938,0.853131227228936
ZNF93,0.0424946996001058,0.833312340175506,0.853927543753239
ACSBG1,-0.0416413464479925,0.836614896953825,0.857154727696188
TNKS1BP1,0.0415394090944803,0.837009585986706,0.857402015907247
GIN1,-0.0412718305468653,0.83804580054365,0.858306248468881
IGHV5-51,0.0410519212752987,0.838897610342111,0.859021321558888
SLC15A2,0.0409285354313262,0.8393756181459,0.859295254209649
RTL10,-0.0409035409035409,0.839472455963396,0.859295254209649
MSANTD2,-0.0406044883375219,0.840631270014773,0.860323949839424
RMDN2,-0.0402930402930403,0.841838460561452,0.86092916449518
PXYLP1,-0.0402930402930403,0.841838460561452,0.86092916449518
RIMKLB,0.0402930402930403,0.841838460561453,0.86092916449518
ABAT,0.0402930402930403,0.841838460561453,0.86092916449518
ENKUR,0.0391918554804635,0.84610949742973,0.865138838842028
IGKV1-5,-0.0390959144418639,0.846481815574986,0.865139703349787
CSAD,0.0390720390720391,0.846574473664169,0.865139703349787
ATP23,-0.0390720390720391,0.846574473664168,0.865139703349787
TCEAL1,0.0384615384615385,0.848944442852982,0.867403128893454
USP27X,-0.037967109996699,0.850864759460263,0.869206381969636
BEX3,-0.0378510378510379,0.851315694205368,0.869508193971948
ADCY9,-0.0372405372405372,0.853688207987833,0.871772180253463
GATD3B,-0.0369409254800012,0.854853008297316,0.872802268102719
APOM,0.0366300366300366,0.856061964437467,0.873398742042386
PI4K2A,0.0366300366300366,0.856061964437467,0.873398742042386
RGCC,0.0366300366300366,0.856061964437467,0.873398742042386
IQCN,-0.0366300366300366,0.856061964437467,0.873398742042386
RPS26,-0.036019536019536,0.858436943762396,0.875502350815123
RBBP8,-0.036019536019536,0.858436943762396,0.875502350815123
GSTM3,-0.0359066095911749,0.858876384414592,0.875790798987308
KCTD6,0.0354090354090354,0.860813126142242,0.877605652030523
FMN1,0.034498550241654,0.864359096534179,0.881060165479243
GBP1,-0.0341880341880342,0.86556902064535,0.881811252222408
PER2,-0.0341880341880342,0.86556902064535,0.881811252222408
ACP2,-0.0341880341880342,0.86556902064535,0.881811252222408
ZNF304,-0.0335980514734767,0.867868697858617,0.883913511418106
CHD1L,0.0335775335775336,0.867948692989417,0.883913511418106
IGHV3-20,-0.0329190233848341,0.870516760954735,0.886302447688512
IGHV1-46,-0.0328947439609478,0.870611470878576,0.886302447688512
FKBPL,0.0323763041471685,0.87263423047478,0.888199966657257
IGHV3-72,-0.0313240600527463,0.876742087078344,0.892218698988553
TRMT61A,-0.0311355311355311,0.877478417650996,0.892805551583765
CX3CR1,0.0305250305250305,0.879863507666233,0.894743905231783
ZDHHC14,-0.0305250305250305,0.879863507666233,0.894743905231783
CCDC22,0.0305250305250305,0.879863507666233,0.894743905231783
TRIM16,-0.029919096669753,0.882231768443586,0.896518241222233
TP53I11,0.0299145299145299,0.882249621145556,0.896518241222233
CD79B,0.0299145299145299,0.882249621145556,0.896518241222233
ZFY,-0.0299145299145299,0.882249621145556,0.896518241222233
IGHV1-69D,0.0290759458662882,0.885528819847317,0.899686984118132
ABO,0.0287374227511507,0.886853105038871,0.900809895986816
C7orf25,-0.0287110621682438,0.886956238788163,0.900809895986816
IQCK,0.0281259882245304,0.889245755062633,0.90297117528786
SLC8B1,0.0274725274725275,0.891803907749624,0.905404403074782
RUNX1,0.0268620268620269,0.894194836883539,0.9076670045113
PRRG3,0.0262675675156273,0.896523810488101,0.909434545825012
PRR11,0.0262515262515262,0.896586668657599,0.909434545825012
ZNF799,0.0262515262515262,0.896586668657599,0.909434545825012
PPM1N,-0.0262515262515262,0.896586668657599,0.909434545825012
SYCP2,-0.0256566938524732,0.89891796410518,0.911365610757998
CISH,0.0256410256410256,0.898979382857854,0.911365610757998
FOXP4,0.0256410256410256,0.898979382857854,0.911365610757998
SREBF1,-0.025030525030525,0.901372959249715,0.913460961965279
ZBTB7A,0.025030525030525,0.901372959249715,0.913460961965279
AC233755.2,-0.0248081792027829,0.902244915897254,0.914178939970546
KIAA2013,-0.0244200244200244,0.903767377578417,0.915389816232296
FBXL8,0.0244200244200244,0.903767377578416,0.915389816232296
THAP8,0.0232131991998567,0.908503013219321,0.919742943651757
AIG1,-0.0231990231990232,0.908558658929239,0.919742943651757
TMEM38B,0.0231990231990232,0.908558658929238,0.919742943651757
AIM2,-0.0228972678595048,0.909743252564826,0.92060880715572
ZC3H10,0.0228972678595048,0.909743252564826,0.92060880715572
HLA-DOA,0.0225885225885226,0.9109554813452,0.921668726557329
MYOM2,0.0219914518735484,0.913300314008871,0.923760234510623
NLRX1,0.021978021978022,0.91335306448663,0.923760234510623
IL4I1,0.0213707833355379,0.915738571582503,0.925850978434962
TBC1D14,-0.0213675213675214,0.915751388004967,0.925850978434962
IGLV1-44,-0.0208206732239962,0.917900267660064,0.927773258608579
PAQR4,-0.0207570207570208,0.918150431534312,0.927773258608579
GGT1-1,-0.0207570207570208,0.918150431534312,0.927773258608579
ATP10D,-0.0201465201465201,0.9205501746919,0.930030095190083
BBS10,-0.0198716221151574,0.92163096118323,0.930894183105027
HIC1,-0.0198442988115709,0.921738392677492,0.930894183105027
CCL4L2,-0.0189255189255189,0.925351678279271,0.934374609053392
HNRNPA1P48,0.0186231111923973,0.92654127682761,0.935406900166094
KHK,-0.0183178142876039,0.927742397036544,0.936292546625621
AC055839.2,0.0183150183150183,0.927753397863478,0.936292546625621
DHRS11,0.0180373185352967,0.928846079128305,0.937226141191895
CD101,0.0177045177045177,0.930155735385728,0.938378291949665
RASA1,-0.0170940170940171,0.932558670386071,0.940293560187326
PAK4,-0.0170940170940171,0.932558670386071,0.940293560187326
SH3BP1,0.0170940170940171,0.932558670386071,0.940293560187326
TNF,0.0164835164835165,0.934962182390548,0.94203757187891
EBPL,0.0164835164835165,0.934962182390548,0.94203757187891
GCH1,0.0164835164835165,0.934962182390548,0.94203757187891
C16orf95,-0.0164835164835165,0.934962182390549,0.94203757187891
PGBD2,-0.0155701421444633,0.938559126737712,0.945491377538693
ASTL,-0.0152718415788531,0.939734117563269,0.946371082958825
HES6,0.0152625152625153,0.93977085544892,0.946371082958825
CBLN3,-0.0146609679156989,0.942140699704829,0.948586746984049
TMPO,-0.0134310134310134,0.946987679966361,0.9531236692534
C19orf47,-0.0134310134310134,0.946987679966361,0.9531236692534
AKIP1,0.0128205128205128,0.949394223318556,0.955373852221948
POLR2J2,0.0122100122100122,0.951801200005267,0.957623661466256
FAM118B,-0.0115995115995116,0.954208589457751,0.959873076497165
PDE5A,0.0109957259367742,0.956589885645126,0.962095438943803
TMEM79,0.0103800947629755,0.959018274182258,0.964364356991043
IGKV3-15,-0.00979796387011587,0.961314847878796,0.966499933358185
CEP41,-0.00946420404859534,0.962631706027353,0.967649919127262
GSK3A,-0.00854700854700855,0.966251007649871,0.971113521707059
ZNF213,0.00824301642942175,0.967450723960171,0.972144554965908
MT-ND3,-0.00793650793650794,0.968660441244836,0.973185265440374
NPM3,-0.00732600732600733,0.971070143380233,0.975430975710843
ARHGAP1,-0.00671550671550672,0.97348009342336,0.977676128308806
HLA-G,0.00610500610500611,0.975890270735696,0.979568909343747
SNX16,0.00610500610500611,0.975890270735696,0.979568909343747
MS4A1,0.00610500610500611,0.975890270735696,0.979568909343747
MFAP3L,0.00551135467694018,0.978234127991038,0.981745377553102
IGLV1-40,-0.00491030558511794,0.980607372358068,0.983878214548714
CNEP1R1,0.00488400488400488,0.98071122458772,0.983878214548714
ZNF627,-0.00427350427350427,0.983121959825627,0.986119820510297
KIAA1841,0.00366300366300366,0.985532839730153,0.988183546668642
ADCK1,-0.00366300366300366,0.985532839730153,0.988183546668642
IGHV3-23,0.00335826595272738,0.986736303122894,0.989212873263396
ICAM2,-0.00305250305250305,0.987943843640947,0.990245917483452
USP49,0.00274767214314058,0.989147729281486,0.991274928699296
GDPD5,0.00244200244200244,0.990354950894745,0.992129144644109
NT5DC3,-0.00244200244200244,0.990354950894745,0.992129144644109
MEGF8,0.00183150183150183,0.99276614082586,0.994366516120044
ATP13A3,-0.00122100122100122,0.99517739276666,0.996603148343689
FCGR3A,0.000610500610500611,0.997588686048059,0.997945605077056
PITPNM1,-0.000610500610500611,0.997588686048059,0.997945605077056
NPIPB15,0.000610500610500611,0.997588686048059,0.997945605077056
ENO3,-0.000610500610500611,0.997588686048059,0.997945605077056
SLC25A19,-0.000610500610500611,0.997588686048059,0.997945605077056
PLCB1,-0.000610500610500611,0.997588686048059,0.997945605077056
SNX32,-0.000305296904793398,0.998794157676331,0.998972800881066
INSIG1,0,1,1
