gene,rho,p_value,fdr
PLAAT4,-0.902319902319902,1.26848659169112e-10,7.09337702073674e-07
LTB,-0.893772893772894,3.45123372012056e-10,9.64964948145709e-07
PURA,-0.887057387057387,7.15241585789135e-10,1.03534997439237e-06
RHOQ,0.885225885225885,8.65614429951562e-10,1.03534997439237e-06
KIF2A,-0.882783882783883,1.11089053046391e-09,1.03534997439237e-06
DAXX,-0.882783882783883,1.11089053046391e-09,1.03534997439237e-06
ACTR5,-0.876068376068376,2.14645761574536e-09,1.69223125689106e-06
SYT11,-0.874236874236874,2.55202561826265e-09,1.69223125689106e-06
CRELD1,-0.872405372405372,3.02616462248043e-09,1.69223125689106e-06
FBXL14,-0.872405372405372,3.02616462248043e-09,1.69223125689106e-06
PELP1,-0.871184371184371,3.38536411851363e-09,1.72099601370257e-06
MARCH1,0.865689865689866,5.53204685106416e-09,2.5779338325959e-06
CLEC7A,0.864468864468864,6.15199642246048e-09,2.58605090189281e-06
PELI2,0.863858363858364,6.48507244505125e-09,2.58605090189281e-06
CCNB1,-0.863074349850936,6.93683181838201e-09,2.58605090189281e-06
SACS,-0.85958485958486,9.31518157025916e-09,3.25565595880558e-06
HIRIP3,-0.858363858363858,1.03082837204882e-08,3.39081897441e-06
HMOX2,-0.856532356532356,1.19790243243058e-08,3.70494243868528e-06
LEO1,-0.855921855921856,1.25883237365916e-08,3.70494243868528e-06
HABP4,-0.853479853479853,1.53173264365992e-08,3.89338588333927e-06
TNFSF13B,0.853479853479853,1.53173264365994e-08,3.89338588333927e-06
ULK3,-0.853479853479853,1.53173264365992e-08,3.89338588333927e-06
CD302,0.852258852258852,1.6874048089976e-08,3.99463336109444e-06
RBM38,-0.851648351648352,1.77050588769732e-08,3.99463336109444e-06
ABHD5,0.851037851037851,1.8573044955017e-08,3.99463336109444e-06
ZXDA,-0.851037851037851,1.85730449550168e-08,3.99463336109444e-06
PBXIP1,-0.847374847374847,2.46433339583257e-08,5.05766736610633e-06
WDR34,-0.846153846153846,2.70353762346233e-08,5.05766736610633e-06
CMC1,-0.844932844932845,2.96361458418438e-08,5.05766736610633e-06
INVS,-0.844932844932845,2.96361458418438e-08,5.05766736610633e-06
TOGARAM1,-0.844932844932845,2.96361458418438e-08,5.05766736610633e-06
FLT3LG,-0.844932844932845,2.96361458418438e-08,5.05766736610633e-06
EPB41L4A,-0.844838276142152,2.98467494780953e-08,5.05766736610633e-06
BAG3,-0.842490842490843,3.55296320376872e-08,5.77219594452013e-06
TRIM73,-0.841880341880342,3.71600597286704e-08,5.77219594452013e-06
NAP1L4,-0.841880341880342,3.71600597286704e-08,5.77219594452013e-06
HIST1H2BH,-0.840659340659341,4.06260268937035e-08,6.14002006458351e-06
MANBA,0.839438339438339,4.43825059516872e-08,6.20467433204587e-06
PLXDC2,0.839438339438339,4.43825059516872e-08,6.20467433204587e-06
PPP1R16B,-0.839438339438339,4.43825059516872e-08,6.20467433204587e-06
EZR,-0.836996336996337,5.28548106338832e-08,6.85826810537176e-06
BRF2,-0.836996336996337,5.28548106338832e-08,6.85826810537176e-06
HIST1H3D,-0.836385836385836,5.51899257406526e-08,6.85826810537176e-06
AGFG2,-0.836385836385836,5.51899257406526e-08,6.85826810537176e-06
STAT5B,-0.836385836385836,5.51899257406526e-08,6.85826810537176e-06
NAMPT,0.835775335775336,5.7618120465017e-08,7.00435934000816e-06
APOBEC3G,-0.833943833943834,6.5494741156642e-08,7.79248069250941e-06
TP53BP1,-0.833333333333333,6.8329337363189e-08,7.96036780281152e-06
MOGS,-0.832722832722833,7.12745886246079e-08,7.97134999177614e-06
NELFCD,-0.832722832722833,7.12745886246079e-08,7.97134999177614e-06
HIST1H1C,-0.831501831501831,7.75125545612411e-08,8.49902362953844e-06
FYN,-0.82967032967033,8.77994119943076e-08,9.44181368984939e-06
AKT3,-0.829059829059829,9.14935432400665e-08,9.47466469997133e-06
ORAI1,-0.829059829059829,9.14935432400665e-08,9.47466469997133e-06
PIGG,-0.826617826617827,1.0771940828477e-07,1.08140522875118e-05
SNTB2,-0.826007326007326,1.12162917145151e-07,1.08140522875118e-05
PITPNC1,-0.826007326007326,1.12162917145151e-07,1.08140522875118e-05
TPST2,-0.826007326007326,1.12162917145151e-07,1.08140522875118e-05
ANKS6,-0.825522830561348,1.15806617458656e-07,1.0963118543369e-05
TAP1,-0.824786324786325,1.21551028199012e-07,1.0963118543369e-05
RAB31,0.824786324786325,1.21551028199011e-07,1.0963118543369e-05
LAMP2,0.824786324786325,1.21551028199011e-07,1.0963118543369e-05
ARHGEF40,0.824175824175824,1.26506712172831e-07,1.12289767376265e-05
BUB3,-0.823565323565324,1.316444695796e-07,1.13254749829096e-05
CD81,-0.823565323565324,1.316444695796e-07,1.13254749829096e-05
PARP1,-0.822344322344322,1.42490160935682e-07,1.18926116410796e-05
WDR54,-0.822344322344322,1.42490160935682e-07,1.18926116410796e-05
TRPV2,-0.821123321123321,1.54137734275621e-07,1.24918581169459e-05
SDF2L1,-0.821123321123321,1.54137734275621e-07,1.24918581169459e-05
ACOT7,-0.82051282051282,1.60278510873251e-07,1.28039633257603e-05
DHRS13,-0.81990231990232,1.66639666547203e-07,1.312463401876e-05
PIP4K2A,-0.819291819291819,1.73228228048374e-07,1.34540590450904e-05
PLAGL1,0.818681318681319,1.80051417457628e-07,1.36060476543656e-05
NSMCE3,-0.818681318681319,1.80051417457628e-07,1.36060476543656e-05
PYGO2,-0.818070818070818,1.87116656790063e-07,1.37628019552765e-05
KMT2A,-0.818070818070818,1.87116656790063e-07,1.37628019552765e-05
RAB27B,-0.817460317460317,1.94431572687203e-07,1.37628019552765e-05
DMWD,-0.817460317460317,1.94431572687203e-07,1.37628019552765e-05
SUN2,-0.817460317460317,1.94431572687203e-07,1.37628019552765e-05
EVI2B,0.815018315018315,2.26347966978245e-07,1.58217228917793e-05
SLC2A4RG,-0.814407814407814,2.35033167043692e-07,1.62259934581275e-05
SCPEP1,0.813797313797314,2.44018374837175e-07,1.66408628303595e-05
KIF5C,-0.813310954369612,2.51397332761336e-07,1.67678429385391e-05
GRWD1,-0.813186813186813,2.53312788417444e-07,1.67678429385391e-05
SNX25,-0.812576312576313,2.62925851324426e-07,1.67678429385391e-05
TMC8,-0.812576312576313,2.62925851324426e-07,1.67678429385391e-05
SLC10A3,-0.812576312576313,2.62925851324426e-07,1.67678429385391e-05
MGST1,0.81222229946138,2.68649981454564e-07,1.67678429385391e-05
TUBA4A,-0.811965811965812,2.72867258120003e-07,1.67678429385391e-05
RASSF1,-0.811965811965812,2.72867258120003e-07,1.67678429385391e-05
CENPT,-0.811965811965812,2.72867258120003e-07,1.67678429385391e-05
PHF1,-0.811355311355311,2.83146960029655e-07,1.68442319200621e-05
UBXN2B,0.811355311355311,2.83146960029653e-07,1.68442319200621e-05
CSTF2,-0.811355311355311,2.83146960029655e-07,1.68442319200621e-05
FCHSD1,-0.810744810744811,2.93775170686232e-07,1.72925342576569e-05
SLAMF7,-0.81013431013431,3.04762371977242e-07,1.73901141234361e-05
STK39,-0.81013431013431,3.04762371977242e-07,1.73901141234361e-05
TBC1D19,-0.81013431013431,3.04762371977242e-07,1.73901141234361e-05
MNAT1,-0.80952380952381,3.16119319996996e-07,1.78559518931637e-05
POMGNT1,-0.808913308913309,3.27857051105026e-07,1.8152243859201e-05
CCDC34,-0.808913308913309,3.27857051105026e-07,1.8152243859201e-05
RASAL3,-0.808302808302808,3.39986888092089e-07,1.8639281158931e-05
MAP3K20,0.806471306471306,3.78846691253159e-07,2.05680650241521e-05
MOB3B,0.805742361700288,3.95396964321265e-07,2.10701801131803e-05
CEP170,0.805250305250305,4.06934809052836e-07,2.10701801131803e-05
TP53I13,-0.805250305250305,4.06934809052839e-07,2.10701801131803e-05
GIPC1,-0.805250305250305,4.06934809052839e-07,2.10701801131803e-05
RINL,-0.805250305250305,4.06934809052839e-07,2.10701801131803e-05
H3F3A,0.804639804639805,4.21671904751018e-07,2.14362662851608e-05
PTPRE,0.804639804639805,4.21671904751018e-07,2.14362662851608e-05
TERF2IP,-0.804029304029304,4.36888927128758e-07,2.20097556802163e-05
TRUB2,-0.802197802197802,4.8555979259822e-07,2.36291851110151e-05
SIPA1,-0.802197802197802,4.8555979259822e-07,2.36291851110151e-05
ATL1,-0.802197802197802,4.8555979259822e-07,2.36291851110151e-05
MIB2,-0.801587301587302,5.0283852435815e-07,2.36291851110151e-05
PPT1,0.801587301587302,5.02838524358154e-07,2.36291851110151e-05
JMY,-0.801587301587302,5.0283852435815e-07,2.36291851110151e-05
FANCG,-0.801587301587302,5.0283852435815e-07,2.36291851110151e-05
CEP78,-0.801587301587302,5.0283852435815e-07,2.36291851110151e-05
TMEM222,-0.800976800976801,5.20669974588242e-07,2.36714349422557e-05
MCM4,-0.800976800976801,5.20669974588242e-07,2.36714349422557e-05
ORMDL3,-0.800976800976801,5.20669974588242e-07,2.36714349422557e-05
CACTIN,-0.800976800976801,5.20669974588242e-07,2.36714349422557e-05
TCF19,-0.8003663003663,5.39069802325566e-07,2.41158266768368e-05
IRS2,0.8003663003663,5.39069802325571e-07,2.41158266768368e-05
RGS2,0.7997557997558,5.58054051456564e-07,2.43799863730086e-05
MXD1,0.7997557997558,5.58054051456564e-07,2.43799863730086e-05
CBX7,-0.7997557997558,5.5805405145656e-07,2.43799863730086e-05
TMEM14C,0.799145299145299,5.77639158668961e-07,2.48473705790525e-05
FAS,-0.799145299145299,5.77639158668955e-07,2.48473705790525e-05
RIC8B,-0.798534798534799,5.97841961534628e-07,2.55200935030659e-05
HIST1H2BF,-0.797924297924298,6.18679706724849e-07,2.62095221212527e-05
CEP120,-0.797313797313797,6.40170058359543e-07,2.69160223033576e-05
BCR,-0.796703296703297,6.62331106492026e-07,2.76399667724135e-05
PMS1,-0.796092796092796,6.85181375730801e-07,2.79674033072017e-05
ZFAT,-0.796092796092796,6.85181375730801e-07,2.79674033072017e-05
ABHD17A,-0.796092796092796,6.85181375730801e-07,2.79674033072017e-05
UBTF,-0.795482295482295,7.08739834000002e-07,2.85127564872519e-05
NIPSNAP1,-0.795482295482295,7.08739834000002e-07,2.85127564872519e-05
HACD4,0.794871794871795,7.33025901439997e-07,2.86649009849822e-05
ALDH18A1,-0.794871794871795,7.33025901439994e-07,2.86649009849822e-05
PPP2R1B,-0.794871794871795,7.33025901439994e-07,2.86649009849822e-05
SPG21,0.794871794871795,7.33025901439997e-07,2.86649009849822e-05
ODC1,-0.794261294261294,7.58059459449742e-07,2.88372006615169e-05
MS4A6A,0.794261294261294,7.58059459449748e-07,2.88372006615169e-05
LPAR6,0.794261294261294,7.58059459449748e-07,2.88372006615169e-05
MTHFD1,-0.794261294261294,7.58059459449742e-07,2.88372006615169e-05
PEX3,-0.793650793650794,7.83860859872547e-07,2.96172292459951e-05
TRAF2,-0.793040293040293,8.10450934326659e-07,3.041638674332e-05
B3GNT5,0.792550764843661,8.32356219561397e-07,3.08240974512668e-05
SHTN1,0.792550764843661,8.32356219561397e-07,3.08240974512668e-05
ATG4A,-0.792429792429792,8.37851003682503e-07,3.08240974512668e-05
ZBTB18,0.791819291819292,8.66082887687954e-07,3.14489318698119e-05
ZNF75A,-0.791819291819292,8.66082887687951e-07,3.14489318698119e-05
WDCP,-0.791208791208791,8.9516891474339e-07,3.16821808306648e-05
TBCC,-0.791208791208791,8.9516891474339e-07,3.16821808306648e-05
DNAJC1,-0.791208791208791,8.9516891474339e-07,3.16821808306648e-05
PRKX,-0.791208791208791,8.9516891474339e-07,3.16821808306648e-05
TLR2,0.790598290598291,9.25131931828152e-07,3.19341837208829e-05
METTL22,0.790598290598291,9.25131931828152e-07,3.19341837208829e-05
SYNRG,-0.790598290598291,9.25131931828144e-07,3.19341837208829e-05
ARHGEF9,-0.790598290598291,9.25131931828144e-07,3.19341837208829e-05
PDE7B,0.78998778998779,9.55995314579869e-07,3.22043722839195e-05
POLR1E,-0.78998778998779,9.55995314579862e-07,3.22043722839195e-05
LLGL2,-0.78998778998779,9.55995314579862e-07,3.22043722839195e-05
RRP1B,-0.78998778998779,9.55995314579862e-07,3.22043722839195e-05
PPP1R37,-0.789377289377289,9.87782977528539e-07,3.30759425768838e-05
DHX32,0.78888720198614,1.01398626674702e-06,3.31787465002926e-05
CSTA,0.788766788766789,1.02051938448683e-06,3.31787465002926e-05
DGKQ,-0.788766788766789,1.02051938448682e-06,3.31787465002926e-05
HSPA5,-0.788766788766789,1.02051938448682e-06,3.31787465002926e-05
GRAP2,-0.788766788766789,1.02051938448682e-06,3.31787465002926e-05
LTA,-0.788156288156288,1.0542295590981e-06,3.33065067484553e-05
HERPUD2,-0.788156288156288,1.0542295590981e-06,3.33065067484553e-05
CCDC107,-0.788156288156288,1.0542295590981e-06,3.33065067484553e-05
TBC1D10C,-0.788156288156288,1.0542295590981e-06,3.33065067484553e-05
FBXW8,-0.788156288156288,1.0542295590981e-06,3.33065067484553e-05
DPH1,-0.787545787545787,1.08893909554432e-06,3.401870068315e-05
RPTOR,-0.787545787545787,1.08893909554432e-06,3.401870068315e-05
SDCBP,0.786935286935287,1.12467416941487e-06,3.47468395324197e-05
PRKD2,-0.786935286935287,1.12467416941487e-06,3.47468395324197e-05
MACF1,-0.786324786324786,1.16146154873834e-06,3.51075296245663e-05
MCM3,-0.786324786324786,1.16146154873834e-06,3.51075296245663e-05
TRIM35,-0.786324786324786,1.16146154873834e-06,3.51075296245663e-05
RBM14,-0.786324786324786,1.16146154873834e-06,3.51075296245663e-05
C4orf48,0.785714285714286,1.19932860517894e-06,3.58644147602172e-05
LATS2,0.785714285714286,1.19932860517894e-06,3.58644147602172e-05
NUP210,-0.785103785103785,1.23830332539893e-06,3.68329372108023e-05
SLC25A42,-0.784493284493284,1.27841432258923e-06,3.78248301159733e-05
RASA3,-0.783882783882784,1.31969084816925e-06,3.88405853840128e-05
CASZ1,-0.783272283272283,1.3621628036583e-06,3.90626379387551e-05
RUNX3,-0.783272283272283,1.3621628036583e-06,3.90626379387551e-05
WHAMM,-0.783272283272283,1.3621628036583e-06,3.90626379387551e-05
PCNA,-0.783272283272283,1.3621628036583e-06,3.90626379387551e-05
KDM6A,-0.783272283272283,1.3621628036583e-06,3.90626379387551e-05
SCFD2,-0.782051282051282,1.4508159333803e-06,4.11825517739219e-05
TIMM21,-0.782051282051282,1.4508159333803e-06,4.11825517739219e-05
LRRC8A,-0.780830280830281,1.54462638796914e-06,4.34047776960976e-05
FBXO21,-0.780830280830281,1.54462638796914e-06,4.34047776960976e-05
THOC3,-0.78021978021978,1.59354762221557e-06,4.43339219076094e-05
CCDC88C,-0.78021978021978,1.59354762221557e-06,4.43339219076094e-05
TNKS,-0.77960927960928,1.64385803438501e-06,4.50610496484362e-05
ZWINT,-0.77960927960928,1.64385803438501e-06,4.50610496484362e-05
ESYT1,-0.77960927960928,1.64385803438501e-06,4.50610496484362e-05
MTHFR,0.778998778998779,1.69559242383621e-06,4.5805569246822e-05
LEMD3,-0.778998778998779,1.69559242383622e-06,4.5805569246822e-05
AARS,-0.778998778998779,1.69559242383622e-06,4.5805569246822e-05
EML4,-0.778388278388278,1.74878634136857e-06,4.70154481775627e-05
HIST1H2BN,-0.777777777777778,1.80347610271163e-06,4.7796390361912e-05
TUT1,-0.777777777777778,1.80347610271163e-06,4.7796390361912e-05
SEC11A,0.777777777777778,1.80347610271163e-06,4.7796390361912e-05
ASB13,0.777642173195198,1.81583055233184e-06,4.78968134369794e-05
HLA-DRA,0.777167277167277,1.85969880220338e-06,4.85954939342116e-05
GTF3C1,-0.777167277167277,1.85969880220338e-06,4.85954939342116e-05
TSTD1,-0.776556776556777,1.91749232665846e-06,4.94129819846732e-05
RPL39L,-0.776556776556777,1.91749232665846e-06,4.94129819846732e-05
BMPR1A,-0.776556776556777,1.91749232665846e-06,4.94129819846732e-05
ARHGAP25,-0.775946275946276,1.97689536942845e-06,5.04785338166388e-05
ST6GALNAC6,-0.775946275946276,1.97689536942845e-06,5.04785338166388e-05
TLR4,0.775335775335775,2.0379474446558e-06,5.18009186841602e-05
ANKAR,-0.772893772893773,2.29946589537122e-06,5.81837705290309e-05
ZNF460,-0.772283272283272,2.36938559525356e-06,5.96829020209817e-05
TSPYL4,-0.771062271062271,2.51498320141458e-06,6.22291418686297e-05
BBS9,-0.771062271062271,2.51498320141458e-06,6.22291418686297e-05
CDK13,-0.771062271062271,2.51498320141458e-06,6.22291418686297e-05
ZNF574,-0.771062271062271,2.51498320141458e-06,6.22291418686297e-05
ZNF287,-0.770713220804796,2.55805693255455e-06,6.3016098532357e-05
KLF10,0.77045177045177,2.5907534005558e-06,6.32641616415198e-05
USP20,-0.77045177045177,2.5907534005558e-06,6.32641616415198e-05
EIF5B,-0.76984126984127,2.66856764506611e-06,6.40456234815867e-05
TMEM170B,0.76984126984127,2.66856764506611e-06,6.40456234815867e-05
CDK17,-0.76984126984127,2.66856764506611e-06,6.40456234815867e-05
ANKRD12,-0.76984126984127,2.66856764506611e-06,6.40456234815867e-05
FYCO1,-0.769230769230769,2.74847448483306e-06,6.48500815155548e-05
KIF3A,-0.769230769230769,2.74847448483306e-06,6.48500815155548e-05
PDLIM1,-0.769230769230769,2.74847448483306e-06,6.48500815155548e-05
GLIPR1,0.769230769230769,2.74847448483306e-06,6.48500815155548e-05
CPVL,0.768620268620269,2.83052346061551e-06,6.59511966323413e-05
FBXO31,-0.768620268620269,2.83052346061548e-06,6.59511966323413e-05
FHL1,-0.768620268620269,2.83052346061548e-06,6.59511966323413e-05
KIF21B,-0.768009768009768,2.91476512075925e-06,6.680068260363e-05
MEF2C,0.768009768009768,2.91476512075925e-06,6.680068260363e-05
TREM1,0.768009768009768,2.91476512075925e-06,6.680068260363e-05
CEP250,-0.768009768009768,2.91476512075925e-06,6.680068260363e-05
PKP2,0.767885676594648,2.93216098046824e-06,6.68576739429142e-05
CPM,0.767821715555396,2.94116376787498e-06,6.68576739429142e-05
TPRG1L,-0.767399267399267,3.00125103812964e-06,6.79473514381415e-05
GASK1B,0.767257320921578,3.02168688967625e-06,6.81341656736677e-05
GINS2,-0.766295231031429,3.16352249964254e-06,7.08728556510739e-05
PPP1R35,-0.766178266178266,3.18116716173453e-06,7.08728556510739e-05
CTSB,0.766178266178266,3.18116716173454e-06,7.08728556510739e-05
ST3GAL6,0.76603557359527,3.20281255439875e-06,7.10719357309438e-05
CDC14A,-0.765567765567766,3.27470579175795e-06,7.20950975886239e-05
EXOC2,-0.765567765567766,3.27470579175795e-06,7.20950975886239e-05
ARIH2OS,-0.764957264957265,3.37070556199601e-06,7.24960980872373e-05
EIF5A2,-0.764957264957265,3.37070556199601e-06,7.24960980872373e-05
TMEM109,-0.764957264957265,3.37070556199601e-06,7.24960980872373e-05
RAB11FIP3,-0.764957264957265,3.37070556199601e-06,7.24960980872373e-05
CHMP1B,0.764957264957265,3.37070556199601e-06,7.24960980872373e-05
HAUS5,-0.764957264957265,3.37070556199601e-06,7.24960980872373e-05
RNGTT,-0.764346764346764,3.46922342960634e-06,7.40454099937353e-05
METRN,-0.764346764346764,3.46922342960634e-06,7.40454099937353e-05
RASSF7,-0.763736263736264,3.57031748251067e-06,7.56258157659081e-05
ARRDC4,0.763736263736264,3.57031748251068e-06,7.56258157659081e-05
LY86,0.762936965078701,3.70666832880402e-06,7.82176954515928e-05
FANCD2,-0.762515262515263,3.78047226093446e-06,7.88820928475579e-05
NDUFAF4,-0.762515262515263,3.78047226093446e-06,7.88820928475579e-05
UBE2D1,0.762515262515263,3.78047226093446e-06,7.88820928475579e-05
VAMP3,0.761904761904762,3.88965498376661e-06,7.99667304015547e-05
GLT8D1,-0.761904761904762,3.88965498376661e-06,7.99667304015547e-05
HSPA8,-0.761904761904762,3.88965498376661e-06,7.99667304015547e-05
UBE2O,-0.761904761904762,3.88965498376661e-06,7.99667304015547e-05
FCGR1B,0.761727812307602,3.92182524313617e-06,8.03327720132508e-05
TNFRSF25,-0.761294261294261,4.00165792467816e-06,8.04225606538424e-05
RAB29,-0.761294261294261,4.00165792467816e-06,8.04225606538424e-05
ADAM9,0.761294261294261,4.00165792467819e-06,8.04225606538424e-05
DDX39A,-0.761294261294261,4.00165792467816e-06,8.04225606538424e-05
ACSS1,-0.761294261294261,4.00165792467816e-06,8.04225606538424e-05
PRRG4,0.761235985642182,4.01249900257904e-06,8.04225606538424e-05
NCK2,-0.760683760683761,4.11654510754393e-06,8.10553529626262e-05
CD36,0.760683760683761,4.11654510754396e-06,8.10553529626262e-05
ACTR3B,-0.760683760683761,4.11654510754393e-06,8.10553529626262e-05
AEN,-0.760683760683761,4.11654510754393e-06,8.10553529626262e-05
C21orf58,-0.760683760683761,4.11654510754393e-06,8.10553529626262e-05
NPRL2,-0.76007326007326,4.23438180149745e-06,8.25040523831838e-05
SOX4,0.76007326007326,4.23438180149745e-06,8.25040523831838e-05
SELENOM,-0.76007326007326,4.23438180149745e-06,8.25040523831838e-05
RSRP1,-0.759462759462759,4.3552345408425e-06,8.42715278629455e-05
ANKS3,-0.759462759462759,4.3552345408425e-06,8.42715278629455e-05
CYFIP2,-0.758241758241758,4.60626073993625e-06,8.81655393511392e-05
FBXW4,-0.758241758241758,4.60626073993625e-06,8.81655393511392e-05
MVD,-0.758241758241758,4.60626073993625e-06,8.81655393511392e-05
SLC16A5,0.758178813009081,4.61954632150998e-06,8.81655393511392e-05
WIPF1,-0.757631257631258,4.73657377674149e-06,8.91815507055166e-05
PILRB,-0.757631257631258,4.73657377674149e-06,8.91815507055166e-05
VPS13A,-0.757631257631258,4.73657377674149e-06,8.91815507055166e-05
CRELD2,-0.757631257631258,4.73657377674149e-06,8.91815507055166e-05
FAM151B,0.757107742405372,4.85094121144798e-06,9.10284001826077e-05
NCAPH,-0.756955943955841,4.88456290812337e-06,9.13527618134644e-05
IPP,-0.756410256410256,5.00715874080572e-06,9.30233610584238e-05
MTMR1,-0.756410256410256,5.00715874080572e-06,9.30233610584238e-05
ATP2B4,-0.755799755799756,5.14757839253711e-06,9.50008527097937e-05
AUH,-0.755799755799756,5.14757839253711e-06,9.50008527097937e-05
RHEBL1,-0.75560983936366,5.1919745889487e-06,9.5505006254609e-05
MFSD1,0.755189255189255,5.29151697831707e-06,9.57610451221653e-05
ZC3HAV1,-0.755189255189255,5.29151697831707e-06,9.57610451221653e-05
CTC1,-0.755189255189255,5.29151697831707e-06,9.57610451221653e-05
CNBD2,-0.755189255189255,5.29151697831707e-06,9.57610451221653e-05
SCO2,0.755189255189255,5.29151697831707e-06,9.57610451221653e-05
ANKRD39,-0.754578754578755,5.43905189999738e-06,9.70830595877966e-05
GCA,0.754578754578755,5.43905189999738e-06,9.70830595877966e-05
PPOX,-0.753968253968254,5.590262014891e-06,9.70830595877966e-05
BCL11A,0.753968253968254,5.59026201489101e-06,9.70830595877966e-05
JAKMIP2,-0.753968253968254,5.590262014891e-06,9.70830595877966e-05
DBN1,-0.753968253968254,5.590262014891e-06,9.70830595877966e-05
CASP8AP2,-0.753968253968254,5.590262014891e-06,9.70830595877966e-05
MED17,-0.753968253968254,5.590262014891e-06,9.70830595877966e-05
MIPEP,-0.753968253968254,5.590262014891e-06,9.70830595877966e-05
HIF1A,0.753968253968254,5.59026201489101e-06,9.70830595877966e-05
TTC19,-0.753968253968254,5.590262014891e-06,9.70830595877966e-05
TECR,-0.753968253968254,5.590262014891e-06,9.70830595877966e-05
TFIP11,-0.753968253968254,5.590262014891e-06,9.70830595877966e-05
TFDP2,-0.753357753357753,5.74522765817966e-06,9.85500400752781e-05
ADRB2,-0.753357753357753,5.74522765817966e-06,9.85500400752781e-05
HIST1H2AE,-0.753357753357753,5.74522765817966e-06,9.85500400752781e-05
RNF126,-0.753357753357753,5.74522765817966e-06,9.85500400752781e-05
P4HTM,-0.752747252747253,5.9040306655811e-06,0.000100656522810761
CEACAM21,-0.752747252747253,5.9040306655811e-06,0.000100656522810761
WARS2,-0.752136752136752,6.06675439627703e-06,0.000101877749501445
HIST1H2BJ,-0.752136752136752,6.06675439627703e-06,0.000101877749501445
PPP3CC,-0.752136752136752,6.06675439627703e-06,0.000101877749501445
PRDX3,0.752136752136752,6.06675439627703e-06,0.000101877749501445
APOBEC3H,-0.752136752136752,6.06675439627703e-06,0.000101877749501445
CYBRD1,0.751985479342725,6.10769077870501e-06,0.000102258104294965
GLS,-0.751526251526251,6.23348375610406e-06,0.000103129115870219
E2F5,-0.751526251526251,6.23348375610406e-06,0.000103129115870219
BCDIN3D,-0.751526251526251,6.23348375610406e-06,0.000103129115870219
TNFSF13,0.751526251526251,6.23348375610408e-06,0.000103129115870219
FADS1,0.751030385791759,6.37191365954587e-06,0.000105108381074279
RAB39B,-0.750915750915751,6.40430522100942e-06,0.000105331984693778
RFC4,-0.75030525030525,6.57930686077258e-06,0.000107892914854663
RTN3,0.74969474969475,6.75857836299525e-06,0.000110186502057928
DNAJB1,-0.74969474969475,6.75857836299525e-06,0.000110186502057928
KIF19,-0.749544236063864,6.80344278593152e-06,0.000110595500171305
IGSF8,-0.748473748473748,7.13029794016571e-06,0.00011457651172818
DPH7,-0.748473748473748,7.13029794016571e-06,0.00011457651172818
DDX51,-0.748473748473748,7.13029794016571e-06,0.00011457651172818
PCYT2,-0.748473748473748,7.13029794016571e-06,0.00011457651172818
NUP133,-0.747863247863248,7.32293369912351e-06,0.000116999557844282
DNAAF2,-0.747863247863248,7.32293369912351e-06,0.000116999557844282
GBP5,-0.747252747252747,7.52021473844421e-06,0.000118459269908113
TBCCD1,-0.747252747252747,7.52021473844421e-06,0.000118459269908113
SFT2D1,0.747252747252747,7.52021473844421e-06,0.000118459269908113
TMEM209,-0.747252747252747,7.52021473844421e-06,0.000118459269908113
LIG1,-0.747252747252747,7.52021473844421e-06,0.000118459269908113
DOCK10,-0.746642246642247,7.72223920419031e-06,0.000120960116610174
REXO2,-0.746642246642247,7.72223920419031e-06,0.000120960116610174
OCRL,0.746487616374338,7.77417358713882e-06,0.000121433460053855
LYZ,0.746031746031746,7.92910700991096e-06,0.000122147565838628
KCTD12,0.746031746031746,7.92910700991096e-06,0.000122147565838628
FPR1,0.746031746031746,7.92910700991096e-06,0.000122147565838628
PLA2G6,-0.746031746031746,7.92910700991096e-06,0.000122147565838628
AP1S2,0.746031746031746,7.92910700991096e-06,0.000122147565838628
FUT11,-0.745421245421245,8.14091986255606e-06,0.000124723353072366
PRCP,0.745421245421245,8.14091986255609e-06,0.000124723353072366
MILR1,0.745138872541647,8.24059021012222e-06,0.000125636325178109
CFAP36,-0.744810744810745,8.35778128867247e-06,0.000125636325178109
UBA5,-0.744810744810745,8.35778128867247e-06,0.000125636325178109
SRPRB,-0.744810744810745,8.35778128867247e-06,0.000125636325178109
DUSP8,-0.744810744810745,8.35778128867247e-06,0.000125636325178109
ALG12,-0.744810744810745,8.35778128867247e-06,0.000125636325178109
PPP2R3B,-0.744810744810745,8.35778128867247e-06,0.000125636325178109
RNASE2,0.744651544634788,8.41517514116041e-06,0.000126159944743617
DZIP3,-0.744200244200244,8.57979666088336e-06,0.00012726319078955
H2AFY,0.744200244200244,8.57979666088345e-06,0.00012726319078955
DMTN,-0.744200244200244,8.57979666088336e-06,0.00012726319078955
MCTP2,-0.744200244200244,8.57979666088336e-06,0.00012726319078955
DNMT1,-0.743589743589744,8.80707322465273e-06,0.000130288765799625
SYVN1,-0.742979242979243,9.03972012533662e-06,0.000132677467036438
SPTLC2,0.742979242979243,9.03972012533669e-06,0.000132677467036438
BTBD6,-0.742979242979243,9.03972012533662e-06,0.000132677467036438
MANF,-0.742368742368742,9.27784843552285e-06,0.000134757736237517
C9orf72,0.742368742368742,9.27784843552292e-06,0.000134757736237517
TSPAN4,0.742368742368742,9.27784843552292e-06,0.000134757736237517
GSPT1,-0.742368742368742,9.27784843552285e-06,0.000134757736237517
TPP1,0.741758241758242,9.5215711826608e-06,0.000137228417663503
NLRC5,-0.741758241758242,9.52157118266077e-06,0.000137228417663503
ERN1,-0.741758241758242,9.52157118266077e-06,0.000137228417663503
TNIP3,-0.741406860160349,9.66443029742473e-06,0.000138327723757185
S100A6,0.741147741147741,9.77100337698283e-06,0.000138327723757185
PDE6B,-0.741147741147741,9.77100337698279e-06,0.000138327723757185
TMEM167A,0.741147741147741,9.77100337698283e-06,0.000138327723757185
BTN3A1,-0.741147741147741,9.77100337698279e-06,0.000138327723757185
IL21R,-0.741147741147741,9.77100337698279e-06,0.000138327723757185
ADARB1,-0.741147741147741,9.77100337698279e-06,0.000138327723757185
FAM49A,0.740537240537241,1.00262620397193e-05,0.000140167143315277
RBM47,0.740537240537241,1.00262620397193e-05,0.000140167143315277
MGST2,0.740537240537241,1.00262620397193e-05,0.000140167143315277
GTSF1,-0.740537240537241,1.00262620397193e-05,0.000140167143315277
SBF1,-0.740537240537241,1.00262620397193e-05,0.000140167143315277
PIF1,-0.74034499412399,1.01078681185368e-05,0.000140604971439946
RETN,0.74034499412399,1.01078681185369e-05,0.000140604971439946
SLC22A15,0.73992673992674,1.02874662316084e-05,0.000142043237449764
GSTO1,0.73992673992674,1.02874662316084e-05,0.000142043237449764
COG1,-0.73992673992674,1.02874662316083e-05,0.000142043237449764
IGF2BP2,0.739316239316239,1.05547370817026e-05,0.000145017419559904
STMP1,0.739316239316239,1.05547370817026e-05,0.000145017419559904
PGRMC2,-0.738705738705739,1.08281978164733e-05,0.000148410005366958
GORASP2,-0.738095238095238,1.1107973789216e-05,0.00015076647919732
ST6GAL1,-0.738095238095238,1.1107973789216e-05,0.00015076647919732
CLMN,0.738095238095238,1.1107973789216e-05,0.00015076647919732
CD300E,0.738095238095238,1.1107973789216e-05,0.00015076647919732
SETD7,0.737484737484737,1.13941925097554e-05,0.000153904165494087
RASSF2,0.737484737484737,1.13941925097554e-05,0.000153904165494087
NCKAP1,-0.737324511427026,1.14703941860132e-05,0.00015456010671852
SP4,-0.736874236874237,1.16869836744553e-05,0.000156723291864638
PPAN,-0.736874236874237,1.16869836744553e-05,0.000156723291864638
MNDA,0.736263736263736,1.19864791965319e-05,0.000158835051343617
OSGEPL1,-0.736263736263736,1.19864791965319e-05,0.000158835051343617
SERPINI1,-0.736263736263736,1.19864791965319e-05,0.000158835051343617
CPNE5,-0.736263736263736,1.19864791965319e-05,0.000158835051343617
MIER2,0.736263736263736,1.19864791965319e-05,0.000158835051343617
FAM160B2,-0.735653235653236,1.22928132366739e-05,0.000160986912457799
CLEC4A,0.735653235653236,1.22928132366739e-05,0.000160986912457799
AEBP2,-0.735653235653236,1.22928132366739e-05,0.000160986912457799
EVL,-0.735653235653236,1.22928132366739e-05,0.000160986912457799
ACSS2,0.735653235653236,1.22928132366739e-05,0.000160986912457799
PHTF1,-0.735042735042735,1.26061222339699e-05,0.000164320362546293
APLP2,0.735042735042735,1.26061222339699e-05,0.000164320362546293
CACNA2D2,-0.73484729025869,1.27079210378784e-05,0.000165262080101898
KLHL22,-0.734432234432234,1.29265449371454e-05,0.000167715172363149
TMEM144,0.73382812102091,1.32507561539673e-05,0.000168832828844492
CXCL8,0.733821733821734,1.32542224361109e-05,0.000168832828844492
HIST1H2AL,-0.733821733821734,1.32542224361109e-05,0.000168832828844492
LY96,0.733821733821734,1.32542224361109e-05,0.000168832828844492
DENND10,0.733821733821734,1.32542224361109e-05,0.000168832828844492
LPAR5,-0.733821733821734,1.32542224361109e-05,0.000168832828844492
CSF2RA,0.733821733821734,1.32542224361109e-05,0.000168832828844492
ZNF75D,-0.733821733821734,1.32542224361109e-05,0.000168832828844492
TRAIP,-0.733628462218535,1.33594931380687e-05,0.000169787012791091
WDFY3,0.733211233211233,1.35892981938213e-05,0.000170767091010896
HIVEP2,-0.733211233211233,1.35892981938212e-05,0.000170767091010896
FANCF,-0.733211233211233,1.35892981938212e-05,0.000170767091010896
KLF12,-0.733211233211233,1.35892981938212e-05,0.000170767091010896
RIN2,0.733211233211233,1.35892981938213e-05,0.000170767091010896
ST6GALNAC3,0.733048395784947,1.36799405737277e-05,0.000171520689884048
PHAX,-0.732600732600733,1.39319180784503e-05,0.000172743427704421
SRRT,-0.732600732600733,1.39319180784503e-05,0.000172743427704421
LMBR1,-0.732600732600733,1.39319180784503e-05,0.000172743427704421
HELLS,-0.732600732600733,1.39319180784503e-05,0.000172743427704421
GSPT2,-0.732600732600733,1.39319180784503e-05,0.000172743427704421
CRTAM,-0.731990231990232,1.428223039588e-05,0.000176695204366728
CREG1,0.731379731379731,1.46403859225068e-05,0.000179909364758317
NSD2,-0.731379731379731,1.46403859225067e-05,0.000179909364758317
ATXN7L1,-0.731379731379731,1.46403859225067e-05,0.000179909364758317
ACPP,0.731328638083503,1.46707207313649e-05,0.000179909364758317
CLIC2,0.731173053807397,1.47634391857349e-05,0.0001806502230342
DPYSL2,0.73015873015873,1.53808422605752e-05,0.000186977543306819
SLC39A13,-0.73015873015873,1.53808422605752e-05,0.000186977543306819
PPP1R3F,-0.73015873015873,1.53808422605752e-05,0.000186977543306819
C11orf80,-0.729548229548229,1.57634572771032e-05,0.000190799249120264
ZFHX3,0.729548229548229,1.57634572771034e-05,0.000190799249120264
CCNF,-0.729354305551428,1.5886759149025e-05,0.000191876365359282
SGK1,0.728937728937729,1.61545439808547e-05,0.000193854527770256
FIGNL1,-0.728937728937729,1.61545439808545e-05,0.000193854527770256
RTN1,0.728937728937729,1.61545439808547e-05,0.000193854527770256
ZNF467,0.728327228327228,1.65542660040844e-05,0.000196125965031441
MED19,-0.728327228327228,1.65542660040843e-05,0.000196125965031441
CRY1,-0.728327228327228,1.65542660040843e-05,0.000196125965031441
NOMO2,-0.728327228327228,1.65542660040843e-05,0.000196125965031441
SAT2,0.728327228327228,1.65542660040844e-05,0.000196125965031441
CABIN1,-0.728327228327228,1.65542660040843e-05,0.000196125965031441
CDC6,-0.727952802993734,1.68037626912188e-05,0.000198443346737104
NBPF14,0.727716727716728,1.69627896531359e-05,0.000198443346737104
MAML3,0.727716727716728,1.69627896531359e-05,0.000198443346737104
BASP1,0.727716727716728,1.69627896531359e-05,0.000198443346737104
GIMAP7,-0.727716727716728,1.69627896531358e-05,0.000198443346737104
MRPL10,-0.727716727716728,1.69627896531358e-05,0.000198443346737104
IL13RA1,0.727217227217874,1.73037009465512e-05,0.000200806916967113
FCGR2A,0.727106227106227,1.73802839435055e-05,0.000200806916967113
ISOC1,-0.727106227106227,1.73802839435054e-05,0.000200806916967113
TUBB2A,-0.727106227106227,1.73802839435054e-05,0.000200806916967113
ARHGAP33,-0.727106227106227,1.73802839435054e-05,0.000200806916967113
MAGEH1,-0.727106227106227,1.73802839435054e-05,0.000200806916967113
PITHD1,-0.726495726495726,1.78069206352364e-05,0.000205311959159261
TRAV12-2,-0.726418332498385,1.78616677195452e-05,0.000205519435982915
MITF,0.726274071872339,1.79641159109101e-05,0.000206273790911313
AKNA,-0.725885225885226,1.82428742686424e-05,0.000209045395307885
SAMD12,-0.725717911827098,1.83640019067497e-05,0.000210003064749579
RBP7,0.725467065834899,1.85469468458351e-05,0.000211121409584686
MSC,-0.725467065834899,1.85469468458351e-05,0.000211121409584686
NPHP3,-0.725274725274725,1.86883222003611e-05,0.000211121409584686
SERPINB1,0.725274725274725,1.86883222003611e-05,0.000211121409584686
SPTAN1,-0.725274725274725,1.86883222003611e-05,0.000211121409584686
NDUFV3,0.725274725274725,1.86883222003611e-05,0.000211121409584686
SP140,-0.724664224664225,1.91434446397419e-05,0.000212823344782181
TRMT44,-0.724664224664225,1.91434446397419e-05,0.000212823344782181
HIST1H2AG,-0.724664224664225,1.91434446397419e-05,0.000212823344782181
SAMD9,-0.724664224664225,1.91434446397419e-05,0.000212823344782181
C11orf49,-0.724664224664225,1.91434446397419e-05,0.000212823344782181
TMEM120B,-0.724664224664225,1.91434446397419e-05,0.000212823344782181
PRKAR1A,0.724664224664225,1.9143444639742e-05,0.000212823344782181
MTMR8,-0.724664224664225,1.91434446397419e-05,0.000212823344782181
BMERB1,-0.724436953646692,1.93153810614408e-05,0.000214308751776939
YRDC,-0.724053724053724,1.96084246855658e-05,0.000215847068585993
RUVBL1,-0.724053724053724,1.96084246855658e-05,0.000215847068585993
ACER3,0.724053724053724,1.96084246855659e-05,0.000215847068585993
RAB34,0.724053724053724,1.96084246855659e-05,0.000215847068585993
CASD1,-0.723443223443223,2.0083448363102e-05,0.000219348912590756
LRRC14,-0.723443223443223,2.0083448363102e-05,0.000219348912590756
GNG10,0.723443223443223,2.00834483631021e-05,0.000219348912590756
KLHL11,-0.723443223443223,2.0083448363102e-05,0.000219348912590756
GPR34,0.723384612775339,2.01295879892738e-05,0.000219424280771967
ZNF683,-0.722933267299211,2.04880750259686e-05,0.000222897501060732
TRAF5,-0.722832722832723,2.05687046614997e-05,0.000222907357494392
HS3ST3B1,-0.722832722832723,2.05687046614997e-05,0.000222907357494392
SLC16A13,-0.722637773645973,2.07258466523708e-05,0.000224175888742858
ZFP36L2,-0.722222222222222,2.1064385571518e-05,0.000226088376422128
ALDH2,0.722222222222222,2.1064385571518e-05,0.000226088376422128
MAP3K10,-0.722222222222222,2.1064385571518e-05,0.000226088376422128
USP11,-0.722222222222222,2.1064385571518e-05,0.000226088376422128
S100A10,0.721611721611722,2.1570686123595e-05,0.00023019709313577
CD1D,0.721611721611722,2.1570686123595e-05,0.00023019709313577
MRPL49,-0.721611721611722,2.15706861235948e-05,0.00023019709313577
HTRA2,-0.721001221001221,2.20878044262568e-05,0.000234373818504038
DVL2,-0.721001221001221,2.20878044262568e-05,0.000234373818504038
CALR,-0.721001221001221,2.20878044262568e-05,0.000234373818504038
TMUB1,-0.72039072039072,2.26159417048693e-05,0.000239070597379261
RPUSD2,-0.72039072039072,2.26159417048693e-05,0.000239070597379261
FUT10,-0.720269872358627,2.27218101711278e-05,0.000239736532975371
ZBED6,-0.71978021978022,2.31553023407301e-05,0.000242027010634323
HIST1H1E,-0.71978021978022,2.31553023407301e-05,0.000242027010634323
TRIM39,-0.71978021978022,2.31553023407301e-05,0.000242027010634323
SYTL2,-0.71978021978022,2.31553023407301e-05,0.000242027010634323
P2RY10,-0.71978021978022,2.31553023407301e-05,0.000242027010634323
FXYD6,0.719513659411583,2.33943739434327e-05,0.00024406966248447
SERTAD2,0.719169719169719,2.37060939105073e-05,0.000246402373880217
VOPP1,-0.719169719169719,2.37060939105072e-05,0.000246402373880217
TMEM185B,-0.718559218559219,2.42685272260207e-05,0.000249008448161299
PLCD1,-0.718559218559219,2.42685272260207e-05,0.000249008448161299
TAP2,-0.718559218559219,2.42685272260207e-05,0.000249008448161299
TMEM116,-0.718559218559219,2.42685272260207e-05,0.000249008448161299
RFXAP,-0.718559218559219,2.42685272260207e-05,0.000249008448161299
RALGAPA1,-0.718559218559219,2.42685272260207e-05,0.000249008448161299
ACSL4,0.718559218559219,2.42685272260207e-05,0.000249008448161299
FCRL3,-0.718129851515456,2.46711768523595e-05,0.000252676228861528
IFI44,0.717948717948718,2.48428163743724e-05,0.000253043768971749
SPTSSA,0.717948717948718,2.48428163743724e-05,0.000253043768971749
RIOX1,-0.717948717948718,2.48428163743724e-05,0.000253043768971749
MOSMO,-0.717338217338217,2.54291787584218e-05,0.000257608636987491
MYO19,-0.717338217338217,2.54291787584218e-05,0.000257608636987491
SFI1,-0.717338217338217,2.54291787584218e-05,0.000257608636987491
METAP1D,-0.716727716727717,2.60278351376113e-05,0.000261306380771136
BTBD9,-0.716727716727717,2.60278351376113e-05,0.000261306380771136
CDK6,-0.716727716727717,2.60278351376113e-05,0.000261306380771136
ATP6V0E2,-0.716727716727717,2.60278351376113e-05,0.000261306380771136
RFC5,-0.716727716727717,2.60278351376113e-05,0.000261306380771136
NLRP3,0.716117216117216,2.6639009669141e-05,0.000266485406207221
CLEC12A,0.716117216117216,2.6639009669141e-05,0.000266485406207221
POLE4,0.715506715506716,2.7262929949494e-05,0.000271271004052617
TMEM154,0.715506715506716,2.7262929949494e-05,0.000271271004052617
CARNMT1,-0.715506715506716,2.7262929949494e-05,0.000271271004052617
HSD17B7,-0.714896214896215,2.78998270563145e-05,0.000276134217520195
SLC41A1,-0.714896214896215,2.78998270563145e-05,0.000276134217520195
ATOX1,0.714896214896215,2.78998270563145e-05,0.000276134217520195
NCEH1,0.714722185890324,2.80837901005646e-05,0.000277463876753282
GMPPB,-0.714285714285714,2.85499355906381e-05,0.000279599369216897
CEBPD,0.714285714285714,2.85499355906381e-05,0.000279599369216897
VWA8,-0.714285714285714,2.85499355906381e-05,0.000279599369216897
POLR3E,-0.714285714285714,2.85499355906381e-05,0.000279599369216897
FKBP1A,0.714285714285714,2.85499355906381e-05,0.000279599369216897
TRDV2,-0.714111312227169,2.87381118352253e-05,0.000280950212207308
TBX19,0.71383567443652,2.90377711541398e-05,0.00028338432162993
BIN1,-0.713675213675214,2.92134937194762e-05,0.000284602538117266
CROT,-0.713064713064713,2.98907432187567e-05,0.000290189298748763
LRRC45,-0.713064713064713,2.98907432187567e-05,0.000290189298748763
MAPK13,-0.712889564900861,3.00876030231048e-05,0.000291594239350437
FBXL17,-0.712454212454212,3.05819295166187e-05,0.000293838745458646
SLC12A2,-0.712454212454212,3.05819295166187e-05,0.000293838745458646
ZNF79,-0.712454212454212,3.05819295166187e-05,0.000293838745458646
OFD1,-0.712454212454212,3.05819295166187e-05,0.000293838745458646
MID1IP1,0.712454212454212,3.05819295166187e-05,0.000293838745458646
ANKRD50,0.712278691237707,3.0783262672644e-05,0.00029526587455476
NBPF10,0.711843711843712,3.12873017370671e-05,0.000298055521829095
PLSCR1,0.711843711843712,3.12873017370671e-05,0.000298055521829095
NDUFB5,0.711843711843712,3.12873017370671e-05,0.000298055521829095
TULP4,-0.711843711843712,3.12873017370671e-05,0.000298055521829095
TET2,0.711233211233211,3.20071127439816e-05,0.000303362329600585
CREBZF,-0.711233211233211,3.20071127439816e-05,0.000303362329600585
CHP1,0.711233211233211,3.20071127439816e-05,0.000303362329600585
IL2RA,-0.710635070419744,3.27266014035006e-05,0.000309275565008879
DMXL2,0.710622710622711,3.27416191854893e-05,0.000309275565008879
VNN1,0.710486919932704,3.29070158791328e-05,0.000310313714664605
NOTCH2,0.71001221001221,3.34910815386926e-05,0.000313705406975493
RINT1,-0.71001221001221,3.34910815386926e-05,0.000313705406975493
TRAF1,-0.71001221001221,3.34910815386926e-05,0.000313705406975493
UBE2S,-0.71001221001221,3.34910815386926e-05,0.000313705406975493
MTMR11,0.709835196585091,3.37112211695245e-05,0.000315239379230737
FAM83G,-0.709740007841519,3.38301322880555e-05,0.000315823204932899
ABCA1,0.709401709401709,3.42557641547625e-05,0.000319263721922386
HNMT,0.709224322921936,3.44808415904717e-05,0.000320826732402525
LRIF1,-0.708791208791209,3.50359353043891e-05,0.000323836281358916
RNF19A,-0.708791208791209,3.50359353043891e-05,0.000323836281358916
RASGEF1A,-0.708791208791209,3.50359353043891e-05,0.000323836281358916
ATAD1,-0.708791208791209,3.50359353043891e-05,0.000323836281358916
SOWAHC,0.708515262357754,3.53937283318668e-05,0.000326603512923761
TLE2,-0.708456641402503,3.54701535314302e-05,0.000326769519848036
B3GLCT,-0.708180708180708,3.58318672235993e-05,0.000329017736476794
PNMA1,-0.708180708180708,3.58318672235993e-05,0.000329017736476794
FBXL5,0.707570207570208,3.66438361599342e-05,0.000332110748470587
GPRIN3,-0.707570207570208,3.66438361599342e-05,0.000332110748470587
SERPINB6,0.707570207570208,3.66438361599342e-05,0.000332110748470587
ASAH1,0.707570207570208,3.66438361599342e-05,0.000332110748470587
PSIP1,-0.707570207570208,3.66438361599342e-05,0.000332110748470587
ZMYND19,-0.707570207570208,3.66438361599342e-05,0.000332110748470587
FANCI,-0.707570207570208,3.66438361599342e-05,0.000332110748470587
VMP1,0.707570207570208,3.66438361599342e-05,0.000332110748470587
ZBTB9,-0.70706763150151,3.73244977972481e-05,0.000336887634352109
GSTM2,-0.706959706959707,3.74721224189935e-05,0.000336887634352109
BRD3OS,-0.706959706959707,3.74721224189935e-05,0.000336887634352109
SPECC1,0.706959706959707,3.74721224189935e-05,0.000336887634352109
TSEN54,-0.706959706959707,3.74721224189935e-05,0.000336887634352109
EVI5,0.706349206349206,3.83170104113436e-05,0.000342829955552373
LRBA,-0.706349206349206,3.83170104113436e-05,0.000342829955552373
YARS2,-0.706349206349206,3.83170104113436e-05,0.000342829955552373
HACL1,-0.705738705738706,3.91787886997923e-05,0.000346657889888036
ELP6,-0.705738705738706,3.91787886997923e-05,0.000346657889888036
HLA-DRB1,0.705738705738706,3.91787886997923e-05,0.000346657889888036
ABCC10,-0.705738705738706,3.91787886997923e-05,0.000346657889888036
ZNF12,-0.705738705738706,3.91787886997923e-05,0.000346657889888036
CLUAP1,-0.705738705738706,3.91787886997923e-05,0.000346657889888036
ZNF821,-0.705738705738706,3.91787886997923e-05,0.000346657889888036
JADE2,-0.705128205128205,4.00577500470301e-05,0.00035165296430611
CCNJ,0.705128205128205,4.005775004703e-05,0.00035165296430611
CLSTN3,-0.705128205128205,4.00577500470301e-05,0.00035165296430611
APBA3,-0.705128205128205,4.00577500470301e-05,0.00035165296430611
DIP2A,-0.705128205128205,4.00577500470301e-05,0.00035165296430611
SEMA3C,0.704628851464424,4.07896714610861e-05,0.00035396574754971
GPATCH4,-0.704517704517705,4.09541914636377e-05,0.00035396574754971
TTC30A,-0.704517704517705,4.09541914636377e-05,0.00035396574754971
ATIC,-0.704517704517705,4.09541914636377e-05,0.00035396574754971
NRROS,0.704517704517705,4.09541914636377e-05,0.00035396574754971
ST6GALNAC4,-0.704517704517705,4.09541914636377e-05,0.00035396574754971
INPP5E,-0.704517704517705,4.09541914636377e-05,0.00035396574754971
COMMD9,0.704517704517705,4.09541914636377e-05,0.00035396574754971
DCP1B,-0.704517704517705,4.09541914636377e-05,0.00035396574754971
HOXB2,-0.704517704517705,4.09541914636377e-05,0.00035396574754971
ZNF692,-0.703907203907204,4.18684142564657e-05,0.000360197188495625
HMCES,-0.703907203907204,4.18684142564657e-05,0.000360197188495625
SLFN5,-0.703907203907204,4.18684142564657e-05,0.000360197188495625
MLF1,-0.703404068643989,4.26354395973413e-05,0.000365965824221242
GLUL,0.703296703296703,4.2800724077377e-05,0.000365965824221242
RYBP,0.703296703296703,4.2800724077377e-05,0.000365965824221242
GALK2,-0.703296703296703,4.2800724077377e-05,0.000365965824221242
PDZD4,-0.703115586290395,4.3080836532584e-05,0.000367798531130091
GCLM,-0.702686202686203,4.3751430972364e-05,0.000368460846381716
CTSS,0.702686202686203,4.37514309723639e-05,0.000368460846381716
SESTD1,0.702686202686203,4.37514309723639e-05,0.000368460846381716
FAM107B,-0.702686202686203,4.3751430972364e-05,0.000368460846381716
MON2,-0.702686202686203,4.3751430972364e-05,0.000368460846381716
MRTFB,-0.702686202686203,4.3751430972364e-05,0.000368460846381716
CDR2,-0.702686202686203,4.3751430972364e-05,0.000368460846381716
NFATC3,-0.702686202686203,4.3751430972364e-05,0.000368460846381716
PTPRM,-0.702686202686203,4.3751430972364e-05,0.000368460846381716
ZNF853,-0.702612315151959,4.38677559708544e-05,0.00036888494945717
LDLRAP1,-0.702075702075702,4.47208494310332e-05,0.000373810149504241
EFCAB7,-0.702075702075702,4.47208494310332e-05,0.000373810149504241
FUCA2,0.702075702075702,4.47208494310332e-05,0.000373810149504241
IRAK3,0.702075702075702,4.47208494310332e-05,0.000373810149504241
MICAL3,-0.701572287215229,4.55345276459372e-05,0.000380043400889672
HIST1H1D,-0.701465201465202,4.57092984364625e-05,0.000380933527357226
TCN2,0.7013154020334,4.5954780183998e-05,0.00038240942081684
RCL1,-0.700854700854701,4.67171015154282e-05,0.000386452709577329
DNAJC9,-0.700854700854701,4.67171015154282e-05,0.000386452709577329
TMEM106C,-0.700854700854701,4.67171015154282e-05,0.000386452709577329
IL32,-0.700854700854701,4.67171015154282e-05,0.000386452709577329
GSTP1,0.7002442002442,4.77445867890046e-05,0.000392629013711934
ZBTB1,-0.7002442002442,4.77445867890048e-05,0.000392629013711934
ATP5MPL,0.7002442002442,4.77445867890046e-05,0.000392629013711934
LAIR2,-0.7002442002442,4.77445867890048e-05,0.000392629013711934
ERMAP,0.700045802691261,4.80827868226263e-05,0.000394829579900332
SYNM,-0.69978681571685,4.85274707987369e-05,0.000397733747282237
STIM2,-0.6996336996337,4.87920870235363e-05,0.000397733747282237
CHD7,-0.6996336996337,4.87920870235363e-05,0.000397733747282237
PLBD1,0.6996336996337,4.87920870235363e-05,0.000397733747282237
TMEM204,-0.6996336996337,4.87920870235363e-05,0.000397733747282237
KIFAP3,-0.699023199023199,4.98599396819842e-05,0.000402914425869444
KIF13A,0.699023199023199,4.98599396819842e-05,0.000402914425869444
JAML,0.699023199023199,4.98599396819842e-05,0.000402914425869444
MXRA7,-0.699023199023199,4.98599396819842e-05,0.000402914425869444
CD226,-0.699023199023199,4.98599396819842e-05,0.000402914425869444
DYRK1B,-0.699023199023199,4.98599396819842e-05,0.000402914425869444
CD9,0.698839470648316,5.01853422265412e-05,0.00040495877883235
PTGS2,0.698412698412698,5.09484869756438e-05,0.000408171832618625
CD2AP,-0.698412698412698,5.09484869756438e-05,0.000408171832618625
ZNF251,-0.698412698412698,5.09484869756438e-05,0.000408171832618625
TTC5,-0.698412698412698,5.09484869756438e-05,0.000408171832618625
SLC7A5,-0.698412698412698,5.09484869756438e-05,0.000408171832618625
INAFM1,0.697802197802198,5.20580759162395e-05,0.000416464607329916
WDR49,0.697686023722322,5.22716351103809e-05,0.0004175756907675
CENPS,-0.697191697191697,5.31890583683896e-05,0.000422490361358003
CCDC88A,0.697191697191697,5.31890583683893e-05,0.000422490361358003
DDX6,-0.697191697191697,5.31890583683896e-05,0.000422490361358003
HCAR3,0.697191697191697,5.31890583683893e-05,0.000422490361358003
CTPS1,-0.696581196581197,5.43417911024507e-05,0.000427397040569485
FAIM,-0.696581196581197,5.43417911024507e-05,0.000427397040569485
SEL1L3,-0.696581196581197,5.43417911024507e-05,0.000427397040569485
SMIM3,0.696581196581197,5.43417911024507e-05,0.000427397040569485
EID3,-0.696581196581197,5.43417911024507e-05,0.000427397040569485
LSS,-0.696581196581197,5.43417911024507e-05,0.000427397040569485
SEPTIN6,-0.696581196581197,5.43417911024507e-05,0.000427397040569485
TRAV23DV6,-0.696342710789538,5.47980802356573e-05,0.000430380427918252
VNN3,0.696267807520109,5.49420906346571e-05,0.000430906270447408
ARMCX1,0.696016665258473,5.54273947802435e-05,0.000431778897997981
PRIM2,-0.695970695970696,5.55166358477376e-05,0.000431778897997981
TLE1,-0.695970695970696,5.55166358477376e-05,0.000431778897997981
NPC2,0.695970695970696,5.55166358477376e-05,0.000431778897997981
ATG2B,-0.695970695970696,5.55166358477376e-05,0.000431778897997981
PRMT7,-0.695970695970696,5.55166358477376e-05,0.000431778897997981
ITPKB,-0.695360195360195,5.67139593461134e-05,0.000439867490517984
FCN1,0.695360195360195,5.67139593461133e-05,0.000439867490517984
PRPF4B,-0.694749694749695,5.79341334059597e-05,0.000446851964146381
CDKN1A,0.694749694749695,5.79341334059594e-05,0.000446851964146381
KAT6B,-0.694749694749695,5.79341334059597e-05,0.000446851964146381
MVK,-0.694749694749695,5.79341334059597e-05,0.000446851964146381
ARID4B,-0.694139194139194,5.91775349565252e-05,0.00045269599928439
HIST1H2BC,-0.694139194139194,5.91775349565252e-05,0.00045269599928439
UNG,-0.694139194139194,5.91775349565252e-05,0.00045269599928439
SUPT4H1,0.694139194139194,5.91775349565252e-05,0.00045269599928439
ENOSF1,-0.694139194139194,5.91775349565252e-05,0.00045269599928439
CXorf21,0.694139194139194,5.91775349565252e-05,0.00045269599928439
IL18,0.693580663897909,6.03357596972334e-05,0.000460925639654275
ZNF142,-0.693528693528694,6.0444546102648e-05,0.00046112674189087
LTK,-0.69337551872139,6.07661900633969e-05,0.000462948957540212
STPG1,-0.692918192918193,6.17355541798545e-05,0.000467337983930825
CMTM6,0.692918192918193,6.17355541798542e-05,0.000467337983930825
ZNF718,-0.692918192918193,6.17355541798545e-05,0.000467337983930825
EVA1C,-0.692918192918193,6.17355541798545e-05,0.000467337983930825
CXCR6,-0.692906671222466,6.17601520251931e-05,0.000467337983930825
CENPF,-0.69271867697622,6.21627333274753e-05,0.000469748655090868
SEPTIN11,-0.692307692307692,6.30509518098357e-05,0.000471364869679948
SLC36A1,0.692307692307692,6.30509518098357e-05,0.000471364869679948
ASAP1,0.692307692307692,6.30509518098357e-05,0.000471364869679948
INTS6,-0.692307692307692,6.30509518098357e-05,0.000471364869679948
HEATR5A,0.692307692307692,6.30509518098357e-05,0.000471364869679948
MAPKBP1,-0.692307692307692,6.30509518098357e-05,0.000471364869679948
CBX4,-0.692307692307692,6.30509518098357e-05,0.000471364869679948
TTC38,-0.692307692307692,6.30509518098357e-05,0.000471364869679948
S100A9,0.691697191697192,6.43911369563054e-05,0.000480741305553618
PDK4,0.691508986690467,6.4809350010762e-05,0.000483218513680242
DDHD2,-0.691086691086691,6.57565129812297e-05,0.000488976623126378
ZNF22,-0.691086691086691,6.57565129812297e-05,0.000488976623126378
SLC43A1,-0.690756452843169,6.65057290019083e-05,0.000493891150834889
PHACTR1,0.69047619047619,6.71474887014382e-05,0.000495367753058633
GNAQ,0.69047619047619,6.71474887014382e-05,0.000495367753058633
OPTN,-0.69047619047619,6.71474887014385e-05,0.000495367753058633
HIST4H4,-0.69047619047619,6.71474887014385e-05,0.000495367753058633
LRRK2,0.69047619047619,6.71474887014382e-05,0.000495367753058633
NHSL1,0.690225185890717,6.77269048300634e-05,0.000498983994479203
DENND2D,-0.68986568986569,6.85644784456118e-05,0.000499235108682111
ANKRD36B,-0.68986568986569,6.85644784456118e-05,0.000499235108682111
MGAT5,-0.68986568986569,6.85644784456118e-05,0.000499235108682111
TTC14,-0.68986568986569,6.85644784456118e-05,0.000499235108682111
RAC1,0.68986568986569,6.85644784456115e-05,0.000499235108682111
NMRK1,-0.68986568986569,6.85644784456118e-05,0.000499235108682111
REXO4,-0.68986568986569,6.85644784456118e-05,0.000499235108682111
DNAJA3,-0.68986568986569,6.85644784456118e-05,0.000499235108682111
NKG7,-0.68986568986569,6.85644784456118e-05,0.000499235108682111
TSPAN18,-0.689360411023493,6.97572195567701e-05,0.000507103871254328
TRNT1,-0.689255189255189,7.0007902111649e-05,0.000507103871254328
MYC,-0.689255189255189,7.0007902111649e-05,0.000507103871254328
CST3,0.689255189255189,7.00079021116486e-05,0.000507103871254328
LSR,-0.688780994237686,7.11475661960411e-05,0.000511787467061332
B4GALT3,-0.688644688644689,7.14781852244099e-05,0.000511787467061332
WDR41,0.688644688644689,7.14781852244099e-05,0.000511787467061332
PRKAR1B,-0.688644688644689,7.14781852244099e-05,0.000511787467061332
RCC1L,-0.688644688644689,7.14781852244099e-05,0.000511787467061332
ARHGEF12,-0.688644688644689,7.14781852244099e-05,0.000511787467061332
LIN52,-0.688644688644689,7.14781852244099e-05,0.000511787467061332
AXIN1,-0.688644688644689,7.14781852244099e-05,0.000511787467061332
DUSP3,0.688644688644689,7.14781852244099e-05,0.000511787467061332
MMP23B,-0.688454618374696,7.19414865115227e-05,0.000514446026307461
LRIG1,-0.688034188034188,7.29757589938421e-05,0.000519186315895121
GPAT3,0.688034188034188,7.29757589938421e-05,0.000519186315895121
LRCH1,-0.688034188034188,7.29757589938421e-05,0.000519186315895121
RNF24,0.688034188034188,7.29757589938421e-05,0.000519186315895121
CHPF,-0.687528629594732,7.42368756678928e-05,0.00052337930855336
FASLG,-0.687442781916511,7.44529294191269e-05,0.00052337930855336
NIPAL3,-0.687423687423687,7.45010603734755e-05,0.00052337930855336
RAD18,-0.687423687423687,7.45010603734755e-05,0.00052337930855336
RNF130,0.687423687423687,7.45010603734748e-05,0.00052337930855336
CARD11,-0.687423687423687,7.45010603734755e-05,0.00052337930855336
ABHD17C,-0.687423687423687,7.45010603734755e-05,0.00052337930855336
LAT,-0.687423687423687,7.45010603734755e-05,0.00052337930855336
DONSON,-0.687423687423687,7.45010603734755e-05,0.00052337930855336
APOBEC3A,0.687423687423687,7.45010603734748e-05,0.00052337930855336
SMYD3,-0.686813186813187,7.60545321193062e-05,0.000532953563422506
CCL5,-0.686813186813187,7.60545321193062e-05,0.000532953563422506
GPHN,-0.686202686202686,7.76366228490512e-05,0.000541326677022312
ZNF708,-0.686202686202686,7.76366228490512e-05,0.000541326677022312
TMEM143,-0.686202686202686,7.76366228490512e-05,0.000541326677022312
PRR5,-0.686202686202686,7.76366228490512e-05,0.000541326677022312
RNF217,0.686029538867895,7.80906002865557e-05,0.000543813993527297
PLCXD2,-0.685986081576935,7.82049099303683e-05,0.000543932657127636
PSMD14,-0.685592185592186,7.92477871017875e-05,0.000548560861081447
GOLGA8A,-0.685592185592186,7.92477871017875e-05,0.000548560861081447
NAA38,0.685592185592186,7.92477871017867e-05,0.000548560861081447
TRAV17,-0.685586575770484,7.92627281390932e-05,0.000548560861081447
BACE1,0.685245098166229,8.01769198116874e-05,0.000554201898129735
UBE2E2,0.684981684981685,8.08884853979581e-05,0.000554324032286013
DHFR,-0.684981684981685,8.0888485397959e-05,0.000554324032286013
SLC25A22,-0.684981684981685,8.0888485397959e-05,0.000554324032286013
FGD6,0.684981684981685,8.08884853979581e-05,0.000554324032286013
NAE1,-0.684981684981685,8.0888485397959e-05,0.000554324032286013
GRN,0.684981684981685,8.08884853979581e-05,0.000554324032286013
STMN3,-0.684981684981685,8.0888485397959e-05,0.000554324032286013
ZDBF2,-0.684789376395771,8.14114990684222e-05,0.000557225340012995
LETM2,-0.684371184371184,8.25591842997736e-05,0.000562327598787252
FANCC,-0.684371184371184,8.25591842997736e-05,0.000562327598787252
ATG2A,-0.684371184371184,8.25591842997736e-05,0.000562327598787252
IL2RG,-0.684371184371184,8.25591842997736e-05,0.000562327598787252
TMEM63A,-0.683760683760684,8.42603564719697e-05,0.000569750802165967
MRPS9,-0.683760683760684,8.42603564719697e-05,0.000569750802165967
MRNIP,-0.683760683760684,8.42603564719697e-05,0.000569750802165967
MCM7,-0.683760683760684,8.42603564719697e-05,0.000569750802165967
ERGIC2,-0.683760683760684,8.42603564719697e-05,0.000569750802165967
FCAR,0.683760683760684,8.42603564719697e-05,0.000569750802165967
CDCA8,-0.683559769832418,8.48269528120392e-05,0.000572198214867221
FGD4,0.683559769832418,8.48269528120397e-05,0.000572198214867221
DLEU7,0.683522935862116,8.49311930798129e-05,0.000572211122532908
MTR,-0.683150183150183,8.59924807429645e-05,0.00057658267663628
PLPP1,-0.683150183150183,8.59924807429645e-05,0.00057658267663628
MAPRE2,-0.683150183150183,8.59924807429645e-05,0.00057658267663628
PJA1,-0.683150183150183,8.59924807429645e-05,0.00057658267663628
ITSN1,0.682949176022831,8.65696374990247e-05,0.000579757380712031
NPC1,-0.682539682539682,8.77560421663742e-05,0.000586999746165508
PHLDB2,-0.682238027948815,8.86391907462348e-05,0.000592198751078788
FBXO44,-0.681929181929182,8.95515320829195e-05,0.000594035785774242
KIAA0825,-0.681929181929182,8.95515320829195e-05,0.000594035785774242
INCENP,-0.681929181929182,8.95515320829195e-05,0.000594035785774242
XRRA1,-0.681929181929182,8.95515320829195e-05,0.000594035785774242
HEBP1,0.681929181929182,8.9551532082919e-05,0.000594035785774242
HSPH1,-0.681929181929182,8.95515320829195e-05,0.000594035785774242
OR2B11,0.681611794034184,9.04977530256715e-05,0.000599601226208003
RGS16,-0.681318681318681,9.13794481827014e-05,0.000604011671675728
FBXO32,-0.681318681318681,9.13794481827014e-05,0.000604011671675728
BST1,0.681138062654933,9.19265329244635e-05,0.000606910474750413
VIM,0.680708180708181,9.32402945678542e-05,0.000614858168895567
TRBV27,-0.680384217637904,9.42413038529643e-05,0.000620727174494436
PID1,0.68009768009768,9.51345818155799e-05,0.000623672428502609
SNRPN,-0.68009768009768,9.51345818155804e-05,0.000623672428502609
SIK1B,0.68009768009768,9.51345818155799e-05,0.000623672428502609
HLCS,-0.68009768009768,9.51345818155804e-05,0.000623672428502609
ATP8B2,-0.679902387090538,9.57476891896291e-05,0.000626956765747548
WDR76,-0.679590910070104,9.67327803743203e-05,0.000630890586019267
ARHGAP24,0.679487179487179,9.70628270415519e-05,0.000630890586019267
RNF144B,0.679487179487179,9.70628270415519e-05,0.000630890586019267
SRPK1,-0.679487179487179,9.70628270415527e-05,0.000630890586019267
RRM1,-0.679487179487179,9.70628270415527e-05,0.000630890586019267
NAB2,0.679487179487179,9.70628270415519e-05,0.000630890586019267
GCSAM,-0.679463535340695,9.71381964525373e-05,0.000630890586019267
KCNA3,-0.678876678876679,9.90255539636962e-05,0.000635764520970137
ZNF124,0.678876678876679,9.90255539636959e-05,0.000635764520970137
CD86,0.678876678876679,9.90255539636959e-05,0.000635764520970137
CDKN2AIP,-0.678876678876679,9.90255539636962e-05,0.000635764520970137
HIST1H2BG,-0.678876678876679,9.90255539636962e-05,0.000635764520970137
ATAD2,-0.678876678876679,9.90255539636962e-05,0.000635764520970137
CDC14B,-0.678876678876679,9.90255539636962e-05,0.000635764520970137
ISG20,-0.678876678876679,9.90255539636962e-05,0.000635764520970137
IL12RB1,-0.678876678876679,9.90255539636962e-05,0.000635764520970137
ZNF600,-0.678876678876679,9.90255539636962e-05,0.000635764520970137
SMAD1,0.678692324548452,9.96251015362994e-05,0.000638392521155213
ZNF827,-0.67868063976423,9.96632101159694e-05,0.000638392521155213
MDN1,-0.678266178266178,0.00010102329296635,0.000644888418113958
ARPC5L,-0.678266178266178,0.00010102329296635,0.000644888418113958
FRY,0.678266178266178,0.000101023292966349,0.000644888418113958
TRBV4-2,-0.677980858003775,0.000101969101878062,0.000650183828622718
SLC30A1,0.677655677655678,0.000103056581164792,0.000652652776753697
NBAS,-0.677655677655678,0.000103056581164792,0.000652652776753697
PTPN4,-0.677655677655678,0.000103056581164792,0.000652652776753697
ZNF92,-0.677655677655678,0.000103056581164792,0.000652652776753697
MIGA2,-0.677655677655678,0.000103056581164792,0.000652652776753697
SLC37A4,-0.677655677655678,0.000103056581164792,0.000652652776753697
CRIP2,-0.677148534831757,0.000104773054531971,0.000662755785944832
HIST1H2AK,-0.677045177045177,0.000105125962470147,0.000662755785944832
ANKRD26,-0.677045177045177,0.000105125962470147,0.000662755785944832
CPNE8,0.677045177045177,0.000105125962470148,0.000662755785944832
XCL2,-0.676858020968591,0.000105767668445014,0.000666050452640222
CTSH,0.676434676434676,0.000107231987654672,0.000673754241533623
ACAP1,-0.676434676434676,0.000107231987654671,0.000673754241533623
HYOU1,-0.675824175824176,0.000109375214417392,0.000685679595316209
ALDOA,0.675824175824176,0.000109375214417392,0.000685679595316209
CYP1B1,0.67562627144846,0.000110078056714716,0.000689312982249376
GOLGA7B,-0.675473912052786,0.000110621865396929,0.000691943480200924
BTN3A2,-0.675213675213675,0.000111556207450142,0.000695454082565435
SYNE1,-0.675213675213675,0.000111556207450142,0.000695454082565435
GIMAP5,-0.675213675213675,0.000111556207450142,0.000695454082565435
SSX2IP,-0.674603174603175,0.000113775538503951,0.000706925345904554
BNIP3L,0.674603174603175,0.000113775538503952,0.000706925345904554
ACYP1,-0.674603174603175,0.000113775538503951,0.000706925345904554
CEACAM4,0.674404524122151,0.000114506049030037,0.000710674612847908
ANO9,-0.6741065655988,0.000115609520610842,0.00071381840908792
ZFYVE28,-0.674095565783823,0.00011565043694438,0.00071381840908792
RPAP2,-0.673992673992674,0.000116033786455815,0.00071381840908792
CCNG2,0.673992673992674,0.000116033786455815,0.00071381840908792
C12orf75,-0.673992673992674,0.000116033786455815,0.00071381840908792
PIBF1,-0.673992673992674,0.000116033786455815,0.00071381840908792
RAD51C,-0.673992673992674,0.000116033786455815,0.00071381840908792
GK,0.673992673992674,0.000116033786455815,0.00071381840908792
PLCH2,-0.673939441557437,0.000116232557661349,0.000714255453233258
HSPE1,-0.673382173382173,0.000118331537375829,0.000722390782757246
SGO2,-0.673382173382173,0.000118331537375829,0.000722390782757246
GPR35,0.673382173382173,0.000118331537375829,0.000722390782757246
LXN,-0.673382173382173,0.000118331537375829,0.000722390782757246
ZSCAN26,-0.673382173382173,0.000118331537375829,0.000722390782757246
HSD17B8,-0.673382173382173,0.000118331537375829,0.000722390782757246
MORC4,-0.67318941380887,0.000119065330000293,0.000725441187445448
TRBV7-9,-0.673182776795843,0.000119090667037718,0.000725441187445448
TRBV21-1,-0.673018759260227,0.000119718324766725,0.000727137067514602
IKZF2,-0.672997643328584,0.000119799342525858,0.000727137067514602
LCAT,0.672997643328584,0.000119799342525857,0.000727137067514602
EIF4EBP1,0.672771672771673,0.000120669384594698,0.000727137067514602
NMT2,-0.672771672771673,0.000120669384594697,0.000727137067514602
LRMDA,0.672771672771673,0.000120669384594698,0.000727137067514602
CRYL1,0.672771672771673,0.000120669384594698,0.000727137067514602
MGA,-0.672771672771673,0.000120669384594697,0.000727137067514602
SAMSN1,0.672771672771673,0.000120669384594698,0.000727137067514602
RGL4,-0.672771672771673,0.000120669384594697,0.000727137067514602
ZNF771,-0.672263784355062,0.000122645274823534,0.000737496267621496
LPIN1,-0.672161172161172,0.000123047928771612,0.000737496267621496
MCTP1,0.672161172161172,0.000123047928771612,0.000737496267621496
SHMT1,-0.672161172161172,0.000123047928771612,0.000737496267621496
SCRN2,-0.672161172161172,0.000123047928771612,0.000737496267621496
CXCR3,-0.671966544755629,0.000123814861682236,0.000741298400992576
SPAG16,-0.671653190545476,0.000125058510213423,0.000744815089560771
INPP4B,-0.671653190545476,0.000125058510213423,0.000744815089560771
CC2D1B,-0.671550671550672,0.00012546777796249,0.000744815089560771
OXCT1,-0.671550671550672,0.00012546777796249,0.000744815089560771
ITK,-0.671550671550672,0.00012546777796249,0.000744815089560771
ARID5B,-0.671550671550672,0.00012546777796249,0.000744815089560771
BEST1,0.671550671550672,0.00012546777796249,0.000744815089560771
TUBGCP6,-0.671550671550672,0.00012546777796249,0.000744815089560771
HIST1H2AI,-0.671350155806381,0.000126271679946971,0.000748792401127742
CENPM,-0.671177394665808,0.000126967952353205,0.000752123717753306
EPHB2,0.671136712970413,0.000127132402401506,0.000752300946274307
SLC2A9,0.671049392965699,0.000127486016396555,0.000753033716499576
UBXN11,0.670940170940171,0.00012792954768859,0.000753033716499576
DDX31,-0.670940170940171,0.000127929547688589,0.000753033716499576
TMEM238,-0.670940170940171,0.000127929547688589,0.000753033716499576
PLXNA3,-0.670940170940171,0.000127929547688589,0.000753033716499576
MSR1,0.670743675702389,0.000128730910889505,0.000756312052960108
ADM,0.670737299831095,0.000128756987556871,0.000756312052960108
TRGV8,-0.670563606467668,0.00012946917202188,0.000759273469909348
CAPN12,-0.670548152361055,0.000129532705703419,0.000759273469909348
PSAT1,-0.670433782711055,0.000130003749152795,0.00076123661284024
HBEGF,0.67032967032967,0.000130433861005484,0.000761363414136397
AQP9,0.67032967032967,0.000130433861005484,0.000761363414136397
ZNF554,-0.67032967032967,0.000130433861005484,0.000761363414136397
CCR4,-0.670132241175769,0.000131252936247051,0.000765345588627225
JAG1,0.669949818269529,0.000132013787008981,0.000768980309327315
CLEC12B,0.669642924170459,0.00013330256922894,0.000775679466314499
TRAV6,-0.669196820012326,0.00013519575688005,0.000785618913630294
ATG16L1,-0.669108669108669,0.000135572648721966,0.000785618913630294
XRN1,-0.669108669108669,0.000135572648721966,0.000785618913630294
PORCN,-0.669108669108669,0.000135572648721966,0.000785618913630294
SEPTIN10,0.668909372122528,0.000136428168726697,0.000788193779741993
MAST4,-0.668906661153764,0.000136439838839458,0.000788193779741993
TRGV9,-0.668906661153764,0.000136439838839458,0.000788193779741993
KLRC1,-0.668600221497542,0.00013776468420844,0.000792678374265497
S100A4,0.668498168498168,0.000138208407530197,0.000792678374265497
CD8B,-0.668498168498168,0.000138208407530195,0.000792678374265497
EXOSC9,-0.668498168498168,0.000138208407530195,0.000792678374265497
HIST1H3A,-0.668498168498168,0.000138208407530195,0.000792678374265497
PIM1,-0.668498168498168,0.000138208407530195,0.000792678374265497
GAS7,0.668498168498168,0.000138208407530197,0.000792678374265497
ALDH1A1,0.668098661393526,0.000139957607512896,0.000800663462943262
TTC22,-0.668026718934406,0.000140274666932453,0.000800663462943262
ASTE1,-0.667887667887668,0.00014088927888701,0.000800663462943262
SPON2,-0.667887667887668,0.00014088927888701,0.000800663462943262
LAT2,0.667887667887668,0.000140889278887012,0.000800663462943262
STOM,-0.667887667887668,0.00014088927888701,0.000800663462943262
C2CD3,-0.667887667887668,0.00014088927888701,0.000800663462943262
CWF19L2,-0.667887667887668,0.00014088927888701,0.000800663462943262
APOBEC3D,-0.667887667887668,0.00014088927888701,0.000800663462943262
TRAV1-2,-0.667341375964233,0.000143326978996637,0.000809576865099418
ANKRD36,-0.667277167277167,0.000143615924566991,0.000809576865099418
TRANK1,-0.667277167277167,0.000143615924566991,0.000809576865099418
EPB41L2,0.667277167277167,0.000143615924566993,0.000809576865099418
ABCA2,-0.667277167277167,0.000143615924566991,0.000809576865099418
SMPD1,-0.667277167277167,0.000143615924566991,0.000809576865099418
GRAMD1B,-0.667277167277167,0.000143615924566991,0.000809576865099418
RILPL2,0.667277167277167,0.000143615924566993,0.000809576865099418
SERPING1,0.667074040164302,0.000144533404145104,0.000813928294037686
NIPSNAP3A,0.666666666666667,0.000146389014300544,0.000822720972832804
CD93,0.666666666666667,0.000146389014300544,0.000822720972832804
PCLAF,-0.666463166501148,0.000147323815181587,0.00082714334788698
PDGFD,-0.66626708908069,0.000148229495201711,0.000830704391997221
AFAP1,-0.666261543167879,0.000148255182978045,0.000830704391997221
AKTIP,-0.666056166056166,0.000149209225845409,0.000835213204131656
FAHD2B,-0.665852292837994,0.000150161633630189,0.000838864990269746
TRGC1,-0.665852292837994,0.000150161633630189,0.000838864990269746
TRGV4,-0.665665129429683,0.000151040696271372,0.00084293370613724
CXCL3,0.665445665445665,0.000152077245058539,0.000844504423403534
RNF8,-0.665445665445665,0.000152077245058541,0.000844504423403534
PTDSS2,-0.665445665445665,0.000152077245058541,0.000844504423403534
KDM8,-0.665445665445665,0.000152077245058541,0.000844504423403534
RTTN,-0.665445665445665,0.000152077245058541,0.000844504423403534
CCDC102A,-0.66534640678348,0.000152548109401185,0.000846278797392288
CDA,0.664936658640021,0.000154505512517778,0.000849730528720538
TRBV5-6,-0.664916724898398,0.000154601300058808,0.000849730528720538
ST8SIA1,-0.664867450566775,0.000154838302554582,0.000849730528720538
TDRKH,-0.664835164835165,0.000154993765968338,0.000849730528720538
METTL18,-0.664835164835165,0.000154993765968338,0.000849730528720538
MAN1A1,-0.664835164835165,0.000154993765968338,0.000849730528720538
PAXX,-0.664835164835165,0.000154993765968338,0.000849730528720538
IFITM1,-0.664835164835165,0.000154993765968338,0.000849730528720538
PPP1R13B,-0.664835164835165,0.000154993765968338,0.000849730528720538
PARP16,-0.664835164835165,0.000154993765968338,0.000849730528720538
RBL2,-0.664835164835165,0.000154993765968338,0.000849730528720538
FCGRT,0.664835164835165,0.000154993765968337,0.000849730528720538
IL5RA,-0.66424896921741,0.000157840471361811,0.000860087120562526
TRMT61B,-0.664224664224664,0.000157959490847231,0.000860087120562526
NCR3,-0.664224664224664,0.000157959490847231,0.000860087120562526
PIP4K2C,-0.664224664224664,0.000157959490847231,0.000860087120562526
SLAIN1,-0.664224664224664,0.000157959490847231,0.000860087120562526
SEC14L1,0.664224664224664,0.00015795949084723,0.000860087120562526
PLAUR,0.664224664224664,0.00015795949084723,0.000860087120562526
KCNQ5,-0.66381205220035,0.000159992125072376,0.000869732298117449
FAAH,0.663712178646256,0.000160487580359601,0.000869732298117449
SLC1A4,-0.663614163614164,0.000160975130284614,0.000869732298117449
TMEM176A,0.663614163614164,0.000160975130284613,0.000869732298117449
MEGF9,0.663614163614164,0.000160975130284613,0.000869732298117449
TLE5,-0.663614163614164,0.000160975130284614,0.000869732298117449
STXBP2,0.663614163614164,0.000160975130284613,0.000869732298117449
NCF4,0.663614163614164,0.000160975130284613,0.000869732298117449
TPX2,-0.663505042189061,0.0001615194614777,0.000871830915620947
ZNF697,0.663321247193364,0.000162439955717894,0.000875953936715974
VSTM1,0.663100744119636,0.000163550392595859,0.000878658550795754
IFI6,0.663003663003663,0.00016404140326015,0.000878658550795754
ZC3H12A,-0.663003663003663,0.000164041403260152,0.000878658550795754
ACSL1,0.663003663003663,0.00016404140326015,0.000878658550795754
DGKZ,-0.663003663003663,0.000164041403260152,0.000878658550795754
GNB5,-0.663003663003663,0.000164041403260152,0.000878658550795754
ARIH1,-0.663003663003663,0.000164041403260152,0.000878658550795754
TRAV3,-0.662817110716113,0.000164988583756916,0.000882564459382337
GNAO1,-0.662797924522223,0.00016508627047817,0.000882564459382337
PLA2G12A,-0.662393162393162,0.000167159037217418,0.000887704972573412
AIF1,0.662393162393162,0.000167159037217417,0.000887704972573412
SOCS1,-0.662393162393162,0.000167159037217418,0.000887704972573412
MAZ,-0.662393162393162,0.000167159037217418,0.000887704972573412
TRAPPC2,-0.662393162393162,0.000167159037217418,0.000887704972573412
TSPYL2,-0.662393162393162,0.000167159037217418,0.000887704972573412
INTS6L,-0.662393162393162,0.000167159037217418,0.000887704972573412
RCN3,0.662187050859069,0.000168223310112654,0.000892509250616661
MREG,-0.662084284494635,0.000168756179498911,0.000894487730576216
PLEKHG1,-0.661806730862391,0.000170202805349238,0.000896872383641352
SLC22A18AS,0.661806730862391,0.000170202805349238,0.000896872383641352
DEF6,-0.661782661782662,0.000170328768137896,0.000896872383641352
PAFAH1B3,-0.661782661782662,0.000170328768137896,0.000896872383641352
ARHGAP35,-0.661782661782662,0.000170328768137896,0.000896872383641352
KIZ,-0.661782661782662,0.000170328768137896,0.000896872383641352
TXLNG,-0.661782661782662,0.000170328768137896,0.000896872383641352
NOP58,-0.661172161172161,0.000173551340615325,0.000906595186202785
PLK2,0.661172161172161,0.000173551340615324,0.000906595186202785
CYTH3,-0.661172161172161,0.000173551340615325,0.000906595186202785
ZFAND4,-0.661172161172161,0.000173551340615325,0.000906595186202785
HERC2,-0.661172161172161,0.000173551340615325,0.000906595186202785
IMPA2,0.661172161172161,0.000173551340615324,0.000906595186202785
TCFL5,-0.661172161172161,0.000173551340615325,0.000906595186202785
EBP,-0.661172161172161,0.000173551340615325,0.000906595186202785
SOX13,-0.661156562470588,0.000173634378473387,0.000906595186202785
HENMT1,-0.66056166056166,0.000176827507930392,0.000919832022648144
SUPT3H,-0.66056166056166,0.000176827507930392,0.000919832022648144
RFX3,-0.66056166056166,0.000176827507930392,0.000919832022648144
NKIRAS2,0.66056166056166,0.000176827507930391,0.000919832022648144
NCR1,-0.660349288749845,0.000177979876159814,0.000924966047849142
SLFN12L,-0.660137815749057,0.00017913393530787,0.000930099318701588
PGD,0.65995115995116,0.000180158032125774,0.000931955333623809
ZMYND11,-0.65995115995116,0.000180158032125776,0.000931955333623809
TMEM219,0.65995115995116,0.000180158032125774,0.000931955333623809
CYB561,-0.65995115995116,0.000180158032125776,0.000931955333623809
FAM83D,-0.659525443007175,0.000182513065586481,0.000941629615948546
CD33,0.659432136959915,0.000183032834996521,0.000941629615948546
ECHDC2,-0.659340659340659,0.00018354368408153,0.000941629615948546
ALG14,-0.659340659340659,0.00018354368408153,0.000941629615948546
CNNM3,-0.659340659340659,0.00018354368408153,0.000941629615948546
SETD5,-0.659340659340659,0.00018354368408153,0.000941629615948546
EIF4EBP3,0.659340659340659,0.000183543684081528,0.000941629615948546
FEN1,-0.659340659340659,0.00018354368408153,0.000941629615948546
REEP6,-0.659340659340659,0.00018354368408153,0.000941629615948546
MAGEE1,-0.658913070265292,0.000185948208410594,0.000953091092055032
TOP2A,-0.658830720544153,0.000186414469868099,0.000953164523390918
IL15,0.658730158730159,0.000186985243590814,0.000953164523390918
NCAPD3,-0.658730158730159,0.000186985243590815,0.000953164523390918
APH1B,0.658730158730159,0.000186985243590814,0.000953164523390918
CHIC1,-0.658730158730159,0.000186985243590815,0.000953164523390918
GPR174,-0.658730158730159,0.000186985243590815,0.000953164523390918
VENTX,0.65830069752341,0.000189440157101305,0.000964799051466757
POGLUT1,-0.658119658119658,0.000190483499435966,0.000968348844405382
C12orf29,-0.658119658119658,0.000190483499435966,0.000968348844405382
FAM160B1,-0.657509157509157,0.000194039249464907,0.00098374205168428
MLLT6,-0.657509157509157,0.000194039249464907,0.00098374205168428
TRMT1,0.657509157509157,0.000194039249464906,0.00098374205168428
HIST1H3B,-0.657292116116744,0.000195317373399987,0.000989324956569499
LGR6,-0.657044119427818,0.000196786855215463,0.000994965727273842
CHST13,0.657044119427818,0.000196786855215461,0.000994965727273842
TSGA10,-0.656898656898657,0.000197653300667898,0.000996643153593225
AFMID,0.656898656898657,0.000197653300667896,0.000996643153593225
RP2,0.656898656898657,0.000197653300667896,0.000996643153593225
CCDC151,0.656753372009524,0.000198522037998945,0.00100012183467576
IFNG,-0.656463579297764,0.00020026490936263,0.00100699250095872
S100P,0.656446477910454,0.000200368180021462,0.00100699250095872
CLSTN1,-0.656288156288156,0.000201326469254622,0.00100699250095872
KLRG1,-0.656288156288156,0.000201326469254622,0.00100699250095872
ZFP90,-0.656288156288156,0.000201326469254622,0.00100699250095872
ZNF276,-0.656288156288156,0.000201326469254622,0.00100699250095872
ASXL1,-0.656288156288156,0.000201326469254622,0.00100699250095872
ODF3B,0.656288156288156,0.00020132646925462,0.00100699250095872
DCAF13,-0.655677655677656,0.000205059580731607,0.00102474814606894
KHDC1,-0.655586742790376,0.000205620677064871,0.00102663466620246
CCDC152,-0.655467440564374,0.000206359036216429,0.00102786599554708
HIST1H1B,-0.655467440564374,0.000206359036216429,0.00102786599554708
ADGRD1,0.655457812536883,0.000206418725500603,0.00102786599554708
MKI67,-0.655238833813999,0.000207780399946503,0.00103372597553456
PCBP4,-0.655196760141704,0.000208042929725358,0.00103411205602151
NQO2,0.655067155067155,0.000208853469979982,0.00103537996819864
CCDC167,-0.655067155067155,0.000208853469979984,0.00103537996819864
MAP4K5,-0.655067155067155,0.000208853469979984,0.00103537996819864
TRAV14DV4,-0.654662508302262,0.000211402008135698,0.00104706745036736
FCGR1A,0.654605113316035,0.000211765698645011,0.00104706745036736
SFXN5,0.654456654456654,0.000212708981333566,0.00104706745036736
TLR1,0.654456654456654,0.000212708981333566,0.00104706745036736
MARCH3,-0.654456654456654,0.000212708981333569,0.00104706745036736
HIST1H2AD,-0.654456654456654,0.000212708981333569,0.00104706745036736
TTC39B,-0.654456654456654,0.000212708981333569,0.00104706745036736
IL17RA,0.654456654456654,0.000212708981333566,0.00104706745036736
PRLR,0.653929226220333,0.000216090134464103,0.00105797206002752
PEX14,-0.653846153846154,0.000216626968657279,0.00105797206002752
LBH,-0.653846153846154,0.000216626968657279,0.00105797206002752
SLC49A4,0.653846153846154,0.000216626968657278,0.00105797206002752
MED27,-0.653846153846154,0.000216626968657279,0.00105797206002752
SUPV3L1,-0.653846153846154,0.000216626968657279,0.00105797206002752
ETS1,-0.653846153846154,0.000216626968657279,0.00105797206002752
CYFIP1,0.653846153846154,0.000216626968657278,0.00105797206002752
ZNF174,-0.653846153846154,0.000216626968657279,0.00105797206002752
FAAH2,-0.65334940085559,0.000219861659052356,0.00107283280752249
SBDS,-0.653235653235653,0.000220608295425885,0.00107366543779073
BATF,-0.653235653235653,0.000220608295425885,0.00107366543779073
ZDHHC7,0.653235653235653,0.000220608295425884,0.00107366543779073
ZEB1,-0.653023945911757,0.000222003876311725,0.00107858008369693
TM6SF1,0.653023945911757,0.000222003876311725,0.00107858008369693
TRGV2,-0.652807064254168,0.000223441612043274,0.00108425364037354
DTX3,-0.65278934284647,0.000223559450527662,0.00108425364037354
F2R,-0.652625152625153,0.000224653834803073,0.00108485686029256
LMTK2,-0.652625152625153,0.000224653834803073,0.00108485686029256
DOCK4,0.652625152625153,0.000224653834803072,0.00108485686029256
SULT1A1,0.652625152625153,0.000224653834803072,0.00108485686029256
KMT2B,-0.652625152625153,0.000224653834803073,0.00108485686029256
CCR1,0.652419485543491,0.000226031321340579,0.00108983449487951
ZNF776,0.652413072248603,0.000226074394502903,0.00108983449487951
TRAV8-4,-0.652176970104588,0.00022766514324112,0.00109618758755693
MSTO1,-0.652014652014652,0.00022876446972084,0.00109618758755693
LSM6,0.652014652014652,0.000228764469720838,0.00109618758755693
ESYT2,-0.652014652014652,0.00022876446972084,0.00109618758755693
RDH10,-0.652014652014652,0.00022876446972084,0.00109618758755693
CDC37L1,-0.652014652014652,0.00022876446972084,0.00109618758755693
PFKP,-0.652014652014652,0.00022876446972084,0.00109618758755693
COCH,-0.651854749947167,0.000229851994270056,0.00110045578078609
ANKRD13C,-0.651404151404151,0.000232941092959216,0.00110954564891647
AGL,-0.651404151404151,0.000232941092959216,0.00110954564891647
CD2,-0.651404151404151,0.000232941092959216,0.00110954564891647
ANXA6,-0.651404151404151,0.000232941092959216,0.00110954564891647
SYK,0.651404151404151,0.000232941092959216,0.00110954564891647
LILRA5,0.651404151404151,0.000232941092959216,0.00110954564891647
ADAM22,-0.650952224620823,0.000236075898630031,0.00112211194890816
BIVM,-0.650893001019524,0.000236489441086461,0.00112211194890816
ZNHIT6,-0.650793650793651,0.000237184607226296,0.00112211194890816
ODF2L,-0.650793650793651,0.000237184607226296,0.00112211194890816
EZH2,-0.650793650793651,0.000237184607226296,0.00112211194890816
RASSF4,0.650793650793651,0.000237184607226296,0.00112211194890816
DEXI,-0.650793650793651,0.000237184607226296,0.00112211194890816
SARM1,-0.650793650793651,0.000237184607226296,0.00112211194890816
KIF11,-0.650587704114731,0.000238631365830674,0.00112729079653691
CRIM1,-0.650580451259141,0.000238682457635855,0.00112729079653691
SLAMF1,-0.650339851878941,0.000240382788179307,0.0011319741944126
CCDC170,0.650333138856711,0.000240430381792433,0.0011319741944126
UAP1,-0.65018315018315,0.000241495925238596,0.0011319741944126
CBLB,-0.65018315018315,0.000241495925238596,0.0011319741944126
NUP214,0.65018315018315,0.000241495925238596,0.0011319741944126
SBF2,0.65018315018315,0.000241495925238596,0.0011319741944126
HACD3,-0.65018315018315,0.000241495925238596,0.0011319741944126
CAPN15,-0.65018315018315,0.000241495925238596,0.0011319741944126
KLHDC4,-0.65018315018315,0.000241495925238596,0.0011319741944126
MPZL1,0.649977110305144,0.000242966431391757,0.00113770481149507
COL6A2,-0.649954901797301,0.000243125402313414,0.00113770481149507
N4BP2,-0.64957264957265,0.000245875969801721,0.00114482799594607
HIST1H3H,-0.64957264957265,0.000245875969801721,0.00114482799594607
TMEM64,-0.64957264957265,0.000245875969801721,0.00114482799594607
GLT1D1,0.64957264957265,0.000245875969801721,0.00114482799594607
FDXR,-0.64957264957265,0.000245875969801721,0.00114482799594607
SEC11C,-0.64957264957265,0.000245875969801721,0.00114482799594607
TMEM25,-0.649366754718361,0.00024736882646123,0.00114987212145346
TRDC,-0.649366516495558,0.000247370558316972,0.00114987212145346
EOMES,-0.649115106395176,0.000249204234490931,0.00115743362065888
GFRA2,0.649038895854658,0.000249762434960537,0.0011587923579474
ARHGAP15,-0.648962148962149,0.000250325673891355,0.0011587923579474
TNS3,0.648962148962149,0.000250325673891355,0.0011587923579474
UBR1,-0.648962148962149,0.000250325673891355,0.0011587923579474
TRAV12-3,-0.648423109425954,0.000254313184879934,0.00116811370841607
STMN1,-0.648351648351648,0.000254845980734551,0.00116811370841607
SMC6,-0.648351648351648,0.000254845980734551,0.00116811370841607
ACVR2B,-0.648351648351648,0.000254845980734551,0.00116811370841607
HLTF,-0.648351648351648,0.000254845980734551,0.00116811370841607
RNF13,0.648351648351648,0.000254845980734551,0.00116811370841607
NFKB1,-0.648351648351648,0.000254845980734551,0.00116811370841607
TEX10,-0.648351648351648,0.000254845980734551,0.00116811370841607
GATA3,-0.648351648351648,0.000254845980734551,0.00116811370841607
CAPRIN2,-0.648351648351648,0.000254845980734551,0.00116811370841607
BICD1,-0.648351648351648,0.000254845980734551,0.00116811370841607
MBOAT7,0.648351648351648,0.000254845980734551,0.00116811370841607
PLEKHF1,-0.648136956606524,0.000256452572057651,0.00117411567656893
SLC9B2,-0.64812059821744,0.00025657534992261,0.00117411567656893
CDCA7,-0.647890360911412,0.000258308882010618,0.00117949302686209
TSPAN5,-0.64784003197159,0.000258689192547271,0.00117949302686209
S100A8,0.647741147741148,0.000259437843891339,0.00117949302686209
KYNU,0.647741147741148,0.000259437843891339,0.00117949302686209
TFEC,0.647741147741148,0.000259437843891339,0.00117949302686209
XKR6,-0.647741147741148,0.000259437843891339,0.00117949302686209
ZNF37A,-0.647741147741148,0.000259437843891339,0.00117949302686209
SEPTIN1,-0.647741147741148,0.000259437843891339,0.00117949302686209
CALCRL,0.64752608294337,0.000261072671235723,0.00118596131401313
CCDC66,-0.647130647130647,0.000264102227336639,0.0011948702712512
HOPX,-0.647130647130647,0.000264102227336639,0.0011948702712512
TCAF2,-0.647130647130647,0.000264102227336639,0.0011948702712512
NMRAL1,-0.647130647130647,0.000264102227336639,0.0011948702712512
FAM117A,-0.647130647130647,0.000264102227336639,0.0011948702712512
COBLL1,-0.646915209280216,0.000265765721858582,0.00120142434651026
PLA2G7,0.646841840089212,0.000266334335891052,0.0012030222991137
ITPRIPL1,-0.64657575013984,0.000268405517676422,0.00120557647970612
PIK3R1,-0.646520146520146,0.000268840105542476,0.00120557647970612
SAMD3,-0.646520146520146,0.000268840105542476,0.00120557647970612
DPY19L1,-0.646520146520146,0.000268840105542476,0.00120557647970612
ACTA2,-0.646520146520146,0.000268840105542476,0.00120557647970612
CSKMT,-0.646520146520146,0.000268840105542476,0.00120557647970612
CKAP4,0.646520146520146,0.000268840105542476,0.00120557647970612
BORA,-0.646520146520146,0.000268840105542476,0.00120557647970612
TDP1,-0.646520146520146,0.000268840105542476,0.00120557647970612
THEMIS,-0.646313547447624,0.000270460265067474,0.00121187003386003
AL592183.1,0.646012078542079,0.000272839781503555,0.00122155328916564
LANCL1,-0.645909645909646,0.000273652463560502,0.00122225605130218
NAA35,-0.645909645909646,0.000273652463560502,0.00122225605130218
ZNF571,-0.645909645909646,0.000273652463560502,0.00122225605130218
NLRP12,0.645702953638037,0.000275298797004135,0.00122700781518556
CCDC149,0.645693461953908,0.000275374608021795,0.00122700781518556
ZNF512B,-0.645693461953908,0.000275374608021795,0.00122700781518556
SLC25A23,-0.645440869943883,0.000277398831561675,0.00122935859621952
SIPA1L2,0.645299145299145,0.000278540297104816,0.00122935859621952
DTNB,-0.645299145299145,0.000278540297104816,0.00122935859621952
PPAT,-0.645299145299145,0.000278540297104816,0.00122935859621952
TICAM2,0.645299145299145,0.000278540297104816,0.00122935859621952
ZNF367,-0.645299145299145,0.000278540297104816,0.00122935859621952
TESPA1,-0.645299145299145,0.000278540297104816,0.00122935859621952
LNX2,-0.645299145299145,0.000278540297104816,0.00122935859621952
RAB20,0.645299145299145,0.000278540297104816,0.00122935859621952
MPI,-0.645299145299145,0.000278540297104816,0.00122935859621952
GAMT,-0.645299145299145,0.000278540297104816,0.00122935859621952
LTBP4,-0.645299145299145,0.000278540297104816,0.00122935859621952
NIPA1,-0.645063425584339,0.000280447943796177,0.00123680197295601
CCDC141,-0.644828497202001,0.000282360588824417,0.00124425564437048
CLIC4,0.644688644688645,0.000283504612635079,0.00124635046686742
ANXA5,0.644688644688645,0.000283504612635079,0.00124635046686742
ARL6IP1,-0.644688644688645,0.000283504612635079,0.00124635046686742
EPS8L2,-0.644170713947659,0.000287776914557751,0.00126157280863494
SLC35F2,-0.644112604425021,0.000288259755428193,0.00126157280863494
SMYD5,-0.644078144078144,0.000288546427439931,0.00126157280863494
KMT2E,-0.644078144078144,0.000288546427439931,0.00126157280863494
GSN,0.644078144078144,0.000288546427439931,0.00126157280863494
ZSWIM7,0.644078144078144,0.000288546427439931,0.00126157280863494
GPX4,0.644078144078144,0.000288546427439931,0.00126157280863494
FCRL6,-0.643871172209276,0.000290273475305293,0.00126813224524
NR6A1,0.643603751718236,0.000292518358175516,0.00127694196636806
CPED1,0.643529844013702,0.000293141463451078,0.00127796465080009
RNF144A,-0.643467643467643,0.000293666769720693,0.00127796465080009
CDKN2A,-0.643467643467643,0.000293666769720693,0.00127796465080009
CASK,-0.643467643467643,0.000293666769720693,0.00127796465080009
SBK1,-0.64326057839969,0.000295421467133366,0.00128399460690119
CLEC11A,0.643249967301291,0.000295511634313633,0.00128399460690119
GFI1,-0.64294313755138,0.000298129369329281,0.00128955437280296
PDLIM7,0.642857142857143,0.000298866678675364,0.00128955437280296
AQP3,-0.642857142857143,0.000298866678675364,0.00128955437280296
CTSF,-0.642857142857143,0.000298866678675364,0.00128955437280296
CCND2,-0.642857142857143,0.000298866678675364,0.00128955437280296
TMED8,0.642857142857143,0.000298866678675364,0.00128955437280296
SMAD7,-0.642857142857143,0.000298866678675364,0.00128955437280296
ZNF544,-0.642857142857143,0.000298866678675364,0.00128955437280296
COMT,0.642857142857143,0.000298866678675364,0.00128955437280296
HCAR2,0.642649984590103,0.00030064940501898,0.00129545064486339
ADGRG5,-0.642639093638137,0.000300743386074868,0.00129545064486339
FAM110B,0.642617687477858,0.000300928180915154,0.00129545064486339
PRSS23,-0.642344687685309,0.000303293682840622,0.00130462944188058
STRBP,-0.642246642246642,0.000304147204582907,0.00130629121968327
DDX24,-0.642246642246642,0.000304147204582907,0.00130629121968327
LCK,-0.641636141636142,0.000309509408887819,0.00131617993498152
SLC25A24,0.641636141636142,0.000309509408887821,0.00131617993498152
SRGAP2B,0.641636141636142,0.000309509408887821,0.00131617993498152
NUAK2,0.641636141636142,0.000309509408887821,0.00131617993498152
NEMP2,-0.641636141636142,0.000309509408887819,0.00131617993498152
ATP8A1,-0.641636141636142,0.000309509408887819,0.00131617993498152
TRBC1,-0.641636141636142,0.000309509408887819,0.00131617993498152
RAB11FIP1,0.641636141636142,0.000309509408887821,0.00131617993498152
SLC20A2,-0.641636141636142,0.000309509408887819,0.00131617993498152
AMIGO2,-0.641636141636142,0.000309509408887819,0.00131617993498152
PRIM1,-0.641636141636142,0.000309509408887819,0.00131617993498152
CHTF18,-0.641636141636142,0.000309509408887819,0.00131617993498152
ZNF444,-0.641636141636142,0.000309509408887819,0.00131617993498152
SPSB1,-0.641417346311829,0.000311451238389725,0.00132275421565493
TRGV10,-0.641408667056031,0.000311528487485255,0.00132275421565493
ICOS,-0.641154260750707,0.000313800291860175,0.00132722291264626
TNFRSF18,-0.641101772956961,0.000314270802865751,0.00132722291264626
ATP1A3,-0.641055918616244,0.000314682356588775,0.00132722291264626
USP21,-0.641025641025641,0.000314954364284977,0.00132722291264626
CD8A,-0.641025641025641,0.000314954364284977,0.00132722291264626
SULT1B1,0.641025641025641,0.000314954364284977,0.00132722291264626
PAQR3,-0.641025641025641,0.000314954364284977,0.00132722291264626
TPMT,0.641025641025641,0.000314954364284977,0.00132722291264626
CD3G,-0.641025641025641,0.000314954364284977,0.00132722291264626
AGAP2,-0.641025641025641,0.000314954364284977,0.00132722291264626
GALM,-0.64041514041514,0.000320483154804774,0.00134848894030722
PCID2,-0.64041514041514,0.000320483154804774,0.00134848894030722
ST8SIA6,-0.640195598985521,0.000322492061793899,0.00135592151094096
MYCL,0.639929515266943,0.000324941648539106,0.00135780620254994
SH2D3A,-0.639902312446962,0.000325192996611912,0.00135780620254994
SIRPG,-0.639902312446962,0.000325192996611912,0.00135780620254994
DAPP1,0.63980463980464,0.000326096875898527,0.00135780620254994
KYAT1,-0.63980463980464,0.000326096875898527,0.00135780620254994
CLIC3,-0.63980463980464,0.000326096875898527,0.00135780620254994
CHORDC1,-0.63980463980464,0.000326096875898527,0.00135780620254994
PCED1B,-0.63980463980464,0.000326096875898527,0.00135780620254994
GZMB,-0.63980463980464,0.000326096875898527,0.00135780620254994
ZNF324,-0.63980463980464,0.000326096875898527,0.00135780620254994
CDC25B,-0.63980463980464,0.000326096875898527,0.00135780620254994
PLCG1,-0.63980463980464,0.000326096875898527,0.00135780620254994
TSPO,0.63980463980464,0.000326096875898527,0.00135780620254994
TRDV1,-0.639567302461611,0.000328302422286726,0.00136597257844299
MAP9,-0.639317142525061,0.000330641275387075,0.0013693038968702
TRIQK,0.639291718637375,0.000330879790047719,0.0013693038968702
AGMAT,-0.639260408362541,0.000331173735229357,0.0013693038968702
SLC16A1,-0.639194139194139,0.000331796634524161,0.0013693038968702
HIST2H2BF,-0.639194139194139,0.000331796634524161,0.0013693038968702
ZNF678,-0.639194139194139,0.000331796634524161,0.0013693038968702
GNB4,0.639194139194139,0.000331796634524163,0.0013693038968702
GLRX,0.639194139194139,0.000331796634524163,0.0013693038968702
AC073111.4,-0.639194139194139,0.000331796634524161,0.0013693038968702
PUM3,-0.639194139194139,0.000331796634524161,0.0013693038968702
DYRK2,-0.639194139194139,0.000331796634524161,0.0013693038968702
FCER1G,0.638583638583639,0.00033758354923216,0.00138602584971089
PTPN7,-0.638583638583639,0.00033758354923216,0.00138602584971089
SRGAP2,0.638583638583639,0.00033758354923216,0.00138602584971089
JMJD4,-0.638583638583639,0.00033758354923216,0.00138602584971089
AGK,-0.638583638583639,0.00033758354923216,0.00138602584971089
PRRC2B,-0.638583638583639,0.00033758354923216,0.00138602584971089
LGALS1,0.638583638583639,0.00033758354923216,0.00138602584971089
TRBV5-1,-0.638362977996058,0.000339696846019895,0.00139367920978962
OR4D1,-0.638272752544104,0.000340564282137647,0.00139621368454085
NDST1,0.638070531018202,0.000342515515018256,0.00139885020495848
WRN,-0.637973137973138,0.000343458750251788,0.00139885020495848
ASPH,0.637973137973138,0.000343458750251788,0.00139885020495848
ABCA3,-0.637973137973138,0.000343458750251788,0.00139885020495848
NARF,-0.637973137973138,0.000343458750251788,0.00139885020495848
PMAIP1,-0.637973137973138,0.000343458750251788,0.00139885020495848
MRPL39,-0.637973137973138,0.000343458750251788,0.00139885020495848
IL10RB,0.637973137973138,0.000343458750251788,0.00139885020495848
ETS2,0.637973137973138,0.000343458750251788,0.00139885020495848
DPP4,-0.637752104332904,0.000345607874904934,0.00140657877472226
LIN7A,0.63765427119474,0.000346562869654239,0.00140943968516837
TRBV4-1,-0.637419043768122,0.00034886850517646,0.00141285288401873
TMEM69,0.637362637362637,0.000349423379577593,0.00141285288401873
LCLAT1,-0.637362637362637,0.000349423379577593,0.00141285288401873
CRTAP,0.637362637362637,0.000349423379577593,0.00141285288401873
OGFRL1,0.637362637362637,0.000349423379577593,0.00141285288401873
SPAG1,-0.637362637362637,0.000349423379577593,0.00141285288401873
DDB2,-0.637362637362637,0.000349423379577593,0.00141285288401873
EARS2,-0.637362637362637,0.000349423379577593,0.00141285288401873
QPCT,0.637114776738276,0.000351870781264762,0.00142172067112178
CAMK2N1,-0.636805255569982,0.000354948108157694,0.00142599446283067
GOLGA4,-0.636752136752137,0.000355478591056143,0.00142599446283067
HPSE,0.636752136752137,0.000355478591056143,0.00142599446283067
MSANTD3,-0.636752136752137,0.000355478591056143,0.00142599446283067
IMMP1L,-0.636752136752137,0.000355478591056143,0.00142599446283067
ATF7IP,-0.636752136752137,0.000355478591056143,0.00142599446283067
UTP20,-0.636752136752137,0.000355478591056143,0.00142599446283067
PIGB,-0.636752136752137,0.000355478591056143,0.00142599446283067
GOT2,-0.636752136752137,0.000355478591056143,0.00142599446283067
APMAP,-0.636752136752137,0.000355478591056143,0.00142599446283067
TRBV2,-0.636191467371843,0.000361120346876331,0.00144546824749482
DUSP2,-0.636141636141636,0.000361625550473042,0.00144546824749482
CLK4,-0.636141636141636,0.000361625550473042,0.00144546824749482
PRKCQ,-0.636141636141636,0.000361625550473042,0.00144546824749482
SAT1,0.636141636141636,0.000361625550473042,0.00144546824749482
TRBV7-6,-0.636107380851861,0.000361973199661277,0.00144582438036133
CHEK1,-0.635919483343442,0.000363885341843022,0.00145242457643553
HIST1H2AH,-0.635531135531136,0.000367865435640204,0.0014641306164413
KIFC1,-0.635531135531136,0.000367865435640204,0.0014641306164413
NSD3,-0.635531135531136,0.000367865435640204,0.0014641306164413
CCDC92,-0.635531135531136,0.000367865435640204,0.0014641306164413
TXK,-0.635280473158416,0.000370454624816546,0.00147338709955486
AGAP1,-0.635030533331885,0.000373052230395225,0.0014826638751742
TRABD2A,-0.634920634920635,0.000374199436483376,0.00148405904171279
TRBC2,-0.634920634920635,0.000374199436483376,0.00148405904171279
PIM2,-0.634920634920635,0.000374199436483376,0.00148405904171279
MPO,0.634875807994452,0.000374668261696417,0.00148486528660975
LACC1,0.634669038631795,0.000376837437760571,0.00149240435691014
FCMR,-0.634310134310134,0.000380628755129903,0.00150104090175348
RFTN1,-0.634310134310134,0.000380628755129903,0.00150104090175348
BCL9L,-0.634310134310134,0.000380628755129903,0.00150104090175348
NUP107,-0.634310134310134,0.000380628755129903,0.00150104090175348
ORC6,-0.634310134310134,0.000380628755129903,0.00150104090175348
KCNK6,0.634310134310134,0.000380628755129905,0.00150104090175348
CARMIL2,-0.634086862353979,0.00038300412507591,0.00150828103339753
F8A1,0.634086862353979,0.00038300412507591,0.00150828103339753
WHRN,-0.633796374351094,0.000386114025512357,0.00151945786816686
TIMELESS,-0.633699633699634,0.000387154605996766,0.00152248140417293
NMUR1,-0.633140452315245,0.000393217635475128,0.00153878950607577
RGS3,-0.633089133089133,0.000393778215878832,0.00153878950607577
MTMR2,-0.633089133089133,0.000393778215878832,0.00153878950607577
NOP2,-0.633089133089133,0.000393778215878832,0.00153878950607577
ATP2A3,-0.633089133089133,0.000393778215878832,0.00153878950607577
OSBPL7,-0.633089133089133,0.000393778215878832,0.00153878950607577
GNA15,0.633089133089133,0.000393778215878832,0.00153878950607577
MX2,0.633089133089133,0.000393778215878832,0.00153878950607577
PIK3IP1,-0.633089133089133,0.000393778215878832,0.00153878950607577
KCNK12,-0.633028448708338,0.000394441998337326,0.00153923213866178
BICDL1,-0.633028448708338,0.000394441998337326,0.00153923213866178
DTHD1,-0.632834735051935,0.000396567450582351,0.00154644712946758
TNNT1,0.632706420399824,0.000397980850241705,0.00155087729237046
TNFAIP6,0.632529017788625,0.000399942221265596,0.00155419889522346
LARS2,-0.632478632478633,0.000400500824037376,0.00155419889522346
IPO11,-0.632478632478633,0.000400500824037376,0.00155419889522346
BTN3A3,-0.632478632478633,0.000400500824037376,0.00155419889522346
SP1,0.632478632478633,0.000400500824037376,0.00155419889522346
LIME1,-0.632478632478633,0.000400500824037376,0.00155419889522346
TNFRSF4,-0.632412662279634,0.000401233242973676,0.00155488308711628
TRAV19,-0.632412662279634,0.000401233242973676,0.00155488308711628
RIOK1,-0.631868131868132,0.000407323682288818,0.00157521025681817
GABARAP,0.631868131868132,0.000407323682288819,0.00157521025681817
TCF3,-0.631868131868132,0.000407323682288818,0.00157521025681817
DHRS9,0.631796875850929,0.000408126619592774,0.00157613539831685
TUBB4A,-0.631796875850929,0.000408126619592774,0.00157613539831685
CDHR3,-0.631306148735384,0.000413694020890066,0.00158989370218534
HIBCH,-0.631257631257631,0.00041424805509371,0.00158989370218534
ZBTB49,-0.631257631257631,0.00041424805509371,0.00158989370218534
TRERF1,-0.631257631257631,0.00041424805509371,0.00158989370218534
ASRGL1,0.631257631257631,0.000414248055093712,0.00158989370218534
VEGFB,-0.631257631257631,0.00041424805509371,0.00158989370218534
ENO2,-0.631257631257631,0.00041424805509371,0.00158989370218534
GZMH,-0.631257631257631,0.00041424805509371,0.00158989370218534
ZNF839,-0.631257631257631,0.00041424805509371,0.00158989370218534
SPINDOC,-0.631048702207954,0.000416641297707825,0.00159760053332419
CD160,-0.631032494038209,0.000416827463898425,0.00159760053332419
CCDC7,-0.630647130647131,0.000421275219645952,0.0016080348315769
CHPT1,0.630647130647131,0.000421275219645952,0.0016080348315769
FASN,-0.630647130647131,0.000421275219645952,0.0016080348315769
SERTAD1,-0.630647130647131,0.000421275219645952,0.0016080348315769
SLC25A17,-0.630647130647131,0.000421275219645952,0.0016080348315769
CYBB,0.630647130647131,0.000421275219645952,0.0016080348315769
RTKN2,-0.63056530299352,0.000422224978184857,0.001610560762626
TLR8,0.630438108398367,0.000423705022008528,0.00161510462377075
ADGRG1,-0.630132811493573,0.00042727601208437,0.00162527066327051
BTBD19,0.63003663003663,0.00042840646596222,0.00162527066327051
RFC1,-0.63003663003663,0.00042840646596222,0.00162527066327051
GOT1,-0.63003663003663,0.00042840646596222,0.00162527066327051
NUMB,0.63003663003663,0.00042840646596222,0.00162527066327051
LPCAT4,-0.63003663003663,0.00042840646596222,0.00162527066327051
RAB3D,0.63003663003663,0.00042840646596222,0.00162527066327051
C5orf63,-0.629519178654945,0.000434533269256731,0.00164739663842959
UBE2T,-0.629426129426129,0.000435643096971654,0.00164825182561941
CEP97,-0.629426129426129,0.000435643096971654,0.00164825182561941
CCNB2,-0.629426129426129,0.000435643096971654,0.00164825182561941
TNFRSF10D,0.629199873048746,0.000438352079124731,0.00165737986914503
ACSL6,-0.629132903093236,0.000439156735491452,0.00165930031410014
SPATA5,-0.628815628815629,0.000442986428605725,0.0016681347533759
SPART,0.628815628815629,0.000442986428605725,0.0016681347533759
BLM,-0.628815628815629,0.000442986428605725,0.0016681347533759
LUC7L,-0.628815628815629,0.000442986428605725,0.0016681347533759
WWOX,-0.628815628815629,0.000442986428605725,0.0016681347533759
RNF157,-0.628588999385592,0.000445739836331244,0.00167737359674584
BUB1,-0.628212220796026,0.000450350597146966,0.00168597598464239
ATP6V0B,0.628205128205128,0.000450437789888363,0.00168597598464239
TGFBI,0.628205128205128,0.000450437789888363,0.00168597598464239
CD83,0.628205128205128,0.000450437789888363,0.00168597598464239
TRIM37,-0.628205128205128,0.000450437789888363,0.00168597598464239
YES1,-0.628205128205128,0.000450437789888363,0.00168597598464239
WDR7,-0.628205128205128,0.000450437789888363,0.00168597598464239
NFATC2,-0.628205128205128,0.000450437789888363,0.00168597598464239
MARVELD1,0.627637541575663,0.000457463453399928,0.00170741849384189
SPTBN1,-0.627594627594628,0.000457998523026258,0.00170741849384189
TCTEX1D2,-0.627594627594628,0.000457998523026258,0.00170741849384189
LAMTOR1,0.627594627594628,0.000457998523026258,0.00170741849384189
CACNB1,-0.627594627594628,0.000457998523026258,0.00170741849384189
DUS1L,-0.627594627594628,0.000457998523026258,0.00170741849384189
KIR3DL2,-0.62707984244564,0.000464459862564891,0.00172337958155439
ARHGEF5,-0.627069687687416,0.000464588117652758,0.00172337958155439
ANK3,-0.627069687687416,0.000464588117652758,0.00172337958155439
TRGC2,-0.627026107049043,0.000465138894856912,0.00172337958155439
LRATD2,-0.627026107049043,0.000465138894856912,0.00172337958155439
FOLR2,0.626984644399747,0.00046566343446348,0.00172337958155439
PPM1K,-0.626984126984127,0.000465669983499407,0.00172337958155439
TCF7,-0.626984126984127,0.000465669983499407,0.00172337958155439
BRAF,-0.626984126984127,0.000465669983499407,0.00172337958155439
PARP2,-0.626984126984127,0.000465669983499407,0.00172337958155439
DNASE1,-0.626984126984127,0.000465669983499407,0.00172337958155439
IGLV1-47,-0.626720389785733,0.000469018658380004,0.00173462456194509
STAC3,0.626457314945534,0.000472379874986167,0.00173952181112294
ADAM19,-0.626414672522422,0.000472926680872674,0.00173952181112294
MS4A14,0.626414672522422,0.000472926680872674,0.00173952181112294
GZMA,-0.626373626373626,0.000473453540151843,0.00173952181112294
ST7,-0.626373626373626,0.000473453540151843,0.00173952181112294
SMC3,-0.626373626373626,0.000473453540151843,0.00173952181112294
PCSK7,-0.626373626373626,0.000473453540151843,0.00173952181112294
CD3D,-0.626373626373626,0.000473453540151843,0.00173952181112294
NFE2,0.626373626373626,0.000473453540151846,0.00173952181112294
DUSP6,0.626373626373626,0.000473453540151846,0.00173952181112294
TRAV8-1,-0.626254797992587,0.000474981688503281,0.00174399054636267
TRBV20-1,-0.626163951731259,0.000476152889294443,0.00174714367252922
IL18RAP,-0.626108955259112,0.000476863136224802,0.00174860239853711
BTLA,-0.626063962102537,0.000477444884713929,0.00174958833245104
MORN3,-0.625844942203651,0.000480285616390971,0.00175884555786399
TENT5A,0.625763125763126,0.000481350575282593,0.00176159189592949
ZBTB20,-0.625152625152625,0.000489362484736809,0.00178857190499885
GLCCI1,-0.625152625152625,0.000489362484736809,0.00178857190499885
XCL1,-0.625108801237503,0.00048994206459514,0.00178952059125802
ZNF831,-0.624923757406668,0.000492395923990024,0.00179730940401581
ITPR3,-0.624637467207292,0.000496213568086226,0.00180652752131393
NPDC1,-0.624637467207292,0.000496213568086226,0.00180652752131393
ACOT4,-0.624637467207292,0.000496213568086226,0.00180652752131393
IQSEC2,0.624637467207292,0.00049621356808623,0.00180652752131393
ZNF516,0.624542124542125,0.000497490677997111,0.00180882176291277
TOX2,-0.624542124542125,0.000497490677997111,0.00180882176291277
PTGDR,-0.624312883743513,0.000500573106067086,0.00181835729474417
PERP,-0.624274651679252,0.000501088803862797,0.00181835729474417
SIT1,-0.624274651679252,0.000501088803862797,0.00181835729474417
TRAV8-3,-0.624222597508118,0.000501791688954106,0.0018197270587752
TIGIT,-0.624026873397705,0.000504442256613733,0.00182534858097738
CEP128,-0.624026873397705,0.000504442256613733,0.00182534858097738
ATP6V1A,0.623931623931624,0.000505736578275129,0.00182534858097738
NACC2,0.623931623931624,0.000505736578275129,0.00182534858097738
KBTBD4,-0.623931623931624,0.000505736578275129,0.00182534858097738
MYEF2,-0.623931623931624,0.000505736578275129,0.00182534858097738
ZNF428,-0.623931623931624,0.000505736578275129,0.00182534858097738
TRGV3,-0.623915703409048,0.000505953201093516,0.00182534858097738
TGFBR3,-0.623321123321123,0.000514101622603215,0.00184285658563922
TET3,0.623321123321123,0.000514101622603215,0.00184285658563922
PARP15,-0.623321123321123,0.000514101622603215,0.00184285658563922
CFAP97,-0.623321123321123,0.000514101622603215,0.00184285658563922
TBPL1,-0.623321123321123,0.000514101622603215,0.00184285658563922
FAM102A,-0.623321123321123,0.000514101622603215,0.00184285658563922
PPFIBP2,0.623321123321123,0.000514101622603215,0.00184285658563922
CTSW,-0.623321123321123,0.000514101622603215,0.00184285658563922
STT3A,-0.623321123321123,0.000514101622603215,0.00184285658563922
ADA2,0.623321123321123,0.000514101622603215,0.00184285658563922
FPR2,0.62278307849424,0.000521573809557996,0.00186484021356797
CMPK2,0.622710622710623,0.000522587261926359,0.00186484021356797
ANKZF1,-0.622710622710623,0.000522587261926359,0.00186484021356797
STK17A,-0.622710622710623,0.000522587261926359,0.00186484021356797
PLPP5,-0.622710622710623,0.000522587261926359,0.00186484021356797
CCSER2,-0.622710622710623,0.000522587261926359,0.00186484021356797
AP2S1,0.622710622710623,0.000522587261926359,0.00186484021356797
PTCH1,-0.622688127012768,0.000522902263031934,0.00186484021356797
SULT1A3,0.622480262754051,0.000525820783149713,0.00187405342216265
NIBAN1,-0.622100122100122,0.00053119496119428,0.00189079708656806
TAF4B,-0.622100122100122,0.00053119496119428,0.00189079708656806
TRAV12-1,-0.622074338814629,0.000531561198787004,0.00189089708881484
TRAV29DV5,-0.621573756111264,0.000538715531208802,0.00191512857629982
COQ10A,-0.621489621489621,0.000539926199453681,0.00191699511577459
TMCO3,0.621489621489621,0.000539926199453681,0.00191699511577459
TRBV7-2,-0.621258515427743,0.000543263967857916,0.00192639956135794
SORD,0.621258515427743,0.000543263967857918,0.00192639956135794
ARPIN,0.621217479046151,0.000543858518563313,0.00192728570076429
NLRC3,-0.620973904349771,0.000547399227109665,0.00193736841660886
ALG6,-0.620879120879121,0.000548782469940706,0.00193736841660886
CXCL2,0.620879120879121,0.000548782469940708,0.00193736841660886
PLPP6,-0.620879120879121,0.000548782469940706,0.00193736841660886
CCDC32,-0.620879120879121,0.000548782469940706,0.00193736841660886
IKZF3,-0.620879120879121,0.000548782469940706,0.00193736841660886
NDC80,-0.620668607444978,0.000551865560935492,0.00194702348060017
TRBV19,-0.62060604451953,0.000552784740500488,0.00194903673952001
TRAV13-1,-0.620333587526711,0.000556803300119959,0.00195672738188859
TRMT13,-0.62026862026862,0.000557765280173536,0.00195672738188859
TNIK,-0.62026862026862,0.000557765280173536,0.00195672738188859
TOX,-0.62026862026862,0.000557765280173536,0.00195672738188859
WEE1,-0.62026862026862,0.000557765280173536,0.00195672738188859
KLC2,-0.62026862026862,0.000557765280173536,0.00195672738188859
PHC1,-0.62026862026862,0.000557765280173536,0.00195672738188859
CYSLTR1,0.62026862026862,0.000557765280173536,0.00195672738188859
RAD51B,-0.61965811965812,0.000566876152045173,0.00198744291049317
TNFRSF13B,-0.61961918602207,0.000567461562015254,0.0019882487811963
C1orf61,-0.619481147276837,0.000569541379253605,0.00199428640750542
SIGLEC5,0.619409071388488,0.000570629981013452,0.00199684784344632
PRRT3,-0.619142122921011,0.000574677681498494,0.00199853855443946
STARD9,-0.619142122921011,0.000574677681498494,0.00199853855443946
IFNLR1,-0.619108842042947,0.000575184066634965,0.00199853855443946
ZGLP1,0.619108842042947,0.000575184066634965,0.00199853855443946
PTPRCAP,-0.61907745820298,0.000575661944014675,0.00199853855443946
SELENON,0.619047619047619,0.000576116621916381,0.00199853855443946
CLSPN,-0.619047619047619,0.000576116621916379,0.00199853855443946
MCOLN2,-0.619047619047619,0.000576116621916379,0.00199853855443946
NGLY1,-0.619047619047619,0.000576116621916379,0.00199853855443946
CCRL2,0.619047619047619,0.000576116621916381,0.00199853855443946
H2AFX,-0.619047619047619,0.000576116621916379,0.00199853855443946
PYGL,0.619047619047619,0.000576116621916381,0.00199853855443946
NOD2,0.619047619047619,0.000576116621916381,0.00199853855443946
S1PR5,-0.619047619047619,0.000576116621916379,0.00199853855443946
ASGR1,0.61900539782393,0.000576760508478388,0.00199953178140803
ITIH4,0.618437118437118,0.000585488240708772,0.0020172829587452
CENPK,-0.618437118437118,0.000585488240708771,0.0020172829587452
TFB1M,-0.618437118437118,0.000585488240708771,0.0020172829587452
FABP5,-0.618437118437118,0.000585488240708771,0.0020172829587452
SPOCK2,-0.618437118437118,0.000585488240708771,0.0020172829587452
SNAPC1,0.618437118437118,0.000585488240708772,0.0020172829587452
TARSL2,-0.618437118437118,0.000585488240708771,0.0020172829587452
ZNF830,-0.618437118437118,0.000585488240708771,0.0020172829587452
MAP4K1,-0.618437118437118,0.000585488240708771,0.0020172829587452
ZNF611,-0.618437118437118,0.000585488240708771,0.0020172829587452
ARHGAP32,0.618204147111972,0.000589099416375043,0.00202847533027662
USP28,-0.617826617826618,0.000594992573998061,0.00204122605754428
GDF11,-0.617826617826618,0.000594992573998061,0.00204122605754428
NAP1L1,0.617826617826618,0.000594992573998063,0.00204122605754428
PITPNM2,-0.617826617826618,0.000594992573998061,0.00204122605754428
HAGHL,-0.617826617826618,0.000594992573998061,0.00204122605754428
TSHZ1,-0.617826617826618,0.000594992573998061,0.00204122605754428
SLAMF6,-0.617216117216117,0.000604631202107469,0.00206921522777539
TBC1D9,0.617216117216117,0.000604631202107471,0.00206921522777539
RAB30,-0.617216117216117,0.000604631202107469,0.00206921522777539
CD3E,-0.617216117216117,0.000604631202107469,0.00206921522777539
MYBL2,-0.616857139130441,0.000610362115508869,0.00208733705186234
TMCO4,-0.616605616605617,0.000614405720201252,0.00208733705186234
HNRNPLL,-0.616605616605617,0.000614405720201252,0.00208733705186234
ITPRID2,0.616605616605617,0.000614405720201255,0.00208733705186234
KLF7,0.616605616605617,0.000614405720201255,0.00208733705186234
PARP3,-0.616605616605617,0.000614405720201252,0.00208733705186234
HRH2,0.616605616605617,0.000614405720201255,0.00208733705186234
VAMP2,-0.616605616605617,0.000614405720201252,0.00208733705186234
DGKE,-0.616605616605617,0.000614405720201252,0.00208733705186234
INTS2,-0.616605616605617,0.000614405720201252,0.00208733705186234
BCL2,-0.616605616605617,0.000614405720201252,0.00208733705186234
SAMD10,-0.616605616605617,0.000614405720201252,0.00208733705186234
DECR2,0.616394450777871,0.000617818547602599,0.00209638429502047
SIGLEC7,0.616394450777871,0.000617818547602599,0.00209638429502047
TLR7,0.616326002833189,0.000618928333513362,0.00209887643481305
LDLRAD3,0.616243350932301,0.00062027073262402,0.00210215390111122
THEM4,-0.615995115995116,0.000624317738378403,0.00210947721632148
CD84,-0.615995115995116,0.000624317738378403,0.00210947721632148
VIPR1,0.615995115995116,0.000624317738378406,0.00210947721632148
RELL2,-0.615995115995116,0.000624317738378403,0.00210947721632148
AP002495.1,-0.615995115995116,0.000624317738378403,0.00210947721632148
TNFRSF21,0.615936456833231,0.000625277421960959,0.00211144404807106
OAF,0.615783856968284,0.000627780034249239,0.00211861554105114
KLRC4,-0.61547856006349,0.000632813075192238,0.00213056503713997
NELL2,-0.61547856006349,0.000632813075192238,0.00213056503713997
IQCB1,-0.615384615384615,0.000634368881766462,0.00213056503713997
MSMO1,-0.615384615384615,0.000634368881766462,0.00213056503713997
ITGB1,-0.615384615384615,0.000634368881766462,0.00213056503713997
TSPOAP1,-0.615384615384615,0.000634368881766462,0.00213056503713997
TTC39C,-0.615384615384615,0.000634368881766462,0.00213056503713997
MTFP1,-0.615384615384615,0.000634368881766462,0.00213056503713997
EPHA4,-0.615322668635091,0.000635396597697641,0.00213273575889869
TMEM237,-0.614867966253904,0.000642984778852485,0.0021569111477763
MYBL1,-0.614774114774115,0.000644560790615463,0.00215960691499202
CTNND1,0.614774114774115,0.000644560790615465,0.00215960691499202
LPCAT2,0.61456266934911,0.000648123855037593,0.00216894589908451
SIRPA,0.61456266934911,0.000648123855037593,0.00216894589908451
TRBV29-1,-0.614209860107889,0.00065410726300128,0.00218246335711103
DUSP14,-0.614209860107889,0.00065410726300128,0.00218246335711103
IGLV3-21,-0.614185981990018,0.000654513953349859,0.00218246335711103
KLF4,0.614163614163614,0.000654895120392045,0.00218246335711103
SYNE2,-0.614163614163614,0.000654895120392042,0.00218246335711103
NLE1,-0.614163614163614,0.000654895120392042,0.00218246335711103
GTPBP3,-0.614163614163614,0.000654895120392042,0.00218246335711103
SNTA1,-0.61364677863473,0.00066375648190867,0.00221067674022232
ZNF280B,-0.613574547463398,0.000665003198349503,0.00221079551167987
AP4B1,-0.613553113553114,0.00066537354187361,0.00221079551167987
ZNF385A,0.613553113553114,0.00066537354187361,0.00221079551167987
UPF3B,-0.613553113553114,0.00066537354187361,0.00221079551167987
HIP1R,-0.613317157806739,0.000669462371168598,0.00222306032041259
PTX3,0.613174409941602,0.000671946633224464,0.00222998550325887
SRSF7,-0.612942612942613,0.000675997741242693,0.00223679252605275
RHOH,-0.612942612942613,0.000675997741242693,0.00223679252605275
TGS1,-0.612942612942613,0.000675997741242693,0.00223679252605275
TRIM68,-0.612942612942613,0.000675997741242693,0.00223679252605275
ADAT1,-0.612942612942613,0.000675997741242693,0.00223679252605275
TRBV9,-0.612867515842533,0.000677314765821717,0.0022398250564607
YPEL1,-0.612425591015556,0.000685110450926825,0.00225906741038487
BEX5,-0.612372741882242,0.000686047936821731,0.00225906741038487
GADD45A,-0.612332112332112,0.00068676942018138,0.00225906741038487
FASTKD1,-0.612332112332112,0.00068676942018138,0.00225906741038487
BDH1,-0.612332112332112,0.00068676942018138,0.00225906741038487
SFXN1,-0.612332112332112,0.00068676942018138,0.00225906741038487
TYW1,-0.612332112332112,0.00068676942018138,0.00225906741038487
ZNF720,-0.612332112332112,0.00068676942018138,0.00225906741038487
DENND6B,0.612332112332112,0.00068676942018138,0.00225906741038487
RPH3A,0.612253727644393,0.000688163211843237,0.002262321387788
TRAV2,-0.612046826286271,0.000691854054564648,0.00227311860935694
LY9,-0.611721611721612,0.000697690295965849,0.00227624511962722
NPL,0.611721611721612,0.000697690295965853,0.00227624511962722
OXNAD1,-0.611721611721612,0.000697690295965849,0.00227624511962722
SLC25A38,-0.611721611721612,0.000697690295965849,0.00227624511962722
TNFAIP3,-0.611721611721612,0.000697690295965849,0.00227624511962722
CAPZA2,0.611721611721612,0.000697690295965853,0.00227624511962722
EED,-0.611721611721612,0.000697690295965849,0.00227624511962722
ITGB7,-0.611721611721612,0.000697690295965849,0.00227624511962722
RASL11A,0.611721611721612,0.000697690295965853,0.00227624511962722
C19orf12,-0.611721611721612,0.000697690295965849,0.00227624511962722
PABPC1L,-0.611721611721612,0.000697690295965849,0.00227624511962722
CEBPB,0.611721611721612,0.000697690295965853,0.00227624511962722
PIK3R3,-0.611111111111111,0.000708762101561054,0.00230296204063302
FBXO5,-0.611111111111111,0.000708762101561054,0.00230296204063302
VAMP1,-0.611111111111111,0.000708762101561054,0.00230296204063302
SMAGP,-0.611111111111111,0.000708762101561054,0.00230296204063302
GOLGA8B,-0.611111111111111,0.000708762101561054,0.00230296204063302
C5AR2,0.611111111111111,0.000708762101561057,0.00230296204063302
RPL3,-0.611111111111111,0.000708762101561054,0.00230296204063302
SYT5,-0.610899106491589,0.000712642562537839,0.00231422602189988
C3orf18,-0.610535623656595,0.00071933868626168,0.00233130572514231
SLC33A1,-0.610500610500611,0.000719986585715445,0.00233130572514231
GM2A,0.610500610500611,0.000719986585715445,0.00233130572514231
NPAT,-0.610500610500611,0.000719986585715445,0.00233130572514231
SCML1,0.610500610500611,0.000719986585715445,0.00233130572514231
WDFY4,0.610288512682002,0.000723922211857554,0.00234269271337236
SNRK,-0.60989010989011,0.00073136551305585,0.00235587324251631
CIP2A,-0.60989010989011,0.00073136551305585,0.00235587324251631
LYAR,-0.60989010989011,0.00073136551305585,0.00235587324251631
SLC39A8,-0.60989010989011,0.00073136551305585,0.00235587324251631
CNPY3,0.60989010989011,0.00073136551305585,0.00235587324251631
CD69,-0.60989010989011,0.00073136551305585,0.00235587324251631
NEDD1,-0.60989010989011,0.00073136551305585,0.00235587324251631
MAGED1,-0.60989010989011,0.00073136551305585,0.00235587324251631
ZNF185,0.609677918872416,0.000735356968504074,0.00236736682088358
MN1,0.609491680752764,0.00073887584307878,0.00237732664815681
SH2D1A,-0.609372621967622,0.000741133069881397,0.00238321801424771
RHOB,0.609279609279609,0.000742900664182398,0.00238341968680893
CAD,-0.609279609279609,0.000742900664182398,0.00238341968680893
TMBIM4,0.609279609279609,0.000742900664182398,0.00238341968680893
C15orf41,-0.609279609279609,0.000742900664182398,0.00238341968680893
SPATA6,0.608669108669109,0.000754593835763581,0.00241262934796452
SLC25A12,-0.608669108669109,0.000754593835763581,0.00241262934796452
SLC4A7,-0.608669108669109,0.000754593835763581,0.00241262934796452
CEP70,-0.608669108669109,0.000754593835763581,0.00241262934796452
ATP6V1F,0.608669108669109,0.000754593835763581,0.00241262934796452
CDAN1,-0.608669108669109,0.000754593835763581,0.00241262934796452
FRMD3,0.608276407099929,0.000762199769952969,0.002435554922044
CSGALNACT1,-0.608151434348449,0.000764634221476725,0.00243936865840094
IL12RB2,-0.608086132689066,0.000765908977599923,0.00243936865840094
MCM6,-0.608058608058608,0.000766446840631339,0.00243936865840094
SYNJ2,-0.608058608058608,0.000766446840631339,0.00243936865840094
ZBTB25,-0.608058608058608,0.000766446840631339,0.00243936865840094
PSEN1,0.608058608058608,0.00076644684063134,0.00243936865840094
PRPS1,-0.608058608058608,0.000766446840631339,0.00243936865840094
TRAV1-1,-0.607957210257415,0.000768431106984807,0.00244429280447045
MYO7B,0.607781205131449,0.000771885987020219,0.00245344765580872
OTUD7B,-0.607765919460506,0.000772186672786721,0.00245344765580872
DLG5,-0.607473759947184,0.000777953388154006,0.00245663473591655
POU2AF1,-0.607473759947184,0.000777953388154006,0.00245663473591655
NUF2,-0.607448107448107,0.000778461507876273,0.00245663473591655
PAM,-0.607448107448107,0.000778461507876273,0.00245663473591655
PHACTR2,-0.607448107448107,0.000778461507876273,0.00245663473591655
CTNNAL1,-0.607448107448107,0.000778461507876273,0.00245663473591655
PDE3B,-0.607448107448107,0.000778461507876273,0.00245663473591655
MARCH9,-0.607448107448107,0.000778461507876273,0.00245663473591655
FANCM,-0.607448107448107,0.000778461507876273,0.00245663473591655
C19orf44,-0.607448107448107,0.000778461507876273,0.00245663473591655
BCAS4,-0.607448107448107,0.000778461507876273,0.00245663473591655
GAS2L1,0.607448107448107,0.00077846150787627,0.00245663473591655
TRIM7,0.607165418702745,0.000784080101459381,0.00247297006619338
MAP3K9,-0.6070394444012,0.000786595250326247,0.00247950430655264
TRGV5,-0.606861387205302,0.000790162232533946,0.00247967308301547
G0S2,0.606837606837607,0.00079063968294288,0.00247967308301547
VILL,-0.606837606837607,0.000790639682942879,0.00247967308301547
GK5,-0.606837606837607,0.000790639682942879,0.00247967308301547
HIST1H4J,-0.606837606837607,0.000790639682942879,0.00247967308301547
NCOA7,-0.606837606837607,0.000790639682942879,0.00247967308301547
TBXAS1,0.606837606837607,0.00079063968294288,0.00247967308301547
MPRIP,-0.606837606837607,0.000790639682942879,0.00247967308301547
APP,0.606837606837607,0.00079063968294288,0.00247967308301547
FGFR1,-0.606597547512044,0.0007954735446586,0.00249343501218099
ANKH,-0.606227106227106,0.000802983227724942,0.002508537547172
COQ3,-0.606227106227106,0.000802983227724942,0.002508537547172
AP3M2,-0.606227106227106,0.000802983227724942,0.002508537547172
GZMM,-0.606227106227106,0.000802983227724942,0.002508537547172
MATK,-0.606227106227106,0.000802983227724942,0.002508537547172
H1F0,0.606227106227106,0.000802983227724943,0.002508537547172
PPP2R2B,-0.605636641721537,0.00081508075312108,0.00253487635549507
RBKS,0.605616605616606,0.000815494020660879,0.00253487635549507
ZNF184,-0.605616605616606,0.000815494020660875,0.00253487635549507
OSBPL3,-0.605616605616606,0.000815494020660875,0.00253487635549507
AUTS2,-0.605616605616606,0.000815494020660875,0.00253487635549507
TMEM67,-0.605616605616606,0.000815494020660875,0.00253487635549507
TNFAIP2,0.605616605616606,0.000815494020660879,0.00253487635549507
NOP10,0.605616605616606,0.000815494020660879,0.00253487635549507
PATL2,-0.605616605616606,0.000815494020660875,0.00253487635549507
CHKA,0.605006105006105,0.000828173956829211,0.00257286042588275
ICOSLG,0.604793168395721,0.000832636731747016,0.00258528850856708
C1orf21,-0.604395604395604,0.000841024948044079,0.00260122318001246
EHBP1,-0.604395604395604,0.000841024948044079,0.00260122318001246
JCHAIN,-0.604395604395604,0.000841024948044079,0.00260122318001246
CD27,-0.604395604395604,0.000841024948044079,0.00260122318001246
RNASEK,0.604395604395604,0.000841024948044085,0.00260122318001246
CD320,-0.604395604395604,0.000841024948044079,0.00260122318001246
ZMYND8,-0.604395604395604,0.000841024948044079,0.00260122318001246
FAM184A,-0.60425627832906,0.000843981924775709,0.00260748448803634
LIPE,-0.60425627832906,0.000843981924775709,0.00260748448803634
CNIH4,0.603785103785104,0.000854048922950816,0.00263276823436657
RRP9,-0.603785103785104,0.000854048922950813,0.00263276823436657
BORCS5,-0.603785103785104,0.000854048922950813,0.00263276823436657
SARS2,-0.603785103785104,0.000854048922950813,0.00263276823436657
PTAFR,0.603571980776548,0.000858636626532171,0.00264399560328631
NR3C2,-0.603571980776548,0.000858636626532178,0.00264399560328631
TSHZ3,0.603266683871754,0.000865245780739441,0.00266171780969454
GPX7,-0.603187150754008,0.000866974777188256,0.00266171780969454
C11orf74,0.603187150754008,0.000866974777188256,0.00266171780969454
CLEC2D,-0.603174603174603,0.000867247827121503,0.00266171780969454
TMEM117,-0.603174603174603,0.000867247827121503,0.00266171780969454
MEI1,-0.603174603174603,0.000867247827121503,0.00266171780969454
DUSP4,-0.602932305533119,0.000872535179378105,0.00267647653487787
TMEM14A,-0.602656090062168,0.000878596821573014,0.00269095480910306
HAAO,0.602574778012126,0.000880388198078172,0.00269095480910306
ABHD14A,-0.602564102564102,0.000880623623150679,0.00269095480910306
ARL4A,0.602564102564102,0.000880623623150675,0.00269095480910306
LRP1,0.602564102564102,0.000880623623150675,0.00269095480910306
CSF2RB,0.602564102564102,0.000880623623150675,0.00269095480910306
CPT1B,-0.602564102564102,0.000880623623150679,0.00269095480910306
THNSL2,0.602400834280966,0.000884230990693154,0.00270050229380454
ZBTB34,0.602350793157374,0.000885339202705713,0.00270241092878294
PALM,0.602094845371047,0.000891026318508282,0.00271828651014638
HEMK1,-0.601953601953602,0.000894178290750935,0.00272048150265464
MAD2L1,-0.601953601953602,0.000894178290750935,0.00272048150265464
DAAM1,-0.601953601953602,0.000894178290750935,0.00272048150265464
CHD3,-0.601953601953602,0.000894178290750935,0.00272048150265464
ZNF709,-0.601953601953602,0.000894178290750935,0.00272048150265464
TRAV21,-0.601782352931602,0.000898012851550642,0.00273066224354061
IL7R,-0.601343101343101,0.000907913826848678,0.00274435357823667
ANKMY2,-0.601343101343101,0.000907913826848678,0.00274435357823667
ZNRF2,-0.601343101343101,0.000907913826848678,0.00274435357823667
SLC31A2,0.601343101343101,0.000907913826848682,0.00274435357823667
MPEG1,0.601343101343101,0.000907913826848682,0.00274435357823667
KLRK1,-0.601343101343101,0.000907913826848678,0.00274435357823667
PRKCH,-0.601343101343101,0.000907913826848678,0.00274435357823667
CENPV,-0.601343101343101,0.000907913826848678,0.00274435357823667
ZNF266,-0.601343101343101,0.000907913826848678,0.00274435357823667
NAPSA,0.601343101343101,0.000907913826848682,0.00274435357823667
ZNF836,-0.601343101343101,0.000907913826848678,0.00274435357823667
WDR35,-0.600732600732601,0.000921832245679862,0.0027774169815958
GLIPR2,0.600732600732601,0.000921832245679864,0.0027774169815958
LGALS3,0.600732600732601,0.000921832245679864,0.0027774169815958
MAF,-0.600732600732601,0.000921832245679862,0.0027774169815958
MAPK7,0.600732600732601,0.000921832245679864,0.0027774169815958
PLIN3,0.600732600732601,0.000921832245679864,0.0027774169815958
TRGV7,-0.600591751879738,0.000925069547714193,0.00278566984965954
NECTIN2,0.600488810880503,0.000927441806895212,0.00279131032516578
LRRC8C,-0.6001221001221,0.000935935578885685,0.00281082264077806
RAD9A,-0.6001221001221,0.000935935578885685,0.00281082264077806
SRSF2,-0.6001221001221,0.000935935578885685,0.00281082264077806
TNFRSF13C,-0.6001221001221,0.000935935578885685,0.00281082264077806
ZNF248,-0.599511599511599,0.000950225875608357,0.00284609699860843
CAND1,-0.599511599511599,0.000950225875608357,0.00284609699860843
FES,0.599511599511599,0.000950225875608353,0.00284609699860843
LGALS2,0.599511599511599,0.000950225875608353,0.00284609699860843
TIMP1,0.599511599511599,0.000950225875608353,0.00284609699860843
PAQR7,0.599205836087822,0.000957453950151296,0.0028662111826799
FMO5,0.598992527204647,0.000962524668519835,0.00287105156854557
PARM1,-0.598992527204647,0.000962524668519835,0.00287105156854557
DERL3,-0.598992527204647,0.000962524668519835,0.00287105156854557
NCDN,-0.598901098901099,0.000964705202586888,0.00287105156854557
SLC5A6,-0.598901098901099,0.000964705202586888,0.00287105156854557
MSH2,-0.598901098901099,0.000964705202586888,0.00287105156854557
FCHO2,0.598901098901099,0.000964705202586897,0.00287105156854557
DUSP16,-0.598901098901099,0.000964705202586888,0.00287105156854557
BCAT1,0.598901098901099,0.000964705202586897,0.00287105156854557
BACH1,0.598901098901099,0.000964705202586897,0.00287105156854557
CD70,-0.598900541560833,0.000964718508100344,0.00287105156854557
GPR171,-0.598750387285318,0.00096830898313386,0.00287867295783336
SYN1,0.598750387285318,0.000968308983133854,0.00287867295783336
SEZ6L,0.598594401561202,0.000972051175953451,0.0028882625801975
GKAP1,-0.598290598290598,0.000979375644252896,0.00290539448417095
DNMBP,0.598290598290598,0.000979375644252905,0.00290539448417095
CLCN5,0.598290598290598,0.000979375644252905,0.00290539448417095
GAS2L3,0.597982967034582,0.000986841158702017,0.00292598926800725
FAM177A1,-0.597680097680098,0.000994239302826274,0.00293888778615922
INAFM2,0.597680097680098,0.000994239302826269,0.00293888778615922
CCL4,-0.597680097680098,0.000994239302826274,0.00293888778615922
PPP1R9B,0.597680097680098,0.000994239302826269,0.00293888778615922
SLA2,-0.597680097680098,0.000994239302826274,0.00293888778615922
FAM114A1,0.597675796077068,0.000994344723071037,0.00293888778615922
SLC25A4,-0.597312835843471,0.00100327487059116,0.00296371530710287
LY75,-0.597069597069597,0.00100929829841099,0.0029694125637213
NKIRAS1,-0.597069597069597,0.00100929829841099,0.0029694125637213
SIMC1,-0.597069597069597,0.00100929829841099,0.0029694125637213
ATM,-0.597069597069597,0.00100929829841099,0.0029694125637213
CYSLTR2,0.597069597069597,0.00100929829841098,0.0029694125637213
PCNX1,-0.597069597069597,0.00100929829841099,0.0029694125637213
TRAPPC5,0.597069597069597,0.00100929829841098,0.0029694125637213
VSIG1,-0.597063423335186,0.00100945158863272,0.0029694125637213
UBASH3A,-0.596855448871093,0.00101462728724353,0.00298303622658897
SIGLEC14,0.596834502136686,0.0010151498460656,0.00298303622658897
CD40LG,-0.596760097981341,0.00101700789671988,0.00298692655381176
ADPRH,0.596459096459097,0.00102455476909086,0.00299866146617444
NIPAL2,0.596459096459097,0.00102455476909086,0.00299866146617444
GCN1,-0.596459096459097,0.00102455476909085,0.00299866146617444
NFKBID,0.596459096459097,0.00102455476909086,0.00299866146617444
ZNF581,0.596459096459097,0.00102455476909086,0.00299866146617444
TMEM164,0.596459096459097,0.00102455476909086,0.00299866146617444
DPCD,0.596451050593304,0.00102475716413794,0.00299866146617444
ASPM,-0.596212695238424,0.00103076878374394,0.00301467522944357
CLEC4G,0.596096862803763,0.00103370124973158,0.00302167140015631
TBCK,-0.595848595848596,0.00104001087102525,0.00303377193050245
CHST12,-0.595848595848596,0.00104001087102525,0.00303377193050245
DBF4,-0.595848595848596,0.00104001087102525,0.00303377193050245
KPNA2,-0.595848595848596,0.00104001087102525,0.00303377193050245
SLC4A4,-0.59537455219555,0.00105215135316074,0.00305919701131006
NICN1,-0.595238095238095,0.00105566877854481,0.00305919701131006
ANXA2R,-0.595238095238095,0.00105566877854481,0.00305919701131006
GEMIN5,-0.595238095238095,0.00105566877854481,0.00305919701131006
MPP6,-0.595238095238095,0.00105566877854481,0.00305919701131006
ZNF250,-0.595238095238095,0.00105566877854481,0.00305919701131006
PGM2L1,-0.595238095238095,0.00105566877854481,0.00305919701131006
KLRD1,-0.595238095238095,0.00105566877854481,0.00305919701131006
CEP290,-0.595238095238095,0.00105566877854481,0.00305919701131006
ZNF140,-0.595238095238095,0.00105566877854481,0.00305919701131006
RASGRP1,-0.595238095238095,0.00105566877854481,0.00305919701131006
TYROBP,0.595238095238095,0.00105566877854481,0.00305919701131006
PCSK1N,-0.595231511664791,0.00105583873959736,0.00305919701131006
ABCB1,-0.59506765809648,0.00106007642204802,0.00306988469813182
CMSS1,-0.594627594627595,0.00107153068424703,0.00309344325570956
RALGDS,-0.594627594627595,0.00107153068424703,0.00309344325570956
NUBPL,-0.594627594627595,0.00107153068424703,0.00309344325570956
CEP95,-0.594627594627595,0.00107153068424703,0.00309344325570956
RAB12,0.594627594627595,0.00107153068424703,0.00309344325570956
ZNF567,-0.594627594627595,0.00107153068424703,0.00309344325570956
MAP3K1,0.594017094017094,0.00108759879909203,0.00313013509239459
ZNF76,-0.594017094017094,0.00108759879909204,0.00313013509239459
TBC1D31,-0.594017094017094,0.00108759879909204,0.00313013509239459
CARD19,0.594017094017094,0.00108759879909203,0.00313013509239459
ANKDD1A,0.594017094017094,0.00108759879909203,0.00313013509239459
ZNF568,-0.594017094017094,0.00108759879909204,0.00313013509239459
ITGA6,-0.593802479823159,0.00109329675416552,0.00314329843151345
SIRPB2,0.593802479823159,0.00109329675416553,0.00314329843151345
YIPF5,-0.593406593406593,0.00110387535249806,0.00316719906165682
STAMBPL1,-0.593406593406593,0.00110387535249806,0.00316719906165682
ABCC4,-0.593406593406593,0.00110387535249806,0.00316719906165682
ZNF569,-0.593406593406593,0.00110387535249806,0.00316719906165682
BAG2,-0.593158326922653,0.00111055451591057,0.00318472864254971
DLG4,0.592886589108779,0.00111790525130524,0.00320416512829263
NFIL3,0.592796092796093,0.00112036259243709,0.00320708096581467
EDRF1,-0.592796092796093,0.0011203625924371,0.00320708096581467
UBTD1,0.59278577355831,0.00112064309856972,0.00320708096581467
DLG3,-0.592386544413834,0.00113154210252713,0.00323661556896762
TRBV28,-0.592305611204851,0.00113376274984253,0.00323750259505356
TRIB2,-0.592275995299192,0.00113457629486056,0.00323750259505356
CBY1,-0.592275995299192,0.00113457629486056,0.00323750259505356
CENPC,-0.592185592185592,0.00113706278553026,0.00323750259505356
HEXB,0.592185592185592,0.00113706278553025,0.00323750259505356
RORA,-0.592185592185592,0.00113706278553026,0.00323750259505356
SLC16A6,0.592185592185592,0.00113706278553025,0.00323750259505356
ISYNA1,-0.592185592185592,0.00113706278553026,0.00323750259505356
C5AR1,0.592185592185592,0.00113706278553025,0.00323750259505356
LEPROT,0.591575091575091,0.00115397821714333,0.00327233579628071
EPB41L5,-0.591575091575091,0.00115397821714334,0.00327233579628071
DENND1A,0.591575091575091,0.00115397821714333,0.00327233579628071
VSIR,0.591575091575091,0.00115397821714333,0.00327233579628071
SLC38A1,-0.591575091575091,0.00115397821714334,0.00327233579628071
COG6,-0.591575091575091,0.00115397821714334,0.00327233579628071
TK2,0.591575091575091,0.00115397821714333,0.00327233579628071
PLPPR2,0.591575091575091,0.00115397821714333,0.00327233579628071
CDT1,-0.591552068658246,0.0011546203661852,0.0032724972568209
SIDT1,-0.591054807680019,0.00116856557804083,0.00330917321009003
TIPARP,-0.590964590964591,0.00117111119148214,0.00330917321009003
CENPE,-0.590964590964591,0.00117111119148214,0.00330917321009003
HHEX,0.590964590964591,0.00117111119148215,0.00330917321009003
NUDT14,0.590964590964591,0.00117111119148215,0.00330917321009003
HDGFL3,-0.590964590964591,0.00117111119148214,0.00330917321009003
QSOX1,0.59035409035409,0.00118846403168782,0.00335190209676621
GSTCD,-0.59035409035409,0.00118846403168783,0.00335190209676621
CD6,-0.59035409035409,0.00118846403168783,0.00335190209676621
MARCO,0.590327323174481,0.0011892299284664,0.00335190209676621
HAPLN3,-0.590327323174481,0.00118922992846641,0.00335190209676621
BTBD3,0.590034318188519,0.00119764174781949,0.00337391065682952
RGL1,0.58974358974359,0.00120603907993203,0.00338903041958791
TRIM52,-0.58974358974359,0.00120603907993204,0.00338903041958791
CYP2R1,-0.58974358974359,0.00120603907993204,0.00338903041958791
CRACR2A,-0.58974358974359,0.00120603907993204,0.00338903041958791
TRAC,-0.58974358974359,0.00120603907993204,0.00338903041958791
PPP1R26,0.589721966618995,0.00120666566876275,0.00338908810633919
TNFRSF10C,0.589543564313222,0.00121184612496617,0.00340192948333877
CD80,-0.589493084943728,0.0012133154379532,0.00340434517262133
CHAC2,-0.589422883661899,0.0012153613641849,0.00340837550076326
RAD51AP1,-0.589223026251258,0.00122120231453231,0.00341632682044705
ZNF507,-0.589223026251258,0.00122120231453231,0.00341632682044705
ITM2C,-0.589133089133089,0.00122383869751216,0.00341632682044705
ENPP4,-0.589133089133089,0.00122383869751216,0.00341632682044705
PIP4P2,0.589133089133089,0.00122383869751216,0.00341632682044705
NCBP1,-0.589133089133089,0.00122383869751216,0.00341632682044705
MSRB2,0.589133089133089,0.00122383869751216,0.00341632682044705
ZFP82,-0.589133089133089,0.00122383869751216,0.00341632682044705
CSNK1E,-0.589133089133089,0.00122383869751216,0.00341632682044705
OBSCN,-0.589117166398589,0.00122430596355077,0.00341632682044705
IGFBP4,-0.589032870419816,0.00122678227373389,0.00342152941382539
TNFRSF9,-0.588929776115083,0.00122981670312798,0.00342828265398388
BLK,-0.588622882016013,0.00123888816723448,0.00344469769919645
EPB41,-0.588522588522589,0.00124186526494635,0.00344469769919645
MFSD9,-0.588522588522589,0.00124186526494635,0.00344469769919645
NAP1L5,-0.588522588522589,0.00124186526494635,0.00344469769919645
CENPH,-0.588522588522589,0.00124186526494635,0.00344469769919645
RUNX2,-0.588522588522589,0.00124186526494635,0.00344469769919645
BPGM,-0.588522588522589,0.00124186526494635,0.00344469769919645
TC2N,-0.588522588522589,0.00124186526494635,0.00344469769919645
ANPEP,0.588522588522589,0.00124186526494636,0.00344469769919645
PRSS21,-0.588522588522589,0.00124186526494635,0.00344469769919645
GAPT,0.588490204948835,0.00124282785574788,0.00344565858668426
ZNF618,0.588315987916943,0.0012480174876903,0.00345833190840643
NBPF26,0.587912087912088,0.00126012118206854,0.00348299996698217
CR1,0.587912087912088,0.00126012118206854,0.00348299996698217
P2RY13,0.587912087912088,0.00126012118206854,0.00348299996698217
ZFAND5,0.587912087912088,0.00126012118206854,0.00348299996698217
C12orf65,-0.587912087912088,0.00126012118206854,0.00348299996698217
IGLC3,-0.587894297345348,0.00126065664040986,0.00348299996698217
RTP5,-0.587391244822498,0.00127587917119288,0.00351696054625926
KLF11,0.587301587301587,0.00127860886812322,0.00351696054625926
SLC8A1,0.587301587301587,0.00127860886812322,0.00351696054625926
EIF2AK3,-0.587301587301587,0.00127860886812322,0.00351696054625926
TIFA,-0.587301587301587,0.00127860886812322,0.00351696054625926
SNX2,0.587301587301587,0.00127860886812322,0.00351696054625926
MANEA,-0.587301587301587,0.00127860886812322,0.00351696054625926
LRWD1,-0.587301587301587,0.00127860886812322,0.00351696054625926
NUCB2,-0.587301587301587,0.00127860886812322,0.00351696054625926
ABCD2,-0.587088411520663,0.00128511947757981,0.00353313083511619
ECHDC3,0.586977145555418,0.00128852903255721,0.00354076380838325
ST3GAL3,-0.586691086691087,0.00129733076186033,0.0035544701716428
PLEK,0.586691086691087,0.00129733076186033,0.0035544701716428
TRMT10C,-0.586691086691087,0.00129733076186033,0.0035544701716428
HLA-DPA1,0.586691086691087,0.00129733076186033,0.0035544701716428
FAM214B,0.586691086691087,0.00129733076186033,0.0035544701716428
ZNF101,-0.586691086691087,0.00129733076186033,0.0035544701716428
OCIAD2,-0.586170057203324,0.00131349597845563,0.00358882978379038
THEMIS2,0.586080586080586,0.00131628932162984,0.00358882978379038
GTDC1,-0.586080586080586,0.00131628932162984,0.00358882978379038
SMC4,-0.586080586080586,0.00131628932162984,0.00358882978379038
RAD17,-0.586080586080586,0.00131628932162984,0.00358882978379038
FAM172A,-0.586080586080586,0.00131628932162984,0.00358882978379038
MCPH1,-0.586080586080586,0.00131628932162984,0.00358882978379038
PDE7A,-0.586080586080586,0.00131628932162984,0.00358882978379038
KANSL2,-0.586080586080586,0.00131628932162984,0.00358882978379038
ZNF548,-0.586080586080586,0.00131628932162984,0.00358882978379038
SDC3,0.586011078522809,0.00131846293476867,0.00359300425498363
MBD5,-0.585470085470085,0.00133548702547634,0.00362702450046804
WDR6,-0.585470085470085,0.00133548702547634,0.00362702450046804
ZNF107,-0.585470085470085,0.00133548702547634,0.00362702450046804
GAB2,0.585470085470085,0.00133548702547634,0.00362702450046804
DCAF4,-0.585470085470085,0.00133548702547634,0.00362702450046804
CBR3,-0.585470085470085,0.00133548702547634,0.00362702450046804
MPP1,0.585470085470085,0.00133548702547634,0.00362702450046804
TRBV6-1,-0.585392597173444,0.00133794093950657,0.00363192511345667
TRAV8-2,-0.585247046926244,0.00134256079368537,0.00364269769931519
SLC35E2B,-0.584859584859585,0.00135492637123345,0.00366380477172991
ORC5,-0.584859584859585,0.00135492637123345,0.00366380477172991
DOCK5,0.584859584859585,0.00135492637123345,0.00366380477172991
CEMIP2,-0.584859584859585,0.00135492637123345,0.00366380477172991
METTL7A,0.584859584859585,0.00135492637123345,0.00366380477172991
WASHC4,0.584859584859585,0.00135492637123345,0.00366380477172991
CXCL16,0.584859584859585,0.00135492637123345,0.00366380477172991
CD300LB,0.584837124712247,0.00135564618038326,0.00366397943001605
PPM1H,0.584815968497541,0.00135632450308736,0.0036640418460215
KCNE3,0.584531407448937,0.00136547682109867,0.00368698521660248
IL1RN,0.584338275774564,0.00137171887348262,0.00370205209484305
RNF115,-0.584249084249084,0.00137460987661813,0.00370270637285577
ARHGAP31,0.584249084249084,0.00137460987661813,0.00370270637285577
MDC1,-0.584249084249084,0.00137460987661813,0.00370270637285577
SVIP,-0.584249084249084,0.00137460987661813,0.00370270637285577
TRBV3-1,-0.584019470529965,0.00138207668973779,0.00372102688926996
NSG1,-0.583919972922317,0.00138532312575969,0.00372797253091827
TTC30B,-0.583638583638584,0.00139454007932482,0.00374556586147184
SLC25A32,-0.583638583638584,0.00139454007932482,0.00374556586147184
OAS3,0.583638583638584,0.00139454007932482,0.00374556586147184
CD79A,-0.583638583638584,0.00139454007932482,0.00374556586147184
TLR5,0.583591223013777,0.00139609658396436,0.0037479462782183
SH2D2A,-0.58311708815539,0.0014117619463738,0.00378703286336633
ERLEC1,-0.583028083028083,0.0014147195371195,0.00378703286336633
FGL2,0.583028083028083,0.0014147195371195,0.00378703286336633
GDI2,0.583028083028083,0.0014147195371195,0.00378703286336633
SLC24A4,0.583028083028083,0.0014147195371195,0.00378703286336633
PBX4,-0.583028083028083,0.0014147195371195,0.00378703286336633
PHGDH,-0.582697103869076,0.00142576481525884,0.00381477361097006
FBXL22,-0.582506494345803,0.00143215949379274,0.00382342231053099
TRIM62,-0.582417582417582,0.00143515082793358,0.00382342231053099
CD96,-0.582417582417582,0.00143515082793358,0.00382342231053099
HAVCR2,0.582417582417582,0.00143515082793358,0.00382342231053099
IRF4,-0.582417582417582,0.00143515082793358,0.00382342231053099
POGLUT3,-0.582417582417582,0.00143515082793358,0.00382342231053099
TIPIN,-0.582417582417582,0.00143515082793358,0.00382342231053099
TIMM13,0.582417582417582,0.00143515082793358,0.00382342231053099
BEX2,-0.582417582417582,0.00143515082793358,0.00382342231053099
HIST1H4A,-0.582391386605766,0.00143603318313884,0.00382395121910115
IL18R1,-0.582366477530012,0.00143687263181458,0.00382436542461072
GCNT4,-0.58220119744101,0.00144245340285381,0.00383739268732566
TTC13,-0.581807081807082,0.00145583654995754,0.00386931463277689
KIF20B,-0.581807081807082,0.00145583654995754,0.00386931463277689
CHI3L2,-0.58175410478813,0.00145764366454906,0.00387227713641726
FCRLA,-0.581474234815836,0.00146722258310122,0.00389587306965908
GLRX2,0.581196581196581,0.00147677932173465,0.00391196114028429
MRFAP1L1,-0.581196581196581,0.00147677932173465,0.00391196114028429
ARSK,-0.581196581196581,0.00147677932173465,0.00391196114028429
SKAP2,0.581196581196581,0.00147677932173465,0.00391196114028429
PAK1,0.581196581196581,0.00147677932173465,0.00391196114028429
SLC14A1,-0.580946885926196,0.00148541960979873,0.00393298601230801
TKT,0.580586080586081,0.00149798178225423,0.00395874958712934
PTMS,-0.580586080586081,0.00149798178225423,0.00395874958712934
IGHA1,-0.580586080586081,0.00149798178225423,0.00395874958712934
MT1F,-0.580586080586081,0.00149798178225423,0.00395874958712934
TTC16,-0.580557083025905,0.00149899536215645,0.00395955695095837
MICU3,-0.580529359304365,0.00149996497004277,0.00396024745631688
SULT1A2,0.580070815839742,0.00151608078052701,0.00399470866813525
PLA2G4A,0.580029847242056,0.00151752789628556,0.00399470866813525
IFI44L,0.57997557997558,0.00151944659104501,0.00399470866813525
ATXN7L2,-0.57997557997558,0.00151944659104501,0.00399470866813525
BRD2,-0.57997557997558,0.00151944659104501,0.00399470866813525
KRI1,-0.57997557997558,0.00151944659104501,0.00399470866813525
KCNN4,-0.57997557997558,0.00151944659104501,0.00399470866813525
TSEN34,0.57997557997558,0.00151944659104501,0.00399470866813525
XBP1,-0.57997557997558,0.00151944659104501,0.00399470866813525
SLITRK4,0.579702888311793,0.00152911972239084,0.00401825069906465
CDC7,-0.579453525297869,0.00153801181045332,0.00403476525602768
ZNF48,-0.579453525297869,0.00153801181045332,0.00403476525602768
CCDC51,-0.579365079365079,0.00154117642826808,0.00403476525602768
CD63,0.579365079365079,0.00154117642826808,0.00403476525602768
KLHDC2,-0.579365079365079,0.00154117642826808,0.00403476525602768
BMF,0.579365079365079,0.00154117642826808,0.00403476525602768
SMURF2,-0.579365079365079,0.00154117642826808,0.00403476525602768
CST7,-0.579365079365079,0.00154117642826808,0.00403476525602768
PDGFC,0.578839242982333,0.00156010728169037,0.00408241456210228
FBXO48,-0.578754578754579,0.00156317399480989,0.00408470513036304
CTSD,0.578754578754579,0.00156317399480989,0.00408470513036304
IGHA2,-0.578754578754579,0.00156317399480989,0.00408470513036304
SPAG5,-0.578537634583489,0.0015710559175966,0.00410338378851014
CD247,-0.578144078144078,0.00158544201237484,0.00412746356294232
CRYBG3,0.578144078144078,0.00158544201237484,0.00412746356294232
BRIX1,-0.578144078144078,0.00158544201237484,0.00412746356294232
TMEM181,-0.578144078144078,0.00158544201237484,0.00412746356294232
GNS,0.578144078144078,0.00158544201237484,0.00412746356294232
TRAPPC6B,-0.578144078144078,0.00158544201237484,0.00412746356294232
P2RX5,-0.578144078144078,0.00158544201237484,0.00412746356294232
TRBV5-4,-0.577970820981071,0.00159181121680951,0.00414211648413158
ZNF577,0.5778864853438,0.00159491950748789,0.00414827436552199
ZMYND12,-0.577533577533577,0.00160798322357779,0.00417061325892719
ZRANB2,-0.577533577533577,0.00160798322357779,0.00417061325892719
ERO1B,-0.577533577533577,0.00160798322357779,0.00417061325892719
IGKC,-0.577533577533577,0.00160798322357779,0.00417061325892719
MSRB1,0.577533577533577,0.00160798322357779,0.00417061325892719
TUBG2,-0.577533577533577,0.00160798322357779,0.00417061325892719
UACA,0.577275611680646,0.0016175907464413,0.00419239971791029
FAM169A,-0.577267800350427,0.00161788243763419,0.00419239971791029
CAVIN3,0.577101431665941,0.00162410577179896,0.00420657687628522
SOX12,-0.577011150059522,0.00162749156086704,0.00421221052760643
B4GALT4,-0.576923076923077,0.00163080039203647,0.00421221052760643
ERMP1,-0.576923076923077,0.00163080039203647,0.00421221052760643
REEP3,0.576923076923077,0.00163080039203647,0.00421221052760643
AP5B1,0.576923076923077,0.00163080039203647,0.00421221052760643
ABHD15,-0.576923076923077,0.00163080039203647,0.00421221052760643
SLC38A5,-0.576855122853072,0.00163335733166037,0.00421686712772151
TBX21,-0.576400556249935,0.00165055062727244,0.00424441859723507
IFFO2,-0.576312576312576,0.00165389630246338,0.00424441859723507
CRYZ,-0.576312576312576,0.00165389630246338,0.00424441859723507
ZAP70,-0.576312576312576,0.00165389630246338,0.00424441859723507
ZNF595,-0.576312576312576,0.00165389630246338,0.00424441859723507
SETD9,0.576312576312576,0.00165389630246338,0.00424441859723507
MLLT3,-0.576312576312576,0.00165389630246338,0.00424441859723507
GPAM,-0.576312576312576,0.00165389630246338,0.00424441859723507
BCL11B,-0.576312576312576,0.00165389630246338,0.00424441859723507
CTRL,0.576312576312576,0.00165389630246338,0.00424441859723507
DPEP2,0.576312576312576,0.00165389630246338,0.00424441859723507
THOC1,-0.576312576312576,0.00165389630246338,0.00424441859723507
OGT,-0.576312576312576,0.00165389630246338,0.00424441859723507
FEZ1,-0.576277041339564,0.00165524927325867,0.00424594217250573
RUSC2,0.576095259345142,0.00166218544490297,0.00426177946258479
ANKRD36C,-0.575702075702076,0.00167727376075783,0.00428866706454402
COQ2,0.575702075702076,0.00167727376075783,0.00428866706454402
ZHX2,-0.575702075702076,0.00167727376075783,0.00428866706454402
COPRS,0.575702075702076,0.00167727376075783,0.00428866706454402
RAB37,-0.575702075702076,0.00167727376075783,0.00428866706454402
ESCO1,-0.575702075702076,0.00167727376075783,0.00428866706454402
OSBPL10,-0.575665606812944,0.00167867921049574,0.00429029896942055
SLC46A2,0.575484665535555,0.00168566741156255,0.00430619103035987
CTTNBP2NL,0.575179368630762,0.00169751526960874,0.0043293727092367
PLEKHA5,-0.575179368630762,0.00169751526960874,0.0043293727092367
ATF3,0.575091575091575,0.00170093559409747,0.0043293727092367
CENPP,-0.575091575091575,0.00170093559409747,0.0043293727092367
IPPK,-0.575091575091575,0.00170093559409747,0.0043293727092367
TALDO1,0.575091575091575,0.00170093559409747,0.0043293727092367
CD82,-0.575091575091575,0.00170093559409747,0.0043293727092367
NAA40,-0.575091575091575,0.00170093559409747,0.0043293727092367
SHISAL2A,-0.574832117028029,0.00171107849803319,0.00435320789854486
RAPH1,0.574568774821175,0.00172142651771093,0.00437440134628516
MFSD8,-0.574481074481074,0.00172488465102983,0.00437440134628516
PRIMPOL,-0.574481074481074,0.00172488465102983,0.00437440134628516
TNFAIP8,-0.574481074481074,0.00172488465102983,0.00437440134628516
DGKA,-0.574481074481074,0.00172488465102983,0.00437440134628516
ERG28,-0.574481074481074,0.00172488465102983,0.00437440134628516
MAFG,0.574481074481074,0.00172488465102983,0.00437440134628516
CHAF1B,-0.574405631885543,0.00172786423574909,0.00437997135372119
KLRC3,-0.574198859359729,0.0017360534137364,0.00439674397174545
MFGE8,-0.574198859359729,0.0017360534137364,0.00439674397174545
PLXDC1,-0.57410489904698,0.00173978573058523,0.00440420181323342
DKK3,-0.573870573870574,0.00174912380156342,0.00441784114649623
TMEM263,-0.573870573870574,0.00174912380156342,0.00441784114649623
NIP7,-0.573870573870574,0.00174912380156342,0.00441784114649623
PGAP3,-0.573870573870574,0.00174912380156342,0.00441784114649623
CD7,-0.573870573870574,0.00174912380156342,0.00441784114649623
SNX33,0.573793259143661,0.00175221432570639,0.00442364898841994
HIST1H3C,-0.573482900239779,0.00176466780203822,0.00445307867734555
RETREG1,-0.573260073260073,0.00177365593725875,0.00446568392667758
ENC1,-0.573260073260073,0.00177365593725875,0.00446568392667758
ASF1A,-0.573260073260073,0.00177365593725875,0.00446568392667758
KIAA0586,-0.573260073260073,0.00177365593725875,0.00446568392667758
IFI27L1,-0.573260073260073,0.00177365593725875,0.00446568392667758
S100Z,0.573180886401779,0.00177685957049225,0.00446972501942992
FXYD7,-0.573180886401779,0.00177685957049226,0.00446972501942992
TRBV12-4,-0.573022970186155,0.001783263216231,0.00448381650412039
ATG9B,-0.572999496038567,0.00178421680968306,0.00448419793247088
CCR5,-0.572736993392415,0.00179491045346125,0.0045090472847059
ACAD11,-0.572649572649573,0.00179848397131896,0.00451194363733316
LIPA,0.572649572649573,0.00179848397131896,0.00451194363733316
TCF7L2,0.572649572649573,0.00179848397131896,0.00451194363733316
ZNF527,-0.572126399582828,0.00181999820070485,0.00456386992750741
TMEM41B,-0.572039072039072,0.00182361083868038,0.00456678540523989
ZNF286A,-0.572039072039072,0.00182361083868038,0.00456678540523989
BTG3,-0.572039072039072,0.00182361083868038,0.00456678540523989
ST14,0.571996999653222,0.00182535352746081,0.00456910336864855
PATJ,-0.571777748712259,0.00183445839908245,0.00458778683706133
ZNF503,0.571777748712259,0.00183445839908246,0.00458778683706133
RRAS2,-0.571515805773241,0.00184538740574658,0.00459956799920198
IL2RB,-0.571515805773241,0.00184538740574658,0.00459956799920198
CCDC65,-0.571476766812744,0.00184702101410401,0.00459956799920198
SH3BP2,0.571428571428571,0.00184903949610265,0.00459956799920198
CDKAL1,-0.571428571428571,0.00184903949610265,0.00459956799920198
CHST15,0.571428571428571,0.00184903949610265,0.00459956799920198
SWAP70,0.571428571428571,0.00184903949610265,0.00459956799920198
ZDHHC13,-0.571428571428571,0.00184903949610265,0.00459956799920198
POLA2,-0.571428571428571,0.00184903949610265,0.00459956799920198
USP36,-0.571428571428571,0.00184903949610265,0.00459956799920198
FTL,0.571428571428571,0.00184903949610265,0.00459956799920198
CD99,-0.571428571428571,0.00184903949610265,0.00459956799920198
CNTLN,0.571210508868448,0.00185819598436379,0.00462028988197523
LAG3,-0.571166875049105,0.00186003285732256,0.00462280166139901
TMEM150B,0.570834019409173,0.00187409676565078,0.00465529759381468
CTLA4,-0.570818070818071,0.0018747729222587,0.00465529759381468
UGGT2,0.570556001385951,0.00188591374201187,0.0046808831093344
FBN2,0.57051613017089,0.0018876136906405,0.00468302385007173
PIK3C2B,-0.57020757020757,0.00190081411782434,0.00469494370444951
DUSP11,-0.57020757020757,0.00190081411782434,0.00469494370444951
MTRR,-0.57020757020757,0.00190081411782434,0.00469494370444951
KCTD7,-0.57020757020757,0.00190081411782434,0.00469494370444951
PRF1,-0.57020757020757,0.00190081411782434,0.00469494370444951
INTS13,-0.57020757020757,0.00190081411782434,0.00469494370444951
RITA1,-0.57020757020757,0.00190081411782434,0.00469494370444951
TAX1BP3,0.57020757020757,0.00190081411782433,0.00469494370444951
ZNF14,-0.57020757020757,0.00190081411782434,0.00469494370444951
MORC2,-0.57020757020757,0.00190081411782434,0.00469494370444951
CAMK4,-0.56959706959707,0.0019271661055677,0.0047558309189473
LST1,0.56959706959707,0.0019271661055677,0.0047558309189473
NEO1,-0.569506649950485,0.00193109563858766,0.00476342603042884
PALM2-AKAP2,-0.569334254059642,0.00193860687557575,0.00477984552390634
UPK3A,0.568986660123059,0.0019538279261483,0.00480045173770273
UTP25,-0.568986568986569,0.00195383193043838,0.00480045173770273
SLC39A10,-0.568986568986569,0.00195383193043838,0.00480045173770273
NCAPG2,-0.568986568986569,0.00195383193043838,0.00480045173770273
SRSF8,-0.568986568986569,0.00195383193043838,0.00480045173770273
RILP,0.568986568986569,0.00195383193043838,0.00480045173770273
TMEM205,0.568986568986569,0.00195383193043838,0.00480045173770273
PRAF2,-0.568986568986569,0.00195383193043838,0.00480045173770273
CCDC13,0.568693600740604,0.00196674071755849,0.0048300457147945
C12orf42,-0.568634109756811,0.001969370958184,0.00483438208874667
TMEM161B,-0.568376068376068,0.0019808146596561,0.00485607872722356
CCDC186,-0.568376068376068,0.0019808146596561,0.00485607872722356
RESF1,-0.568376068376068,0.0019808146596561,0.00485607872722356
AURKB,-0.568281904466721,0.00198500489537756,0.00486421883214343
SLC2A1,-0.568022675230191,0.00199657985522208,0.00489044001331663
ZNF737,-0.56785224291572,0.00200422150127167,0.00490700815898039
GRAMD2B,-0.567765567765568,0.00200811738279934,0.00490795122579278
UHRF2,-0.567765567765568,0.00200811738279934,0.00490795122579278
HDHD3,-0.567765567765568,0.00200811738279934,0.00490795122579278
DGKH,-0.567765567765568,0.00200811738279934,0.00490795122579278
HGF,0.56750163307018,0.00202002088874721,0.00493488720396435
RAPGEF6,-0.567155067155067,0.00203574321189347,0.00495813416415865
SCML4,-0.567155067155067,0.00203574321189347,0.00495813416415865
IFIT3,0.567155067155067,0.00203574321189347,0.00495813416415865
CD59,-0.567155067155067,0.00203574321189347,0.00495813416415865
ZNF420,-0.567155067155067,0.00203574321189347,0.00495813416415865
COL18A1,-0.567155067155067,0.00203574321189347,0.00495813416415865
ITM2A,-0.567155067155067,0.00203574321189347,0.00495813416415865
PDCD1,-0.567057158982956,0.00204020393880521,0.00496683518754842
TGM2,0.56679980617695,0.00205196912241068,0.00499330345192363
AGO1,0.566544566544567,0.0020636952814987,0.00500658742478992
RBM34,-0.566544566544567,0.0020636952814987,0.00500658742478992
ADH5,-0.566544566544567,0.0020636952814987,0.00500658742478992
MSRA,0.566544566544567,0.0020636952814987,0.00500658742478992
ZNF169,0.566544566544567,0.0020636952814987,0.00500658742478992
LTA4H,0.566544566544567,0.0020636952814987,0.00500658742478992
PARVB,0.566544566544567,0.0020636952814987,0.00500658742478992
RHPN1,-0.56618837165033,0.00208015579416572,0.00504433269773403
RADX,-0.56602046148696,0.00208795434251446,0.00506104927756431
RNPEP,0.565934065934066,0.0020919767487976,0.00506202249211435
ABHD14B,-0.565934065934066,0.00209197674879762,0.00506202249211435
LIMA1,-0.565934065934066,0.00209197674879762,0.00506202249211435
RNF125,-0.565934065934066,0.00209197674879762,0.00506202249211435
DUSP7,0.565669012080718,0.00210435873250573,0.00508758064512411
ADGRE1,0.565669012080718,0.00210435873250573,0.00508758064512411
ADAM15,0.565323565323565,0.00212059079368236,0.00510475407588111
TTN,-0.565323565323565,0.00212059079368237,0.00510475407588111
WFS1,-0.565323565323565,0.00212059079368237,0.00510475407588111
CNOT6L,-0.565323565323565,0.00212059079368237,0.00510475407588111
SYNGAP1,-0.565323565323565,0.00212059079368237,0.00510475407588111
PEX1,-0.565323565323565,0.00212059079368237,0.00510475407588111
VAV2,0.565323565323565,0.00212059079368236,0.00510475407588111
SLC7A1,-0.565323565323565,0.00212059079368237,0.00510475407588111
PIGL,-0.565323565323565,0.00212059079368237,0.00510475407588111
MSI2,-0.565323565323565,0.00212059079368237,0.00510475407588111
TYMS,-0.5652919533191,0.00212208155809644,0.00510614460967094
AGTRAP,0.564713064713065,0.00214954061884169,0.0051522636693368
TUT4,-0.564713064713065,0.00214954061884169,0.0051522636693368
BRD8,-0.564713064713065,0.00214954061884169,0.0051522636693368
PTTG1,-0.564713064713065,0.00214954061884169,0.0051522636693368
SNX8,0.564713064713065,0.00214954061884169,0.0051522636693368
SNX30,0.564713064713065,0.00214954061884169,0.0051522636693368
PLEKHA1,-0.564713064713065,0.00214954061884169,0.0051522636693368
MPHOSPH9,-0.564713064713065,0.00214954061884169,0.0051522636693368
TUBB6,0.564713064713065,0.00214954061884169,0.0051522636693368
BCL2L2,0.564447264754409,0.0021622505413671,0.00518050772378955
ACP6,-0.564102564102564,0.00217882944984743,0.00521575953918957
DRAM1,0.564102564102564,0.00217882944984743,0.00521575953918957
TRBV12-3,-0.564054990620371,0.00218112612486613,0.00521902323074514
OPN3,0.563883383153406,0.00218942800401857,0.0052366473047356
TLR6,0.563836391091255,0.00219170607534733,0.00523985479835068
LPL,0.563530919324555,0.00220656437837803,0.0052596726205564
CD28,-0.563492063492063,0.00220846053524078,0.0052596726205564
PLD1,0.563492063492063,0.00220846053524076,0.0052596726205564
FGFR1OP,-0.563492063492063,0.00220846053524078,0.0052596726205564
MVB12B,-0.563492063492063,0.00220846053524078,0.0052596726205564
RNF34,-0.563492063492063,0.00220846053524078,0.0052596726205564
ATP6V0C,0.563492063492063,0.00220846053524076,0.0052596726205564
ATP6V0A1,0.563492063492063,0.00220846053524076,0.0052596726205564
PRDX2,-0.563492063492063,0.00220846053524078,0.0052596726205564
TMEM255B,0.563127268596324,0.00222633082320135,0.00529997529303616
GOLM1,0.562881562881563,0.00223843714661808,0.00531070875005871
RIC3,-0.562881562881563,0.00223843714661809,0.00531070875005871
RIN3,0.562881562881563,0.00223843714661808,0.00531070875005871
RFFL,-0.562881562881563,0.00223843714661809,0.00531070875005871
CD300LF,0.562881562881563,0.00223843714661808,0.00531070875005871
CFD,0.562881562881563,0.00223843714661808,0.00531070875005871
TOM1,0.562881562881563,0.00223843714661808,0.00531070875005871
SH3BGRL,0.562881562881563,0.00223843714661808,0.00531070875005871
DSC2,0.562843777694144,0.00224030389190962,0.00531288352992307
ACVR1B,0.562662195534232,0.00224929346994474,0.00533194111230647
TENM1,-0.562536883595074,0.00225551533348009,0.00534417672513883
ZBTB47,0.562519764490609,0.00225636646066752,0.00534417672513883
SLFN13,-0.562356898629439,0.00226447762604823,0.00536111722475093
MATR3-1,-0.562271062271062,0.00226876257871652,0.00536444834680033
MYO15B,0.562271062271062,0.00226876257871651,0.00536444834680033
TRIOBP,0.562271062271062,0.00226876257871651,0.00536444834680033
PAPSS2,0.562214047227299,0.0022716126177701,0.00536891705772206
CCR6,-0.562158177047898,0.00227440840992237,0.00537325383535525
RASA2,-0.561660561660562,0.00229944014949908,0.00542093984654251
NUP155,-0.561660561660562,0.00229944014949908,0.00542093984654251
SYTL3,-0.561660561660562,0.00229944014949908,0.00542093984654251
ARPC3,0.561660561660562,0.00229944014949908,0.00542093984654251
ZNF280C,-0.561660561660562,0.00229944014949908,0.00542093984654251
LIPN,0.561545804306016,0.00230524627968525,0.00543233763000418
ARHGEF10L,0.561392896438639,0.00231300218536696,0.00544831854278519
GCFC2,-0.561050061050061,0.00233047320023948,0.0054641535160332
ATF2,-0.561050061050061,0.00233047320023948,0.0054641535160332
SGMS2,0.561050061050061,0.00233047320023947,0.0054641535160332
CPLANE1,-0.561050061050061,0.00233047320023948,0.0054641535160332
LAMTOR4,0.561050061050061,0.00233047320023947,0.0054641535160332
PILRA,0.561050061050061,0.00233047320023947,0.0054641535160332
UGCG,-0.561050061050061,0.00233047320023948,0.0054641535160332
BLOC1S1,0.561050061050061,0.00233047320023947,0.0054641535160332
BCL2A1,0.561050061050061,0.00233047320023947,0.0054641535160332
TNRC6C,-0.561050061050061,0.00233047320023948,0.0054641535160332
SPINT2,0.561050061050061,0.00233047320023947,0.0054641535160332
STARD8,0.560991178174058,0.00233348526329523,0.00546892271263492
VANGL1,-0.560782022775485,0.00234421131954847,0.00548945967291252
KCNMB1,0.560782022775485,0.00234421131954848,0.00548945967291252
TENT5C,-0.56043956043956,0.00236186509560648,0.00551463449462691
B3GNT2,-0.56043956043956,0.00236186509560648,0.00551463449462691
FGFBP2,-0.56043956043956,0.00236186509560648,0.00551463449462691
CUX1,0.56043956043956,0.00236186509560647,0.00551463449462691
IPO4,-0.56043956043956,0.00236186509560648,0.00551463449462691
KLHL28,-0.56043956043956,0.00236186509560648,0.00551463449462691
CCR10,-0.56043956043956,0.00236186509560648,0.00551463449462691
WDR17,0.560321058822252,0.00236800031358951,0.00552665181702526
PTPN22,-0.55982905982906,0.00239361922374792,0.00557480995385189
ZNF25,0.55982905982906,0.00239361922374791,0.00557480995385189
MS4A7,0.55982905982906,0.00239361922374791,0.00557480995385189
IKZF4,0.55982905982906,0.00239361922374791,0.00557480995385189
FSTL3,0.55982905982906,0.00239361922374791,0.00557480995385189
SLC11A1,0.559218559218559,0.00242573899637436,0.00563787716863069
ZNF346,-0.559218559218559,0.00242573899637436,0.00563787716863069
COX11,-0.559218559218559,0.00242573899637436,0.00563787716863069
TNFSF9,-0.559218559218559,0.00242573899637436,0.00563787716863069
FFAR2,0.559218559218559,0.00242573899637436,0.00563787716863069
GPR162,0.559096313338487,0.00243221486035051,0.00564823318068108
IL23A,-0.559096313338487,0.00243221486035049,0.00564823318068108
TRDV3,-0.558821567915742,0.00244682339581583,0.0056797992650071
ZBTB17,-0.558608058608059,0.00245822784884232,0.00568738524233606
HAUS3,-0.558608058608059,0.00245822784884232,0.00568738524233606
FUOM,0.558608058608059,0.00245822784884231,0.00568738524233606
SLC7A7,0.558608058608059,0.00245822784884231,0.00568738524233606
APBA2,-0.558608058608059,0.00245822784884232,0.00568738524233606
KNL1,-0.558608058608059,0.00245822784884232,0.00568738524233606
ANXA2,0.558608058608059,0.00245822784884231,0.00568738524233606
LILRA6,0.558608058608059,0.00245822784884231,0.00568738524233606
SPINT1,0.558483940596605,0.00246487846069431,0.00570041371058832
NCF2,0.557997557997558,0.00249108924023699,0.0057325806713602
LYST,0.557997557997558,0.00249108924023699,0.0057325806713602
MZT2A,-0.557997557997558,0.002491089240237,0.0057325806713602
STK3,0.557997557997558,0.00249108924023699,0.0057325806713602
TRIB1,0.557997557997558,0.00249108924023699,0.0057325806713602
MEN1,-0.557997557997558,0.002491089240237,0.0057325806713602
C11orf1,-0.557997557997558,0.002491089240237,0.0057325806713602
C12orf57,-0.557997557997558,0.002491089240237,0.0057325806713602
NGDN,-0.557997557997558,0.002491089240237,0.0057325806713602
TASP1,-0.557997557997558,0.002491089240237,0.0057325806713602
ATP5F1E,0.557997557997558,0.00249108924023699,0.0057325806713602
URB1,-0.557997557997558,0.002491089240237,0.0057325806713602
PIWIL4,0.557902504406376,0.00249623942809254,0.00574206947013307
DHRS3,-0.557472148152745,0.00251967138434259,0.0057923818818708
PTPN12,0.557387057387057,0.00252432665345478,0.0057923818818708
IFIT2,0.557387057387057,0.00252432665345478,0.0057923818818708
FDXACB1,-0.557387057387057,0.00252432665345478,0.0057923818818708
PEBP1,-0.557387057387057,0.00252432665345478,0.0057923818818708
ABCG1,-0.557387057387057,0.00252432665345478,0.0057923818818708
CXCL10,0.55731093125254,0.00252849772085428,0.00579957311526545
SOD2,0.556776556776557,0.00255794359528517,0.00585270891359846
TAGLN,0.556776556776557,0.00255794359528517,0.00585270891359846
KLRC2,-0.556776556776557,0.00255794359528517,0.00585270891359846
VCPKMT,-0.556776556776557,0.00255794359528517,0.00585270891359846
LMF1,-0.556776556776557,0.00255794359528517,0.00585270891359846
HCCS,0.556776556776557,0.00255794359528517,0.00585270891359846
SLC4A10,-0.556688932445338,0.002562799942294,0.00586142219930798
C19orf73,-0.556505907133406,0.00257296913806976,0.00588227449717338
CD5,-0.556250960533571,0.00258719203830979,0.00591115358547524
SNX10,0.556166056166056,0.00259194359649236,0.00591115358547524
CARD16,0.556166056166056,0.00259194359649236,0.00591115358547524
IGSF6,0.556166056166056,0.00259194359649236,0.00591115358547524
ZNF461,-0.556166056166056,0.00259194359649236,0.00591115358547524
TTI1,-0.556166056166056,0.00259194359649236,0.00591115358547524
C9orf40,-0.556099701961096,0.00259566222490346,0.005917221019837
IGFBP3,-0.556014733078633,0.00260043073474405,0.00592567590411114
GATA6,-0.555895033470252,0.00260716109342692,0.00593859260058792
PYHIN1,-0.555555555555555,0.00262633021189631,0.00596524717503012
HEATR1,-0.555555555555555,0.00262633021189631,0.00596524717503012
GCC2,-0.555555555555555,0.00262633021189631,0.00596524717503012
ZNF292,-0.555555555555555,0.00262633021189631,0.00596524717503012
MICU1,0.555555555555555,0.0026263302118963,0.00596524717503012
DENND5B,-0.555555555555555,0.00262633021189631,0.00596524717503012
ZNF254,-0.555555555555555,0.00262633021189631,0.00596524717503012
PLD6,-0.555422076887194,0.00263390029174937,0.00598001235544558
WLS,0.555284159807098,0.00264174172339626,0.00599538137874671
TMEM156,-0.555182550171166,0.00264753164393634,0.00600608395654849
KBTBD8,0.554945054945055,0.00266110702045345,0.00602222195806384
ADHFE1,-0.554945054945055,0.00266110702045346,0.00602222195806384
DAPK1,0.554945054945055,0.00266110702045345,0.00602222195806384
PCTP,0.554945054945055,0.00266110702045345,0.00602222195806384
ZBP1,-0.554945054945055,0.00266110702045346,0.00602222195806384
MT-ND4L,-0.554945054945055,0.00266110702045346,0.00602222195806384
CDK2,-0.554334554334554,0.00269627762533694,0.00609934647284958
PLEKHB1,-0.554265398381236,0.00270028665338604,0.00610594539657692
MFSD6,-0.553724053724054,0.00273184565401637,0.00616484297710232
HLA-DMA,0.553724053724054,0.00273184565401636,0.00616484297710232
SH3GLB2,-0.553724053724054,0.00273184565401637,0.00616484297710232
IRF2BP1,-0.553724053724054,0.00273184565401637,0.00616484297710232
GRK3,0.553724053724054,0.00273184565401636,0.00616484297710232
FOXM1,-0.553591999405444,0.00273959182963338,0.00617982957293662
RASGRP3,-0.553113553113553,0.00276781475833711,0.0062284185628254
PFKFB3,0.553113553113553,0.0027678147583371,0.0062284185628254
EEF1AKMT2,-0.553113553113553,0.00276781475833711,0.0062284185628254
GRASP,0.553113553113553,0.0027678147583371,0.0062284185628254
MRPS31,-0.553113553113553,0.00276781475833711,0.0062284185628254
GNG7,-0.553113553113553,0.00276781475833711,0.0062284185628254
GSDMB,-0.553042529327995,0.00277202550686973,0.00623538480869491
HYAL2,0.553023166523908,0.00277317440995588,0.0062354609169575
MYO1D,-0.552840665154481,0.00278402328033102,0.00625733849823596
SLC6A6,0.552503052503052,0.00280418861459914,0.00629507134999534
CTNNA1,0.552503052503052,0.00280418861459914,0.00629507134999534
COLGALT1,0.552503052503052,0.00280418861459914,0.00629507134999534
GLB1L,0.552409378325768,0.00280980580892739,0.00630515011377286
ZNF829,-0.552229791491327,0.00282060171512466,0.00632683706015929
DHRS4,0.551892551892552,0.00284097092363545,0.00636741859918615
SCAPER,-0.551892551892552,0.00284097092363545,0.00636741859918615
LRFN3,-0.5517478404359,0.00284974999615078,0.00638453604906858
DOCK9,-0.551618917828173,0.00285759076852804,0.00639953847721618
LZTFL1,-0.551282051282051,0.00287816541088984,0.00642246647154669
TRIM34,0.551282051282051,0.00287816541088983,0.00642246647154669
MTERF2,-0.551282051282051,0.00287816541088984,0.00642246647154669
CDK2AP1,0.551282051282051,0.00287816541088983,0.00642246647154669
LMO7,-0.551282051282051,0.00287816541088984,0.00642246647154669
CALML4,0.551282051282051,0.00287816541088983,0.00642246647154669
YPEL3,-0.551282051282051,0.00287816541088984,0.00642246647154669
PSTPIP2,0.551282051282051,0.00287816541088983,0.00642246647154669
AC119396.1,-0.551282051282051,0.00287816541088984,0.00642246647154669
MTRNR2L12,-0.550671550671551,0.00291577582649437,0.00648310871640418
PARP8,-0.550671550671551,0.00291577582649437,0.00648310871640418
BRPF3,-0.550671550671551,0.00291577582649437,0.00648310871640418
NCOA4,0.550671550671551,0.00291577582649436,0.00648310871640418
IFITM3,0.550671550671551,0.00291577582649436,0.00648310871640418
APBB1,-0.550671550671551,0.00291577582649437,0.00648310871640418
RNF135,0.550671550671551,0.00291577582649436,0.00648310871640418
INSR,0.550671550671551,0.00291577582649436,0.00648310871640418
C20orf27,0.550671550671551,0.00291577582649436,0.00648310871640418
FBXL16,-0.550397170501864,0.00293281572933212,0.00651840443498618
RHOA,0.55006105006105,0.00295380594534621,0.00654165657282219
IGF2R,-0.55006105006105,0.00295380594534621,0.00654165657282219
CAT,0.55006105006105,0.00295380594534621,0.00654165657282219
ABCB9,-0.55006105006105,0.00295380594534621,0.00654165657282219
HSBP1,0.55006105006105,0.00295380594534621,0.00654165657282219
ZNF599,-0.55006105006105,0.00295380594534621,0.00654165657282219
OSCAR,0.55006105006105,0.00295380594534621,0.00654165657282219
ACTL10,-0.55006105006105,0.00295380594534621,0.00654165657282219
MAPK11,-0.55006105006105,0.00295380594534621,0.00654165657282219
NAP1L2,-0.549897280833216,0.0029640795592875,0.00656181033077423
KRT7,0.549846945566122,0.0029672433385827,0.00656462174555411
AMACR,-0.54983972553291,0.00296769738425622,0.00656462174555411
IGFBP7,0.549534428628116,0.0029869510300977,0.0066032815705183
PCNX2,-0.549450549450549,0.00299225956718408,0.0066032815705183
CAMKMT,-0.549450549450549,0.00299225956718408,0.0066032815705183
MGAT1,0.549450549450549,0.00299225956718408,0.0066032815705183
RFX2,0.549450549450549,0.00299225956718408,0.0066032815705183
ZNF235,-0.549450549450549,0.00299225956718408,0.0066032815705183
TOGARAM2,-0.549373922168274,0.00299711619749508,0.00661139004985897
SLC35D1,-0.548840048840049,0.00303114051666405,0.00666017201146773
NAAA,0.548840048840049,0.00303114051666404,0.00666017201146773
KLC4,-0.548840048840049,0.00303114051666405,0.00666017201146773
PRDM1,-0.548840048840049,0.00303114051666405,0.00666017201146773
KPNA5,-0.548840048840049,0.00303114051666405,0.00666017201146773
PRR5L,-0.548840048840049,0.00303114051666405,0.00666017201146773
METTL2A,-0.548840048840049,0.00303114051666405,0.00666017201146773
MEX3C,-0.548840048840049,0.00303114051666405,0.00666017201146773
POU2F2,0.548840048840049,0.00303114051666404,0.00666017201146773
SIRPB1,0.548840048840049,0.00303114051666404,0.00666017201146773
MYO6,-0.548685976726489,0.00304102089358298,0.00667663480051673
TMEM88,0.548685976726489,0.003041020893583,0.00667663480051673
KLRB1,-0.548229548229548,0.00307045264343493,0.00673332203219143
XPO4,-0.548229548229548,0.00307045264343493,0.00673332203219143
KMT5C,-0.548229548229548,0.00307045264343493,0.00673332203219143
TNFRSF17,-0.547857810322534,0.00309460291659611,0.00678362191674068
ARHGEF11,0.547619047619048,0.0031101998222131,0.00680447472840992
CTSO,0.547619047619048,0.0031101998222131,0.00680447472840992
WARS,0.547619047619048,0.0031101998222131,0.00680447472840992
SERPINB8,0.547619047619048,0.0031101998222131,0.00680447472840992
MT-ND5,-0.547619047619048,0.00311019982221312,0.00680447472840992
C1orf53,0.547539618588413,0.00311540330562343,0.00681319330662739
MMEL1,0.547461231242724,0.00312054584020158,0.00682177182893168
LRRC4,0.547358950337316,0.00312726679913871,0.00683154813273952
TRAV20,-0.547355994187531,0.00312746123387217,0.00683154813273952
PLB1,0.547233901325103,0.00313550067361227,0.00684643489529083
SLC30A6,-0.547008547008547,0.00315038595285684,0.00687088855240852
TRMT11,-0.547008547008547,0.00315038595285684,0.00687088855240852
ATAD5,-0.547008547008547,0.00315038595285684,0.00687088855240852
SASH1,0.54673192852294,0.00316873989100099,0.00690553136027963
ACTR3C,-0.54673192852294,0.00316873989100099,0.00690553136027963
BCAS2,-0.546398046398046,0.00319101496043997,0.00693785212238737
CLASP1,-0.546398046398046,0.00319101496043997,0.00693785212238737
PASK,-0.546398046398046,0.00319101496043997,0.00693785212238737
NCK1,-0.546398046398046,0.00319101496043997,0.00693785212238737
TMEM176B,0.546398046398046,0.00319101496043995,0.00693785212238737
RBL1,-0.546398046398046,0.00319101496043997,0.00693785212238737
LOXL3,0.54623648575896,0.00320184147870694,0.00695868540572453
RGS18,0.545787545787546,0.00323209079532511,0.00699994257453841
SLF1,-0.545787545787546,0.00323209079532514,0.00699994257453841
KDM1B,0.545787545787546,0.00323209079532511,0.00699994257453841
NDUFAF6,-0.545787545787546,0.00323209079532514,0.00699994257453841
DENND4C,-0.545787545787546,0.00323209079532514,0.00699994257453841
LCMT2,-0.545787545787546,0.00323209079532514,0.00699994257453841
SKAP1,-0.545787545787546,0.00323209079532514,0.00699994257453841
PPM1F,0.545787545787546,0.00323209079532511,0.00699994257453841
PLCXD1,0.545787545787546,0.00323209079532511,0.00699994257453841
TRBV7-3,-0.545624113017078,0.0032431632432665,0.00702120358356418
ARAP2,-0.545177045177045,0.00327361743323649,0.00707344230550945
PSAP,0.545177045177045,0.00327361743323647,0.00707344230550945
FBXO3,-0.545177045177045,0.00327361743323649,0.00707344230550945
HELB,-0.545177045177045,0.00327361743323649,0.00707344230550945
ATP9B,-0.545177045177045,0.00327361743323649,0.00707344230550945
PLAAT2,-0.544970989403579,0.00328773593527923,0.0071012048474629
HOXA5,0.544882068790073,0.0032938446280223,0.00711165218528984
CIB2,-0.544788163218622,0.0033003062986683,0.00712285326983912
EPB41L3,0.544566544566545,0.0033155988753317,0.00715309757363229
SGPP2,-0.544355202974875,0.00333023861325093,0.00718191065379839
DNAJC24,-0.543956043956044,0.0033580391482736,0.00723628320506588
LACTB,0.543956043956044,0.00335803914827358,0.00723628320506588
ZNF71,-0.543733787437042,0.00337360451002418,0.00726702481512142
JHY,-0.543677560207169,0.00337755203623246,0.00727272660246897
IGHG2,-0.543428490532248,0.00339508583863965,0.00729780098451669
LRP8,-0.543345543345543,0.00340094230430088,0.00729780098451669
ARSB,0.543345543345543,0.00340094230430084,0.00729780098451669
LPXN,-0.543345543345543,0.00340094230430088,0.00729780098451669
HDAC7,-0.543345543345543,0.00340094230430088,0.00729780098451669
ZNF84,-0.543345543345543,0.00340094230430088,0.00729780098451669
BCKDK,0.543345543345543,0.00340094230430084,0.00729780098451669
ATP6V0D1,0.543345543345543,0.00340094230430084,0.00729780098451669
MT-ND6,-0.543345543345543,0.00340094230430088,0.00729780098451669
C2orf68,0.542735042735043,0.00344431242129869,0.00737671201068652
PLCL1,-0.542735042735043,0.00344431242129873,0.00737671201068652
ZFYVE16,0.542735042735043,0.00344431242129869,0.00737671201068652
OTUD1,0.542735042735043,0.00344431242129869,0.00737671201068652
ZNF575,-0.542735042735043,0.00344431242129873,0.00737671201068652
SDSL,0.542588767155532,0.0034547736750723,0.00739628422320225
LY6G5B,0.542124542124542,0.00348815360286842,0.00745063214180306
CREB5,0.542124542124542,0.00348815360286842,0.00745063214180306
CTBP2,0.542124542124542,0.00348815360286842,0.00745063214180306
CEP83,-0.542124542124542,0.00348815360286845,0.00745063214180306
PRPF39,-0.542124542124542,0.00348815360286845,0.00745063214180306
IRF8,0.542124542124542,0.00348815360286842,0.00745063214180306
NANP,0.541668084858323,0.00352124288565389,0.00751843841793682
TRAT1,-0.541596709103488,0.00352644115234848,0.00752517033112164
MFHAS1,-0.541514041514041,0.00353246997839669,0.00752517033112164
KATNAL1,-0.541514041514041,0.00353246997839669,0.00752517033112164
EDC3,-0.541514041514041,0.00353246997839669,0.00752517033112164
AKT1S1,0.541514041514041,0.00353246997839667,0.00752517033112164
ZNF880,-0.541514041514041,0.00353246997839669,0.00752517033112164
KBTBD11,0.541291412198695,0.00354874974405513,0.00755697203684551
SHROOM1,0.541234065554553,0.00355295356596952,0.00756304390593892
PARD6B,-0.541119556058901,0.00356136044555201,0.00757805464669971
RASGRF2,-0.541054296660183,0.00356615914308895,0.00758537920431852
MRPL30,0.540903540903541,0.00357726570312392,0.007588797348964
HIST1H4C,-0.540903540903541,0.00357726570312395,0.007588797348964
PM20D2,-0.540903540903541,0.00357726570312395,0.007588797348964
FBXL18,-0.540903540903541,0.00357726570312395,0.007588797348964
PWWP2B,0.540903540903541,0.00357726570312392,0.007588797348964
RNF141,0.540903540903541,0.00357726570312392,0.007588797348964
MT-CYB,-0.540903540903541,0.00357726570312395,0.007588797348964
RAB32,0.540680818389108,0.00359372821282419,0.00762082979374777
GYPC,-0.54029304029304,0.0036225449582126,0.00767030344805939
STAT4,-0.54029304029304,0.0036225449582126,0.00767030344805939
CDCA4,-0.54029304029304,0.0036225449582126,0.00767030344805939
ABCA5,-0.54029304029304,0.0036225449582126,0.00767030344805939
TPD52,-0.539764927674728,0.00366210700259528,0.0077496034865708
LDAH,-0.53968253968254,0.00366831195081418,0.0077496034865708
CAPG,0.53968253968254,0.00366831195081415,0.0077496034865708
C12orf73,-0.53968253968254,0.00366831195081418,0.0077496034865708
SYNGR2,0.53968253968254,0.00366831195081415,0.0077496034865708
OCEL1,0.53968253968254,0.00366831195081415,0.0077496034865708
CAMP,0.539272965843696,0.00369929167946679,0.00781209934727276
CCDC28B,-0.539072039072039,0.00371457091413616,0.00782958181373894
PDE4D,-0.539072039072039,0.00371457091413616,0.00782958181373894
PDIA4,-0.539072039072039,0.00371457091413616,0.00782958181373894
STX3,0.539072039072039,0.00371457091413614,0.00782958181373894
NR4A1,0.539072039072039,0.00371457091413614,0.00782958181373894
FFAR3,0.538888012856373,0.00372861212181787,0.00785621664853261
SIGLEC11,0.538650967036495,0.00374676536249159,0.00789149224371111
CD38,-0.538461538461538,0.00376132610750793,0.00791321880857198
DENND4A,-0.538461538461538,0.00376132610750793,0.00791321880857198
LILRB2,0.538461538461538,0.00376132610750791,0.00791321880857198
CSF1,-0.538275640114491,0.00377566234370941,0.00794039256337834
SDHAF4,0.538179697238782,0.00378307952848877,0.00795300027192076
CERT1,0.537851037851038,0.00380858181644629,0.00799459065974765
SLC7A6,-0.537851037851038,0.00380858181644631,0.00799459065974765
TRAF4,-0.537851037851038,0.00380858181644631,0.00799459065974765
ALPK2,0.537851037851038,0.00380858181644629,0.00799459065974765
MRVI1,0.537663267372608,0.00382321747380598,0.00802230098068406
RAB44,0.537371567471344,0.00384604886268032,0.00806718126035572
PRKCZ,-0.537240537240537,0.00385634235272032,0.00807665409603447
FUCA1,0.537240537240537,0.0038563423527203,0.00807665409603447
NME7,-0.537240537240537,0.00385634235272032,0.00807665409603447
LAX1,-0.537240537240537,0.00385634235272032,0.00807665409603447
MBOAT2,0.537050894630726,0.00387128187178638,0.00810490761026936
SOCS6,0.536839514372559,0.00388799188360165,0.00813684528933399
BCS1L,-0.536630036630037,0.00390461205441535,0.00816246377880024
TPRG1,-0.536630036630037,0.00390461205441535,0.00816246377880024
CD68,0.536630036630037,0.00390461205441533,0.00816246377880024
RTN4,0.536019536019536,0.00395339528599654,0.0082398011327964
PAICS,-0.536019536019536,0.00395339528599656,0.0082398011327964
PDLIM5,0.536019536019536,0.00395339528599654,0.0082398011327964
MYLIP,-0.536019536019536,0.00395339528599656,0.0082398011327964
NEIL2,-0.536019536019536,0.00395339528599656,0.0082398011327964
SNURF,-0.536019536019536,0.00395339528599656,0.0082398011327964
ZNF493,-0.536019536019536,0.00395339528599656,0.0082398011327964
MT-ATP8,-0.536019536019536,0.00395339528599656,0.0082398011327964
SCIMP,0.535736202586166,0.0039762112850678,0.00828426732716064
BOLA3,-0.535409035409035,0.00400269643837171,0.00832394142185742
AC093323.1,-0.535409035409035,0.00400269643837171,0.00832394142185742
SLC37A3,-0.535409035409035,0.00400269643837171,0.00832394142185742
LEPROTL1,-0.535409035409035,0.00400269643837171,0.00832394142185742
SNAP23,0.535409035409035,0.00400269643837169,0.00832394142185742
EML6,-0.535310928056009,0.0040106677246285,0.00833741781268496
NCALD,-0.535125328923011,0.00402578473738313,0.00836573327812948
F11R,0.534798534798535,0.00405251992895333,0.00840567190011393
MCM2,-0.534798534798535,0.00405251992895335,0.00840567190011393
UPK3BL1,0.534798534798535,0.00405251992895333,0.00840567190011393
LRRK1,0.534798534798535,0.00405251992895333,0.00840567190011393
MAFB,0.534798534798535,0.00405251992895333,0.00840567190011393
NHS,0.534601403663197,0.00406872027058298,0.00843614525513534
SPNS3,-0.534302626480646,0.00409337898121444,0.00848412722866981
VAMP8,0.534188034188034,0.00410287020172016,0.00848492979586511
TAF6L,0.534188034188034,0.00410287020172016,0.00848492979586511
ZNF106,0.534188034188034,0.00410287020172016,0.00848492979586511
RCN2,-0.534188034188034,0.00410287020172018,0.00848492979586511
METTL16,-0.534188034188034,0.00410287020172018,0.00848492979586511
HMGN1,-0.534188034188034,0.00410287020172018,0.00848492979586511
NUGGC,-0.534075223899325,0.00411223210857537,0.00850085150954462
TRBV18,-0.534058645176195,0.00411360947511226,0.00850085150954462
ARHGEF39,-0.533903581596703,0.00412651122997298,0.00852436305800107
RCAN3,-0.533577533577534,0.00415375172727785,0.00856797479119798
TMEM140,-0.533577533577534,0.00415375172727785,0.00856797479119798
SLC43A3,0.533577533577534,0.00415375172727784,0.00856797479119798
RGS9,-0.533577533577534,0.00415375172727785,0.00856797479119798
DIPK1A,-0.532967032967033,0.004205169002919,0.00865169428415123
HIST2H3D,-0.532967032967033,0.004205169002919,0.00865169428415123
STX11,0.532967032967033,0.00420516900291898,0.00865169428415123
DENND11,-0.532967032967033,0.004205169002919,0.00865169428415123
VRK1,-0.532967032967033,0.004205169002919,0.00865169428415123
NRIP1,0.532967032967033,0.00420516900291898,0.00865169428415123
NFAM1,0.532967032967033,0.00420516900291898,0.00865169428415123
LEF1,-0.532356532356532,0.00425712655268266,0.00875215135389759
LDHB,-0.532356532356532,0.00425712655268266,0.00875215135389759
TRAV38-2DV8,-0.531847473688087,0.00430086709616777,0.00883882719653442
MGAT4A,-0.531746031746032,0.00430962892741278,0.00885358007424403
TPM2,-0.531642320896287,0.00431860241241068,0.00886875677201634
CPAMD8,0.531336603632977,0.0043451467848684,0.00891999295924527
PLOD1,0.531135531135531,0.00436268070481626,0.00892649487791169
GZMK,-0.531135531135531,0.00436268070481628,0.00892649487791169
FAH,0.531135531135531,0.00436268070481626,0.00892649487791169
LINS1,-0.531135531135531,0.00436268070481628,0.00892649487791169
MRI1,-0.531135531135531,0.00436268070481628,0.00892649487791169
ZNF565,-0.531135531135531,0.00436268070481628,0.00892649487791169
DNTTIP1,0.531135531135531,0.00436268070481626,0.00892649487791169
BRD1,-0.531135531135531,0.00436268070481628,0.00892649487791169
ARSD,0.531135531135531,0.00436268070481626,0.00892649487791169
HK2,0.530911317435719,0.00438230345971499,0.0089600880975233
KIF21A,-0.530911317435719,0.00438230345971497,0.0089600880975233
RSAD2,0.530849213280933,0.00438775194290651,0.00896794914646682
ZNF223,0.530725169106357,0.00439865174271106,0.00898694210640856
BNIP3,-0.53052503052503,0.00441628648952016,0.00900980446895175
FTH1,0.53052503052503,0.00441628648952014,0.00900980446895175
ALOX5AP,-0.53052503052503,0.00441628648952016,0.00900980446895175
APOL2,-0.53052503052503,0.00441628648952016,0.00900980446895175
CCDC15,-0.530238339617779,0.00444165223162653,0.0090582491901005
PEA15,0.52991452991453,0.00447045091312797,0.00910038642381205
ASB3,-0.52991452991453,0.00447045091312799,0.00910038642381205
BACH2,-0.52991452991453,0.00447045091312799,0.00910038642381205
KLRF1,-0.52991452991453,0.00447045091312799,0.00910038642381205
C21orf91,-0.52991452991453,0.00447045091312799,0.00910038642381205
MTBP,-0.529304029304029,0.00452517863427565,0.00919840019006522
AGPAT2,0.529304029304029,0.00452517863427563,0.00919840019006522
ZNF195,-0.529304029304029,0.00452517863427565,0.00919840019006522
SH2B3,0.529304029304029,0.00452517863427563,0.00919840019006522
SLC25A10,-0.529196582789806,0.0045348692152166,0.00921474878324535
MYBPC3,0.529090048986257,0.00454449487391143,0.00923095362692072
TRIM61,-0.528774239102165,0.00457313129554923,0.00928574807723721
PAFAH2,-0.528693528693529,0.00458047433868624,0.00928716914500851
CXCR4,-0.528693528693529,0.00458047433868624,0.00928716914500851
FAM98B,-0.528693528693529,0.00458047433868624,0.00928716914500851
DMPK,-0.528693528693529,0.00458047433868624,0.00928716914500851
MS4A4A,0.528164744499248,0.00462883130209941,0.0093786193018488
MAL,-0.528163645292579,0.00462893227344469,0.0093786193018488
PECR,-0.528083028083028,0.00463634273922438,0.00939023129219223
BCL6,0.527472527472528,0.00469278857594959,0.00948737299953371
FNIP2,0.527472527472528,0.00469278857594959,0.00948737299953371
ALDH3B1,0.527472527472528,0.00469278857594959,0.00948737299953371
LITAF,-0.527472527472528,0.00469278857594961,0.00948737299953371
GRB2,0.527472527472528,0.00469278857594959,0.00948737299953371
IL10,0.52725293076061,0.00471323423362719,0.00952526412520536
NAPRT,0.526862026862027,0.00474981661616909,0.00958533905363323
NEK6,0.526862026862027,0.00474981661616909,0.00958533905363323
TRDMT1,-0.526862026862027,0.00474981661616911,0.00958533905363323
LILRB3,0.526862026862027,0.00474981661616909,0.00958533905363323
EGR2,0.526637160768611,0.00477096945963343,0.00962239124325452
LILRB5,0.526630274003899,0.00477161854748655,0.00962239124325452
RRM2,-0.526573097638854,0.00477701039927398,0.00962979169168713
SRGAP2C,0.526251526251526,0.00480743165448958,0.00965977643259285
TRIM59,-0.526251526251526,0.00480743165448961,0.00965977643259285
CYP4V2,-0.526251526251526,0.00480743165448961,0.00965977643259285
SLC35B2,-0.526251526251526,0.00480743165448961,0.00965977643259285
STX7,0.526251526251526,0.00480743165448958,0.00965977643259285
RPS6KA4,0.526251526251526,0.00480743165448958,0.00965977643259285
ATP11A,0.526251526251526,0.00480743165448958,0.00965977643259285
LLGL1,-0.526251526251526,0.00480743165448961,0.00965977643259285
TKTL1,-0.526251526251526,0.00480743165448961,0.00965977643259285
PTGES,0.526018387634458,0.00482958963898376,0.00970081367140703
RHOBTB1,0.525881610113736,0.00484262954059016,0.00972351324631245
NBPF3,-0.525641025641026,0.00486563851286844,0.00975220450321158
SCRN1,0.525641025641026,0.00486563851286844,0.00975220450321158
KCNQ1,0.525641025641026,0.00486563851286844,0.00975220450321158
FKBP11,-0.525641025641026,0.00486563851286844,0.00975220450321158
GSTZ1,0.525641025641026,0.00486563851286844,0.00975220450321158
LRG1,0.525095803508549,0.00491812577044116,0.0098524078323411
TBC1D8,0.525030525030525,0.00492444204066404,0.0098524078323411
FBXO30,0.525030525030525,0.00492444204066404,0.0098524078323411
WDR86,-0.525030525030525,0.00492444204066405,0.0098524078323411
RHOF,-0.525030525030525,0.00492444204066405,0.0098524078323411
MS4A4E,0.524805379339851,0.00494627968230984,0.00989255936461968
TSPAN2,-0.524740476649391,0.00495259003985199,0.00990163872107698
SGCB,-0.524500082435058,0.00497602258515154,0.0099449314854065
DENND1B,-0.524420024420024,0.00498384711468539,0.00994990113006808
CISD1,-0.524420024420024,0.00498384711468539,0.00994990113006808
SMG8,-0.524420024420024,0.00498384711468539,0.00994990113006808
GPX3,0.524191067051199,0.00500628203180391,0.00998755944411253
P2RY2,0.524191067051199,0.00500628203180391,0.00998755944411253
CD200R1,-0.524051524682446,0.00501999735872805,0.0100113499393749
HDAC9,0.523809523809524,0.00504385863924068,0.0100446073755819
AK3,-0.523809523809524,0.00504385863924068,0.0100446073755819
BLVRB,0.523809523809524,0.00504385863924068,0.0100446073755819
PTTG1IP,0.523809523809524,0.00504385863924068,0.0100446073755819
FXYD2,-0.523387954786914,0.0050856549549976,0.0101242372760223
HLA-DMB,0.523199023199023,0.00510448154618539,0.0101400571247846
RIPK2,0.523199023199023,0.00510448154618539,0.0101400571247846
PXMP2,-0.523199023199023,0.00510448154618539,0.0101400571247846
PPIB,-0.523199023199023,0.00510448154618539,0.0101400571247846
LGALS9,0.523199023199023,0.00510448154618539,0.0101400571247846
IGLC2,-0.523199023199023,0.00510448154618539,0.0101400571247846
CCDC153,0.522966321567435,0.00512775086012315,0.010179049630745
FLVCR2,0.522966321567435,0.00512775086012315,0.010179049630745
TRAV9-2,-0.522776520260294,0.0051467967948679,0.0102132319648337
HSD17B4,0.522588522588523,0.00516572079496931,0.0102290052002367
DOK3,0.522588522588523,0.00516572079496931,0.0102290052002367
TBC1D32,-0.522588522588523,0.00516572079496931,0.0102290052002367
IARS,-0.522588522588523,0.00516572079496931,0.0102290052002367
IDI1,-0.522588522588523,0.00516572079496931,0.0102290052002367
RAB33A,-0.522588522588523,0.00516572079496931,0.0102290052002367
SMIM14,0.521978021978022,0.00522758137268284,0.0103368582164224
PRH1,-0.521978021978022,0.00522758137268284,0.0103368582164224
NT5M,-0.521978021978022,0.00522758137268284,0.0103368582164224
TK1,-0.521978021978022,0.00522758137268284,0.0103368582164224
DNAAF1,0.521752410291917,0.00525060030445869,0.0103787051617296
LPAR1,0.521545599878227,0.00527177632157708,0.0104168809859573
HIST1H1A,-0.521413074319711,0.00528538405096494,0.0104345897356687
CASP3,-0.521367521367521,0.00529006829410245,0.0104345897356687
ABLIM1,-0.521367521367521,0.00529006829410245,0.0104345897356687
ARNTL,-0.521367521367521,0.00529006829410245,0.0104345897356687
CCDC184,-0.521367521367521,0.00529006829410245,0.0104345897356687
ALDH1A2,0.521106180220641,0.00531701019213456,0.0104840342011342
FOLR3,0.521075234670467,0.00532020807702048,0.010486642074973
NMB,-0.520836519577537,0.00534493145980616,0.0105256749215555
USP6NL,0.520757020757021,0.00535318660173529,0.0105256749215555
TRIM8,0.520757020757021,0.00535318660173529,0.0105256749215555
CACUL1,0.520757020757021,0.00535318660173529,0.0105256749215555
WDHD1,-0.520757020757021,0.00535318660173529,0.0105256749215555
PPP2R5C,-0.520757020757021,0.00535318660173529,0.0105256749215555
ITGAX,0.520757020757021,0.00535318660173529,0.0105256749215555
DNAAF4,0.520185497923431,0.00541285178630836,0.0106174329189995
AMPD2,0.52014652014652,0.00541694136586296,0.0106174329189995
AAK1,-0.52014652014652,0.00541694136586296,0.0106174329189995
NAPEPLD,-0.52014652014652,0.00541694136586296,0.0106174329189995
FBXL6,-0.52014652014652,0.00541694136586296,0.0106174329189995
RBM4B,-0.52014652014652,0.00541694136586296,0.0106174329189995
BBS4,-0.52014652014652,0.00541694136586296,0.0106174329189995
IFI30,0.52014652014652,0.00541694136586296,0.0106174329189995
ZNF682,-0.52014652014652,0.00541694136586296,0.0106174329189995
HHAT,-0.519920628863157,0.00544069359649748,0.0106565178954865
CCL28,-0.519920628863157,0.00544069359649748,0.0106565178954865
EPHX1,0.519853487344158,0.00544777042792839,0.0106629094270128
PRSS12,-0.519853487344158,0.00544777042792839,0.0106629094270128
ALDH5A1,-0.519719347627193,0.00546193231785298,0.010686887866142
DUSP10,-0.51953601953602,0.00548133768458438,0.010706126556827
NCAPG,-0.51953601953602,0.00548133768458438,0.010706126556827
ZBTB39,-0.51953601953602,0.00548133768458438,0.010706126556827
COTL1,0.51953601953602,0.00548133768458438,0.010706126556827
CCR7,-0.51953601953602,0.00548133768458438,0.010706126556827
CD274,-0.519264815626222,0.00551015173141893,0.0107586482130219
CEACAM3,0.519107959397986,0.00552687534064808,0.0107875346963016
EXO5,-0.518925518925519,0.00554638068385793,0.0107954614633253
METTL6,-0.518925518925519,0.00554638068385793,0.0107954614633253
IFT80,-0.518925518925519,0.00554638068385793,0.0107954614633253
GNPDA2,-0.518925518925519,0.00554638068385793,0.0107954614633253
GAN,-0.518925518925519,0.00554638068385793,0.0107954614633253
EVI2A,0.518925518925519,0.00554638068385793,0.0107954614633253
YPEL2,0.518925518925519,0.00554638068385793,0.0107954614633253
SLC19A1,0.518925518925519,0.00554638068385793,0.0107954614633253
HAL,0.518699441243983,0.0055706322087816,0.010838891896836
RAB11FIP5,-0.51839414433919,0.00560352396475261,0.0108990977429206
TARBP1,-0.518315018315018,0.00561207551754257,0.0109005648815901
PDCD11,-0.518315018315018,0.00561207551754257,0.0109005648815901
ADGRE2,0.518315018315018,0.00561207551754257,0.0109005648815901
LILRB1,0.518315018315018,0.00561207551754257,0.0109005648815901
GALNT12,-0.517885044047332,0.00565873825925846,0.0109873834533935
CCDC14,-0.517704517704518,0.00567842736743817,0.0110141400758634
METTL17,-0.517704517704518,0.00567842736743817,0.0110141400758634
PECAM1,0.517704517704518,0.00567842736743817,0.0110141400758634
SMPDL3A,0.517579326784022,0.00569211531017182,0.0110368615861584
GPRASP1,-0.517409992691542,0.00571067410164166,0.011069008518676
OLFM1,0.517116556932733,0.00574295543221545,0.0111209790761762
MARS2,-0.517094017094017,0.00574544144332494,0.0111209790761762
NPM1,-0.517094017094017,0.00574544144332494,0.0111209790761762
CORO1C,0.517094017094017,0.00574544144332494,0.0111209790761762
TRAV13-2,-0.517050408068673,0.00575025384452707,0.011126442733078
ZWILCH,-0.516483516483516,0.00581312298300197,0.011240312489954
NETO2,0.516483516483516,0.00581312298300197,0.011240312489954
SNX27,0.515873015873016,0.00588147725232489,0.0113332945537563
ARL4C,-0.515873015873016,0.00588147725232489,0.0113332945537563
SENP7,-0.515873015873016,0.00588147725232489,0.0113332945537563
XRCC4,0.515873015873016,0.00588147725232489,0.0113332945537563
ACOT2,-0.515873015873016,0.00588147725232489,0.0113332945537563
ATP10A,-0.515873015873016,0.00588147725232489,0.0113332945537563
ZDHHC1,0.515873015873016,0.00588147725232489,0.0113332945537563
TERF2,-0.515873015873016,0.00588147725232489,0.0113332945537563
ZNF91,-0.515873015873016,0.00588147725232489,0.0113332945537563
BTK,0.515873015873016,0.00588147725232489,0.0113332945537563
ZNF483,-0.515813445369945,0.00588818324345025,0.0113423081975108
PRMT6,-0.515262515262515,0.00595050954524265,0.0114230172938541
SACM1L,-0.515262515262515,0.00595050954524265,0.0114230172938541
DCAF16,-0.515262515262515,0.00595050954524265,0.0114230172938541
CCDC146,-0.515262515262515,0.00595050954524265,0.0114230172938541
ZNF703,0.515262515262515,0.00595050954524265,0.0114230172938541
NUDCD1,-0.515262515262515,0.00595050954524265,0.0114230172938541
DENND3,0.515262515262515,0.00595050954524265,0.0114230172938541
TCP11L1,-0.515262515262515,0.00595050954524265,0.0114230172938541
DDX11,-0.515262515262515,0.00595050954524265,0.0114230172938541
NAA16,-0.515262515262515,0.00595050954524265,0.0114230172938541
ADGRA2,0.514797454397053,0.00600355451590661,0.0115208911643616
NLRC4,0.514661404140174,0.00601914775772933,0.0115330932607042
OTUD3,-0.514652014652015,0.00602022518383324,0.0115330932607042
ENG,0.514652014652015,0.00602022518383327,0.0115330932607042
AJM1,-0.514652014652015,0.00602022518383324,0.0115330932607042
CERS4,-0.514652014652015,0.00602022518383324,0.0115330932607042
PPT2,-0.514216436887611,0.00607038630564502,0.0116241639134985
FBLN7,-0.514181667968349,0.0060744054605121,0.0116241639134985
CLEC4D,0.514141743829779,0.00607902331087154,0.0116241639134985
PREPL,-0.514041514041514,0.00609062951833878,0.0116241639134985
IL1B,0.514041514041514,0.00609062951833878,0.0116241639134985
ATG3,0.514041514041514,0.00609062951833878,0.0116241639134985
PTGDS,-0.514041514041514,0.00609062951833878,0.0116241639134985
ADAM8,-0.514041514041514,0.00609062951833878,0.0116241639134985
LTBP3,-0.514041514041514,0.00609062951833878,0.0116241639134985
ZNF529,-0.514041514041514,0.00609062951833878,0.0116241639134985
ZNF570,-0.514041514041514,0.00609062951833878,0.0116241639134985
NT5E,-0.513744750712617,0.00612510331025373,0.0116859698774953
ADAM12,-0.513433827743894,0.00616139857393803,0.0117398237032024
ORC2,-0.513431013431013,0.00616172792719942,0.0117398237032024
LYN,0.513431013431013,0.00616172792719942,0.0117398237032024
AMMECR1,-0.513431013431013,0.00616172792719942,0.0117398237032024
S100PBP,-0.512820512820513,0.00623352581708642,0.0118523891088566
BDH2,-0.512820512820513,0.00623352581708642,0.0118523891088566
PSTK,-0.512820512820513,0.00623352581708642,0.0118523891088566
ACTR6,-0.512820512820513,0.00623352581708642,0.0118523891088566
PPCDC,0.512820512820513,0.00623352581708642,0.0118523891088566
ZNF83,-0.512820512820513,0.00623352581708642,0.0118523891088566
TRBV10-3,-0.512721038623122,0.00624529111685985,0.0118707232921415
HOXB4,-0.512523003386309,0.00626876952177751,0.0119113011096771
FGGY,-0.512210012210012,0.00630602862293429,0.0119698954716391
MYD88,0.512210012210012,0.00630602862293433,0.0119698954716391
CFL2,-0.512210012210012,0.00630602862293429,0.0119698954716391
TRPC1,-0.511982909338528,0.006333180255138,0.0120132781501804
ZNF629,0.511982909338528,0.00633318025513797,0.0120132781501804
S1PR1,-0.511599511599512,0.00637924180797204,0.0120883497764079
LRRC25,0.511599511599512,0.00637924180797204,0.0120883497764079
SNAP29,0.511599511599512,0.00637924180797204,0.0120883497764079
KIR2DL3,-0.511484075924393,0.0063931655326955,0.0121106306432362
HECW2,0.51146498151782,0.00639547114862579,0.0121108955852067
TRAV5,-0.51120866006082,0.00642648949140712,0.0121655142978838
CDC42EP3,0.510989010989011,0.00645317086375336,0.0121912606317935
HAUS6,-0.510989010989011,0.00645317086375336,0.0121912606317935
AP5M1,-0.510989010989011,0.00645317086375336,0.0121912606317935
HSPA2,-0.510989010989011,0.00645317086375336,0.0121912606317935
ZFP36L1,0.510989010989011,0.00645317086375336,0.0121912606317935
IL27RA,-0.510989010989011,0.00645317086375336,0.0121912606317935
EPHX2,-0.510690382396847,0.00648959592607162,0.0122559339475152
CREM,-0.51037851037851,0.00652782131018596,0.0123239624465091
CROCC,-0.50976800976801,0.00660319869555986,0.0124494562055195
VNN2,0.50976800976801,0.00660319869555989,0.0124494562055195
ACADSB,-0.50976800976801,0.00660319869555986,0.0124494562055195
P2RY8,-0.50976800976801,0.00660319869555986,0.0124494562055195
SPRED1,0.509630677937959,0.00662025552749815,0.0124774077889348
ZNF273,-0.509157509157509,0.00667930859657478,0.0125802269020027
EMILIN2,0.509157509157509,0.00667930859657478,0.0125802269020027
NRG1,0.508835325839083,0.00671977174736055,0.0126521763000809
INKA2,0.508547008547009,0.00675615661836651,0.0127078465556359
GTPBP8,-0.508547008547009,0.00675615661836651,0.0127078465556359
JDP2,0.508547008547009,0.00675615661836651,0.0127078465556359
CCDC180,-0.508216628059707,0.00679805373556634,0.0127823525518786
SLC31A1,0.507936507936508,0.00683374839453232,0.0128322098798606
C15orf39,0.507936507936508,0.00683374839453232,0.0128322098798606
KIAA0513,0.507936507936508,0.00683374839453232,0.0128322098798606
CDC42EP4,0.507936507936508,0.00683374839453232,0.0128322098798606
LZTS3,-0.507636014081076,0.00687221462216283,0.0129001088174336
NBPF19,0.507326007326007,0.00691208958715538,0.0129358785044755
HIST3H2A,-0.507326007326007,0.00691208958715538,0.0129358785044755
IQCG,-0.507326007326007,0.00691208958715538,0.0129358785044755
BNIP1,-0.507326007326007,0.00691208958715538,0.0129358785044755
TTYH3,0.507326007326007,0.00691208958715538,0.0129358785044755
CASP1,0.507326007326007,0.00691208958715538,0.0129358785044755
TULP3,-0.507326007326007,0.00691208958715538,0.0129358785044755
GLCE,0.507326007326007,0.00691208958715538,0.0129358785044755
SLC27A5,-0.507326007326007,0.00691208958715538,0.0129358785044755
KIR3DL1,-0.506929027869219,0.00696343591995537,0.0130276124671765
RELT,0.506715506715507,0.00699118588682816,0.0130707828415724
PARD6A,-0.506715506715507,0.00699118588682816,0.0130707828415724
GNG5,0.506105006105006,0.00707104301267487,0.0132024282226637
HIGD1A,0.506105006105006,0.00707104301267487,0.0132024282226637
GPR18,-0.506105006105006,0.00707104301267487,0.0132024282226637
HEATR3,0.506105006105006,0.00707104301267487,0.0132024282226637
SAMD4A,0.505962070778238,0.00708985034293281,0.0132331252061683
NUP160,-0.505494505494506,0.00715166671237283,0.0133395998184086
CDKN3,-0.505494505494506,0.00715166671237283,0.0133395998184086
PPP1R14A,-0.505350636251618,0.00717077855405931,0.0133707881541513
IFIT1,0.505266377433074,0.00718199158925187,0.0133872323223655
TRAV27,-0.505063031447614,0.00720911335848543,0.0134333095303734
SORT1,0.50496108052828,0.00722274371959283,0.0134421026806484
PRKACB,-0.504884004884005,0.00723306276217292,0.0134421026806484
CENPL,-0.504884004884005,0.00723306276217292,0.0134421026806484
ZNF764,-0.504884004884005,0.00723306276217292,0.0134421026806484
EPN2,-0.504884004884005,0.00723306276217292,0.0134421026806484
BAIAP2,0.504884004884005,0.00723306276217292,0.0134421026806484
ZNF430,-0.504884004884005,0.00723306276217292,0.0134421026806484
GEMIN8,-0.504884004884005,0.00723306276217292,0.0134421026806484
RPS6KA2,0.504655783623487,0.00726369026395852,0.0134900551165912
FAM161B,-0.504655783623487,0.00726369026395852,0.0134900551165912
GALR2,0.504595139310967,0.00727184711202614,0.0135007201362716
URB2,-0.504273504273504,0.0073152369669189,0.0135677628918774
TMCC3,0.504273504273504,0.0073152369669189,0.0135677628918774
RENBP,0.504273504273504,0.0073152369669189,0.0135677628918774
KMO,0.503663003663004,0.00739819516006578,0.0137034472789294
RASGEF1B,0.503663003663004,0.00739819516006578,0.0137034472789294
HIST1H2BD,-0.503663003663004,0.00739819516006578,0.0137034472789294
CCNB1IP1,-0.503663003663004,0.00739819516006578,0.0137034472789294
GORAB,-0.503052503052503,0.00748194320369712,0.0138265123579228
IPCEF1,-0.503052503052503,0.00748194320369712,0.0138265123579228
CARD9,0.503052503052503,0.00748194320369712,0.0138265123579228
ITPRIPL2,0.503052503052503,0.00748194320369712,0.0138265123579228
RFLNB,0.503052503052503,0.00748194320369712,0.0138265123579228
C17orf67,-0.503052503052503,0.00748194320369712,0.0138265123579228
BRWD1,-0.503052503052503,0.00748194320369712,0.0138265123579228
IFITM10,0.502758021085321,0.00752262415902593,0.0138970975544344
AHCYL1,0.502442002442002,0.00756648698854131,0.0139458784574565
ZNF354B,-0.502442002442002,0.00756648698854131,0.0139458784574565
SUSD3,-0.502442002442002,0.00756648698854131,0.0139458784574565
AACS,-0.502442002442002,0.00756648698854131,0.0139458784574565
OAZ1,0.502442002442002,0.00756648698854131,0.0139458784574565
HSH2D,-0.502442002442002,0.00756648698854131,0.0139458784574565
ZNF85,-0.502442002442002,0.00756648698854131,0.0139458784574565
SERINC2,0.502078746078309,0.00761717174750517,0.0140346703169848
PHC3,-0.501831501831502,0.00765183243398674,0.0140799759693497
TXNDC5,-0.501831501831502,0.00765183243398674,0.0140799759693497
ENDOD1,-0.501831501831502,0.00765183243398674,0.0140799759693497
SLC26A11,-0.501831501831502,0.00765183243398674,0.0140799759693497
TSHZ2,-0.50129751767076,0.00772714311434823,0.0142057829446597
SMYD2,-0.501221001221001,0.00773798548809613,0.0142057829446597
RALB,0.501221001221001,0.00773798548809613,0.0142057829446597
PALLD,0.501221001221001,0.00773798548809613,0.0142057829446597
MTHFD1L,-0.501221001221001,0.00773798548809613,0.0142057829446597
ALG9,-0.501221001221001,0.00773798548809613,0.0142057829446597
ZNF559,-0.501221001221001,0.00773798548809613,0.0142057829446597
TNFRSF8,0.500920902859674,0.00778063286480509,0.0142793892287463
TAF13,0.500610500610501,0.00782495212761937,0.0143466007533271
SCARB2,0.500610500610501,0.00782495212761937,0.0143466007533271
PRDM8,-0.500610500610501,0.00782495212761937,0.0143466007533271
SDC2,0.500308530117792,0.00786827081385684,0.0144212947856727
CENPO,-0.5,0.00791273835800582,0.0144695987239923
FEM1C,0.5,0.00791273835800582,0.0144695987239923
UST,-0.5,0.00791273835800582,0.0144695987239923
RNASET2,0.5,0.00791273835800582,0.0144695987239923
ZNF585B,-0.5,0.00791273835800582,0.0144695987239923
LILRA1,0.5,0.00791273835800582,0.0144695987239923
TIAM1,0.5,0.00791273835800582,0.0144695987239923
BATF3,0.499847725512035,0.00793476290468686,0.0145051304880709
SOX15,0.499465042182801,0.00799034049696128,0.0145982219880645
C2,0.499402793679438,0.0079994117612937,0.0145982219880645
ROGDI,0.499389499389499,0.00800135021341516,0.0145982219880645
TXNDC11,-0.499389499389499,0.00800135021341512,0.0145982219880645
SLC43A2,0.499389499389499,0.00800135021341516,0.0145982219880645
NPEPL1,0.499389499389499,0.00800135021341516,0.0145982219880645
UHRF1,-0.49931669918668,0.00801197226977036,0.0146128339636516
AATK,0.499236290985415,0.00802371814330214,0.0146294854441948
SPEF2,-0.498778998778999,0.00809079375672715,0.014732568768355
POC5,-0.498778998778999,0.00809079375672715,0.014732568768355
ATP6V1B2,0.498778998778999,0.00809079375672715,0.014732568768355
CPPED1,0.498778998778999,0.00809079375672715,0.014732568768355
GPR84,0.49849596758774,0.00813254409946067,0.0148037716810495
KCTD15,0.498471411892145,0.00813617485460718,0.0148055612713841
PTPRO,0.498396016889471,0.00814733110846605,0.0148210395440931
CDK1,-0.498319139195485,0.00815871997431937,0.0148369307630549
CD4,0.498168498168498,0.0081810750795509,0.014867914151722
MCOLN1,0.498168498168498,0.0081810750795509,0.014867914151722
PKIA,-0.497939251718032,0.00821519384109794,0.014925069512482
MAPRE3,0.49786203547061,0.00822671278642769,0.0149411425468346
GLMN,-0.497557997557998,0.0082722003022319,0.0149903737871335
ZBTB38,-0.497557997557998,0.0082722003022319,0.0149903737871335
AHI1,-0.497557997557998,0.0082722003022319,0.0149903737871335
LDB1,-0.497557997557998,0.0082722003022319,0.0149903737871335
ZNF875,-0.497557997557998,0.0082722003022319,0.0149903737871335
CBR1,0.497557997557998,0.0082722003022319,0.0149903737871335
KAZALD1,0.497555434393324,0.00827258467580366,0.0149903737871335
MYOF,0.497328657908445,0.00830665156418028,0.0150472288781653
TRAV8-6,-0.497259004889011,0.00831713859665138,0.0150613468369412
MERTK,0.497168440493191,0.00833079067488581,0.0150811853201559
LDHD,0.496977046953995,0.00835970403390667,0.0151171524916035
SLC49A3,0.496947496947497,0.00836417557385928,0.0151171524916035
ENTR1,-0.496947496947497,0.00836417557385926,0.0151171524916035
NOC3L,-0.496947496947497,0.00836417557385926,0.0151171524916035
PRDM15,-0.496947496947497,0.00836417557385926,0.0151171524916035
PHETA1,0.496790552878934,0.00838795816215273,0.0151552381398249
LAMTOR2,0.496336996336996,0.00845700707227088,0.0152651980465264
TJP2,0.496336996336996,0.00845700707227088,0.0152651980465264
OAZ2,0.496336996336996,0.00845700707227088,0.0152651980465264
ZNF792,-0.495802173384478,0.00853903966496562,0.0154082961621451
ATXN7,-0.495726495726496,0.00855070100405796,0.0154144165102167
WDR89,-0.495726495726496,0.00855070100405796,0.0154144165102167
TSPAN3,0.495726495726496,0.00855070100405799,0.0154144165102167
HIST1H2BB,-0.495567683825694,0.00857521609497115,0.0154536282317366
TNNI2,0.495191579574891,0.00863350873178167,0.0155497954573
ATXN1,-0.495115995115995,0.00864526360456828,0.0155497954573
ZNF138,-0.495115995115995,0.00864526360456828,0.0155497954573
NINJ1,0.495115995115995,0.00864526360456828,0.0155497954573
SMAD4,-0.495115995115995,0.00864526360456828,0.0155497954573
C19orf48,-0.495115995115995,0.00864526360456828,0.0155497954573
NT5DC2,-0.494650532035764,0.00871794832919603,0.0156754877996348
ARL10,-0.494580985765305,0.00872885222124369,0.0156900487371246
AFDN,-0.494505494505494,0.00874070113790838,0.01569621090661
FNDC3A,-0.494505494505494,0.00874070113790838,0.01569621090661
FAM214A,-0.494505494505494,0.00874070113790838,0.01569621090661
CARD6,0.494275688860511,0.00877685383965184,0.0157560727676832
GPR85,0.494099499502492,0.00880465647636667,0.0158009111090637
TNFRSF1B,0.493894993894994,0.00883701989694459,0.0158234438884772
GPR89A,-0.493894993894994,0.00883701989694459,0.0158234438884772
TRAK1,0.493894993894994,0.00883701989694459,0.0158234438884772
PPARGC1B,0.493894993894994,0.00883701989694459,0.0158234438884772
ALOX5,0.493894993894994,0.00883701989694459,0.0158234438884772
MTRF1,-0.493894993894994,0.00883701989694459,0.0158234438884772
TMEM97,-0.493894993894994,0.00883701989694459,0.0158234438884772
DTX4,0.493572429957087,0.0088882688058248,0.0159101149686851
PTGER4,-0.493284493284493,0.00893422620330292,0.0159821474500544
ZNF10,-0.493284493284493,0.00893422620330292,0.0159821474500544
OXCT2,-0.492975046165377,0.00898383856765959,0.0160649284476839
C5,0.492960057215205,0.00898624752939111,0.0160649284476839
ZNF358,0.492749204336544,0.009020192291278,0.0161204587065601
UNC93B1,0.492673992673993,0.00903232640736794,0.0161215350367065
SLC37A2,0.492673992673993,0.00903232640736794,0.0161215350367065
ARID3A,0.492673992673993,0.00903232640736794,0.0161215350367065
ZFP30,-0.492673992673993,0.00903232640736794,0.0161215350367065
PRICKLE1,0.492623055303584,0.0090405520411954,0.0161310679688464
ZNF584,-0.492443907431751,0.00906953161583912,0.0161776142889226
WNT1,-0.492414224029173,0.00907434080718737,0.0161810311842448
CATSPER1,0.492258134908073,0.00909966491354841,0.0162210156826786
UBQLN4,-0.492063492063492,0.00913132688828019,0.0162463824242008
BCKDHB,-0.492063492063492,0.00913132688828019,0.0162463824242008
CPEB3,0.492063492063492,0.00913132688828022,0.0162463824242008
APIP,0.492063492063492,0.00913132688828022,0.0162463824242008
EMSY,-0.492063492063492,0.00913132688828019,0.0162463824242008
GFOD2,-0.492063492063492,0.00913132688828019,0.0162463824242008
LGALS12,0.491768799382368,0.00917943914117604,0.0163261074375683
MKS1,-0.491753298839069,0.00918197566007731,0.0163261074375683
PRELID1,0.491452991452991,0.00923123405393294,0.0164084745167174
C1QC,0.491383432070049,0.00924267512931964,0.0164235905062458
ZNF540,-0.491337452610864,0.00925024430863749,0.0164318189878974
FANCE,-0.491222719812577,0.00926915434694332,0.0164601813617361
ZSCAN30,-0.490917422907784,0.00931963041046732,0.016544562938201
HSPA6,0.490842490842491,0.00933205434096721,0.0165456080769463
NUP35,-0.490842490842491,0.00933205434096719,0.0165456080769463
CHMP7,-0.490842490842491,0.00933205434096719,0.0165456080769463
CFP,0.490842490842491,0.00933205434096721,0.0165456080769463
ZC3H8,-0.49023199023199,0.00943379421476613,0.0166889519927151
SLC2A6,0.49023199023199,0.00943379421476615,0.0166889519927151
ETV6,0.49023199023199,0.00943379421476615,0.0166889519927151
TIMP2,0.49023199023199,0.00943379421476615,0.0166889519927151
ZNF846,-0.49023199023199,0.00943379421476613,0.0166889519927151
PDRG1,-0.49023199023199,0.00943379421476613,0.0166889519927151
CSTF1,-0.49023199023199,0.00943379421476613,0.0166889519927151
KIFC3,-0.489920677849606,0.00948603050842763,0.0167760539541832
CHML,0.48962148962149,0.00953646016944796,0.0168439309120508
EPSTI1,0.48962148962149,0.00953646016944796,0.0168439309120508
JUP,0.48962148962149,0.00953646016944796,0.0168439309120508
NAGA,0.48962148962149,0.00953646016944796,0.0168439309120508
ELL2,-0.489010989010989,0.00964005872785763,0.0170054285192997
MXD3,0.489010989010989,0.00964005872785766,0.0170054285192997
PLXNC1,0.489010989010989,0.00964005872785766,0.0170054285192997
MCM8,-0.489010989010989,0.00964005872785763,0.0170054285192997
PFKFB4,0.48878034457423,0.00967944187846757,0.0170695171820847
C1QB,0.488575405719235,0.00971454848712502,0.0171260262105937
MTA3,-0.488400488400488,0.00974459644155774,0.017157362500375
AKR1B1,-0.488400488400488,0.00974459644155774,0.017157362500375
SPI1,0.488400488400488,0.00974459644155776,0.017157362500375
PRORP,-0.488400488400488,0.00974459644155774,0.017157362500375
LINGO3,0.488268511620165,0.00976731928742595,0.017191957650389
DYNC2H1,-0.487789987789988,0.00985007989081776,0.0173049471408901
MPZL3,-0.487789987789988,0.00985007989081776,0.0173049471408901
HYLS1,-0.487789987789988,0.00985007989081776,0.0173049471408901
P4HB,-0.487789987789988,0.00985007989081776,0.0173049471408901
CSTB,0.487789987789988,0.00985007989081779,0.0173049471408901
PLXNB2,0.487789987789988,0.00985007989081779,0.0173049471408901
DGAT2,0.487619034979631,0.00987978783103183,0.0173516876730936
BMP8B,-0.487559156955057,0.00989021103575636,0.0173590898028719
NR1H3,0.487559156955057,0.00989021103575639,0.0173590898028719
ADAMTS6,-0.48747718319699,0.00990449542855769,0.0173787067576073
HIST1H4F,-0.487179487179487,0.00995651568460235,0.0174426177031004
CALHM6,0.487179487179487,0.00995651568460235,0.0174426177031004
FBP1,0.487179487179487,0.00995651568460235,0.0174426177031004
ALG2,-0.487179487179487,0.00995651568460235,0.0174426177031004
CTIF,0.487179487179487,0.00995651568460235,0.0174426177031004
TMIGD2,-0.486701883189701,0.0100404502715725,0.0175841521824721
HIST1H4E,-0.486568986568987,0.0100639104605584,0.0176142057262732
CEBPA,0.486568986568987,0.0100639104605584,0.0176142057262732
CSF1R,0.485958485958486,0.010172270885001,0.0177816001215773
CAPS2,-0.485958485958486,0.010172270885001,0.0177816001215773
ZNF43,-0.485958485958486,0.010172270885001,0.0177816001215773
HCK,0.485958485958486,0.010172270885001,0.0177816001215773
ZG16B,0.485855492247937,0.0101906473618689,0.0178081562648659
LRP3,0.485813358827606,0.0101981729289976,0.0178157397747437
CCDC30,-0.485347985347985,0.0102816036528981,0.0179446715440094
RGS12,0.485347985347985,0.0102816036528981,0.0179446715440094
ZNF227,-0.485347985347985,0.0102816036528981,0.0179446715440094
TRIM36,0.485239705819232,0.0103010971478621,0.0179730843216364
NID1,0.484999211570736,0.0103445035329548,0.0180431889445675
GORASP1,0.484737484737485,0.0103919154878536,0.0181089409186904
HPGD,-0.484737484737485,0.0103919154878536,0.0181089409186904
JAK2,0.484737484737485,0.0103919154878536,0.0181089409186904
UBE2C,-0.484270896552358,0.0104768879454849,0.0182513262900783
JSRP1,-0.484200891002329,0.010489686834698,0.0182679317283186
GNLY,-0.484126984126984,0.0105032131420902,0.0182801020512195
SH3BP5,-0.484126984126984,0.0105032131420902,0.0182801020512195
BIK,-0.48395042781991,0.0105355850761253,0.0183307379420325
ZNF510,-0.483516483516483,0.0106155033964298,0.0184468287734106
UBAC1,0.483516483516483,0.0106155033964297,0.0184468287734106
KIF18A,-0.483516483516483,0.0106155033964298,0.0184468287734106
HIRA,-0.483516483516483,0.0106155033964298,0.0184468287734106
PIGZ,0.483033276029979,0.0107050886666341,0.0185967243938546
MAGEF1,-0.482905982905983,0.0107287930602734,0.0185974614981552
RXRA,0.482905982905983,0.0107287930602734,0.0185974614981552
CDH23,0.482905982905983,0.0107287930602734,0.0185974614981552
TRUB1,-0.482905982905983,0.0107287930602734,0.0185974614981552
P2RY11,-0.482905982905983,0.0107287930602734,0.0185974614981552
MKKS,0.482905982905983,0.0107287930602734,0.0185974614981552
SULF2,0.482905982905983,0.0107287930602734,0.0185974614981552
ZMYND15,0.482674406478362,0.0107720292105901,0.0186666214272141
SEPTIN8,-0.482369109573569,0.0108292511278288,0.0187599666378001
ZNF782,-0.482295482295482,0.0108430889715803,0.0187664975329858
IGHM,-0.482295482295482,0.0108430889715803,0.0187664975329858
ZNF260,-0.482295482295482,0.0108430889715803,0.0187664975329858
SPDL1,-0.481758515763982,0.0109444552669917,0.0189309118314344
JUN,-0.481684981684982,0.0109583979968442,0.0189309118314344
DHCR7,-0.481684981684982,0.0109583979968442,0.0189309118314344
APOBR,0.481684981684982,0.0109583979968443,0.0189309118314344
USP32,0.481684981684982,0.0109583979968443,0.0189309118314344
GALK1,0.481684981684982,0.0109583979968443,0.0189309118314344
FOSL1,0.481504689713429,0.0109926456384027,0.0189842107504471
ARPC5,0.481074481074481,0.0110747270310707,0.0190847067974568
USO1,-0.481074481074481,0.0110747270310707,0.0190847067974568
QKI,0.481074481074481,0.0110747270310707,0.0190847067974568
PIK3AP1,0.481074481074481,0.0110747270310707,0.0190847067974568
LTBR,0.481074481074481,0.0110747270310707,0.0190847067974568
ZNF614,-0.481074481074481,0.0110747270310707,0.0190847067974568
LAIR1,0.481074481074481,0.0110747270310707,0.0190847067974568
PLIN5,0.480560008456171,0.0111735552818859,0.0192490822970751
SMCO4,0.48046398046398,0.0111920829977504,0.0192513467005292
HVCN1,0.48046398046398,0.0111920829977504,0.0192513467005292
TTLL5,-0.48046398046398,0.0111920829977504,0.0192513467005292
LILRB4,0.48046398046398,0.0111920829977504,0.0192513467005292
KCNE1,0.48046398046398,0.0111920829977504,0.0192513467005292
GPRC5C,0.480313414389595,0.0112211848407538,0.0192954691357611
RIN1,0.480281820660188,0.01122729935942,0.0193000485760456
AIFM3,0.480100229635678,0.0112624975600888,0.0193546055181365
TRBV15,-0.479884600008074,0.0113044128309186,0.0194072304911571
TGFBR1,-0.47985347985348,0.0113104728488342,0.0194072304911571
WBP1L,0.47985347985348,0.0113104728488342,0.0194072304911571
STK32C,0.47985347985348,0.0113104728488342,0.0194072304911571
SAMHD1,0.47985347985348,0.0113104728488342,0.0194072304911571
ZNF773,-0.479621437430428,0.0113557437271009,0.0194789321846467
TRAV16,-0.479561080352353,0.0113675439279497,0.0194931940034022
CCL20,0.479364668870258,0.0114060143313337,0.0195461837106504
WASF2,0.479242979242979,0.0114299035647044,0.0195461837106504
TNFSF10,0.479242979242979,0.0114299035647044,0.0195461837106504
RAB24,0.479242979242979,0.0114299035647044,0.0195461837106504
HSPB1,-0.479242979242979,0.0114299035647043,0.0195461837106504
TP53,0.479242979242979,0.0114299035647044,0.0195461837106504
TEFM,-0.479242979242979,0.0114299035647043,0.0195461837106504
ADAP2,0.479242979242979,0.0114299035647044,0.0195461837106504
IGLV2-14,-0.479242979242979,0.0114299035647043,0.0195461837106504
THBD,0.478875484151913,0.0115023005027394,0.0196639756683947
PGAP1,-0.478632478632479,0.011550382154146,0.0197220571010639
SNAPC2,0.478632478632479,0.011550382154146,0.0197220571010639
TYMP,0.478632478632479,0.011550382154146,0.0197220571010639
DNASE1L1,0.478632478632479,0.011550382154146,0.0197220571010639
UTF1,0.478447517080328,0.0115870910863752,0.0197766267483641
CTSK,0.478400249811255,0.0115964876802371,0.0197766267483641
MAP1A,-0.478400249811255,0.0115964876802371,0.0197766267483641
BLOC1S3,0.478400249811255,0.0115964876802371,0.0197766267483641
HDX,0.478314078249678,0.0116136346492412,0.0197998307800479
FAM122A,0.478141799817017,0.0116479789659927,0.0198523311118047
ANP32E,-0.478021978021978,0.0116719156543168,0.0198568154362457
MTPN,0.478021978021978,0.0116719156543168,0.0198568154362457
RRP12,0.478021978021978,0.0116719156543168,0.0198568154362457
CBL,0.478021978021978,0.0116719156543168,0.0198568154362457
FUT8,-0.478021978021978,0.0116719156543168,0.0198568154362457
ZNF432,-0.478021978021978,0.0116719156543168,0.0198568154362457
KCNJ2,0.477776842384031,0.0117210136864238,0.019934278751363
CLEC10A,0.477650738668149,0.0117463377493896,0.0199652038585369
GRAP,-0.477650738668149,0.0117463377493895,0.0199652038585369
UTS2,-0.477484359096874,0.0117798196026322,0.0200160289328227
CDC42BPB,0.477411477411477,0.0117945111307157,0.0200227402073352
TUBD1,-0.477411477411477,0.0117945111307156,0.0200227402073352
OSBPL1A,0.477411477411477,0.0117945111307157,0.0200227402073352
CXCR5,-0.477224648027087,0.0118322419127653,0.0200806970489176
CEP126,-0.476873765287288,0.0119033750904718,0.0201952892918441
RIT1,0.476800976800977,0.0119181756771495,0.0202142670265757
REPS2,0.476425993184384,0.0119946663695427,0.0203378333348947
BTBD8,-0.476190476190476,0.0120429164156997,0.0204010871240813
SH3YL1,-0.476190476190476,0.0120429164156997,0.0204010871240813
NR4A3,-0.476190476190476,0.0120429164156997,0.0204010871240813
AZU1,0.476002909388663,0.0120814582820071,0.0204543794632106
DAGLA,0.476001778973847,0.0120816908739243,0.0204543794632106
TNFSF14,-0.475813620442502,0.0121204579042145,0.0205138016344938
HMGB2,-0.475579975579976,0.0121687404966862,0.0205643991711904
NOXA1,0.475579975579976,0.0121687404966861,0.0205643991711904
STN1,-0.475579975579976,0.0121687404966862,0.0205643991711904
STXBP4,-0.475579975579976,0.0121687404966862,0.0205643991711904
ZNF407,-0.475579975579976,0.0121687404966862,0.0205643991711904
FZD2,0.475387122959958,0.0122087137049827,0.0206257181384482
CELSR2,-0.475302916986574,0.0122262015475476,0.0206490241781595
LILRA2,0.475041983858527,0.012280524202141,0.0207282497248332
ZSWIM3,-0.475041983858527,0.012280524202141,0.0207282497248332
PCOLCE,-0.474969474969475,0.012295655098631,0.020747526648022
IGKV1-17,-0.474872750399635,0.0123158633445717,0.0207753568093046
KCTD3,0.474648836270753,0.012362750641154,0.0208481609123442
CASP5,0.474375194962527,0.0124202519670315,0.0208816195547375
RHOU,0.474358974358974,0.0124236674282209,0.0208816195547375
VGLL4,-0.474358974358974,0.012423667428221,0.0208816195547375
LMNB1,-0.474358974358974,0.012423667428221,0.0208816195547375
MZB1,-0.474358974358974,0.012423667428221,0.0208816195547375
RBM48,-0.474358974358974,0.012423667428221,0.0208816195547375
NRBP2,-0.474358974358974,0.012423667428221,0.0208816195547375
FKTN,-0.474358974358974,0.012423667428221,0.0208816195547375
MCRIP2,0.474358974358974,0.0124236674282209,0.0208816195547375
SPACA6,0.474358974358974,0.0124236674282209,0.0208816195547375
MX1,0.474358974358974,0.0124236674282209,0.0208816195547375
FZD3,-0.473861758130676,0.012528741912464,0.0210519004731066
ECT2,-0.473748473748474,0.012552784720267,0.0210669784380951
CCNH,-0.473748473748474,0.012552784720267,0.0210669784380951
NOL11,-0.473748473748474,0.012552784720267,0.0210669784380951
ZNF845,-0.473748473748474,0.012552784720267,0.0210669784380951
TRBV6-5,-0.473537594864811,0.0125976424406917,0.0211359185503594
C19orf38,0.473210202429767,0.0126675483291325,0.0212468297110104
CHRFAM7A,0.47259960862018,0.0127987846471407,0.0214605108686089
ARHGAP21,0.472527472527473,0.0128143632713537,0.0214673215738196
HSPA13,-0.472527472527473,0.0128143632713536,0.0214673215738196
BID,0.472527472527473,0.0128143632713537,0.0214673215738196
USP53,-0.472294311715387,0.012864824714908,0.0215454027570427
FASTKD2,-0.471916971916972,0.01294683914027,0.0216373952398057
PLAC8,0.471916971916972,0.01294683914027,0.0216373952398057
QSER1,0.471916971916972,0.01294683914027,0.0216373952398057
SPCS2,-0.471916971916972,0.01294683914027,0.0216373952398057
HAUS4,0.471916971916972,0.01294683914027,0.0216373952398057
PRAM1,0.471916971916972,0.01294683914027,0.0216373952398057
ABHD8,0.471916971916972,0.01294683914027,0.0216373952398057
MPZL2,0.471696230270392,0.012995017877881,0.021711425148823
CETP,0.471592028890387,0.013017812331184,0.0217430127108664
SATB1,-0.471306471306471,0.0130804491913063,0.0218150527520983
USP45,-0.471306471306471,0.0130804491913063,0.0218150527520983
PTGS1,0.471306471306471,0.0130804491913064,0.0218150527520983
CEP131,-0.471306471306471,0.0130804491913063,0.0218150527520983
FAM120C,-0.471306471306471,0.0130804491913063,0.0218150527520983
CDC42EP1,0.471082442072252,0.0131297646427518,0.0218907703882731
TP53I3,0.470695970695971,0.0132152007992644,0.0220004176449797
OSBPL11,0.470695970695971,0.0132152007992644,0.0220004176449797
TPCN2,0.470695970695971,0.0132152007992644,0.0220004176449797
ZNF740,-0.470695970695971,0.0132152007992645,0.0220004176449797
SERPINA1,0.470695970695971,0.0132152007992644,0.0220004176449797
KIAA1522,0.470460831530321,0.0132674075347949,0.0220807568257658
PLD4,0.470372720628674,0.0132870143305992,0.0221002332351906
ANGPTL6,-0.470372720628674,0.0132870143305992,0.0221002332351906
ARL15,-0.47008547008547,0.0133511013668069,0.0221738517502776
MAP2K6,-0.47008547008547,0.0133511013668069,0.0221738517502776
GPATCH1,-0.47008547008547,0.0133511013668069,0.0221738517502776
STRN4,0.47008547008547,0.013351101366807,0.0221738517502776
RWDD2B,-0.47008547008547,0.0133511013668069,0.0221738517502776
HES1,0.469474969474969,0.0134881583244106,0.0223748980569873
UAP1L1,0.469474969474969,0.0134881583244106,0.0223748980569873
SECTM1,0.469474969474969,0.0134881583244106,0.0223748980569873
C19orf54,0.469474969474969,0.0134881583244106,0.0223748980569873
SLC3A1,-0.469150973302366,0.0135613674908315,0.0224896699314145
WASF1,0.469077520281797,0.0135780104031145,0.0225039223989972
SAPCD2,0.469077520281797,0.0135780104031145,0.0225039223989972
ISG15,0.468864468864469,0.0136263791303151,0.0225707085594555
FAM20C,0.468864468864469,0.0136263791303151,0.0225707085594555
C1orf109,-0.468253968253968,0.0137657712704727,0.0227611451639512
IRF5,0.468253968253968,0.0137657712704726,0.0227611451639512
CKS2,-0.468253968253968,0.0137657712704727,0.0227611451639512
LMO2,0.468253968253968,0.0137657712704726,0.0227611451639512
FOSB,0.468253968253968,0.0137657712704726,0.0227611451639512
NHSL2,0.468253968253968,0.0137657712704726,0.0227611451639512
TBC1D30,0.467929225976058,0.013840397660191,0.0228777723073568
GABBR1,0.467643467643468,0.013906342258495,0.0229528529839151
C3AR1,0.467643467643468,0.013906342258495,0.0229528529839151
PUS7L,-0.467643467643468,0.013906342258495,0.0229528529839151
SLC38A2,-0.467643467643468,0.013906342258495,0.0229528529839151
ZNF664,-0.467643467643468,0.013906342258495,0.0229528529839151
NAGK,0.467032967032967,0.0140480996356,0.0231322064671012
FAM13A,0.467032967032967,0.0140480996356,0.0231322064671012
FGD2,0.467032967032967,0.0140480996356,0.0231322064671012
SEC61A2,-0.467032967032967,0.0140480996356001,0.0231322064671012
TAF5,-0.467032967032967,0.0140480996356001,0.0231322064671012
TMTC2,0.467032967032967,0.0140480996356,0.0231322064671012
ARHGAP27,0.467032967032967,0.0140480996356,0.0231322064671012
SLC5A3,-0.467032967032967,0.0140480996356001,0.0231322064671012
OLR1,0.46670747864975,0.0141241650646037,0.0232506126114996
NREP,0.466628029314268,0.014142783741026,0.0232744104413825
CASTOR3,-0.466422466422466,0.0141910509705561,0.0233401050080441
TMOD2,0.466422466422466,0.0141910509705561,0.0233401050080441
PMEPA1,-0.466096604986596,0.0142678441715461,0.0234595073823245
TPPP3,0.466015656572386,0.0142869738632111,0.0234840558033735
TNFSF8,-0.465811965811966,0.0143352038596257,0.0235356605939597
VASH1,0.465811965811966,0.0143352038596256,0.0235356605939597
CHCHD10,0.465811965811966,0.0143352038596256,0.0235356605939597
PARVG,0.465811965811966,0.0143352038596256,0.0235356605939597
FZD1,0.465558348288994,0.0143954437089281,0.0236276258351411
CD300C,0.465485731323441,0.0144127303722908,0.0236490575827026
C1QA,0.465251454189925,0.0144686177600435,0.0237186071063352
CRIPAK,0.465201465201465,0.0144805659265072,0.0237186071063352
ADAT2,-0.465201465201465,0.0144805659265072,0.0237186071063352
SC5D,-0.465201465201465,0.0144805659265072,0.0237186071063352
SPATS2,-0.465201465201465,0.0144805659265072,0.0237186071063352
SIK1,0.465201465201465,0.0144805659265072,0.0237186071063352
BLNK,-0.464874857660287,0.014558831319176,0.0238398198350899
DDO,0.464633108979517,0.0146169868537708,0.0239236600895491
CDCA7L,-0.464590964590965,0.0146271448222762,0.0239236600895491
PLEKHO2,0.464590964590965,0.0146271448222761,0.0239236600895491
FBF1,-0.464590964590965,0.0146271448222762,0.0239236600895491
ZNF726,-0.464356592190758,0.0146837416122932,0.0240092055836092
MRAS,0.464263983997133,0.0147061546919509,0.0240388240389913
SH3RF1,0.464051295285965,0.0147577367853916,0.0241089905094869
SLC30A4,-0.464051295285965,0.0147577367853916,0.0241089905094869
NADK,0.463980463980464,0.0147749482253239,0.0241089905094869
PRAG1,-0.463980463980464,0.0147749482253239,0.0241089905094869
LTB4R2,-0.463980463980464,0.0147749482253239,0.0241089905094869
MICALL1,-0.463980463980464,0.0147749482253239,0.0241089905094869
BET1,-0.463369963369963,0.0149239838412959,0.0243237882951113
PLGRKT,-0.463369963369963,0.0149239838412959,0.0243237882951113
METTL15,-0.463369963369963,0.0149239838412959,0.0243237882951113
TLE3,0.463369963369963,0.0149239838412959,0.0243237882951113
ZNF70,-0.463042236670825,0.0150044995708543,0.0244478909091542
AK1,-0.462953792862975,0.0150262897826433,0.0244762634618529
MINDY1,0.462759462759463,0.0150742594030284,0.0245186906869502
FANCL,-0.462759462759463,0.0150742594030284,0.0245186906869502
MFSD3,-0.462759462759463,0.0150742594030284,0.0245186906869502
MVB12A,0.462759462759463,0.0150742594030284,0.0245186906869502
PRPS2,-0.462759462759463,0.0150742594030284,0.0245186906869502
LDOC1,-0.462182513199226,0.015217422932151,0.0247291828908922
DDX20,-0.462148962148962,0.0152257826704831,0.0247291828908922
TOR2A,0.462148962148962,0.0152257826704831,0.0247291828908922
PDCD4,-0.462148962148962,0.0152257826704831,0.0247291828908922
SIGLEC10,0.462148962148962,0.0152257826704831,0.0247291828908922
PYROXD1,-0.461538461538462,0.0153785614306818,0.0249555761811876
STAT2,0.461538461538462,0.0153785614306818,0.0249555761811876
PNPO,0.461538461538462,0.0153785614306818,0.0249555761811876
ANLN,-0.461209615681363,0.0154613786463258,0.0250826891181473
CATIP,0.461116674637328,0.0154848517149314,0.0251134834077426
FGR,0.460927960927961,0.0155326034976377,0.0251471681409352
MAPKAPK3,0.460927960927961,0.0155326034976377,0.0251471681409352
ZMIZ1,0.460927960927961,0.0155326034976377,0.0251471681409352
SENP1,-0.460927960927961,0.0155326034976377,0.0251471681409352
NUSAP1,-0.460927960927961,0.0155326034976377,0.0251471681409352
NEIL1,-0.460927960927961,0.0155326034976377,0.0251471681409352
FNDC10,0.460598742018209,0.0156161993762818,0.0252751915809459
SCD5,-0.460459364601827,0.0156517020235639,0.0253253234131277
CENPU,-0.46031746031746,0.0156879167122876,0.0253692395185403
TRIM23,-0.46031746031746,0.0156879167122876,0.0253692395185403
HFE,0.460082435523651,0.0157480482730042,0.0254591170692799
PROSER2,0.459891929153564,0.0157969291115575,0.025523382719396
TMTC1,0.459891929153564,0.0157969291115575,0.025523382719396
CCSAP,0.45970695970696,0.0158445089424206,0.0255780871841848
CCDC112,0.45970695970696,0.0158445089424206,0.0255780871841848
CD14,0.45970695970696,0.0158445089424206,0.0255780871841848
CXCL1,0.459532027186352,0.0158896156561726,0.0256435009377539
MROH6,0.459471841714064,0.0159051590687857,0.0256611798940131
S100A11,0.459096459096459,0.0160023880826069,0.0258031586383904
VPS37C,0.459096459096459,0.0160023880826069,0.0258031586383904
RAB13,0.458913161228416,0.0160500423982491,0.0258725387982153
RAB39A,0.458667183669799,0.0161141761572045,0.0259684360435411
EMB,-0.458485958485959,0.0161615620541244,0.0259923655469265
NUP153,-0.458485958485959,0.0161615620541244,0.0259923655469265
IMPDH1,0.458485958485959,0.0161615620541244,0.0259923655469265
SLC15A3,0.458485958485959,0.0161615620541244,0.0259923655469265
PGBD4,-0.458485958485959,0.0161615620541244,0.0259923655469265
RASGRP4,0.458485958485959,0.0161615620541244,0.0259923655469265
CTSZ,0.458485958485959,0.0161615620541244,0.0259923655469265
ZBED3,0.45827017770186,0.0162181331211825,0.0260758483075482
STIL,-0.458054810927917,0.0162747582808906,0.0261593700220581
CAMK2D,-0.457875457875458,0.016322038804884,0.0262052371509937
HK1,0.457875457875458,0.016322038804884,0.0262052371509937
TEX30,-0.457875457875458,0.016322038804884,0.0262052371509937
VPS35,0.457875457875458,0.016322038804884,0.0262052371509937
SEMA6B,0.457544373702438,0.0164096155564576,0.0263371287376991
CADM1,-0.457529316527525,0.0164136075913593,0.0263371287376991
ZNF721,-0.457264957264957,0.0164838263093539,0.0264270518124734
ZNF525,-0.457264957264957,0.0164838263093539,0.0264270518124734
ZNF549,-0.457264957264957,0.0164838263093539,0.0264270518124734
SIGLEC9,0.45704730864862,0.0165418233826486,0.0265124323175039
ZNF441,-0.457029466475717,0.0165465852511694,0.0265124655371173
MARC1,0.456965313515038,0.0165637162598753,0.0265323120381617
C1orf162,0.456654456654457,0.0166469325684822,0.0266274733761306
ARHGAP10,-0.456654456654457,0.0166469325684822,0.0266274733761306
RHOG,0.456654456654457,0.0166469325684822,0.0266274733761306
TESC,0.456654456654457,0.0166469325684822,0.0266274733761306
ANKRD9,0.456654456654457,0.0166469325684822,0.0266274733761306
PLA1A,0.456351525316898,0.0167283581556135,0.0267500654292796
ZSWIM5,-0.456297743670115,0.0167428484652727,0.0267655827952558
CASTOR2,-0.456043956043956,0.0168113656096178,0.0268520869720031
TMEM135,-0.456043956043956,0.0168113656096178,0.0268520869720031
C17orf80,-0.456043956043956,0.0168113656096178,0.0268520869720031
ZDHHC18,-0.455433455433455,0.0169771334864305,0.0270550386024848
CDC42SE2,-0.455433455433455,0.0169771334864305,0.0270550386024848
MTRES1,-0.455433455433455,0.0169771334864305,0.0270550386024848
MAML2,-0.455433455433455,0.0169771334864305,0.0270550386024848
SNN,0.455433455433455,0.0169771334864305,0.0270550386024848
NEURL4,-0.455433455433455,0.0169771334864305,0.0270550386024848
POFUT1,0.455433455433455,0.0169771334864305,0.0270550386024848
EIF1AY,0.455433455433455,0.0169771334864305,0.0270550386024848
NOM1,-0.454822954822955,0.017144244278829,0.0273057858180609
BICRA,-0.454822954822955,0.017144244278829,0.0273057858180609
TRBV30,-0.454510160722479,0.0172303875380275,0.0274351728680665
GFPT1,-0.454212454212454,0.0173127060928784,0.0275427176305479
TMEM245,-0.454212454212454,0.0173127060928784,0.0275427176305479
ULK2,0.454212454212454,0.0173127060928784,0.0275427176305479
EGFL7,0.453834597955297,0.0174176523372365,0.0277017951848199
NISCH,-0.453601953601954,0.017482527060715,0.0277497278806467
PGM3,-0.453601953601954,0.017482527060715,0.0277497278806467
DDIT4,-0.453601953601954,0.017482527060715,0.0277497278806467
RHNO1,-0.453601953601954,0.017482527060715,0.0277497278806467
VDR,0.453601953601954,0.017482527060715,0.0277497278806467
ARHGAP11A,-0.453601953601954,0.017482527060715,0.0277497278806467
GDPGP1,-0.453601953601954,0.017482527060715,0.0277497278806467
SYTL1,-0.452991452991453,0.0176537153404612,0.0279658856044926
ANKRD28,-0.452991452991453,0.0176537153404612,0.0279658856044926
NFKBIZ,0.452991452991453,0.0176537153404612,0.0279658856044926
NUDT16,0.452991452991453,0.0176537153404612,0.0279658856044926
RCHY1,-0.452991452991453,0.0176537153404612,0.0279658856044926
ALPK1,0.452991452991453,0.0176537153404612,0.0279658856044926
TMLHE,0.452991452991453,0.0176537153404612,0.0279658856044926
ACAA1,0.452380952380952,0.0178262791161372,0.0282232595745863
HMOX1,0.452380952380952,0.0178262791161372,0.0282232595745863
CCDC138,-0.451770451770452,0.0180002265975731,0.0284664217006869
SLC35A1,0.451770451770452,0.0180002265975731,0.0284664217006869
ITPK1,0.451770451770452,0.0180002265975731,0.0284664217006869
ARRB2,0.451770451770452,0.0180002265975731,0.0284664217006869
ENHO,0.451238680645728,0.0181528759751734,0.0286916004672611
BAHCC1,0.451238680645728,0.0181528759751734,0.0286916004672611
SLC29A1,0.451159951159951,0.0181755660203184,0.0286950212268832
TCAF1,-0.451159951159951,0.0181755660203184,0.0286950212268832
LYL1,0.451159951159951,0.0181755660203184,0.0286950212268832
ZNF230,-0.451159951159951,0.0181755660203184,0.0286950212268832
ZNF331,-0.450549450549451,0.0183523056455499,0.0289658744481837
BIRC5,-0.450254422337314,0.0184382204521598,0.0290932643251912
ABCC3,0.450213889744588,0.0184500496509244,0.0291037172490746
GNL3,-0.44993894993895,0.0185304537599793,0.0292058335472955
SUB1,-0.44993894993895,0.0185304537599793,0.0292058335472955
HK3,0.44993894993895,0.0185304537599793,0.0292058335472955
TBC1D12,0.449328449328449,0.0187100186757583,0.0294639325358605
HCST,-0.449328449328449,0.0187100186757583,0.0294639325358605
PDXK,0.449328449328449,0.0187100186757583,0.0294639325358605
CAMKK1,0.449091746951088,0.0187800222496869,0.0295658458390341
SMARCAL1,-0.448717948717949,0.0188910087303827,0.0296987688558616
SRD5A1,0.448717948717949,0.0188910087303827,0.0296987688558616
MTERF1,-0.448717948717949,0.0188910087303827,0.0296987688558616
SLFN12,0.448717948717949,0.0188910087303827,0.0296987688558616
PDE4A,0.448717948717949,0.0188910087303827,0.0296987688558616
NQO1,-0.448381268755126,0.0189914341737658,0.0298482574198141
RHBDD2,-0.448107448107448,0.0190734322865948,0.0299434680928237
MT1E,-0.448107448107448,0.0190734322865948,0.0299434680928237
SPHK1,0.448107448107448,0.0190734322865948,0.0299434680928237
FXYD1,-0.448107448107448,0.0190734322865948,0.0299434680928237
ANKRD33B,-0.448065384642012,0.0190860542611822,0.0299548738222091
CAMK1,0.447870559331915,0.0191446048000543,0.0300383361509269
YEATS4,-0.447496947496948,0.0192572977322847,0.0301812805266077
RIPOR1,0.447496947496948,0.0192572977322847,0.0301812805266077
CAPNS1,0.447496947496948,0.0192572977322847,0.0301812805266077
IFNGR2,0.447496947496948,0.0192572977322847,0.0301812805266077
SLC35E2A,-0.446886446886447,0.0194426134803903,0.0304375964676211
CBWD1,0.446886446886447,0.0194426134803903,0.0304375964676211
MTRNR2L8,-0.446886446886447,0.0194426134803903,0.0304375964676211
YBX3,0.446886446886447,0.0194426134803903,0.0304375964676211
TRBV6-2,-0.446595143570674,0.0195315513488086,0.0305682718003185
CDKN2B,0.446419728832154,0.0195852678512721,0.0306437654796625
ZNF671,-0.446275946275946,0.0196293879687947,0.0306956201122763
ABCD1,0.446275946275946,0.0196293879687947,0.0306956201122763
TRAV26-1,-0.445973144763472,0.0197225698370022,0.0308327119173934
P2RY1,0.445917125948523,0.0197398482937405,0.0308510988425369
ADAMTSL4,0.445665445665446,0.0198176296602237,0.0309380751144531
ANXA4,0.445665445665446,0.0198176296602237,0.0309380751144531
LYPD2,0.445665445665446,0.0198176296602237,0.0309380751144531
PGLS,0.445665445665446,0.0198176296602237,0.0309380751144531
RNH1,0.445054945054945,0.0200073470421409,0.0312168204965547
P2RX1,0.445054945054945,0.0200073470421409,0.0312168204965547
TREX1,0.444582610606508,0.0201551462343698,0.0314386548793852
SFXN2,-0.444444444444444,0.0201985486266414,0.0314624746295763
RAB3IP,-0.444444444444444,0.0201985486266414,0.0314624746295763
KDM6B,0.444444444444444,0.0201985486266414,0.0314624746295763
SPIN2B,-0.444444444444444,0.0201985486266414,0.0314624746295763
DIAPH2,0.444444444444444,0.0201985486266414,0.0314624746295763
SLC6A12,0.444069608843669,0.0203166817839767,0.0316376732208293
OSGIN1,0.443970237864625,0.0203480941487563,0.0316777679509592
TTC27,-0.443833943833944,0.0203912429503443,0.0317096303054297
RALGPS1,-0.443833943833944,0.0203912429503443,0.0317096303054297
GAA,0.443833943833944,0.0203912429503443,0.0317096303054297
ZNF524,0.443833943833944,0.0203912429503443,0.0317096303054297
ARL11,0.443357865122743,0.020542550660026,0.0319271660063551
IGLC1,-0.443357865122743,0.020542550660026,0.0319271660063551
GLB1,0.443223443223443,0.0205854385742836,0.0319760479187205
KDM2B,-0.443223443223443,0.0205854385742836,0.0319760479187205
SPICE1,-0.442612942612943,0.0207811440837977,0.0322263332547412
F13A1,0.442612942612943,0.0207811440837977,0.0322263332547412
EXT1,0.442612942612943,0.0207811440837977,0.0322263332547412
SHCBP1,-0.442612942612943,0.0207811440837977,0.0322263332547412
ZNF28,-0.442612942612943,0.0207811440837977,0.0322263332547412
FUNDC1,-0.442612942612943,0.0207811440837977,0.0322263332547412
DGKD,-0.442002442002442,0.0209783680884174,0.0324961313990112
METTL14,-0.442002442002442,0.0209783680884174,0.0324961313990112
POLH,-0.442002442002442,0.0209783680884174,0.0324961313990112
CPQ,0.442002442002442,0.0209783680884174,0.0324961313990112
FAM227B,-0.441764621236047,0.0210556096224112,0.0326067485484695
FBLN5,-0.441518869381205,0.0211356710908804,0.0327216701938547
RUFY3,0.441391941391941,0.0211771192217526,0.0327676952650914
MTHFS,0.441391941391941,0.0211771192217526,0.0327676952650914
GPBAR1,0.44115402742646,0.021254988541052,0.0328699933411401
SMN1,0.44115402742646,0.021254988541052,0.0328699933411401
DLC1,0.4409030829525,0.0213373760652096,0.0329882795014244
SYP,-0.440848730521667,0.0213552548212419,0.0330067951797636
ICAM1,0.440781440781441,0.0213774061413767,0.0330319024986401
MARCKS,0.44017094017094,0.0215792375287111,0.033306954529548
EXOSC4,0.44017094017094,0.0215792375287111,0.033306954529548
MBD2,0.44017094017094,0.0215792375287111,0.033306954529548
TICAM1,0.44017094017094,0.0215792375287111,0.033306954529548
GPR82,-0.439927141903253,0.0216602706708377,0.0334228017636105
ADAMTS10,-0.439671510095091,0.0217455036411625,0.0335450638238291
FLT3,0.439621424639943,0.0217622352060875,0.0335560393171257
ESRRA,0.43956043956044,0.0217826220889067,0.0335560393171257
MEFV,0.43956043956044,0.0217826220889067,0.0335560393171257
DHX33,-0.43956043956044,0.0217826220889067,0.0335560393171257
TFE3,0.43956043956044,0.0217826220889067,0.0335560393171257
ZNF205,0.439055723666386,0.0219519441242265,0.0338075658338404
FLNB,-0.438949938949939,0.0219875685507247,0.0338437884215944
KBTBD3,-0.438949938949939,0.0219875685507247,0.0338437884215944
NLN,0.438711652188113,0.0220679876467519,0.0339582242489368
NOS3,-0.438406355283319,0.0221713724207434,0.0341079269812372
COL9A2,0.438339438339438,0.022194085666416,0.0341240932215008
LMBRD2,-0.438339438339438,0.022194085666416,0.0341240932215008
CYP2S1,0.438040845722341,0.022295666705272,0.0342708543748985
SNX18,0.437728937728938,0.0224021822115985,0.0343967608257163
FRAT1,0.437728937728938,0.0224021822115985,0.0343967608257163
NCKAP5L,0.437728937728938,0.0224021822115985,0.0343967608257163
MT2A,0.437728937728938,0.0224021822115985,0.0343967608257163
ZSWIM1,0.437185167664146,0.0225888698846048,0.0346738842697529
PICK1,-0.437118437118437,0.0226118669851336,0.0346996597642335
SEC14L2,-0.436592577951568,0.0227937604416894,0.0349663145588857
CTSL,0.436574573854559,0.0228000090632103,0.0349663145588857
DPH5,-0.436507936507936,0.0228231488090009,0.0349663145588857
CEBPZ,-0.436507936507936,0.0228231488090009,0.0349663145588857
BST2,0.436507936507936,0.0228231488090009,0.0349663145588857
MANBAL,0.436507936507936,0.0228231488090009,0.0349663145588857
ZNF775,-0.436163795492044,0.0229429562051921,0.0351402385920116
ZNF696,-0.435952817480222,0.0230166579473931,0.0352434696719118
TMEM120A,0.435897435897436,0.0230360365281714,0.0352441904967263
SH2B2,0.435897435897436,0.0230360365281714,0.0352441904967263
EPN1,0.435897435897436,0.0230360365281714,0.0352441904967263
ZNF419,-0.435658683140179,0.023119730762165,0.0353625641198104
TRPM4,0.435482726580147,0.0231815703150238,0.0354474545260085
ARPC1B,0.435286935286935,0.0232505390104794,0.0355140710588913
CDKN1C,0.435286935286935,0.0232505390104794,0.0355140710588913
FUT4,0.435286935286935,0.0232505390104794,0.0355140710588913
BLMH,-0.435286935286935,0.0232505390104794,0.0355140710588913
KANSL1L,0.434676434676435,0.0234666651464928,0.0358148448414814
EGR3,0.434676434676435,0.0234666651464928,0.0358148448414814
LMAN1,-0.434676434676435,0.0234666651464928,0.0358148448414814
FGFBP3,-0.434065934065934,0.0236844238493818,0.0361274681303172
PARPBP,-0.434065934065934,0.0236844238493818,0.0361274681303172
RPH3AL,-0.433826901711418,0.0237701306816701,0.0362483149091626
TRBV14,-0.433555425904474,0.0238677762284717,0.0363872968019666
HSP90B1,-0.433455433455433,0.0239038240547863,0.0364025555867007
ZNF26,-0.433455433455433,0.0239038240547863,0.0364025555867007
RARA,0.433455433455433,0.0239038240547863,0.0364025555867007
MCEMP1,0.433455433455433,0.0239038240547863,0.0364025555867007
CDK18,0.432947528510745,0.0240876110215832,0.0366724532623723
SETD3,0.432844932844933,0.0241248747206818,0.0367091971260007
PRC1,-0.432844932844933,0.0241248747206818,0.0367091971260007
PRDM11,-0.432498553513119,0.0242510293670587,0.0368911197553298
ADGRE3,0.432335155768863,0.0243107262815516,0.0369475425655222
RRAGD,0.432300417187451,0.0243234333125584,0.0369475425655222
WDR3,-0.432234432234432,0.0243475848272441,0.0369475425655222
LMNA,-0.432234432234432,0.0243475848272441,0.0369475425655222
TMEM127,0.432234432234432,0.0243475848272441,0.0369475425655222
ZBTB44,-0.432234432234432,0.0243475848272441,0.0369475425655222
CCNT1,-0.432234432234432,0.0243475848272441,0.0369475425655222
SPRYD4,-0.432234432234432,0.0243475848272441,0.0369475425655222
SLC25A15,-0.432234432234432,0.0243475848272441,0.0369475425655222
MARCKSL1,0.431623931623932,0.0245719633767116,0.0372375119790166
C2orf42,-0.431623931623932,0.0245719633767116,0.0372375119790166
D2HGDH,-0.431623931623932,0.0245719633767116,0.0372375119790166
DDAH2,0.431623931623932,0.0245719633767116,0.0372375119790166
ALDOC,-0.431623931623932,0.0245719633767116,0.0372375119790166
CD19,-0.431384526473071,0.0246604098307543,0.0373614228592733
FCRL5,-0.431050500093226,0.0247842454618821,0.037519081289783
MTF1,0.431013431013431,0.0247980193932471,0.037519081289783
ATPSCKMT,-0.431013431013431,0.0247980193932471,0.037519081289783
CD151,0.431013431013431,0.0247980193932471,0.037519081289783
ACSF2,0.431013431013431,0.0247980193932471,0.037519081289783
SPDYA,0.430665932523656,0.0249274436596035,0.0377046970366521
CAP1,0.43040293040293,0.0250257619227978,0.0378329442206774
BAHD1,-0.43040293040293,0.0250257619227978,0.0378329442206774
TRAF3IP2,-0.429858041949104,0.0252304601000343,0.0381179699282798
SFTPD,0.429818927235817,0.0252452064513342,0.0381179699282798
MMS22L,-0.42979242979243,0.0252552000329536,0.0381179699282798
NRL,-0.42979242979243,0.0252552000329536,0.0381179699282798
DUS2,0.42979242979243,0.0252552000329536,0.0381179699282798
IL3RA,0.42979242979243,0.0252552000329536,0.0381179699282798
DNAJB11,-0.429181929181929,0.0254863428128041,0.0384357144037758
IER5L,-0.429181929181929,0.0254863428128041,0.0384357144037758
MAP3K3,0.429181929181929,0.0254863428128041,0.0384357144037758
SCGB3A1,0.42903795049968,0.0255411042587313,0.038507914536216
WDR36,-0.428571428571429,0.0257191993727942,0.0387450869861706
BLVRA,0.428571428571429,0.0257191993727942,0.0387450869861706
ZNF408,-0.428571428571429,0.0257191993727942,0.0387450869861706
LRRC29,0.428309885897469,0.0258194833554795,0.0388856856783844
P4HA1,0.427960927960928,0.025953778844578,0.0390774182280238
TEX14,0.42750348000433,0.0261306838344297,0.0393331854649074
TMEM53,0.427350427350427,0.0261900903808714,0.0393696197338261
ITPR1,-0.427350427350427,0.0261900903808714,0.0393696197338261
BTN2A2,-0.427350427350427,0.0261900903808714,0.0393696197338261
CARS2,0.427350427350427,0.0261900903808714,0.0393696197338261
GADD45B,-0.427350427350427,0.0261900903808714,0.0393696197338261
PTBP2,-0.426739926739927,0.0264281431553033,0.0396741413488472
ZBTB7B,0.426739926739927,0.0264281431553032,0.0396741413488472
ISCA1,-0.426739926739927,0.0264281431553033,0.0396741413488472
TBC1D2B,-0.426739926739927,0.0264281431553033,0.0396741413488472
ZNF624,-0.426739926739927,0.0264281431553033,0.0396741413488472
AKR1C3,-0.426499775996377,0.0265222644412118,0.0398047511420441
TNFRSF10A,-0.426129426129426,0.0266679463622645,0.0399697550409497
ZNF891,-0.426129426129426,0.0266679463622645,0.0399697550409497
EID2,-0.426129426129426,0.0266679463622645,0.0399697550409497
RRAS,0.426129426129426,0.0266679463622645,0.0399697550409497
ELMO2,-0.426129426129426,0.0266679463622645,0.0399697550409497
GPR89B,-0.425518925518925,0.0269095092167572,0.0402732946095416
HIST1H2AB,-0.425518925518925,0.0269095092167572,0.0402732946095416
NME4,0.425518925518925,0.0269095092167572,0.0402732946095416
ASF1B,-0.425518925518925,0.0269095092167572,0.0402732946095416
KCNC3,0.425518925518925,0.0269095092167572,0.0402732946095416
CDK20,0.425508422234885,0.0269136806072705,0.0402732946095416
LKAAEAR1,0.425355221310841,0.0269745840618429,0.040353631373415
CCDC125,0.424908424908425,0.0271528409542397,0.0405768804425731
ARAP3,0.424908424908425,0.0271528409542397,0.0405768804425731
ACBD4,-0.424908424908425,0.0271528409542397,0.0405768804425731
SRC,0.424908424908425,0.0271528409542397,0.0405768804425731
SERPINB2,0.424766880700452,0.0272095108571941,0.0406507039042023
CASP8,-0.424297924297924,0.0273979508304734,0.040855824278402
FKBP15,0.424297924297924,0.0273979508304734,0.040855824278402
IFITM2,0.424297924297924,0.0273979508304734,0.040855824278402
PTPN6,0.424297924297924,0.0273979508304734,0.040855824278402
POLR3B,-0.424297924297924,0.0273979508304734,0.040855824278402
TTYH2,0.424297924297924,0.0273979508304734,0.040855824278402
OGFR,0.424297924297924,0.0273979508304734,0.040855824278402
IL6,0.423820750815492,0.0275907752396817,0.0411323953986404
MYLPF,0.423724126947817,0.0276299540017815,0.0411691053780755
MTX2,-0.423687423687424,0.0276448481213651,0.0411691053780755
DUSP5,-0.423687423687424,0.0276448481213651,0.0411691053780755
UNC119,0.423687423687424,0.0276448481213651,0.0411691053780755
OLIG1,0.423206962617352,0.0278404180554655,0.0414493125043033
MUSTN1,0.422836213138856,0.0279920938160478,0.0416640374286237
ASNSD1,0.422466422466423,0.0281440421505314,0.0418790536737018
SCAI,-0.421855921855922,0.0283963575399216,0.0421871496714244
ANKRD16,-0.421855921855922,0.0283963575399216,0.0421871496714244
SH3PXD2A,-0.421855921855922,0.0283963575399216,0.0421871496714244
CNEP1R1,0.421855921855922,0.0283963575399215,0.0421871496714244
METTL4,-0.421855921855922,0.0283963575399216,0.0421871496714244
CDKN2D,0.421855921855922,0.0283963575399215,0.0421871496714244
SPATS2L,-0.421245421245421,0.0286504976458776,0.0425082469715435
PUS7,-0.421245421245421,0.0286504976458776,0.0425082469715435
CAMK2G,-0.421245421245421,0.0286504976458776,0.0425082469715435
ARRB1,0.421245421245421,0.0286504976458776,0.0425082469715435
APOLD1,-0.421245421245421,0.0286504976458776,0.0425082469715435
DGKG,0.420891953913191,0.0287984773126341,0.0427164682048408
GMNN,-0.420634920634921,0.0289064718426394,0.0428198650447787
FOCAD,-0.420634920634921,0.0289064718426394,0.0428198650447787
NACC1,-0.420634920634921,0.0289064718426394,0.0428198650447787
AP2A1,0.420634920634921,0.0289064718426393,0.0428198650447787
SUV39H1,-0.420634920634921,0.0289064718426394,0.0428198650447787
CLDND1,-0.42002442002442,0.0291642895236228,0.0431560484297694
SH3TC1,0.42002442002442,0.0291642895236226,0.0431560484297694
MAD1L1,-0.42002442002442,0.0291642895236228,0.0431560484297694
GSKIP,-0.42002442002442,0.0291642895236228,0.0431560484297694
ITLN1,0.419966344376543,0.0291889115478755,0.0431810564486031
PAX8,-0.419783244090922,0.0292666494625246,0.043284608250314
PVR,0.419444085261476,0.0294110856880494,0.0434712773807697
RAB27A,-0.419413919413919,0.0294239601012541,0.0434712773807697
ARL4D,-0.419413919413919,0.0294239601012541,0.0434712773807697
MISP3,-0.419413919413919,0.0294239601012541,0.0434712773807697
B3GNT8,0.419059332923728,0.0295756344110554,0.0436838213488171
ZNF680,-0.418803418803419,0.0296854930068018,0.0438229347661128
S1PR4,-0.418803418803419,0.0296854930068018,0.0438229347661128
HSF2,-0.418192918192918,0.0299488976902062,0.0442001150392275
TNFAIP8L2,0.417582417582418,0.0302141836199091,0.0445798719795598
NDUFB1,0.416971916971917,0.030481360282681,0.0449622175417442
ZNF354C,-0.416361416361416,0.0307504371834471,0.0453352082071807
ERLIN2,0.416361416361416,0.030750437183447,0.0453352082071807
SOGA1,0.416119681233401,0.0308575087267077,0.0454810724300869
GBGT1,0.416004964607957,0.0309084250009206,0.0455441139934513
SLCO4C1,-0.415841504239675,0.0309810927388968,0.0456024716461256
CXorf65,-0.415814384328608,0.0309931624258923,0.0456024716461256
INTS7,-0.415750915750916,0.0310214238451112,0.0456024716461256
SMC2,-0.415750915750916,0.0310214238451112,0.0456024716461256
ATG16L2,0.415750915750916,0.031021423845111,0.0456024716461256
CAMKK2,0.415750915750916,0.031021423845111,0.0456024716461256
ZNF181,-0.415750915750916,0.0310214238451112,0.0456024716461256
FAM110A,0.415750915750916,0.031021423845111,0.0456024716461256
FAM210B,0.415750915750916,0.031021423845111,0.0456024716461256
STAG3,-0.415140415140415,0.0312943298083795,0.0459794777426322
WDR4,-0.415140415140415,0.0312943298083795,0.0459794777426322
NMNAT3,0.414920821942466,0.0313929635300853,0.0461001712343059
ETV5,0.414920821942466,0.0313929635300853,0.0461001712343059
C16orf86,0.414783217281649,0.0314548982021201,0.046178994682661
PRSS36,0.414576346254278,0.0315481940369841,0.0462981297193307
SFMBT1,-0.414529914529915,0.0315691646315823,0.0462981297193307
MIDN,0.414529914529915,0.0315691646315821,0.0462981297193307
PLAGL2,0.414529914529915,0.0315691646315821,0.0462981297193307
STEAP3,0.414251205596196,0.0316952775582389,0.0464708946265527
TMEM220,0.414000139645256,0.0318092289567905,0.0466257426805695
APPL2,-0.413919413919414,0.0318459378904932,0.0466550916121661
RGS19,0.413919413919414,0.0318459378904931,0.0466550916121661
STON2,0.413693245546186,0.0319489663650058,0.0467937715854144
MBOAT1,0.413308913308913,0.0321246591781486,0.0470141570594627
SLC48A1,0.413308913308913,0.0321246591781486,0.0470141570594627
ORAI3,0.413308913308913,0.0321246591781486,0.0470141570594627
MMP17,0.412950596292187,0.0322891582463016,0.0472425360840708
WWC2,0.412456118375881,0.0325172782033526,0.0475638555357435
KCTD11,0.412412588205343,0.0325374220463978,0.0475808744988119
GOLGA6L4,-0.412339722629033,0.0325711634576052,0.047617763674491
SMARCD3,0.412087912087912,0.0326879842970532,0.0477635767413437
ZNF484,-0.412087912087912,0.0326879842970533,0.0477635767413437
ZNF343,-0.411845524566294,0.032800751252115,0.0479158309827134
IGKV4-1,-0.411728848965879,0.0328551440106821,0.0479827540631325
KIF23,-0.411544986852697,0.0329410053055051,0.0480789623403925
EVA1B,0.411477411477411,0.0329726073990351,0.0480789623403925
BYSL,-0.411477411477411,0.0329726073990353,0.0480789623403925
TMEM273,-0.411477411477411,0.0329726073990353,0.0480789623403925
PTGER2,0.411477411477411,0.0329726073990351,0.0480789623403925
MAP1LC3A,-0.411477411477411,0.0329726073990353,0.0480789623403925
SUOX,0.411117975302725,0.0331411095766962,0.048312065889699
KIAA1324L,-0.410931198654557,0.0332289422293481,0.0484274810910906
OXSM,-0.410866910866911,0.0332592170708546,0.048433734859432
STYXL1,0.410866910866911,0.0332592170708544,0.048433734859432
LY6E,0.410866910866911,0.0332592170708544,0.048433734859432
GOLPH3L,-0.41025641025641,0.0335478229890893,0.0487904879466808
SRD5A3,0.41025641025641,0.0335478229890892,0.0487904879466808
GNB2,0.41025641025641,0.0335478229890892,0.0487904879466808
TRIM3,-0.41025641025641,0.0335478229890893,0.0487904879466808
CD40,0.41025641025641,0.0335478229890892,0.0487904879466808
BMP2K,0.40964590964591,0.0338384348464612,0.049149227964003
SMARCAD1,-0.40964590964591,0.0338384348464613,0.049149227964003
KRR1,-0.40964590964591,0.0338384348464613,0.049149227964003
FAN1,-0.40964590964591,0.0338384348464613,0.049149227964003
ZNF490,-0.40964590964591,0.0338384348464613,0.049149227964003
SYT17,0.409125412604578,0.0340877944419591,0.0494985579120839
POLR1A,-0.409035409035409,0.034131062351645,0.0495099612633979
SERINC5,-0.409035409035409,0.034131062351645,0.0495099612633979
ICAM4,0.409035409035409,0.0341310623516449,0.0495099612633979
ZNF66,-0.409035409035409,0.034131062351645,0.0495099612633979
STOML1,-0.40879255551836,0.0342480303801419,0.0496667494516995
VMO1,0.408674480650108,0.0343050159652263,0.0497364919049898
AC015871.1,0.408424908424908,0.0344257152290742,0.0498597771460719
SDR42E2,-0.408424908424908,0.0344257152290743,0.0498597771460719
VASP,0.408424908424908,0.0344257152290742,0.0498597771460719
KIAA0930,0.408424908424908,0.0344257152290742,0.0498597771460719
C3,0.407888449905849,0.0346863118504999,0.050211450426491
GUCY1A1,0.407840246093573,0.0347098050905168,0.050211450426491
UBE2R2,0.407814407814408,0.0347224032187482,0.050211450426491
CBX5,-0.407814407814408,0.0347224032187483,0.050211450426491
MBIP,-0.407814407814408,0.0347224032187483,0.050211450426491
PRKACA,0.407814407814408,0.0347224032187482,0.050211450426491
ZNF500,-0.407203907203907,0.0350211360760356,0.0506041842214965
SPATA33,-0.407203907203907,0.0350211360760356,0.0506041842214965
SLC16A3,0.407203907203907,0.0350211360760355,0.0506041842214965
STS,0.406841859660646,0.035199264685551,0.0508484340277967
TRBV25-1,-0.406651152550505,0.0352933844739664,0.0509712308828564
SLX1A,0.406603960202451,0.0353167064077215,0.0509729539643092
STK40,0.406593406593407,0.0353219235714768,0.0509729539643092
PTPN18,0.406593406593407,0.0353219235714768,0.0509729539643092
KIF14,-0.406298242939141,0.0354680874555598,0.0511706772578664
CDC42EP2,0.406044883375219,0.0355939358423861,0.0513040804901774
IGHV4-59,-0.406020893069439,0.0356058707663565,0.0513040804901774
PDE6G,0.406020893069439,0.0356058707663566,0.0513040804901774
AMN1,-0.405982905982906,0.0356247754905864,0.0513040804901774
TBKBP1,-0.405982905982906,0.0356247754905864,0.0513040804901774
TMC6,-0.405982905982906,0.0356247754905864,0.0513040804901774
STX10,0.405982905982906,0.0356247754905863,0.0513040804901774
CUEDC1,0.405739586470426,0.0357460568960433,0.0514654866536236
NOTCH2NLA,0.405372405372405,0.0359297016336515,0.0516501006517684
TTLL4,0.405372405372405,0.0359297016336515,0.0516501006517684
ERGIC1,0.405372405372405,0.0359297016336515,0.0516501006517684
NOTCH4,0.405372405372405,0.0359297016336515,0.0516501006517684
TCIRG1,0.405372405372405,0.0359297016336515,0.0516501006517684
TMEM189,0.405372405372405,0.0359297016336515,0.0516501006517684
C3orf62,0.404761904761905,0.036236711815532,0.0520512952664925
DST,0.404761904761905,0.036236711815532,0.0520512952664925
RTL8C,0.404761904761905,0.036236711815532,0.0520512952664925
CSF3R,0.404151404151404,0.0365458158654563,0.052481818777512
EXOC3L1,0.40367722587377,0.0367873492498722,0.052806681045648
LRRC8D,0.403540903540904,0.0368570236268175,0.052806681045648
PRKCD,0.403540903540904,0.0368570236268175,0.052806681045648
RABL3,-0.403540903540904,0.0368570236268176,0.052806681045648
USP54,-0.403540903540904,0.0368570236268176,0.052806681045648
EHBP1L1,0.403540903540904,0.0368570236268175,0.052806681045648
CENPN,-0.403540903540904,0.0368570236268176,0.052806681045648
ZNF519,-0.403540903540904,0.0368570236268176,0.052806681045648
RPS4Y1,0.403540903540904,0.0368570236268175,0.052806681045648
ITGA4,-0.402930402930403,0.0371703449569676,0.0531874536845863
PTCD2,-0.402930402930403,0.0371703449569676,0.0531874536845863
POLD4,0.402930402930403,0.0371703449569675,0.0531874536845863
P2RX7,0.402930402930403,0.0371703449569675,0.0531874536845863
AGPAT3,0.402930402930403,0.0371703449569675,0.0531874536845863
TBC1D4,-0.402319902319902,0.0374857897270102,0.0536251051812334
NEU4,0.401954870355413,0.0376754196991146,0.0538688179384938
ZNF469,0.401954870355413,0.0376754196991146,0.0538688179384938
TRNP1,0.401716518674751,0.0377996532990818,0.0540103303163881
ZNF862,-0.401709401709402,0.0378033678215921,0.0540103303163881
AGAP3,0.401709401709402,0.037803367821592,0.0540103303163881
MEIKIN,0.401492751515405,0.0379165824454292,0.0541582449641993
PSRC1,0.401406766726179,0.0379615903263241,0.0542086856753842
CMTM1,0.401343996692259,0.037994473581425,0.0542417912349575
TMEM51,0.401189230644964,0.0380756477565992,0.0543438035362182
CACNA2D4,0.401098901098901,0.038123089138693,0.0543837536896867
ZNF583,-0.401098901098901,0.0381230891386931,0.0543837536896867
TRAV4,-0.400567231837763,0.0384032798992241,0.0547694825800717
WNT7A,-0.400496799286182,0.0384405208369337,0.054787012332316
IFT172,-0.400488400488401,0.0384449635894149,0.054787012332316
ABCD4,-0.400488400488401,0.0384449635894149,0.054787012332316
MEGF6,-0.400189905187112,0.0386031261012492,0.0549983901039963
RARG,-0.3998778998779,0.0387690010977683,0.0552065836869672
PNPLA6,0.3998778998779,0.0387690010977683,0.0552065836869672
GPR157,0.399328351469765,0.0390625449108285,0.055610425443318
MORN2,0.399267399267399,0.0390952116004584,0.0556144551691079
AOPEP,-0.399267399267399,0.0390952116004584,0.0556144551691079
SPIB,0.399267399267399,0.0390952116004584,0.0556144551691079
NFKBIL1,0.398656898656899,0.0394236050466699,0.0559961390452066
NOTCH1,0.398656898656899,0.0394236050466699,0.0559961390452066
NR2C1,-0.398656898656899,0.0394236050466699,0.0559961390452066
PXN,-0.398656898656899,0.0394236050466699,0.0559961390452066
ZFYVE21,0.398656898656899,0.0394236050466699,0.0559961390452066
ATF7IP2,-0.398656898656899,0.0394236050466699,0.0559961390452066
GEN1,-0.398412460755384,0.0395557044863026,0.0561695021552575
SNX21,0.398107163850591,0.0397211881328341,0.056390171119271
PABPC4,0.398046398046398,0.0397541913978497,0.056394073642003
FTCDNL1,0.398046398046398,0.0397541913978497,0.056394073642003
CKB,0.398046398046398,0.0397541913978497,0.056394073642003
ABCC5,-0.397435897435897,0.0400869806274887,0.0568147449030865
SLC26A2,-0.397435897435897,0.0400869806274887,0.0568147449030865
CRTC3,-0.397435897435897,0.0400869806274887,0.0568147449030865
OPRL1,0.397427858295483,0.0400913775728862,0.0568147449030865
ACRBP,0.397191273136211,0.0402209479012792,0.0569839221342674
EAF1,0.396825396825397,0.0404219827209017,0.0572141837975581
PLAAT3,-0.396825396825397,0.0404219827209017,0.0572141837975581
PAAF1,-0.396825396825397,0.0404219827209017,0.0572141837975581
FN3K,-0.396821007776527,0.0404243991745622,0.0572141837975581
IL1A,0.396755785617289,0.0404603217090172,0.0572505361834069
SEMA4C,-0.396214896214896,0.0407592076750071,0.0576442815676883
PTGIR,0.396214896214896,0.0407592076750071,0.0576442815676883
CAMSAP2,0.395950673657064,0.0409058491960548,0.0578370439201868
STEAP4,0.395723769850202,0.041032113517516,0.0580009046486222
THAP6,-0.395604395604396,0.0410986654981036,0.0580656234121767
BOLA2,0.395604395604396,0.0410986654981036,0.0580656234121767
HEATR5B,-0.394993894993895,0.0414403662096471,0.058474521282954
C2orf88,-0.394993894993895,0.0414403662096471,0.058474521282954
TMEM41A,-0.394993894993895,0.0414403662096471,0.058474521282954
TBC1D2,0.394993894993895,0.0414403662096471,0.058474521282954
ZNF749,-0.394993894993895,0.0414403662096471,0.058474521282954
CHST2,0.394383394383394,0.0417843198400249,0.0589301176659318
N6AMT1,-0.394383394383394,0.0417843198400249,0.0589301176659318
ZSCAN21,0.394013512734409,0.0419938099186058,0.0592106366779737
HOMER3,0.393772893772894,0.0421305364303299,0.0593884445975308
PADI2,0.393743434863022,0.0421473000660352,0.0593971023108037
ZCCHC4,-0.393162393162393,0.0424790260321317,0.0598344366679295
SCLT1,0.393162393162393,0.0424790260321317,0.0598344366679295
IGHV4-61,-0.393092190333326,0.0425192458022172,0.0598760066799292
POC1A,-0.392551892551893,0.0428297987072484,0.060267799288106
CBFA2T3,0.392551892551893,0.0428297987072484,0.060267799288106
ZNF253,-0.392551892551893,0.0428297987072484,0.060267799288106
PTGDR2,0.391498694147692,0.0434403263689768,0.0611115232843568
PFKFB2,0.391330891330891,0.0435382335745536,0.0611981871568584
RAB10,0.391330891330891,0.0435382335745536,0.0611981871568584
RRP1,-0.391330891330891,0.0435382335745536,0.0611981871568584
PYCR3,-0.391318097036945,0.0435457057755972,0.0611981871568584
COLQ,-0.391024382227427,0.04371752247467,0.0614242175071243
HES4,0.390720390720391,0.0438959159395364,0.0615820275800019
UGDH,-0.390720390720391,0.0438959159395364,0.0615820275800019
LBHD1,-0.390720390720391,0.0438959159395364,0.0615820275800019
MRPS35,0.390720390720391,0.0438959159395364,0.0615820275800019
JPT2,-0.390720390720391,0.0438959159395364,0.0615820275800019
ZNF440,0.390720390720391,0.0438959159395364,0.0615820275800019
FAM72A,0.39069380932087,0.043911542258943,0.0615884986987734
AIFM2,-0.390169444325963,0.0442207006768014,0.0619782404895473
FHL3,0.39010989010989,0.0442559217229546,0.0619782404895473
LIN9,-0.39010989010989,0.0442559217229546,0.0619782404895473
GPATCH11,-0.39010989010989,0.0442559217229546,0.0619782404895473
BTRC,-0.39010989010989,0.0442559217229546,0.0619782404895473
ZNF710,0.39010989010989,0.0442559217229546,0.0619782404895473
IQCE,0.388888888888889,0.0449829439922336,0.0629491048059485
INPPL1,0.388888888888889,0.0449829439922336,0.0629491048059485
JMJD6,-0.388888888888889,0.0449829439922336,0.0629491048059485
TRBV24-1,-0.38873754706961,0.0450737118101621,0.0630603443688833
CACNA2D3,0.388531320586884,0.0451976300316472,0.0632178957321089
GCNT2,0.388337662897202,0.0453142410037141,0.063365150210745
SOS1,-0.388278388278388,0.0453499807235353,0.0633992730515024
HCN2,-0.387293902439714,0.0459468436489284,0.0642176330129486
PLEKHO1,0.387057387057387,0.0460911560561708,0.0643710651014253
APAF1,0.387057387057387,0.0460911560561708,0.0643710651014253
ZNF626,-0.387057387057387,0.0460911560561708,0.0643710651014253
ERAP2,-0.385836385836386,0.046841868211451,0.0653705333262875
DDX47,-0.385836385836386,0.046841868211451,0.0653705333262875
SLC16A7,-0.385836385836386,0.046841868211451,0.0653705333262875
MAP3K11,0.385225885225885,0.0472208259997032,0.0658829488498852
SPA17,0.384850407787097,0.0474550957922858,0.0661767819627088
ARHGAP6,0.384850407787097,0.0474550957922858,0.0661767819627088
SLC12A9,0.384615384615385,0.0476021984907514,0.0663653687260738
NPIPB11,-0.384368803134888,0.0477569219416172,0.0665644834241085
SASS6,-0.383394383394383,0.0483722283097996,0.0673885153732933
PHLDB3,-0.383394383394383,0.0483722283097996,0.0673885153732933
MYO10,0.383345336418284,0.0484033637982517,0.0674150959800307
RCCD1,-0.382842318610921,0.0487235965041109,0.0677780229816607
TCAIM,0.382783882783883,0.0487609060184587,0.0677780229816607
SLC12A7,0.382783882783883,0.0487609060184587,0.0677780229816607
LSM11,-0.382783882783883,0.0487609060184587,0.0677780229816607
GRINA,0.382783882783883,0.0487609060184587,0.0677780229816607
FLII,0.382783882783883,0.0487609060184587,0.0677780229816607
ZNF431,-0.382783882783883,0.0487609060184587,0.0677780229816607
OSM,0.382783882783883,0.0487609060184587,0.0677780229816607
ARL13B,-0.382173382173382,0.0491520391907311,0.0683047224539186
PLK4,-0.381562881562882,0.0495456380321939,0.068817488295089
FRAT2,0.381562881562882,0.0495456380321939,0.068817488295089
C3orf33,-0.381010537182161,0.0499038757420061,0.0692978577475287
MARCH2,0.380952380952381,0.0499417127540672,0.0693331821551003
SCD,-0.380556012939448,0.0502001949746921,0.06967473077649
HLA-DQB1,0.37973137973138,0.0507413307106107,0.0704083179488176
TMEM39A,-0.379120879120879,0.051144894393635,0.0709506944800811
DENND5A,0.378510378510379,0.0515509748532623,0.0714785646861996
MED11,0.378510378510379,0.0515509748532623,0.0714785646861996
NECTIN1,0.378130797492402,0.0518047302665889,0.0718126057636998
ITPKC,-0.377899877899878,0.0519595823250776,0.0720094137204049
GINS3,-0.377519923829248,0.0522151655034527,0.0723456901623655
PIGK,-0.377289377289377,0.0523707270487601,0.0725432513392784
DUSP23,0.376678876678877,0.0527844192678212,0.0730439179771483
RGS1,-0.376678876678877,0.0527844192678212,0.0730439179771483
EXOG,-0.376678876678877,0.0527844192678212,0.0730439179771483
FAM200B,0.376678876678877,0.0527844192678212,0.0730439179771483
FCSK,-0.376068376068376,0.0532006692293398,0.0736017175483593
ZBTB7C,0.375727419738898,0.0534342561256431,0.0739065941762543
DCUN1D3,0.375687302839785,0.053461792692902,0.0739263958305411
PADI4,0.375457875457875,0.0536194871836988,0.0740711888170068
ZYX,0.375457875457875,0.0536194871836988,0.0740711888170068
TMEM38B,0.375457875457875,0.0536194871836988,0.0740711888170068
KIAA1328,-0.375457875457875,0.0536194871836988,0.0740711888170068
KIAA0040,-0.374847374847375,0.0540408833843179,0.074634877719216
AMOTL1,0.374809364818199,0.05406720518363,0.0746527929350269
CLEC4F,0.374717694964313,0.0541307275011241,0.0747220508976268
VAMP5,0.374236874236874,0.0544648680873876,0.0751276621471809
COPG2,0.374236874236874,0.0544648680873876,0.0751276621471809
TOPORS,-0.374236874236874,0.0544648680873876,0.0751276621471809
IGLV3-25,0.374199394902779,0.0544909815586576,0.0751451464552437
BEGAIN,0.373892213028269,0.0547053778526204,0.0754222073352695
PLXND1,0.373626373626374,0.0548914515516,0.0756228127806226
ZNF438,0.373626373626374,0.0548914515516,0.0756228127806226
ZNF606,-0.373626373626374,0.0548914515516,0.0756228127806226
EREG,0.373015873015873,0.0553206440378798,0.0761765677074178
ELF4,0.373015873015873,0.0553206440378798,0.0761765677074178
SLC27A3,0.372405372405372,0.0557524558091133,0.0766956292458946
BHLHE40,-0.372405372405372,0.0557524558091133,0.0766956292458946
NEPRO,-0.372405372405372,0.0557524558091133,0.0766956292458946
ZC2HC1A,0.372405372405372,0.0557524558091133,0.0766956292458946
DGCR6,0.372022060860861,0.0560249181603492,0.0770514860680454
SIGLEC1,0.371955648072684,0.0560722306982365,0.0770975938196554
PGLYRP2,0.371851630038359,0.0561463959734519,0.0771793487473033
CASP10,0.371794871794872,0.0561868971298769,0.0771793487473033
GNA12,0.371794871794872,0.0561868971298769,0.0771793487473033
ZNF808,-0.371794871794872,0.0561868971298769,0.0771793487473033
TOR4A,0.371411187197707,0.0564612830175062,0.0775372039867128
MGLL,0.371184371184371,0.0566239782661644,0.0776843195447476
MFAP3,-0.371184371184371,0.0566239782661644,0.0776843195447476
THAP2,0.371184371184371,0.0566239782661644,0.0776843195447476
MYO18A,-0.371184371184371,0.0566239782661644,0.0776843195447476
KCNK7,0.370800313534552,0.0569002973777601,0.078044263658679
MYO1E,0.370630442419185,0.0570228502500909,0.078193177684774
NRGN,0.370573870573871,0.0570637094851121,0.0782300229077585
S100A12,0.36996336996337,0.0575061010547246,0.0787785686178393
TADA2B,-0.36996336996337,0.0575061010547246,0.0787785686178393
TVP23C,-0.36996336996337,0.0575061010547246,0.0787785686178393
MDK,-0.369578566208244,0.0577863157544478,0.0791430511141005
DAB2,0.369103957895218,0.0581333914158533,0.0795989042109333
MIIP,0.368742368742369,0.0583989063206423,0.079884218235086
LRRC40,-0.368742368742369,0.0583989063206423,0.079884218235086
KLHL18,0.368742368742369,0.0583989063206423,0.079884218235086
TFEB,0.368742368742369,0.0583989063206423,0.079884218235086
FASTKD3,0.367521367521368,0.0593024762147833,0.0811003783304153
MAK,0.367472150498756,0.0593391248509651,0.0811306567644491
ARHGAP29,0.367045342487566,0.0596576802266051,0.0815462595519863
LRRCC1,-0.366966879561664,0.0597163869005393,0.0816065580517634
CHCHD4,0.366910866910867,0.0597583235687592,0.0816239729840013
S100B,-0.366910866910867,0.0597583235687592,0.0816239729840013
TSEN2,-0.366661582656871,0.0599452406904867,0.0818393032083012
UBE3D,-0.366661582656871,0.0599452406904867,0.0818393032083012
SHB,-0.365745691942491,0.0606358976746646,0.0827620062964911
BRI3,0.365689865689866,0.0606781944270935,0.0827995273880691
C3orf14,0.365135098132904,0.0610997615134722,0.0833513889524854
ABHD11,0.365079365079365,0.0611422384626422,0.0833513889524854
ME2,0.365079365079365,0.0611422384626422,0.0833513889524854
APOBEC3F,-0.365079365079365,0.0611422384626422,0.0833513889524854
ARID5A,-0.364468864468864,0.0616090352539983,0.0839059242913687
TMTC3,-0.364468864468864,0.0616090352539983,0.0839059242913687
OAS1,0.364468864468864,0.0616090352539986,0.0839059242913687
TPM1,0.364468864468864,0.0616090352539986,0.0839059242913687
TNFRSF6B,0.364361781419934,0.0616911968927508,0.0839973637750821
HLX,0.363858363858364,0.0620785950624685,0.0844220582658862
TEC,0.363858363858364,0.0620785950624685,0.0844220582658862
IER3,0.363858363858364,0.0620785950624685,0.0844220582658862
VCL,0.363858363858364,0.0620785950624685,0.0844220582658862
EDA,-0.363858363858364,0.0620785950624685,0.0844220582658862
TIGD5,-0.363469829576703,0.0623788753830472,0.0848097911845368
PDSS1,-0.363247863247863,0.062550928147128,0.0850023791491469
ZNF33B,-0.363247863247863,0.062550928147128,0.0850023791491469
VCAN,0.362637362637363,0.0630260447645327,0.0856272211669744
OSR2,0.362248082250395,0.0633304567577423,0.0860198965725759
PDE6D,-0.360805860805861,0.0644681983349135,0.0874802633071675
CYSTM1,0.360805860805861,0.0644681983349137,0.0874802633071675
ADCK2,-0.360805860805861,0.0644681983349135,0.0874802633071675
ZNF844,0.360805860805861,0.0644681983349137,0.0874802633071675
TRBV6-6,-0.360137309369666,0.0650009450126963,0.0881817769313435
ZNF888,0.359804587597778,0.0652673465786979,0.0885217079961384
ATP5ME,0.35958485958486,0.0654437396093449,0.0886749192865173
SIDT2,0.35958485958486,0.0654437396093449,0.0886749192865173
NEDD4,0.35958485958486,0.0654437396093449,0.0886749192865173
IRGQ,0.35958485958486,0.0654437396093449,0.0886749192865173
AMY2B,0.359334456941829,0.0656452069170917,0.0889263558818743
ASAP2,0.358893311755263,0.0660013071087949,0.0893870935704483
NUDT7,0.35858284027147,0.0662528192101641,0.0897059963736653
WDR11,0.358363858363858,0.0664306608908896,0.0899032564622107
TWSG1,-0.358363858363858,0.0664306608908894,0.0899032564622107
FCGR2B,0.357753357753358,0.0669284146081084,0.090533065914016
IRF7,0.357753357753358,0.0669284146081084,0.090533065914016
CD1C,0.3575316254164,0.0671099088998315,0.0907566168241494
NIBAN2,0.357142857142857,0.067429044005684,0.0911000758830115
TM7SF2,-0.357142857142857,0.0674290440056837,0.0911000758830115
GPR180,-0.357142857142857,0.0674290440056837,0.0911000758830115
GNGT2,0.357142857142857,0.067429044005684,0.0911000758830115
PDF,-0.356532356532357,0.067932559298915,0.0917581815457809
MFSD2A,0.356466329019592,0.0679871893891095,0.0918097954754649
C10orf105,0.355924555791264,0.0684367247601529,0.0923306933991735
TYW1B,-0.355921855921856,0.0684389706973487,0.0923306933991735
ZNF675,-0.355921855921856,0.0684389706973487,0.0923306933991735
HIC2,0.355921855921856,0.0684389706973487,0.0923306933991735
LGALSL,-0.355528471955699,0.068766822506309,0.0927506202255861
TOLLIP,0.355311355311355,0.068948288404478,0.092928134190851
ARAP1,0.355311355311355,0.068948288404478,0.092928134190851
ING1,0.355311355311355,0.068948288404478,0.092928134190851
ADSSL1,0.354769578524771,0.0694027146084933,0.0935180674917336
CNNM4,-0.354700854700855,0.0694605226174417,0.0935283511863073
BTBD11,-0.354700854700855,0.0694605226174417,0.0935283511863073
PFKL,0.354700854700855,0.0694605226174418,0.0935283511863073
NAV1,0.354449706465135,0.0696720950045837,0.0937906488362138
AMER1,-0.354306724629391,0.0697927673418937,0.0939304825453357
GGH,-0.354090354090354,0.069975683526724,0.0941313500797309
DBNDD2,0.354090354090354,0.0699756835267241,0.0941313500797309
TRPM2,0.353839112655548,0.0701885419103659,0.0943949798852252
CD300A,0.353479853479853,0.0704937813158506,0.0947826941856784
KHDRBS2,0.353235108029422,0.0707023100927517,0.0950402206823721
ZDHHC14,-0.352869352869353,0.0710148261610854,0.0954144420693874
SVIL,0.352869352869353,0.0710148261610855,0.0954144420693874
GNAI2,0.352258852258852,0.0715388282311278,0.0960031503404048
MTX3,-0.352258852258852,0.0715388282311277,0.0960031503404048
TP53INP1,-0.352258852258852,0.0715388282311277,0.0960031503404048
SOCS3,0.352258852258852,0.0715388282311278,0.0960031503404048
CASTOR1,-0.352258852258852,0.0715388282311277,0.0960031503404048
DBF4B,-0.351702034321994,0.0720193408410796,0.0966247970209493
ALG11,-0.351648351648352,0.0720657976868054,0.0966407531569823
GATD3A,0.351648351648352,0.0720657976868055,0.0966407531569823
DNAJC18,-0.351396737417201,0.072283850939681,0.0968866956986328
ZACN,-0.351396737417201,0.072283850939681,0.0968866956986328
YAE1,-0.351037851037851,0.0725957446807697,0.0972348273664347
NTNG2,0.351037851037851,0.0725957446807699,0.0972348273664347
C14orf28,-0.351037851037851,0.0725957446807697,0.0972348273664347
MAN1C1,0.35042735042735,0.0731286793571888,0.0979251855760057
C5orf34,-0.35035198375339,0.0731946781485341,0.0979900982060336
XXYLT1,0.34981684981685,0.0736646118514391,0.0985484472424037
TSPAN33,0.34981684981685,0.0736646118514391,0.0985484472424037
ZDHHC8,-0.34981684981685,0.073664611851439,0.0985484472424037
TBC1D16,0.34943483196346,0.0740014984128785,0.0989754554232999
WDR75,-0.349206349206349,0.0742035522897975,0.0991745373815843
ACO1,0.349206349206349,0.0742035522897977,0.0991745373815843
RACGAP1,-0.349206349206349,0.0742035522897975,0.0991745373815843
SHISA4,0.348211962910219,0.0750878469546256,0.100332434927184
FADS3,-0.347374847374847,0.0758385223892971,0.101311279790002
INKA1,0.3473035457894,0.0759027259239015,0.101372830992705
ZNF543,-0.346989093856979,0.0761863707247541,0.101718575984839
CCDC120,-0.346976240671542,0.0761979819028057,0.101718575984839
INTS5,-0.346153846153846,0.076943727386892,0.102689576025656
ZNF787,0.345543345543346,0.0775009275930604,0.103408539036124
PDK1,-0.344932844932845,0.0780612063464025,0.104056797589769
HLA-DRB5,0.344932844932845,0.0780612063464024,0.104056797589769
TEP1,0.344932844932845,0.0780612063464024,0.104056797589769
XYLT2,-0.344932844932845,0.0780612063464025,0.104056797589769
FMNL2,0.344532746018925,0.078430066482967,0.104523577638883
LSM10,0.344322344322344,0.0786245736891944,0.104633178503088
SLC39A1,0.344322344322344,0.0786245736891944,0.104633178503088
MTERF4,-0.344322344322344,0.0786245736891941,0.104633178503088
ZNF852,-0.344322344322344,0.0786245736891941,0.104633178503088
TCEAL8,-0.344322344322344,0.0786245736891941,0.104633178503088
BEX3,-0.344322344322344,0.0786245736891941,0.104633178503088
LAMB3,0.34415348093782,0.0787809467376267,0.104791402035397
IGHV4-39,-0.34415348093782,0.0787809467376269,0.104791402035397
CRISPLD2,0.343965340382427,0.0789554505436716,0.10499854445665
CCDC102B,-0.343764314797366,0.0791422312743256,0.10522191090966
AARS2,-0.343711843711844,0.0791910396518028,0.10523676181865
ADGRL1,-0.343711843711844,0.0791910396518028,0.10523676181865
GDPD5,-0.343101343101343,0.0797606142523635,0.105943314702902
TST,0.343101343101343,0.0797606142523638,0.105943314702902
SELENOI,-0.342490842490842,0.080333307496471,0.106628021723301
THUMPD2,-0.342490842490842,0.080333307496471,0.106628021723301
ZNF329,-0.342490842490842,0.080333307496471,0.106628021723301
SLC9A3R2,0.342316362712173,0.0804975564262705,0.106820677630685
PRKAR2B,0.341269841269841,0.0814880898730582,0.108083823190262
BRCA2,-0.341269841269841,0.0814880898730584,0.108083823190262
S100A13,0.340874748590776,0.0818644485335445,0.108557267298928
ZNF268,-0.340659340659341,0.0820701989511354,0.108804303588134
NEURL1,0.34004884004884,0.082655466563312,0.10945047810136
DNHD1,-0.34004884004884,0.0826554665633123,0.10945047810136
CEP76,-0.34004884004884,0.0826554665633123,0.10945047810136
ARHGEF18,-0.34004884004884,0.0826554665633123,0.10945047810136
RTL10,-0.34004884004884,0.0826554665633123,0.10945047810136
PPM1L,0.339438339438339,0.0832439026476766,0.110125361629006
PLIN2,0.339438339438339,0.0832439026476766,0.110125361629006
PYCARD,0.339438339438339,0.0832439026476766,0.110125361629006
ARMC5,-0.339438339438339,0.0832439026476768,0.110125361629006
EMP1,0.33929832221624,0.0833793071235886,0.110278402420792
PRXL2A,-0.339040445010916,0.0836291266971501,0.110582661738109
C1orf112,-0.338827838827839,0.0838355171278554,0.110776987660437
CARF,-0.338827838827839,0.0838355171278554,0.110776987660437
PHLDA1,-0.338827838827839,0.0838355171278554,0.110776987660437
FAM210A,-0.338217338217338,0.0844303199126913,0.111536581372967
CACFD1,0.337963673606292,0.0846784019718242,0.111837889425234
FKBP14,-0.33781313572423,0.0848258882293187,0.112006225968914
NDUFAF7,-0.337606837606838,0.0850283208959226,0.112220526421996
ADORA2A,-0.337606837606838,0.0850283208959226,0.112220526421996
PPP1R17,0.337206141431055,0.0854225562346435,0.112714236541795
TMEM229B,-0.337047782891911,0.0855787430218867,0.112854190787924
SRR,-0.337047782891911,0.0855787430218867,0.112854190787924
SLC66A1,0.336996336996337,0.0856295299558587,0.112854190787924
DOK1,0.336996336996337,0.0856295299558587,0.112854190787924
ENTPD1,0.336996336996337,0.0856295299558587,0.112854190787924
PRADC1,0.336385836385836,0.0862339569550571,0.113597240822775
TESK1,-0.336385836385836,0.0862339569550571,0.113597240822775
ASGR2,0.335879355888807,0.0867378479583596,0.114234113467533
FCER1A,0.335167442564386,0.0874498881697501,0.115066918389449
PHC2,0.335164835164835,0.0874525041407647,0.115066918389449
NEK1,-0.335164835164835,0.0874525041407646,0.115066918389449
RBAK,-0.335164835164835,0.0874525041407646,0.115066918389449
PELI3,0.334967889809586,0.0876502681961021,0.115299999941803
EPS8,0.334554334554335,0.0880666439707085,0.115793245493581
RMC1,-0.334554334554335,0.0880666439707084,0.115793245493581
FCGR3B,0.334147893745305,0.0884773130735819,0.116305861473312
NRARP,0.333943833943834,0.0886840410261322,0.116550213259255
C2orf81,0.33390077978802,0.0887277047467939,0.116580198530092
KIR2DL1,-0.333743144325822,0.0888877107342165,0.116762997046215
STAT6,0.333333333333333,0.0893047050859594,0.117283210624867
PLXNA2,0.333231817008024,0.0894082289030326,0.117391598033754
ZNF790,-0.333078923129597,0.0895643173553979,0.117568934894691
ACKR3,0.332524671500489,0.0901318757061487,0.118286188441395
LTBP1,0.332315272755843,0.0903470070942012,0.118540700063532
RRNAD1,0.332112332112332,0.0905558732456615,0.118703338769278
PLA2G15,0.332112332112332,0.0905558732456615,0.118703338769278
ZNF17,-0.332112332112332,0.0905558732456613,0.118703338769278
CABLES2,-0.332112332112332,0.0905558732456613,0.118703338769278
TSPAN14,0.330891330891331,0.0918202263211899,0.120276108125578
SEMA4B,-0.330891330891331,0.0918202263211897,0.120276108125578
EFCAB13,0.330891330891331,0.0918202263211899,0.120276108125578
AK4,0.330782074157001,0.0919340075568654,0.120396948538171
KNDC1,0.33048265176638,0.0922463742610615,0.120777739374352
ZC4H2,-0.330331250986457,0.0924046243587277,0.120956615031368
NARS2,-0.33028083028083,0.0924573714557128,0.120997337041972
TMSB4Y,0.329868927111612,0.0928891296727474,0.121533929136641
MAST3,0.32967032967033,0.0930978418848796,0.121778510367309
PAIP2B,-0.329260904440072,0.0935292336634729,0.122314189580482
SLF2,-0.329059829059829,0.0937416472567779,0.122534663735368
NUFIP1,-0.329059829059829,0.0937416472567779,0.122534663735368
ALOX12,0.328844162390764,0.0939698781832291,0.122804290441836
FSD1L,0.328650030776918,0.094175676768632,0.123044482357521
POLD1,-0.328449328449328,0.0943887971994872,0.123294126124628
TTC21A,0.328034623531752,0.0948303100186384,0.123841918174738
FAM8A1,-0.327838827838828,0.0950393013207465,0.12405690312456
ZSCAN12,-0.327838827838828,0.0950393013207465,0.12405690312456
HOXA1,0.327598380070852,0.0952964273880995,0.124363505706943
BMP1,0.326811754478511,0.0961412690669403,0.125436765427515
MYL6B,-0.326057094319349,0.0969570532434584,0.126471621585589
MFSD12,0.326007326007326,0.0970110345211581,0.126512524496809
LEMD2,-0.325396825396825,0.0976750510156062,0.127348772506241
PNMA5,0.325283168161961,0.097799046668725,0.127480715377974
PTPRN2,-0.32516992593947,0.0979227068833159,0.127612159611164
GPAT2,-0.324984788797993,0.0981251285579668,0.127846160041042
SLC25A37,0.324786324786325,0.0983424694105905,0.12803983444564
ZBTB26,-0.324786324786325,0.0983424694105905,0.12803983444564
ZNF550,-0.324786324786325,0.0983424694105905,0.12803983444564
L1TD1,0.324557553197588,0.0985934478549163,0.128336722626791
CD180,0.324373915134839,0.0987952585917891,0.128569487094551
TRAM2,-0.324175824175824,0.0990132991848377,0.128823259432669
GSTM3,-0.324080168617784,0.0991187170903731,0.128930417764449
PIK3R6,0.323920015985795,0.0992954025753769,0.129130207256165
MTSS1,0.323565323565324,0.0996875497944065,0.129549797455338
PPP1R16A,0.323565323565324,0.0996875497944065,0.129549797455338
NSUN6,-0.323565323565324,0.0996875497944065,0.129549797455338
HLA-DQB2,0.323309422176208,0.0999711927802745,0.129888222589985
KLHDC8B,0.322672088641215,0.100680242220755,0.130779074215671
PKMYT1,-0.322393531461828,0.100991322147516,0.131152687749399
CMTM8,-0.322108062230059,0.101310865985875,0.131537116924313
EVI5L,-0.321733821733822,0.101730920848593,0.132051835976168
BCL3,0.321123321123321,0.102418948894976,0.132883239494364
TMEM184B,-0.321123321123321,0.102418948894976,0.132883239494364
MAN1A2,-0.320512820512821,0.10311044470525,0.133656376168696
DYNC1I2,0.320512820512821,0.10311044470525,0.133656376168696
AK9,-0.320512820512821,0.10311044470525,0.133656376168696
MAGED2,-0.320512820512821,0.10311044470525,0.133656376168696
LRRC75A,0.320256453128274,0.103401860489593,0.134003059990221
GTF2IRD2B,-0.31990231990232,0.103805417592436,0.134401457554273
PDP1,0.31990231990232,0.103805417592436,0.134401457554273
ZNF16,-0.31990231990232,0.103805417592436,0.134401457554273
PDE8A,0.31990231990232,0.103805417592436,0.134401457554273
SLC35F6,0.319291819291819,0.104503876844546,0.135180587396414
NEK11,-0.319291819291819,0.104503876844546,0.135180587396414
IL6ST,-0.319291819291819,0.104503876844546,0.135180587396414
KAT2A,-0.319291819291819,0.104503876844546,0.135180587396414
UBTD2,0.318977370068988,0.104864994079268,0.13561633831898
NFIA,0.318681318681319,0.105205831724237,0.135899979441426
SLC25A35,-0.318681318681319,0.105205831724237,0.135899979441426
CCL4L2,-0.318681318681319,0.105205831724237,0.135899979441426
MLLT1,0.318681318681319,0.105205831724237,0.135899979441426
RCAN1,0.318681318681319,0.105205831724237,0.135899979441426
WDR19,-0.318070818070818,0.105911291468484,0.136748081711328
TMEM187,-0.318070818070818,0.105911291468484,0.136748081711328
IGF2BP3,0.317640236579208,0.106410959622213,0.137361515745018
IGHV3-7,-0.317021604339177,0.107131917557698,0.138260254554039
NHLRC2,-0.316849816849817,0.107332762368084,0.138423617887991
SLC66A2,0.316849816849817,0.107332762368084,0.138423617887991
RTL8A,0.316849816849817,0.107332762368084,0.138423617887991
TSTD3,-0.316239316239316,0.108048791865921,0.139314928317785
IGHG1,-0.315984334811237,0.108348896394849,0.139640575746432
AP001453.3,-0.315982296461167,0.108351297954894,0.139640575746432
IDUA,-0.315628815628816,0.108768362912605,0.140113495832133
MTERF3,-0.315628815628816,0.108768362912605,0.140113495832133
ME3,-0.31537170265158,0.109072473061526,0.140472885619543
IGHV1-46,-0.31513164714588,0.109356976924659,0.140806865061638
PFKM,-0.315018315018315,0.109491484611623,0.140915162703842
CLYBL,-0.315018315018315,0.109491484611623,0.140915162703842
IGHV6-1,-0.314731396443956,0.109832561075288,0.141321601825359
ZNF316,0.314407814407814,0.110218166038749,0.141752526331344
C10orf88,-0.314407814407814,0.110218166038749,0.141752526331344
SKA3,-0.313971629419487,0.110739544094124,0.142390326643905
GCNT1,0.313797313797314,0.110948416241712,0.142527806943178
ALG10,-0.313797313797314,0.110948416241712,0.142527806943178
MPP5,0.313797313797314,0.110948416241712,0.142527806943178
MOSPD2,0.313797313797314,0.110948416241712,0.142527806943178
ZNF155,-0.313186813186813,0.111682244239855,0.143437553924958
IGHV4-34,-0.312922471101826,0.112001098367191,0.143814039510753
GLTPD2,0.31262403050844,0.112361891803725,0.144185947995656
ABL2,-0.312576312576313,0.112419659023795,0.144185947995656
SNCA,0.312576312576313,0.112419659023795,0.144185947995656
NCF1,0.312576312576313,0.112419659023795,0.144185947995656
PLCB2,0.312576312576313,0.112419659023795,0.144185947995656
NT5DC1,-0.311965811965812,0.113160669555087,0.145069799209547
RAB2B,-0.311965811965812,0.113160669555087,0.145069799209547
SORL1,-0.311355311355311,0.113905284765885,0.145990912768927
SLC22A4,0.311097545984473,0.114220760404605,0.14636170764953
EOGT,-0.310744810744811,0.114653513558603,0.146848934452521
MAFF,-0.310744810744811,0.114653513558603,0.146848934452521
EIF4G3,-0.31013431013431,0.115405364805578,0.147676613270662
RETSAT,-0.31013431013431,0.115405364805578,0.147676613270662
IPMK,0.31013431013431,0.115405364805578,0.147676613270662
SMG9,-0.31013431013431,0.115405364805578,0.147676613270662
KLHL17,-0.30952380952381,0.116160847348727,0.148609347603313
RUBCNL,0.308913308913309,0.116919969999215,0.149409614313439
GNG2,-0.308913308913309,0.116919969999215,0.149409614313439
LGALS3BP,-0.308913308913309,0.116919969999215,0.149409614313439
ABHD3,-0.308913308913309,0.116919969999215,0.149409614313439
TGIF2,-0.308913308913309,0.116919969999215,0.149409614313439
ZP3,0.30863586190865,0.117266164921028,0.149817773415214
GDPD1,-0.308349873841332,0.11762380691357,0.150240367350544
DYSF,0.308302808302808,0.117682741537108,0.150281317806693
DZANK1,-0.307128686222158,0.119160001963588,0.152133043602827
DIPK2A,0.307081807081807,0.119219266237875,0.152139237061204
ITGAL,-0.307081807081807,0.119219266237875,0.152139237061204
STARD10,-0.306518092412572,0.119933608383778,0.153015911038577
ZBTB10,-0.306471306471306,0.119993036802361,0.153056811541697
ALS2CL,-0.306328697836734,0.12017431457174,0.153253082573585
S1PR3,0.306280310871731,0.120235867624641,0.15329661918764
SRXN1,0.305860805860806,0.120770491056798,0.153943147022934
PLA2G4C,0.305436831577061,0.121312581579782,0.154598896124462
SLC5A10,0.305359628574522,0.121411484674281,0.154689683822871
ATP8B4,0.305296904793398,0.121491882308008,0.154727238236952
TUBE1,-0.305250305250305,0.121551637620696,0.154727238236952
PLCB3,0.305250305250305,0.121551637620696,0.154727238236952
GIT1,-0.305250305250305,0.121551637620696,0.154727238236952
GNPDA1,0.304639804639805,0.122336485080436,0.155620023787489
PFAS,-0.304639804639805,0.122336485080436,0.155620023787489
NATD1,0.304639804639805,0.122336485080436,0.155620023787489
MACROD1,-0.304029304029304,0.123125041988935,0.156551895134634
ZNF813,-0.304029304029304,0.123125041988935,0.156551895134634
IGHV3-30,-0.303983583212623,0.12318424710742,0.156591568498453
SPRED2,0.303465123364638,0.123857074794827,0.15738033974807
ATP23,-0.303418803418803,0.123917316865299,0.15738033974807
AC055839.2,-0.303418803418803,0.123917316865299,0.15738033974807
PLP2,0.303418803418803,0.123917316865299,0.15738033974807
LMAN2L,-0.302854529555051,0.124652914852939,0.158211632337479
B3GAT2,-0.302808302808303,0.124713318194493,0.158211632337479
EPM2A,-0.302808302808303,0.124713318194493,0.158211632337479
CALHM2,0.302808302808303,0.124713318194493,0.158211632337479
ZNF473,-0.302808302808303,0.124713318194493,0.158211632337479
IL11RA,-0.302197802197802,0.125513054426999,0.159153968334643
L3HYPDH,-0.302197802197802,0.125513054426999,0.159153968334643
ANKLE1,0.301735350065258,0.126121343182915,0.159889039011304
SLC10A7,-0.301587301587302,0.126316533978474,0.160063915252125
KNTC1,-0.301587301587302,0.126316533978474,0.160063915252125
RPS27,-0.300976800976801,0.127123765229418,0.161013838088993
LTB4R,0.300976800976801,0.127123765229418,0.161013838088993
TUSC1,0.300503777207849,0.12775180332244,0.161772663989829
INPP1,0.2997557997558,0.128749516173874,0.162962266737053
ME1,-0.2997557997558,0.128749516173874,0.162962266737053
ZHX3,0.298885669792737,0.129917300310895,0.164403155315349
NEXN,0.298717221282366,0.130144260080978,0.16465310008435
NAT1,-0.298534798534798,0.130390373588299,0.164889861851146
CCNE1,-0.298534798534798,0.130390373588299,0.164889861851146
TIGD2,0.29827507598315,0.130741359607811,0.165296333467529
SUV39H2,-0.298106347619212,0.130969745299402,0.165547652738304
CTNNBIP1,0.297313797313797,0.132046403216423,0.16683314206648
TCEA3,-0.297313797313797,0.132046403216423,0.16683314206648
ZNF256,-0.296884600292904,0.132632134204461,0.167535327416161
ZNF573,-0.296748591459183,0.132818140601781,0.167732394364309
FAM189B,-0.296703296703297,0.132880127993138,0.167772787477451
ALDH1B1,-0.296092796092796,0.133717670206977,0.168601851589046
RMI1,0.296092796092796,0.133717670206977,0.168601851589046
BRI3BP,0.296092796092796,0.133717670206977,0.168601851589046
PLEKHG3,-0.296092796092796,0.133717670206977,0.168601851589046
ACTN1,0.296092796092796,0.133717670206977,0.168601851589046
ARL17A,-0.296092796092796,0.133717670206977,0.168601851589046
AGBL5,-0.295482295482296,0.13455903790679,0.169624467983492
PPP1R12B,-0.294871794871795,0.135404239102896,0.170536149789053
WDR5B,-0.294871794871795,0.135404239102896,0.170536149789053
MSANTD4,0.294871794871795,0.135404239102896,0.170536149789053
FCHO1,0.294871794871795,0.135404239102896,0.170536149789053
GEM,-0.294551288845358,0.135849497564911,0.171058408102451
ZNF283,-0.294441105640287,0.136002812784842,0.171212906144268
CD163,0.294311441008006,0.136183396085298,0.171373898254518
KLF13,-0.294261294261294,0.136253281766736,0.171373898254518
RTL5,0.294261294261294,0.136253281766736,0.171373898254518
CXorf40A,0.294261294261294,0.136253281766736,0.171373898254518
ITGAM,0.293650793650794,0.137106173830549,0.172407853397893
POLR3A,-0.293040293040293,0.137962923187028,0.173407207566163
E2F1,-0.293040293040293,0.137962923187028,0.173407207566163
TRBV5-5,-0.292996069883366,0.138025134032462,0.173446415620119
FPGT,0.292474434792075,0.138760474796774,0.174331290735466
BOLA1,-0.291819291819292,0.139688025149018,0.175417793989066
SCRIB,-0.291819291819292,0.139688025149018,0.175417793989066
ST6GALNAC2,0.291654269197848,0.139922368152794,0.175672627460805
SGSM2,-0.291208791208791,0.14055639333918,0.176429035140897
ADORA2B,0.290877052394065,0.141029884402875,0.17698364308368
RNASE4,0.290651194348576,0.141352909344656,0.177285140270711
CLDND2,0.290642653363315,0.141365135226111,0.177285140270711
PDIA5,-0.290598290598291,0.141428649990637,0.177285140270711
FOXP4,-0.290598290598291,0.141428649990637,0.177285140270711
GDAP1,-0.290598290598291,0.141428649990637,0.177285140270711
GIMAP8,0.28998778998779,0.142304802793337,0.178263543284126
TTC12,-0.28998778998779,0.142304802793337,0.178263543284126
GGT7,-0.28998778998779,0.142304802793337,0.178263543284126
ZNF74,-0.289554116335054,0.142929555501413,0.179006063687324
GRK2,0.289377289377289,0.143184859395677,0.179245519082299
ZNF45,-0.289377289377289,0.143184859395678,0.179245519082299
TEF,0.2889432426719,0.143812930481792,0.179991474318304
NAIP,0.288766788766789,0.144068827404171,0.1802310699875
CREBL2,0.288766788766789,0.144068827404171,0.1802310699875
PLLP,-0.288200278124968,0.144892606001891,0.181220198262993
ARHGEF19,-0.288156288156288,0.144956714383113,0.181220198262993
FANCB,-0.288156288156288,0.144956714383113,0.181220198262993
ZSCAN18,-0.287894981220174,0.145337947987326,0.181656192477677
CLIP2,0.287545787545788,0.145848527854246,0.182172206334811
SNTB1,-0.287545787545788,0.145848527854247,0.182172206334811
PIP5K1C,0.287545787545788,0.145848527854246,0.182172206334811
ZCCHC24,0.287374227511507,0.146099848880261,0.182445367337745
ARRDC1,0.286935286935287,0.146744275296434,0.183168300771799
C12orf4,-0.286935286935287,0.146744275296434,0.183168300771799
SLC17A9,-0.286324786324786,0.147643964145323,0.184250177973811
LANCL2,0.285714285714286,0.148547601793015,0.185295157088231
ULK1,0.285714285714286,0.148547601793015,0.185295157088231
TMEM158,0.28414095223336,0.150894637554282,0.188180823640398
AIM2,-0.283315527648273,0.152136523067839,0.189684063085729
ADK,0.283272283272283,0.152201786671256,0.189684063085729
METRNL,0.283272283272283,0.152201786671256,0.189684063085729
FKBP1C,0.282956359342421,0.152679179940018,0.190236625272857
IFT22,-0.282661782661783,0.153125277647277,0.190688259628462
CBWD3,-0.282661782661783,0.153125277647277,0.190688259628462
IGLV1-40,-0.282649465243351,0.153143950999897,0.190688259628462
PELO,-0.282051282051282,0.15405276084177,0.191734484448514
ZBTB22,-0.282051282051282,0.15405276084177,0.191734484448514
FAM174B,0.281691461265831,0.15460127961034,0.192374355937032
CREB3L2,-0.281440781440781,0.154984243332784,0.192807984141696
SRGAP3,0.281259882245304,0.15526102272265,0.193066408509019
DCHS1,0.281259882245304,0.15526102272265,0.193066408509019
PHOSPHO2,-0.280830280830281,0.155919732152191,0.193799320336753
ZNF77,-0.280830280830281,0.155919732152191,0.193799320336753
GALE,0.28021978021978,0.156859234285361,0.194880435041932
SLC2A13,-0.28021978021978,0.156859234285361,0.194880435041932
CEP19,-0.279780137724588,0.157538291697455,0.195680614653969
KSR1,0.27960927960928,0.157802756670831,0.195965581901685
ZNF786,-0.279346667885959,0.158209858711934,0.196427515523342
TRMT10A,-0.278998778998779,0.158750306199987,0.197011032461235
EFNB1,0.278998778998779,0.158750306199986,0.197011032461235
IGLV1-51,-0.278935088563363,0.158849391499139,0.197090258988947
PDE8B,0.27862959755642,0.159325264460005,0.197636840918445
UCK2,-0.278388278388278,0.159701889716729,0.197972282708035
PTK2,0.278388278388278,0.159701889716728,0.197972282708035
HOOK2,0.278388278388278,0.159701889716728,0.197972282708035
ZNF345,-0.277777777777778,0.160657514017157,0.199112770031902
NR2F6,0.277336643071972,0.161350546324199,0.199927377585846
BCLAF3,-0.277167277167277,0.161617185849244,0.200213403471195
CCDC24,0.276904292647612,0.162031831364966,0.200682613730429
SYCE1L,-0.276598995742819,0.162514134782074,0.201235394530858
BX664615.2,-0.275988401933232,0.163481788693691,0.202382014607721
STAM2,0.275946275946276,0.163548698857706,0.202382014607721
LFNG,0.275946275946276,0.163548698857706,0.202382014607721
MAP3K4,-0.275335775335775,0.164520553286486,0.20353958716328
DDIAS,0.274767214314058,0.165429307890016,0.204618599805567
FBXO4,-0.274114774114774,0.166476490754025,0.205822802630225
ADA,-0.274114774114774,0.166476490754025,0.205822802630225
CYB5RL,-0.273851323599678,0.166900657940946,0.206301609019844
FUT7,-0.273671401093047,0.167190778917451,0.206614549327378
EFHC1,-0.273504273504273,0.167460586747744,0.206810865965854
OTUD6B,-0.273504273504273,0.167460586747744,0.206810865965854
ZNRF1,0.273504273504273,0.167460586747744,0.206810865965854
IFI27,0.273135748172185,0.168056611734531,0.207490308982277
LYNX1,0.27311824287948,0.168084960602596,0.207490308982277
CELSR3,-0.272893772893773,0.168448776134327,0.207893523757042
CBWD2,0.272283272283272,0.169441065265165,0.209025907117318
LGMN,0.272283272283272,0.169441065265165,0.209025907117318
NSMF,-0.271672771672772,0.170437460440641,0.210162354748416
HEXA,-0.271672771672772,0.170437460440641,0.210162354748416
SLC24A1,-0.271408948361331,0.170869317390708,0.210648417735635
CMTM4,0.271103651456537,0.171370022379446,0.211163241531209
SOCS5,0.271062271062271,0.171437967909816,0.211163241531209
FRMD4B,0.271062271062271,0.171437967909816,0.211163241531209
NEK3,0.271062271062271,0.171437967909816,0.211163241531209
KPTN,-0.27045177045177,0.172442593870111,0.212353883488584
TESK2,0.26984126984127,0.173451344466995,0.213549079317357
TBCE,-0.269395285450968,0.174190870065952,0.214412358663616
NUDT8,-0.269230769230769,0.174464225793671,0.214701573643972
TSKS,0.269146124884277,0.174604985597038,0.214827520232923
ZBTB41,-0.268620268620269,0.175481243890761,0.215810669856419
SPATA2L,0.268620268620269,0.175481243890761,0.215810669856419
ZNF713,0.26841975718628,0.175816174475371,0.216175032468398
MEST,0.26817353812466,0.176228065845674,0.216633841329745
IGHV3-64,-0.268092163281724,0.176364343302445,0.216753715988412
MS4A1,-0.268009768009768,0.176502404745996,0.216875730024084
GZF1,0.267399267399267,0.177527714293903,0.218087649018345
IL6R,0.266788766788767,0.178557178415499,0.219207846695822
C2orf74,-0.266788766788767,0.178557178415498,0.219207846695822
PXMP4,-0.266788766788767,0.178557178415498,0.219207846695822
C1orf56,-0.266178266178266,0.179590802937974,0.220428395528786
C15orf48,0.265730043472043,0.1803523303869,0.221314512074511
MAP3K13,-0.265567765567766,0.18062859363439,0.221507696404279
JPT1,0.265567765567766,0.180628593634391,0.221507696404279
CHEK2,-0.265567765567766,0.18062859363439,0.221507696404279
RRAD,0.264545024493129,0.182376503843856,0.223602150733358
BCL9,-0.264508296145735,0.182439492348474,0.223630346605144
FAAP24,-0.264387119551083,0.182647415539187,0.223822949856363
GPSM2,0.264346764346764,0.182716696368794,0.223822949856363
ALKBH1,0.264346764346764,0.182716696368794,0.223822949856363
GINS4,-0.264081822646289,0.183171995803051,0.224331537566942
AURKA,-0.263776525741496,0.18369762278283,0.224912491584087
TCTN1,0.263736263736264,0.183767019679487,0.224912491584087
IQCN,-0.263736263736264,0.183767019679487,0.224912491584087
PPP1R13L,-0.263471228836702,0.184224297171752,0.225422816145391
GMPR,0.263320279009364,0.184485091209892,0.225692546498735
FAM234B,0.263222563710008,0.184654049307971,0.225849834586653
ADAP1,0.263125763125763,0.184821531708921,0.22600524935847
WDR81,0.262515262515263,0.185880237954909,0.22720050068718
CYTH4,0.262515262515263,0.185880237954909,0.22720050068718
KCNH3,0.261999694656767,0.186777586186059,0.228197566517904
CCDC189,-0.261999694656767,0.18677758618606,0.228197566517904
PSEN2,0.261904761904762,0.186943143859302,0.22830007872051
CIITA,0.261904761904762,0.186943143859302,0.22830007872051
FAM167A,0.261709232199459,0.187284457678707,0.228649573402109
PROS1,0.261693977393457,0.187311104391105,0.228649573402109
DYNC2LI1,0.261639447407942,0.1874063774784,0.228666040335852
MOCS3,-0.261639447407942,0.1874063774784,0.228666040335852
STAB1,0.261334150503149,0.187940402848215,0.229267611851487
CMIP,0.261294261294261,0.188010254807688,0.229302801501546
IGHG4,-0.261093445770754,0.188362185821485,0.229655170009562
SLX1B,0.261082542866837,0.188381306300762,0.229655170009562
LEKR1,0.261028853598355,0.188475481046933,0.229719897561999
ABTB2,-0.260683760683761,0.189081576129091,0.230358207780801
DHRS7B,0.260683760683761,0.189081576129091,0.230358207780801
AGRN,0.260258415299953,0.189830473959441,0.231169862887891
ENKUR,-0.260258415299953,0.189830473959441,0.231169862887891
SDC4,0.259861872913345,0.190530503600534,0.231971821496666
FHIT,-0.258852258852259,0.19232085476689,0.233998742353449
MICAL1,0.258852258852259,0.19232085476689,0.233998742353449
NFATC1,-0.258852258852259,0.19232085476689,0.233998742353449
QPCTL,-0.258241758241758,0.193409069728851,0.235271594066508
ARV1,-0.257631257631258,0.194501520850037,0.236446196650741
TUBGCP5,-0.257631257631258,0.194501520850037,0.236446196650741
CDIP1,0.257631257631258,0.194501520850037,0.236446196650741
PEAK3,0.257288241335608,0.195117186779707,0.237143079433193
MRM1,-0.257177812187886,0.195315676586265,0.237332738694131
PIGM,0.257020757020757,0.195598213113834,0.237469649963647
COQ7,-0.257020757020757,0.195598213113834,0.237469649963647
PLD3,0.257020757020757,0.195598213113834,0.237469649963647
DDX3Y,0.257020757020757,0.195598213113834,0.237469649963647
AC233755.2,-0.256798179315293,0.195999103638497,0.237904707520399
ETAA1,-0.256410256410256,0.196699151444986,0.238547311836991
JRK,-0.256410256410256,0.196699151444986,0.238547311836991
NFKBIA,0.256410256410256,0.196699151444986,0.238547311836991
C20orf194,0.256410256410256,0.196699151444986,0.238547311836991
FAM92A,0.256256572723342,0.196976964474557,0.238832433942264
RGCC,-0.255799755799756,0.197804340709311,0.239783627410896
C17orf107,0.255345191198423,0.198630002792599,0.240732331082838
PNOC,-0.255189255189255,0.1989137857134,0.24091962090304
GOLGA8N,0.255189255189255,0.1989137857134,0.24091962090304
CCL3L1,0.255189255189255,0.1989137857134,0.24091962090304
GADD45G,-0.254578754578755,0.200027491204338,0.24211119714603
BOLA2B,-0.254578754578755,0.200027491204338,0.24211119714603
TBCD,-0.254578754578755,0.200027491204338,0.24211119714603
CATSPERG,0.254123443872115,0.200860867980185,0.243067295768274
NFKBIE,0.253357753357753,0.202267702335804,0.244716787421423
ERI2,0.253088222197594,0.202764522420185,0.245264808430386
GXYLT1,-0.252747252747253,0.203394217170351,0.245973283394595
GFI1B,0.252216742230844,0.204376606272537,0.247107888059681
TMEM191B,0.252175243359347,0.204453589424305,0.247127022652672
ZNF512,-0.252136752136752,0.204525010879214,0.247127022652672
BRCA1,-0.252136752136752,0.204525010879214,0.247127022652672
THAP9,0.251911024967534,0.204944196200748,0.247580027037067
ZNF530,-0.251259352644967,0.206157668041071,0.248992155439669
AP1S3,-0.251069075556344,0.206512902580991,0.249367339933686
PPBP,0.250915750915751,0.206799452639556,0.249605555614159
NLRX1,-0.250915750915751,0.206799452639556,0.249605555614159
L2HGDH,-0.25064875883538,0.207299083183983,0.250154612249641
TLN1,0.25030525030525,0.207943109397529,0.250769434494497
TMEM250,-0.25030525030525,0.207943109397529,0.250769434494497
DNAL1,-0.25030525030525,0.207943109397529,0.250769434494497
HEXIM2,0.249771004124363,0.2089474427039,0.251926282794353
TRIP6,0.24969474969475,0.209091062442244,0.251990780426084
DLGAP4,0.24969474969475,0.209091062442244,0.251990780426084
AIG1,0.249084249084249,0.210243315972348,0.253324848721691
SNRPD3,0.248473748473748,0.211399874124144,0.254663527811765
TMEM102,-0.247863247863248,0.21256074097132,0.256006819623438
ZNF439,-0.247595789787446,0.213070670795931,0.256565717289157
SAP30,0.247252747252747,0.213725920524673,0.257299321329166
PDZK1IP1,0.246742855652176,0.214702389377539,0.258419234050623
HIST1H4H,-0.246642246642247,0.214895416731834,0.258540269011278
ZFY,0.246642246642247,0.214895416731834,0.258540269011278
SNAI3,-0.246031746031746,0.216069233476998,0.259840678194273
ZNF780B,-0.246031746031746,0.216069233476998,0.259840678194273
CENPBD1,0.244848117644305,0.218357332498688,0.262535842471009
ZNF552,-0.244200244200244,0.219616644825213,0.263993180967883
FAM20A,0.24365665885816,0.220677012477147,0.265210800294908
CENPJ,-0.243589743589744,0.220807781286144,0.265253944780261
ERF,0.243589743589744,0.220807781286144,0.265253944780261
MST1,-0.242711039310751,0.222529822879191,0.267265199643564
PSD,-0.24243378980492,0.223075030059626,0.267862479728028
SLC27A1,0.242368742368742,0.223203074699925,0.267958693370971
IFT81,0.241905970609033,0.224115456418968,0.268996272224698
ZNF768,0.241795148596371,0.22433431929753,0.269201183157036
NUP43,-0.241147741147741,0.225615751762412,0.270564718819517
ABR,0.241147741147741,0.225615751762412,0.270564718819517
ZNF701,-0.241147741147741,0.225615751762412,0.270564718819517
TMEM86A,0.240298079571709,0.227304939689809,0.27248387252976
POP1,-0.240293768961749,0.22731353099988,0.27248387252976
SLC44A2,-0.23992673992674,0.228045839146376,0.273303114553479
CYB5R1,0.239316239316239,0.229267419755281,0.274473006052565
KCTD6,0.239316239316239,0.229267419755281,0.274473006052565
ATN1,-0.239316239316239,0.229267419755281,0.274473006052565
SETBP1,-0.239316239316239,0.229267419755281,0.274473006052565
CAPS,-0.239316239316239,0.229267419755281,0.274473006052565
RUFY4,0.23907050317543,0.22976035635698,0.275000730466233
FAM131A,0.239047476453231,0.229806583238324,0.275000730466233
DOK2,0.238705738705739,0.230493362467322,0.275527764625324
C11orf21,0.238705738705739,0.230493362467322,0.275527764625324
TMTC4,0.238705738705739,0.230493362467322,0.275527764625324
C19orf47,-0.238705738705739,0.230493362467322,0.275527764625324
USP9Y,-0.238705738705739,0.230493362467322,0.275527764625324
RBM44,0.238240728630108,0.231430075013063,0.276588369197061
PSPH,0.237484737484738,0.232958346275308,0.278355357344342
CEP41,-0.236910398119677,0.234123880026239,0.279537208751532
ZNF496,-0.236874236874237,0.234197393240509,0.279537208751532
THBS1,0.236874236874237,0.234197393240509,0.279537208751532
PHLPP1,-0.236874236874237,0.234197393240509,0.279537208751532
CDKL5,0.236874236874237,0.234197393240509,0.279537208751532
SMOX,0.236375878366545,0.235212083566245,0.280688427507991
SORBS3,-0.236263736263736,0.235440814046862,0.280841517096854
OAS2,0.236263736263736,0.235440814046862,0.280841517096854
LHFPL2,0.235763505624663,0.23646290754342,0.282000550006996
IGHG3,-0.235708010012097,0.236576479786321,0.282075836879554
CBLN3,-0.235186360314337,0.237645809258427,0.283290421098513
SLC22A5,-0.235042735042735,0.237940788177005,0.283521177815003
DBP,0.235042735042735,0.237940788177004,0.283521177815003
ABITRAM,0.234432234432234,0.239197346827322,0.284775721409067
SCARB1,0.234432234432234,0.239197346827322,0.284775721409067
ZNF778,-0.234432234432234,0.239197346827322,0.284775721409067
TCEAL4,0.234432234432234,0.239197346827322,0.284775721409067
PLTP,0.233353739324875,0.24142786776999,0.287370080155339
IDH1,0.233246835262156,0.241649710407415,0.287477346576742
TMEM91,0.233211233211233,0.24172362010083,0.287477346576742
PLCB1,-0.233211233211233,0.241723620100829,0.287477346576742
ZNF182,-0.233211233211233,0.241723620100829,0.287477346576742
TNS1,0.232932621194032,0.24230253290119,0.288104563891868
SMIM4,0.232600732600733,0.242993339638383,0.288864531304812
CNPY4,-0.231990231990232,0.244267450937384,0.290317446470107
PDE5A,-0.231521118335413,0.245249473792029,0.29136075152858
HBB,-0.231521118335413,0.245249473792029,0.29136075152858
SAMD9L,-0.231379731379731,0.24554595628167,0.291651016891907
FAM117B,0.230769230769231,0.246828857885315,0.293050312801418
ZBTB5,-0.230769230769231,0.246828857885315,0.293050312801418
TIGD3,0.230477468401473,0.247443518402695,0.293717714902965
MON1A,-0.23015873015873,0.248116157892399,0.294391163788308
FAM24B,-0.23015873015873,0.248116157892399,0.294391163788308
NRP2,0.229863680203333,0.248739876608586,0.295068602035471
ETV7,-0.22954822954823,0.249407858376778,0.295735526726663
TCF4,0.22954822954823,0.249407858376778,0.295735526726663
ARRDC5,-0.229277975499842,0.24998106903003,0.29635237184989
SNAI1,0.229077623682796,0.250406573541149,0.296793887079718
CCDC106,0.228982230219275,0.250609335578368,0.296894653075741
HIST1H2BE,-0.228972678595048,0.250629643801604,0.296894653075741
NFXL1,-0.228937728937729,0.250703961341854,0.296894653075741
NRM,0.228937728937729,0.250703961341854,0.296894653075741
ZNF670,0.228466750019642,0.251706866910203,0.297956138814957
CCDC171,-0.228466750019642,0.251706866910204,0.297956138814957
DNAH1,-0.228327228327228,0.252004468720348,0.298056046760615
GTF2IRD2,-0.228327228327228,0.252004468720348,0.298056046760615
TBCEL,0.228327228327228,0.252004468720348,0.298056046760615
RBBP8,0.228327228327228,0.252004468720348,0.298056046760615
NLRP6,-0.227751490975875,0.253234959356179,0.299448063590559
RSPH3,0.227446194071081,0.25388904350637,0.300158040441358
TTC7A,0.227106227106227,0.254618704093711,0.300893447441257
SLX4IP,-0.227106227106227,0.25461870409371,0.300893447441257
MSANTD2,-0.226530303356701,0.255857912086583,0.302190494059823
ARMCX5,0.226530303356701,0.255857912086583,0.302190494059823
RHOC,0.226495726495727,0.255932435598591,0.302190494059823
IL4R,-0.226495726495727,0.255932435598591,0.302190494059823
SCARF1,0.226230774849484,0.256503955589644,0.302801376326216
IGLV2-23,-0.226023255367025,0.256952170552576,0.303266470605742
TUBG1,-0.225885225885226,0.257250578536471,0.303554596998511
CSK,0.225274725274725,0.258573134483313,0.305050837137275
CRACR2B,-0.225003818832734,0.259161425745242,0.305680382359712
FITM2,-0.224393225023147,0.260490558796559,0.307183299196617
HSD11B1L,0.224190634377563,0.260932531631396,0.307639619836131
ZNF69,0.223785036743003,0.261818847351683,0.3086195182105
GAL3ST2,-0.223725798221936,0.261948459107886,0.308707225148851
DISC1,0.223443223443223,0.262567295055823,0.309306154192576
RYR1,-0.223443223443223,0.262567295055822,0.309306154192576
ZNF35,-0.222832722832723,0.263907517354752,0.310492496748953
TBC1D14,-0.222832722832723,0.263907517354752,0.310492496748953
CHN2,0.222832722832723,0.263907517354752,0.310492496748953
GNG11,0.222832722832723,0.263907517354752,0.310492496748953
C11orf98,-0.222832722832723,0.263907517354752,0.310492496748953
JUND,-0.222832722832723,0.263907517354752,0.310492496748953
BBS1,-0.222222222222222,0.26525215945805,0.312008850586751
NFIX,0.221645552880007,0.266526347619609,0.313441711017635
LZTS2,-0.221340255975214,0.267202518096817,0.314104788984108
IL4I1,-0.221340255975214,0.267202518096817,0.314104788984108
ESAM,-0.221066559819489,0.267809639512065,0.314752312768278
MINPP1,-0.221001221001221,0.267954707567353,0.314856634737684
HYAL3,0.220422146846592,0.269242607237691,0.316186467904612
EIF4E3,-0.22039072039072,0.269312615634775,0.316186467904612
SLC8B1,0.22039072039072,0.269312615634775,0.316186467904612
SOD1,-0.22039072039072,0.269312615634775,0.316186467904612
KLF5,0.21920317764166,0.271966684705153,0.31916845768546
SLC25A43,0.21920317764166,0.271966684705153,0.31916845768546
RTN2,0.218587843266731,0.273348496816086,0.320596532287443
CA2,0.218559218559219,0.273412886709374,0.320596532287443
C17orf58,-0.218559218559219,0.273412886709374,0.320596532287443
RPL39,0.218559218559219,0.273412886709374,0.320596532287443
IGKV3-15,-0.218004696110078,0.274662178315721,0.32199389961038
PHLDA2,0.217948717948718,0.274788495265935,0.32207446353534
NIPSNAP3B,0.217364974213491,0.276107954060117,0.323553159912862
RAP1GAP2,-0.217338217338217,0.276168530689687,0.323556342681066
ANG,0.21644782242356,0.278189204222588,0.325855473400233
MOB3C,-0.216117216117216,0.278941884259628,0.326668694613579
ADD2,0.215555205142549,0.280224375588926,0.327956999317109
AC005726.1,0.215539614784139,0.280260005793597,0.327956999317109
EFCAB2,0.215506715506716,0.280335203278931,0.327956999317109
PCGF6,-0.215506715506716,0.280335203278931,0.327956999317109
EHD4,0.215506715506716,0.280335203278931,0.327956999317109
TIMM23B,0.215027529430251,0.281431931039973,0.329171168871685
TMEM79,-0.214929020974552,0.281657728447296,0.329366377556939
SUSD1,0.214285714285714,0.283135127405056,0.331024802937293
RAPGEF2,-0.213675213675214,0.284541732933073,0.332599784816418
ID3,0.213064713064713,0.285952767592347,0.333969898992566
GFOD1,0.213064713064713,0.285952767592347,0.333969898992566
LHFPL5,-0.213064713064713,0.285952767592347,0.333969898992566
LRRC23,0.213064713064713,0.285952767592347,0.333969898992566
SPATA1,0.212473498000529,0.287323449544032,0.335412888752006
CTH,0.212454212454212,0.287368231403945,0.335412888752006
PF4,0.212454212454212,0.287368231403945,0.335412888752006
CTDSPL,0.212370716556351,0.287562163425808,0.335569202395058
SNX15,0.211843711843712,0.288788124312801,0.33692952037496
ENKD1,-0.211570755021825,0.289424395872734,0.337601422970448
SYCP2,-0.211362287451326,0.289910937105238,0.338098427589675
ZNF627,0.211233211233211,0.290212446187541,0.338379482710744
TDRD9,0.210902140133275,0.290986700125578,0.339211512841825
DCBLD1,0.210622710622711,0.291641196820309,0.33976199429566
AHR,0.210622710622711,0.291641196820309,0.33976199429566
INPP5A,0.210622710622711,0.291641196820309,0.33976199429566
L3MBTL4,-0.210140540125018,0.292772747319038,0.341009207041878
BPHL,0.210044270497858,0.292999002248834,0.341130630975532
VWA5A,0.210044270497858,0.292999002248834,0.341130630975532
CCZ1B,0.21001221001221,0.2930743759266,0.341147358489081
CYP4F22,0.209529666461864,0.294210303010775,0.342398338072061
GTPBP10,-0.209401709401709,0.294511983145086,0.342535567751107
CIPC,0.209401709401709,0.294511983145086,0.342535567751107
MT-ND3,0.209401709401709,0.294511983145086,0.342535567751107
ZNF589,0.208791208791209,0.295954018037455,0.344069619306746
C2CD2L,0.208791208791209,0.295954018037455,0.344069619306746
SSC5D,0.208499173577497,0.296645386159549,0.344801704303513
C19orf33,0.208135812902158,0.297507025427332,0.345731356232261
ZC3H10,0.207907192164304,0.298049958793844,0.346290332344728
GSTA4,0.20759435949808,0.298793886218974,0.347077228202801
TMEM70,0.207570207570208,0.298851368704665,0.347077228202801
GUCY1B1,0.207296598354717,0.299503052517438,0.347761850016095
PRKN,-0.206475298146093,0.301464568077812,0.34996675621572
GRAMD4,0.206349206349206,0.301766422875772,0.350244465903138
CLCF1,0.205738705738706,0.303230586856892,0.3518708117252
CCT6B,0.205128205128205,0.304699174256207,0.353501614614255
PYROXD2,-0.204642677156631,0.305870291406659,0.354786697686379
WDR90,-0.204548926211577,0.306096745413205,0.354916014395206
MAP4K2,-0.204517704517705,0.306172184092002,0.354916014395206
KLHDC1,-0.204517704517705,0.306172184092002,0.354916014395206
AFF3,-0.203907203907204,0.307649615304313,0.35633319154551
CTSC,-0.203907203907204,0.307649615304313,0.35633319154551
PSTPIP1,-0.203907203907204,0.307649615304313,0.35633319154551
ALDH16A1,0.203907203907204,0.307649615304314,0.35633319154551
MYOM2,-0.203420929830323,0.308829576930989,0.35753116072239
RDH5,0.203307750304904,0.309104613392206,0.35753116072239
ACSBG1,0.203307750304904,0.309104613392206,0.35753116072239
SLC22A18,0.203296703296703,0.309131466754785,0.35753116072239
ADCY9,-0.203296703296703,0.309131466754785,0.35753116072239
MYH11,-0.203296703296703,0.309131466754785,0.35753116072239
SLC38A7,0.203296703296703,0.309131466754785,0.35753116072239
MMP25,0.203163893584255,0.309454417410816,0.357830666286452
SPIN3,-0.20302244168761,0.309798613058774,0.358154609101647
RAB40B,0.202717144782816,0.310542302061651,0.358940172205199
RNF19B,0.202075702075702,0.312108425423941,0.360452357490846
CD72,-0.202075702075702,0.312108425423941,0.360452357490846
METTL9,0.202075702075702,0.312108425423941,0.360452357490846
ZNF429,-0.202075702075702,0.312108425423941,0.360452357490846
ADAL,-0.201495957163643,0.313528104227157,0.361954786296599
APBB3,0.201465201465201,0.313603529972644,0.361954786296599
LDLR,-0.201465201465201,0.313603529972644,0.361954786296599
CDK3,0.201322528989835,0.313953568679078,0.36228401899575
XRCC3,-0.200977435177706,0.314801233304843,0.363187228520876
BCORL1,0.200885363354056,0.315027630516591,0.363373455001811
SOWAHD,0.200858259337375,0.315094296239524,0.363375397931824
EEF1AKMT1,-0.200580066449262,0.315779049306948,0.364089988396794
THEM6,-0.2002442002442,0.316606982231334,0.364969335113919
ARMC7,-0.1996336996337,0.318115326797154,0.366556955996226
ZNF558,-0.1996336996337,0.318115326797154,0.366556955996226
FBXL8,-0.199023199023199,0.319628081425655,0.368148348369158
GMIP,0.199023199023199,0.319628081425655,0.368148348369158
ZBTB6,-0.198748285020502,0.32031072826502,0.368858647540773
IQCK,0.198716221151574,0.320390405178503,0.368874438080748
SIAE,0.19853394052509,0.320843593300014,0.369320167503845
UTRN,-0.198412698412698,0.32114524434627,0.369450504226549
MFAP3L,-0.198408768369846,0.321155025222685,0.369450504226549
TTC7B,0.198408768369846,0.321155025222685,0.369450504226549
RASA4,0.197802197802198,0.322666813708808,0.370960695365883
SH2D3C,0.197802197802198,0.322666813708808,0.370960695365883
ZNF296,0.197802197802198,0.322666813708808,0.370960695365883
KIAA1958,0.197191697191697,0.324192787583325,0.372638451832673
MYB,-0.196719117503787,0.325377044948456,0.373922818609076
DARS2,-0.196581196581197,0.32572316396,0.374166789824224
ATF5,0.196581196581197,0.32572316396,0.374166789824224
TMEM168,-0.195970695970696,0.327257940749019,0.375698296996205
TP53I11,0.195970695970696,0.327257940749019,0.375698296996205
CCL3,0.195970695970696,0.327257940749019,0.375698296996205
CYP27A1,0.195479572209319,0.328495800780237,0.377041978235444
ASCL2,0.195360195360195,0.328797115780448,0.377232965007031
ZNF784,0.195360195360195,0.328797115780448,0.377232965007031
MTURN,-0.194749694749695,0.330340686804123,0.378926178586391
RTL6,-0.194139194139194,0.331888651489532,0.380623736490866
CITED4,0.193528693528694,0.333441007425702,0.382247255745085
USP40,0.193528693528694,0.333441007425702,0.382247255745085
IGKV3-11,-0.192947643829428,0.334922553121044,0.383866963937872
SLC15A2,0.192425203893549,0.336258049563664,0.385239707674659
NUDT6,-0.192425203893549,0.336258049563664,0.385239707674659
TPCN1,0.192307692307692,0.336558883003481,0.385505381760644
SLC35E4,0.192031753115047,0.337265934628408,0.386236147131284
CDKN2C,-0.191697191697192,0.338124397419868,0.387060722696398
OMA1,-0.191697191697192,0.338124397419868,0.387060722696398
ZNF653,-0.191115862400667,0.339619179321289,0.3885791511018
IRF2BP2,0.191086691086691,0.339694292636365,0.3885791511018
LENG9,-0.191086691086691,0.339694292636365,0.3885791511018
CRYBB2,-0.191073289568821,0.339728803600984,0.3885791511018
CTTN,0.190893792898429,0.340191238407354,0.389028508215526
ARL17B,0.190156137778891,0.342095620978951,0.391126295750214
MT1X,-0.18986568986569,0.342847214129101,0.39190548270849
LRFN4,0.189370835577778,0.344130029554177,0.393291462347631
KHK,-0.189284080971907,0.344355220160438,0.3933933561079
SAMD1,-0.189255189255189,0.344430234532238,0.3933933561079
PRKY,-0.189255189255189,0.344430234532238,0.3933933561079
ZBTB3,-0.188759961914624,0.345717562445788,0.394783052725515
ADO,-0.187423687423687,0.349205497423345,0.398521865630886
EBPL,-0.187423687423687,0.349205497423345,0.398521865630886
SPN,-0.187423687423687,0.349205497423345,0.398521865630886
PAQR8,-0.186927340925162,0.350506379298099,0.399924846569062
TCTN3,-0.186813186813187,0.350805974876726,0.400103408425586
GALNT4,0.186813186813187,0.350805974876726,0.400103408425586
NPM3,-0.186202686202686,0.352410808335605,0.401851802653488
SLC35A5,0.185592185592186,0.354019994333865,0.403423325681026
FNDC3B,0.185592185592186,0.354019994333865,0.403423325681026
SAC3D1,0.185592185592186,0.354019994333865,0.403423325681026
BRICD5,0.185570378829239,0.354077554084849,0.403423325681026
TAFA2,0.185315221209593,0.354751464234957,0.404108818089607
F5,0.185094719935699,0.355334453393569,0.404608076435927
HNRNPA1L2,0.185094719935699,0.355334453393569,0.404608076435927
TNFAIP8L1,0.184981684981685,0.355633529323599,0.40486618403452
CAPN3,0.184371184371184,0.357251409675032,0.406625256035575
SH3BGRL2,0.183788736685626,0.358798994341016,0.408303617491852
CLEC4E,0.183262098946237,0.360201689172694,0.409816448800347
DDX58,-0.183150183150183,0.360500191534134,0.409989235521431
TMEM191C,0.183150183150183,0.360500191534134,0.409989235521431
MICA,-0.182539682539683,0.362131085372265,0.411509252062936
ZBED6CL,-0.182539682539683,0.362131085372265,0.411509252062936
RAB40C,0.182539682539683,0.362131085372265,0.411509252062936
SLX4,-0.182539682539683,0.362131085372265,0.411509252062936
ROBO3,-0.182207488932828,0.363020328066629,0.412435935503573
CMTM5,0.182040351619929,0.363468219315796,0.41286091456712
SLC9A9,-0.181929181929182,0.363766309232886,0.413115597325406
SCART1,-0.181596054406207,0.364660414750034,0.414046911529379
RABGAP1L,-0.181318681318681,0.365405859075821,0.414724896276029
AREG,0.181318681318681,0.365405859075821,0.414724896276029
SNAPC3,0.180708180708181,0.367049730778614,0.416421605703796
PKN1,0.180708180708181,0.367049730778614,0.416421605703796
IGHV3-72,-0.179800104702764,0.369502858494725,0.419119672353449
KIAA1586,-0.17948717948718,0.370350422862199,0.4199106984277
EIF3C,-0.17948717948718,0.370350422862199,0.4199106984277
FAM126A,0.178266178266178,0.373668350856194,0.423500895417073
INSIG1,0.178266178266178,0.373668350856194,0.423500895417073
UBASH3B,0.177655677655678,0.375333767137605,0.425302213948022
TTLL11,-0.177072204780171,0.376929467481957,0.427021157286358
VPS9D1,0.177045177045177,0.377003478813081,0.427021157286358
SMN2,0.176766907875377,0.377765965435432,0.427798152838181
HEG1,-0.176434676434676,0.378677481182662,0.428570021204908
MPST,0.176434676434676,0.378677481182662,0.428570021204908
SYNGR1,-0.176434676434676,0.378677481182662,0.428570021204908
NPIPB4,-0.175824175824176,0.380355769463697,0.430382327567988
L3MBTL1,-0.175320741325233,0.381742950046518,0.431864571446516
THBS3,0.175213675213675,0.3820383387908,0.431936593311393
PHF19,0.175213675213675,0.3820383387908,0.431936593311393
UQCC1,-0.175213675213675,0.3820383387908,0.431936593311393
NECAB3,-0.174603174603175,0.383725184215812,0.433668397359503
SS18L1,-0.174603174603175,0.383725184215812,0.433668397359503
TMEM173,-0.173992673992674,0.38541630070777,0.435315684418875
USP18,-0.173992673992674,0.38541630070777,0.435315684418875
NF2,-0.173992673992674,0.38541630070777,0.435315684418875
KCTD21,0.173647405560144,0.386374599980241,0.436309927925991
SMUG1,0.173382173382173,0.387111683152866,0.436965791722008
TCEAL1,-0.173382173382173,0.387111683152866,0.436965791722008
IGLV1-44,-0.173301485952675,0.387336073975397,0.437130842718551
ITGA2B,0.172771672771673,0.388811326354424,0.43870721085027
JRKL,0.172730253770214,0.388926791707686,0.438748964944398
IGKV2-30,-0.172293669594814,0.39014506525212,0.440034531038696
RMDN2,0.172161172161172,0.390515225032866,0.440096964607777
PER2,-0.172161172161172,0.390515225032867,0.440096964607777
RIMKLB,-0.172161172161172,0.390515225032867,0.440096964607777
RNASE6,0.172161172161172,0.390515225032866,0.440096964607777
IGHV5-51,-0.171049671980411,0.393628315621739,0.443515926044079
LRRN3,-0.170572840751177,0.394968134931166,0.444935900591273
GPR137B,-0.17032967032967,0.395652399889707,0.44561696277608
ZNF566,-0.170050375969923,0.396439143864967,0.446413147904329
HIP1,0.16971916971917,0.39737326602107,0.447284883975407
PAG1,-0.16971916971917,0.397373266021069,0.447284883975407
APOBEC3B,0.169108669108669,0.399098359987121,0.449136250563087
HIST2H2AA4,0.169061646610493,0.399231406839817,0.449195578882949
SUMO4,0.168450212083873,0.400963696973211,0.451053911380848
SFMBT2,-0.167887667887668,0.402561208230546,0.452668867167749
TMPO,0.167887667887668,0.402561208230546,0.452668867167749
HES6,0.167277167277167,0.404298950703974,0.454440147203342
NOCT,0.167277167277167,0.404298950703974,0.454440147203342
TMPPE,0.167227343030632,0.404440957185127,0.454508406868816
SEC31B,0.166666666666667,0.406040897404184,0.456123081214182
NAPB,-0.166666666666667,0.406040897404184,0.456123081214182
GP1BB,0.166056166056166,0.407787042221601,0.457992596927735
C1orf54,0.165445665445665,0.409537378963604,0.459773744863375
AL136454.1,-0.165445665445665,0.409537378963603,0.459773744863375
IGHV1-18,-0.165077796477973,0.410594099630005,0.460867564257525
VEGFA,0.164835164835165,0.411291901354532,0.461280447728549
DRAP1,0.164835164835165,0.411291901354532,0.461280447728549
SGPP1,-0.164835164835165,0.411291901354532,0.461280447728549
CCDC144A,-0.164835164835165,0.411291901354532,0.461280447728549
FAM89A,0.163614163614164,0.414813477565338,0.464857107524122
SLC25A19,-0.163614163614164,0.414813477565338,0.464857107524122
GGT1-1,-0.163614163614164,0.414813477565338,0.464857107524122
NEFH,0.163614163614164,0.414813477565338,0.464857107524122
IRAK2,-0.163558735870911,0.414973736479759,0.464943525224367
NDRG2,0.162040084308892,0.419377974411808,0.469783980951688
SLC4A8,0.161782661782662,0.420127072582745,0.470528858378271
CD101,0.161172161172161,0.421906572428876,0.472332643247703
DYNLRB1,-0.161172161172161,0.421906572428876,0.472332643247703
XPNPEP2,-0.160891468826121,0.422726129831397,0.473155427945791
CXCL5,-0.16080728050112,0.422972110953945,0.473241305413057
BAMBI,-0.16080728050112,0.422972110953945,0.473241305413057
SNX22,-0.160561660561661,0.423690211669833,0.473949922716085
ABI3,0.15995115995116,0.425477983365998,0.475854576596533
FMN1,-0.159364984302154,0.427198404807275,0.477683159304596
HNRNPA1P48,-0.15905968739736,0.428095953256001,0.478591077690435
HBA1,-0.158872898605789,0.428645604815049,0.479109778558016
PURB,0.158119658119658,0.430866022546122,0.481302996020359
ZCWPW1,0.158119658119658,0.430866022546122,0.481302996020359
PI4K2A,-0.158119658119658,0.430866022546123,0.481302996020359
HS6ST1,0.157509157509158,0.43267025300922,0.483221900305085
IGKV1-9,-0.15723687613333,0.433476255573726,0.484025403587914
COL6A3,-0.15699453143061,0.43419432498008,0.484730418304773
LSM14B,-0.156898656898657,0.434478579986413,0.484950941972858
TBL2,-0.156288156288156,0.436290996041101,0.486876721185759
PLXNA1,-0.155772784104301,0.43782417819837,0.488490184454367
TAF1A,-0.155677655677656,0.438107493653983,0.488708778079608
ASTL,-0.155161910441147,0.439645228801066,0.49032631022249
IVD,-0.155067155067155,0.439928065223099,0.490446120559723
FBXW9,0.155067155067155,0.439928065223099,0.490446120559723
TRIP10,-0.154930303696207,0.440336727370437,0.490803862757721
PRR11,0.154456654456654,0.441752703063873,0.4922840007041
PRRG3,-0.153940163114839,0.443299539564596,0.493909349520865
LTC4S,-0.153869640015873,0.44351097385989,0.494046487216037
IGKV1-5,-0.153329289451685,0.445132784105548,0.495754337526036
PIP5K1B,0.153259046206286,0.445343845248562,0.495890637720023
LINC00672,0.152718415788531,0.446970077534884,0.497602363841344
CXXC5,0.152625152625153,0.447250936132215,0.497716862656985
CORO2A,-0.152625152625153,0.447250936132215,0.497716862656985
NEIL3,0.152014652014652,0.449091760563338,0.499367891244818
OSBPL5,-0.152014652014652,0.449091760563339,0.499367891244818
ZNF714,-0.152014652014652,0.449091760563339,0.499367891244818
ZNF275,-0.152014652014652,0.449091760563339,0.499367891244818
LONRF3,0.151496668462222,0.450656778909796,0.50100849058918
ZNF736,-0.151404151404151,0.45093661160582,0.501219942774746
SMPD3,-0.151024328075196,0.452086415080825,0.502398098794112
EEF1AKMT3,0.150643694503032,0.453240229737795,0.503580243332754
MRPL53,0.150206077158352,0.454568704596229,0.504855649672713
EFCAB11,0.150206077158352,0.454568704596229,0.504855649672713
CA11,0.14966404747276,0.45621699453854,0.506585669868847
AC240274.1,-0.149290186443972,0.457355725866232,0.507749298996222
ATXN7L3,-0.148962148962149,0.458356117073398,0.508657949330114
ZNF582,-0.148962148962149,0.458356117073398,0.508657949330114
EEPD1,0.148351648351648,0.460220976842008,0.510626131448514
IGLV2-8,0.147817042498102,0.461857271276779,0.512191523056776
EPHB6,0.147741147741148,0.462089812915135,0.512191523056776
RBMS2,0.147741147741148,0.462089812915135,0.512191523056776
ASB2,-0.147741147741148,0.462089812915135,0.512191523056776
HMGN5,-0.147741147741148,0.462089812915135,0.512191523056776
TREML2,0.147661438178785,0.462334109140103,0.512360748773574
FAM149B1,0.147130647130647,0.463962616621355,0.513961757556778
GSK3A,-0.147130647130647,0.463962616621355,0.513961757556778
PKD2L2,-0.146609679156989,0.465563896225242,0.515633453692128
HLA-G,-0.146520146520147,0.465839379207465,0.515734272129904
PCK2,0.146520146520147,0.465839379207464,0.515734272129904
ARHGAP22,0.146357085309856,0.466341320507342,0.516187779943994
TRIM16,-0.145931920491244,0.467651403271415,0.517202047372203
ZRANB3,-0.145909645909646,0.467720091838561,0.517202047372203
STRADB,0.145909645909646,0.46772009183856,0.517202047372203
COX15,0.145909645909646,0.46772009183856,0.517202047372203
GCH1,0.145909645909646,0.46772009183856,0.517202047372203
FKBP1B,0.145744712567974,0.468228863261891,0.517662278244463
FAM118B,0.145299145299145,0.469604745598125,0.519080794106486
RPS26,-0.144688644688645,0.471493331488113,0.520962400648395
TTC9,-0.144688644688645,0.471493331488113,0.520962400648395
C1orf198,-0.144298548282374,0.472702150983161,0.522194869280489
TRIM14,0.144078144078144,0.473385840429041,0.522846853580722
HILPDA,0.143489545252897,0.475214161272794,0.524630559840187
ZNF804A,0.143467643467643,0.475282263260083,0.524630559840187
HSBP1L1,0.143467643467643,0.475282263260083,0.524630559840187
COL9A3,-0.14301265016656,0.476698167362756,0.52608962934528
GGPS1,0.142857142857143,0.477182590739165,0.52631263262592
MAP4K3,0.142857142857143,0.477182590739165,0.52631263262592
ZFYVE19,-0.142857142857143,0.477182590739165,0.52631263262592
IGLV2-11,-0.142437726849142,0.478490380081651,0.527650996926956
PRICKLE4,0.14196306072893,0.479972659779542,0.529181213226971
ATP10D,0.141636141636142,0.480994922267485,0.530203746366997
ABO,-0.141241375649272,0.482230820610187,0.531461322201846
ZNF841,-0.141025641025641,0.482906907427221,0.532101561839018
MAP10,-0.140018506596032,0.48606952972318,0.535480853075655
GFM2,-0.13980463980464,0.486742468707614,0.535694525686474
ZKSCAN5,-0.13980463980464,0.486742468707614,0.535694525686474
TPRN,0.13980463980464,0.486742468707614,0.535694525686474
BX255925.3,0.13980463980464,0.486742468707614,0.535694525686474
SPAG4,-0.13980463980464,0.486742468707614,0.535694525686474
ALS2,-0.139194139194139,0.488666025454045,0.537599924127291
MDM1,0.139194139194139,0.488666025454045,0.537599924127291
CH25H,-0.138668321535986,0.490325840824217,0.539189937895289
TRMT5,-0.138668321535986,0.490325840824217,0.539189937895289
ETV3,-0.138583638583639,0.490593419887559,0.539189937895289
SERPINF1,0.138583638583639,0.490593419887559,0.539189937895289
ZNF341,-0.138583638583639,0.490593419887559,0.539189937895289
IL17RE,0.138396239665387,0.49118582006584,0.539734939243108
KIAA0753,0.138057447872832,0.492257713631257,0.540806509749703
FAM89B,0.137362637362637,0.494459682182252,0.542905663216799
EME2,-0.137362637362637,0.494459682182252,0.542905663216799
SPHK2,-0.137362637362637,0.494459682182252,0.542905663216799
PROCA1,0.137078310252236,0.495362184413766,0.543789818461283
RUNX1,-0.136752136752137,0.496398530026075,0.544820525987401
ARHGEF10,-0.136655616699621,0.496705409499348,0.545050363014198
RASA1,0.136141636141636,0.498341175522512,0.546630806889346
KRBA1,-0.136141636141636,0.498341175522512,0.546630806889346
LYPD3,0.135857122633062,0.499247807130389,0.547517893209087
INF2,-0.135531135531136,0.500287608462877,0.548443110473321
NOL4L,-0.135531135531136,0.500287608462877,0.548443110473321
CEACAM1,-0.135003079557061,0.501974233549109,0.550184224619093
CD79B,0.134920634920635,0.502237818558708,0.550365252083147
IGLV4-69,0.134635930936304,0.503148578073542,0.551255260303144
ADCK1,-0.134310134310134,0.504191795441902,0.552290013733813
LONRF1,0.133699633699634,0.506149528664847,0.554108881028548
SGSH,-0.133699633699634,0.506149528664847,0.554108881028548
MEGF8,-0.133699633699634,0.506149528664847,0.554108881028548
ZNF747,0.133089133089133,0.508111007700559,0.556147339021634
SEC22A,0.132804153585128,0.509027898494736,0.557041880309699
TIAM2,0.132478632478632,0.510076221942824,0.558079873430693
CISH,-0.131868131868132,0.512045160706337,0.559795999739948
ALCAM,0.131868131868132,0.512045160706337,0.559795999739948
FKBP4,0.131868131868132,0.512045160706337,0.559795999739948
SLC2A3,0.131868131868132,0.512045160706337,0.559795999739948
BANK1,-0.131337837578136,0.513758438658459,0.561559262896424
SLC19A2,0.131257631257631,0.514017813226848,0.561623214451843
ETHE1,0.131257631257631,0.514017813226848,0.561623214451843
TMEM40,0.131162509314082,0.514325505408222,0.561849624192767
MBLAC1,0.130667075251574,0.515929544190909,0.563491799046008
APOM,0.13003663003663,0.517974216088018,0.565504064108589
ZNF707,-0.13003663003663,0.517974216088018,0.565504064108589
HSD17B1,0.129823021279035,0.518667887008294,0.566150853825957
ZNF416,-0.129505216588674,0.519700755709528,0.56711621331811
TCEANC2,-0.129426129426129,0.519957944506787,0.56711621331811
FCGR3A,0.129426129426129,0.519957944506787,0.56711621331811
RPS29,-0.129426129426129,0.519957944506787,0.56711621331811
MCF2L2,-0.129140590727607,0.520887019178398,0.568018761943371
PHF13,-0.128529996918021,0.522876434087191,0.570077016848425
RHOBTB3,-0.128283469262366,0.523680697967098,0.570842585386357
ARHGAP26,-0.128205128205128,0.523936399928176,0.570898742867958
DHX58,0.128205128205128,0.523936399928176,0.570898742867958
ITGB3,0.12761410620364,0.525867405352816,0.572891200220719
CLU,-0.126984126984127,0.527929445359949,0.574913623846706
ARHGAP1,0.126984126984127,0.527929445359949,0.574913623846706
ZNF19,-0.126392918584467,0.529868092253028,0.576644570988603
PEX10,0.126373626373626,0.52993141099972,0.576644570988603
RPS6KA1,0.126373626373626,0.52993141099972,0.576644570988603
RELL1,-0.126373626373626,0.52993141099972,0.576644570988603
MLH3,-0.125152625152625,0.53394617078805,0.580674248744998
NEDD4L,0.125152625152625,0.53394617078805,0.580674248744998
ZNF799,0.125152625152625,0.53394617078805,0.580674248744998
ZSCAN16,-0.124542124542125,0.535958941769048,0.582636547895123
PIGQ,0.124542124542125,0.535958941769048,0.582636547895123
CEPT1,0.123931623931624,0.537975291234423,0.58448762941187
ATP13A3,-0.123931623931624,0.537975291234423,0.58448762941187
FADS2,0.123931623931624,0.537975291234423,0.58448762941187
TANC2,0.123321123321123,0.539995207407959,0.586568220634286
IGFBP6,0.122592622587355,0.542410192366423,0.589077062674896
H2AFY2,0.121981188060735,0.54444099431619,0.591053007225031
BBS10,0.121981188060735,0.54444099431619,0.591053007225031
IGHV4-4,-0.121710552655507,0.545341006099868,0.591915160347527
ACY3,0.121508168107772,0.546014498724264,0.592368248068897
TNF,0.121489621489621,0.54607623726666,0.592368248068897
DHRS4L2,-0.121489621489621,0.54607623726666,0.592368248068897
XKR8,0.120879120879121,0.548110300980367,0.594459426509351
DCLRE1B,0.119065792869425,0.554172569482397,0.600917783313082
LAPTM4B,-0.118760495964632,0.555196249623623,0.601794422929889
MLC1,-0.118760495964632,0.555196249623623,0.601794422929889
PRR29,-0.118455199059838,0.556220796006504,0.602737095065312
KIF1C,0.118437118437118,0.556281499934205,0.602737095065312
HLA-DOA,-0.117826617826618,0.558332973965235,0.604842694772103
GPR146,-0.11757556644139,0.559177585824224,0.605640336999624
HLA-DOB,-0.117539308345458,0.559299616979716,0.60565520103613
CREB3L4,-0.117234011440665,0.560327612680454,0.606481342422913
DTX3L,0.117216117216117,0.560387892757367,0.606481342422913
PNPLA4,0.117216117216117,0.560387892757367,0.606481342422913
NDC1,-0.116605616605617,0.562446243701679,0.608473475484579
AMT,0.116605616605617,0.562446243701679,0.608473475484579
SH3D21,-0.116318120726285,0.563416743807147,0.609306847833018
MYLK,0.116312863547481,0.563434497522271,0.609306847833018
HSPA1A,0.115995115995116,0.564508014114747,0.610349732198311
IGHV1-69D,-0.115025719910591,0.567788833394875,0.613778302018972
C8orf82,0.114774114774115,0.568641762242209,0.614581510332128
TMC4,-0.114233375009821,0.570476785175632,0.616445639169494
GPR160,0.114163614163614,0.570713714219147,0.616463413156938
CDYL2,-0.114163614163614,0.570713714219147,0.616463413156938
SLC16A10,-0.113857710754922,0.571753174164986,0.617466927371689
NRIP3,0.112400754020359,0.576715467771063,0.62247788285738
TNKS1BP1,-0.112400754020359,0.576715467771062,0.62247788285738
CHD1L,0.112332112332112,0.576949725831509,0.62247788285738
SH3D19,-0.112332112332112,0.576949725831509,0.62247788285738
PITPNM1,0.112332112332112,0.576949725831509,0.62247788285738
RNLS,-0.111738667154384,0.578976768224867,0.624366393756169
EGR1,0.111721611721612,0.57903507117659,0.624366393756169
CAB39L,-0.111721611721612,0.57903507117659,0.624366393756169
CCSER1,0.11117900669405,0.580891282281334,0.626247166091618
GAB1,-0.111111111111111,0.58112373186671,0.626256293813575
VAT1,0.111111111111111,0.58112373186671,0.626256293813575
RABL2A,-0.110822776440003,0.582111338846326,0.627199731566215
CKS1B,-0.110500610500611,0.583215694557686,0.628147566249341
ERMN,0.110500610500611,0.583215694557686,0.628147566249341
PLCD3,-0.110174981566084,0.584332851706356,0.629229598833419
CD3EAP,-0.109906885725623,0.585253326980106,0.629918939395381
RNASEL,-0.10989010989011,0.585310945833047,0.629918939395381
CDADC1,-0.10989010989011,0.585310945833047,0.629918939395381
PTGR2,-0.109346385704588,0.587179776735347,0.631808603329625
HAUS8,0.109279609279609,0.587409472204271,0.631812611765009
PROSER3,-0.109279609279609,0.587409472204271,0.631812611765009
FAM86C1,-0.10868569810645,0.589454104189593,0.633829449440649
MPP7,0.108669108669109,0.589511260111019,0.633829449440649
SMIM5,-0.108333616971664,0.59066765067918,0.634950692540941
CD244,-0.108058608058608,0.591616295921375,0.635603905243483
SESN1,-0.108058608058608,0.591616295921375,0.635603905243483
APOO,-0.108058608058608,0.591616295921375,0.635603905243483
PPIF,0.107448107448107,0.593724565932094,0.637501492452433
SREBF1,-0.107448107448107,0.593724565932094,0.637501492452433
SLC1A5,-0.107448107448107,0.593724565932094,0.637501492452433
REPIN1,-0.106837606837607,0.595836056368836,0.639645848956524
NUDT17,-0.106548619772896,0.596836672231591,0.640597057796365
GPR183,-0.106227106227106,0.597950753386425,0.641546548913448
ATP8B3,-0.106227106227106,0.597950753386425,0.641546548913448
HYPK,0.105616605616606,0.600068643069088,0.64357189337214
A1BG,0.105616605616606,0.600068643069088,0.64357189337214
IGHV3-20,-0.105272293532751,0.601264500048022,0.64473079276482
TGIF1,0.105006105006105,0.602189711430711,0.645599092469428
EHD3,-0.104395604395604,0.604313944415096,0.647504038545548
CKAP2,-0.104395604395604,0.604313944415096,0.647504038545548
ITGAE,0.104395604395604,0.604313944415096,0.647504038545548
CLDN5,-0.104214107367908,0.604946070339922,0.648057169605525
GRK4,0.103848522736201,0.606220188564117,0.649297700526823
MAP1LC3B2,-0.103785103785104,0.606441327896211,0.649410169589355
LY6G5C,-0.103237649073047,0.608351685843045,0.651331155893989
IGKV3D-11,0.102399158740288,0.611282486382217,0.654343733508683
TMEM107,0.101953601953602,0.612842239017633,0.655887808724708
PDGFA,-0.100988974307556,0.616224731094424,0.659381687003448
GPR27,0.10079415442043,0.616908804392825,0.659966154043929
PHTF2,-0.100732600732601,0.617125003486356,0.659966154043929
PCSK5,0.100732600732601,0.617125003486356,0.659966154043929
IGHV1-24,-0.100328969080891,0.61854347683864,0.661356619977376
TMEM86B,0.100183280757276,0.61905579410696,0.661777862864867
DOLPP1,-0.1001221001221,0.619270989423611,0.661881378604134
AKIP1,-0.0995115995115995,0.621420025042161,0.66379766571839
PLCG2,0.0995115995115995,0.621420025042162,0.66379766571839
CTNS,0.0995115995115995,0.621420025042162,0.66379766571839
AC138969.1,-0.0989010989010989,0.623572095666846,0.665842115518236
MPND,-0.0989010989010989,0.623572095666846,0.665842115518236
IGLV3-19,-0.0986477752236285,0.624465972334685,0.666669285470706
ZNF691,0.098592011443041,0.624662809864027,0.666752134521787
ZNF93,-0.0984409587858565,0.625196128635967,0.667194036513803
COPZ2,0.0983056033434741,0.625674182047695,0.66757680328386
GCHFR,0.0976800976800977,0.62788528289716,0.669808184273353
RNF215,0.0973672659592765,0.628992290857367,0.670861127307724
DBT,0.0970695970695971,0.630046369816497,0.67185722731004
FSCN1,-0.0958485958485958,0.634377455548092,0.676217829093582
EPOR,-0.0958485958485958,0.634377455548092,0.676217829093582
ADCY3,0.0952962914520431,0.636340444546124,0.677884821281385
CENPQ,0.0952526342955402,0.636495712399126,0.677884821281385
SCN1B,-0.0952526342955402,0.636495712399126,0.677884821281385
PCYOX1L,-0.0952380952380952,0.636547424275492,0.677884821281385
TRMT12,-0.0952380952380952,0.636547424275492,0.677884821281385
CACNB3,-0.09513717071166,0.636906433966263,0.678138000521581
NAA10,0.0946275946275946,0.638720323411018,0.679939853134288
TREML1,-0.094017094017094,0.640896137748124,0.681896752434097
ZBTB7A,0.094017094017094,0.640896137748124,0.681896752434097
IGLV6-57,-0.0940091651033952,0.640924415377971,0.681896752434097
FAXDC2,0.093693029507983,0.642052277628892,0.682966775061968
AGA,0.0934065934065934,0.643074852015148,0.683924414695456
LRFN1,0.0928527967994266,0.645053700340682,0.685722932971568
TMEM71,0.0927960927960928,0.645256450875607,0.685722932971568
FP565260.1,0.0927960927960928,0.645256450875607,0.685722932971568
ASPHD2,0.0927960927960928,0.645256450875607,0.685722932971568
DNASE2,0.0921855921855922,0.647440918928499,0.6879136649531
MMP9,0.0917613356218914,0.648960657809214,0.689397416122554
RHOBTB2,0.091715178993034,0.649126079399784,0.689442172080454
NBPF1,0.0915750915750916,0.649628240708606,0.689844497159614
NIBAN3,0.0912259990312552,0.650880257483898,0.691042794731339
DNM3,-0.0901865926764835,0.654613543962335,0.694874513636556
SH2D1B,-0.0897435897435897,0.656207172803165,0.696433955269558
SELPLG,-0.0891330891330891,0.658405753566282,0.698502176805663
FAHD1,-0.0891330891330891,0.658405753566282,0.698502176805663
PPP1R32,0.0888413992948788,0.659457189774676,0.699484940292107
NUMBL,0.0886580063599329,0.660118578502619,0.700053686892972
ETV2,-0.0885225885225885,0.66060710977798,0.700438937785071
SH3BP1,0.0879120879120879,0.662811225594198,0.702642724838437
ROM1,0.0877408545700026,0.663429929856105,0.703165308520724
PTCRA,0.0875151109350685,0.664245921220322,0.703896757904878
C7orf25,0.0873549338310395,0.664825137165738,0.704314608319812
ACY1,0.0873015873015873,0.665018085108835,0.704314608319812
FAM219A,0.0873015873015873,0.665018085108835,0.704314608319812
CES1,0.0867440601678854,0.667035837572459,0.706119822824366
HAUS7,-0.0867440601678854,0.667035837572459,0.706119822824366
KIAA2013,-0.0866910866910867,0.667227672354068,0.706119822824366
HDAC6,-0.0866910866910867,0.667227672354068,0.706119822824366
CCR2,0.0862781482363396,0.668723760500119,0.707569208839483
PXYLP1,-0.0860805860805861,0.669439971300669,0.708193022987768
TMEM262,-0.0855223128415772,0.671465371505539,0.710201315955925
ZNF619,0.084911439178423,0.673684172741887,0.71241336875428
CHRNE,0.0842490842490842,0.6760929771422,0.714825473280239
TTC8,-0.0839566488181844,0.677157477840019,0.715815617406689
PF4V1,0.0836896918521148,0.678129762574175,0.71670792521542
GSTM4,0.083028083028083,0.6805415762741,0.718985168056823
NFE2L3,0.083028083028083,0.6805415762741,0.718985168056823
ZNF597,0.0824679445258066,0.682585893277627,0.721008748622685
TRMT61A,0.0824175824175824,0.682769805417694,0.721066808667752
PON2,0.0811965811965812,0.687234040611199,0.725644402397626
IGHV3-33,0.0809210701439316,0.688242789826169,0.726502422822563
C20orf96,0.0809036797702505,0.688306479991763,0.726502422822563
TMEM201,-0.0805860805860806,0.68947001358546,0.727593190407604
ZNF555,0.0800244498731901,0.691529250101452,0.729628597465532
MED18,-0.07997557997558,0.691708534663942,0.72968008410503
ISL2,-0.0794135762100359,0.693771470645011,0.731492194424133
GTF2E1,0.0793650793650794,0.69394958716381,0.731492194424133
GTF2I,-0.0793650793650794,0.69394958716381,0.731492194424133
NFS1,-0.0793650793650794,0.69394958716381,0.731492194424133
CELF6,0.0790718983414901,0.695026703779579,0.732489507639541
ADAT3,0.0787666014366967,0.696148947265947,0.733028077404703
NBPF20,-0.0787545787545788,0.696193154344846,0.733028077404703
EAF2,-0.0787545787545788,0.696193154344846,0.733028077404703
ZBTB16,-0.0787545787545788,0.696193154344846,0.733028077404703
USP30,-0.0787545787545788,0.696193154344846,0.733028077404703
NPIPA1,-0.0781440781440781,0.698439219409796,0.735254539710011
RNF207,-0.0775809552205736,0.700513179457827,0.737298094339827
ZNF81,-0.0775454138175231,0.700644147589743,0.737298094339827
LRP11,0.0769733035880761,0.702753489619052,0.739378647967966
ZNF605,-0.0769230769230769,0.702938775719347,0.739434468363918
CLTCL1,-0.0765465927352803,0.704328152134156,0.740756634706452
ZNF213,0.0757136323887627,0.707405394507806,0.743853133901401
FARP1,0.0751374605679571,0.709536602859308,0.74585196523611
KIAA1841,0.0750915750915751,0.709706421141155,0.74585196523611
C16orf74,-0.0750915750915751,0.709706421141155,0.74585196523611
IGLV3-1,0.0747094745096335,0.711121068136522,0.747198236193054
SMIM1,0.074526586904803,0.711798501895356,0.74766575055732
ST3GAL5,0.0744810744810745,0.711967117617619,0.74766575055732
ARMC2,-0.0744810744810745,0.711967117617619,0.74766575055732
BEND2,0.0739835777210475,0.713811118296954,0.749461467051553
SPATA24,0.0736778604577374,0.714945056686987,0.750511123895932
GP6,-0.073484729025869,0.715661706701596,0.751122421898522
MPIG6B,0.0732712571504155,0.716454107389493,0.75129262335865
ARL5B,0.0732600732600733,0.716495629537139,0.75129262335865
ENO3,-0.0732600732600733,0.716495629537139,0.75129262335865
ZSWIM4,0.0732600732600733,0.716495629537139,0.75129262335865
CCDC22,-0.0732600732600733,0.716495629537139,0.75129262335865
AGAP9,0.0720500695312419,0.720992604249782,0.755625830922372
ABHD6,0.072039072039072,0.721033518204895,0.755625830922372
KDM5D,-0.072039072039072,0.721033518204895,0.755625830922372
ATRIP,0.0714285714285714,0.723305935416224,0.75786524093077
AGAP4,0.0705235850072749,0.726678705271631,0.761256523019663
PNPLA7,-0.0702504712627241,0.727697546357686,0.762181059979805
FAM200A,0.0696076942928947,0.730097183561807,0.764408060377761
TMEM8B,0.0696076942928947,0.730097183561807,0.764408060377761
SPACA9,0.0689971004833079,0.732378973152836,0.766653541346061
SLC18B1,0.0683760683760684,0.734702050533764,0.768941393708555
ZNF320,-0.0678069766101076,0.736832839101926,0.771027177443482
C11orf96,0.0665049343000978,0.741715060752772,0.7759907614087
CSAD,-0.0659340659340659,0.74385871864545,0.777942389127614
CPNE2,-0.0659340659340659,0.74385871864545,0.777942389127614
IGHV3-21,0.0657377315369747,0.744596402211193,0.778568264989714
USP49,0.0656388345305806,0.744968069431125,0.778811262714311
C17orf97,0.0653684431018825,0.745984518250735,0.779728117020207
U2AF1,0.0653235653235653,0.746153261897503,0.779758744259173
ZNF532,-0.0650282407209938,0.747263988149838,0.780773584030996
WDR62,-0.0647130647130647,0.748449919792527,0.781866607786253
SNX9,0.0641025641025641,0.750748674321875,0.783975086238642
NAIF1,-0.0641025641025641,0.750748674321875,0.783975086238642
ID1,0.0634920634920635,0.753049507428778,0.786230927098904
RPS10,-0.0628815628815629,0.755352401008742,0.788340915722449
NOMO3,-0.0628815628815629,0.755352401008742,0.788340915722449
CRAMP1,-0.0622710622710623,0.757657336909938,0.790598960253848
RPP25,0.062060604451953,0.758452387332976,0.79128092350112
HTD2,0.0610873663154123,0.762132113905423,0.794970549379002
ANKRD46,-0.061050061050061,0.762273262834443,0.794970549379002
AK5,-0.0599926908883509,0.766277019620669,0.798997034070256
PIK3CG,0.0598290598290598,0.766897139056162,0.799494556599936
QPRT,0.0586080586080586,0.771528818697219,0.803723761951351
LRRC37A2,-0.0586080586080586,0.771528818697219,0.803723761951351
TP53INP2,0.0586080586080586,0.771528818697219,0.803723761951351
CHST7,-0.0586080586080586,0.771528818697219,0.803723761951351
NKAPL,0.0583919972922317,0.772349215399942,0.804428536508936
MUC12,0.0577011150059522,0.774974132765273,0.80701216953881
GBP4,-0.0573870573870574,0.776168154160933,0.807653948282087
SLC29A3,-0.0573870573870574,0.776168154160933,0.807653948282087
PALB2,0.0573870573870574,0.776168154160933,0.807653948282087
NFE2L1,0.0573870573870574,0.776168154160933,0.807653948282087
NUDT15,-0.0567765567765568,0.778490646508978,0.809919943307573
C11orf95,0.0561746304819852,0.780782339488034,0.812153058485322
IGKV3-20,-0.0558693335771918,0.781945370508239,0.813211551400794
ARMH1,0.0555555555555556,0.783141187422599,0.813396270443383
IRF2,0.0555555555555556,0.783141187422599,0.813396270443383
SNX16,0.0555555555555556,0.783141187422599,0.813396270443383
FLCN,0.0555555555555556,0.783141187422599,0.813396270443383
PLEKHG2,-0.0555555555555556,0.783141187422599,0.813396270443383
TFPT,-0.0555555555555556,0.783141187422599,0.813396270443383
CMC4,0.0555555555555556,0.783141187422599,0.813396270443383
GPR153,-0.054978629683871,0.785341121690397,0.815529721911365
USP27X,0.0545011740275195,0.787162974556252,0.81726983916052
RNF122,0.0543345543345543,0.787799012108151,0.817626591631177
ZBTB45,0.0543345543345543,0.787799012108151,0.817626591631177
CACNA1A,-0.0540375521484314,0.788933088104182,0.818651666112188
CCDC134,-0.0531135531135531,0.792463970556397,0.822162991345338
TXNDC16,-0.0525030525030525,0.794799077882972,0.82427975584599
ZNF417,0.0525030525030525,0.794799077882972,0.82427975584599
ANKRD6,0.0522057707196711,0.79593677906253,0.82530659531201
FCRL1,-0.0516662174994092,0.798002695036738,0.827295341239421
TMEM63C,0.0513605002360991,0.799173858062204,0.828355924797747
PPP1R15B,-0.0512820512820513,0.799474454269184,0.82851392666295
DNAJC17,-0.0506715506715507,0.801814685420494,0.830785199346193
LMLN,-0.0504433484461687,0.802689882497067,0.831537944224453
POU5F2,-0.0500916403786381,0.8040392015927,0.832434631505265
PER3,0.0500610500610501,0.804156586539606,0.832434631505265
ZCCHC14,0.0500610500610501,0.804156586539606,0.832434631505265
TCEANC,-0.0500610500610501,0.804156586539606,0.832434631505265
SPRY1,-0.050023738148389,0.804299770032716,0.832434631505265
CRY2,-0.0494505494505495,0.806500138574823,0.834248755995266
CMKLR1,0.0494505494505495,0.806500138574823,0.834248755995266
LIMK2,-0.0494505494505495,0.806500138574823,0.834248755995266
TRIM69,-0.0488400488400488,0.808845322436204,0.83651988959927
RNF227,0.048609044866308,0.809733125273813,0.837283216814194
POMT2,0.0485422078621503,0.809990038588835,0.837394027692506
PINK1,0.0482295482295482,0.811192118995994,0.838326802702938
GAS6,0.0482295482295482,0.811192118995994,0.838326802702938
SIRT5,-0.0476190476190476,0.813540509089055,0.840287869749907
ZNF34,0.0476190476190476,0.813540509089055,0.840287869749907
TTBK2,0.0476190476190476,0.813540509089055,0.840287869749907
FKBPL,-0.0470372720628675,0.815779868821478,0.842403901012993
CYB5D1,-0.047008547008547,0.815890473513299,0.842403901012993
CCDC96,-0.0457875457875458,0.820595048364829,0.846948599198252
MICAL2,0.0457875457875458,0.82059504836483,0.846948599198252
ARG2,-0.0455518722332069,0.821503812804304,0.847730083262902
PLA2G4B,-0.0451770451770452,0.822949620207094,0.848752171928822
CTU1,-0.0451770451770452,0.822949620207094,0.848752171928822
ENTPD6,-0.0451770451770452,0.822949620207094,0.848752171928822
SRBD1,-0.0445665445665446,0.825305689211371,0.850868254806414
TACC3,-0.0445665445665446,0.825305689211371,0.850868254806414
ZNF717,0.0442680511950427,0.826458186183402,0.8518993874908
ZKSCAN3,-0.0440232859166563,0.827403498477391,0.852512951869068
KCNMA1,-0.0439829037470968,0.827559481760554,0.852512951869068
TSC22D1,0.043956043956044,0.827663235997348,0.852512951869068
CEP89,-0.043956043956044,0.827663235997347,0.852512951869068
CFAP44,-0.0437175686533462,0.828584544095703,0.853304745963751
KNSTRN,0.0433455433455433,0.830022241150381,0.854627945592512
PTCH2,0.0427350427350427,0.832382685221938,0.856742863199168
KLF16,-0.0427350427350427,0.832382685221938,0.856742863199168
GTF2H2C,0.0421309728614889,0.8347196625998,0.85791058932152
MAST2,-0.0421245421245421,0.834744548730041,0.85791058932152
LIMD1,0.0421245421245421,0.834744548730042,0.85791058932152
KDM7A,0.0421245421245421,0.834744548730042,0.85791058932152
SLC25A28,0.0421245421245421,0.834744548730042,0.85791058932152
DYNLL1,0.0421245421245421,0.834744548730042,0.85791058932152
TNFSF12,0.0421245421245421,0.834744548730042,0.85791058932152
TMEM106A,-0.0421245421245421,0.834744548730041,0.85791058932152
GATD3B,-0.0418256759566955,0.835901293584467,0.858941571797931
SNED1,0.0415140415140415,0.837107812159708,0.86002331170257
ICA1,0.040354678756935,0.841599518540725,0.864467756081252
ZNF528,-0.0403176617681721,0.841743013566241,0.864467756081252
ACSM3,-0.0397432442303147,0.843970352073067,0.866423076459025
THAP8,-0.039706788105018,0.844111752601711,0.866423076459025
SDCBP2,-0.039706788105018,0.844111752601711,0.866423076459025
MYL5,-0.0390720390720391,0.846574473664168,0.868791421679213
PTP4A3,-0.0384615384615385,0.848944442852981,0.871063729253921
KCNMB4,0.0379089406504541,0.851090738880927,0.872856135312875
CLIP4,-0.0378510378510379,0.851315694205368,0.872856135312875
SPARC,0.0378510378510379,0.851315694205368,0.872856135312875
C16orf95,-0.0378510378510379,0.851315694205368,0.872856135312875
TRAPPC12,-0.0372405372405372,0.853688207987833,0.874647207597648
PROK2,0.0372405372405372,0.853688207987834,0.874647207597648
L3MBTL3,0.0372405372405372,0.853688207987834,0.874647207597648
FURIN,0.0372405372405372,0.853688207987834,0.874647207597648
CD109,-0.0366524197892474,0.855974912228929,0.876436928805258
IL17RC,-0.0366300366300366,0.856061964437467,0.876436928805258
NT5C3B,0.0366300366300366,0.856061964437467,0.876436928805258
MYL9,-0.0366300366300366,0.856061964437467,0.876436928805258
ITGB5,-0.0363313992935719,0.857223576662986,0.877309199443293
ZNF219,0.0363303316704144,0.857227729928139,0.877309199443293
LRRC46,0.0360415461260932,0.858351298666983,0.878225281653736
KTI12,0.036019536019536,0.858436943762397,0.878225281653736
ACACB,-0.0357197378608276,0.859603665078062,0.87925803825069
ADGRE5,-0.0354090354090354,0.860813126142242,0.880334126076704
SPATA21,-0.034819798799785,0.863107667383988,0.88228134340087
ZNF304,-0.034819798799785,0.863107667383988,0.88228134340087
CDKL1,-0.0347985347985348,0.863190491728569,0.88228134340087
POT1,-0.0341880341880342,0.86556902064535,0.884227614806138
TTC9C,0.0341880341880342,0.865569020645351,0.884227614806138
TCEAL3,-0.0341880341880342,0.86556902064535,0.884227614806138
CBWD5,-0.0335775335775336,0.867948692989416,0.886172921525802
ZNF615,0.0335775335775336,0.867948692989417,0.886172921525802
TRIB3,-0.0335775335775336,0.867948692989416,0.886172921525802
MELTF,-0.0333231817008024,0.868940464701921,0.887023563091118
ELAC1,-0.032967032967033,0.870329488830919,0.888117244807026
SCARF2,0.032967032967033,0.87032948883092,0.888117244807026
PTPN13,0.0326667688128936,0.871500848133827,0.888988096089814
HIC1,0.0326667688128936,0.871500848133827,0.888988096089814
IGHV1-2,-0.0325906206413341,0.87179795161431,0.889128970532048
SELL,0.0323565323565324,0.872711388213788,0.889898264568108
ZNF57,0.0311831608576316,0.877292382550175,0.8941070174024
TIGD6,0.0311545568208603,0.877404105195575,0.8941070174024
ZNF133,0.0311545568208603,0.877404105195575,0.8941070174024
RASD1,0.0311355311355311,0.877478417650996,0.8941070174024
TMEM38A,0.0308774435943215,0.878486582069641,0.894971209133436
IGHV3-23,-0.0308349873841332,0.878652446037354,0.8949771362916
NPHP4,-0.0305436831577061,0.879790620722251,0.895884329000287
CX3CR1,0.0305250305250305,0.879863507666233,0.895884329000287
HLA-DQA2,0.0302243935745464,0.881038406665627,0.896917307495755
FLT1,-0.0293938916103476,0.884285305438969,0.900058869314655
HSPA1B,-0.0293040293040293,0.884636738008707,0.900088908104929
WDR74,0.0293040293040293,0.884636738008706,0.900088908104929
DLGAP3,-0.0287110621682438,0.886956238788163,0.902026349326399
PGBD2,0.0286979090505794,0.887007700019495,0.902026349326399
CES4A,0.0286935286935287,0.887024838151979,0.902026349326399
F12,0.0278202709612203,0.890442436583341,0.905324760831452
PXT1,0.0277820183361992,0.890592186933801,0.905324760831452
IVNS1ABP,0.0274725274725275,0.891803907749624,0.906227049270561
SLC40A1,0.0274725274725275,0.891803907749624,0.906227049270561
FRS3,0.0271714245266124,0.892983015762131,0.907260360490886
SLC46A1,-0.026866127621819,0.894178773872265,0.908161556093853
ADAM28,0.0268620268620269,0.894194836883539,0.908161556093853
DTNBP1,-0.0262515262515262,0.896586668657599,0.910260103691593
ZNF677,-0.0262515262515262,0.896586668657599,0.910260103691593
GIN1,-0.0250688155914293,0.901222809326889,0.91462122811185
UPK3BL2,0.0250688155914293,0.901222809326888,0.91462122811185
AAMDC,0.025030525030525,0.901372959249715,0.91462122811185
FBXL19,-0.0244237523834718,0.903752753778427,0.916718152624434
ZSCAN9,-0.0244200244200244,0.903767377578417,0.916718152624434
POLR2J2,0.0238095238095238,0.90616261756949,0.918814389383244
ACP2,0.0238095238095238,0.90616261756949,0.918814389383244
LMNTD2,0.0232131991998567,0.908503013219321,0.92102045865164
ICAM2,0.0225885225885226,0.9109554813452,0.923339324212862
ZNF724,-0.0223173602216383,0.912020308664358,0.924251099320603
MAPK8IP1,0.0220116429583282,0.913221007337798,0.925300212544477
SEPTIN5,0.0217059256950181,0.914421891953594,0.926349134022554
ZNF395,0.0207570207570208,0.918150431534312,0.929957836105755
FLOT1,-0.0201465201465201,0.9205501746919,0.931882074018303
PPP1R3B,0.0201465201465201,0.9205501746919,0.931882074018303
CABP4,-0.0201465201465201,0.9205501746919,0.931882074018303
IGLV8-61,-0.0194904692070723,0.92312972271046,0.934324236994913
ADTRP,0.0190893792898429,0.924707156691426,0.935751433264288
NET1,0.0189255189255189,0.925351678279271,0.93623422922701
CTPS2,0.0186231111923973,0.92654127682761,0.937268238064398
VAV1,0.0183150183150183,0.927753397863478,0.938324651989974
IGHV3-74,-0.0178547142300654,0.929564651519777,0.939986533688714
PHETA2,-0.0177316012719866,0.930049147950049,0.940244192385574
ZNF579,-0.0177045177045177,0.930155735385729,0.940244192385574
HDAC11,-0.0171044625683154,0.932517552010463,0.94216225560956
SLC25A29,-0.0170940170940171,0.932558670386071,0.94216225560956
PPM1N,-0.0170940170940171,0.932558670386071,0.94216225560956
TOP1MT,0.0164835164835165,0.934962182390548,0.944249327059409
CASS4,-0.0164835164835165,0.934962182390549,0.944249327059409
CA13,0.0159216912889383,0.937174553796632,0.94616463449424
GP9,0.0158827152420072,0.937328051868763,0.94616463449424
ZNF551,0.0158730158730159,0.937366250911676,0.94616463449424
PLEKHM2,-0.0146520146520147,0.942175975489178,0.950676300060534
ITGA5,-0.0146520146520147,0.942175975489178,0.950676300060534
CARMIL1,0.0140500942525448,0.944547777730784,0.952759786096066
UTY,-0.014041514041514,0.944581590507258,0.952759786096066
SLC45A1,-0.0137572768489551,0.945701761116674,0.95371762816311
PACS2,0.0134310134310134,0.946987679966361,0.954842247813179
FCER2,0.0128598275795271,0.949239234487794,0.956892536481769
CCDC122,0.0128283469262366,0.949363339127478,0.956892536481769
CLDN15,-0.0122474548376448,0.951653565569303,0.959028066077409
MORN1,0.0119229732690944,0.952933031630883,0.960144416735117
CAVIN2,0.0115995115995116,0.954208589457751,0.960910216504185
RWDD2A,-0.0115995115995116,0.954208589457751,0.960910216504185
PAQR4,0.0115995115995116,0.954208589457751,0.960910216504185
SNX32,-0.0106853916677689,0.957813969047324,0.964367251514698
GPR141,-0.0100747978581821,0.960222667108328,0.966618389643522
HARBI1,0.00977397861046596,0.961409479087964,0.967140402198163
ALDH4A1,-0.00976800976800977,0.96143302858004,0.967140402198163
MAP3K6,0.00976800976800977,0.96143302858004,0.967140402198163
SLC7A11,-0.00976800976800977,0.96143302858004,0.967140402198163
EEF1AKMT4,-0.00915750915750916,0.963841863221735,0.969389154520853
DHRS11,-0.00856008337268318,0.966199408949201,0.971585523259114
IGHV3-48,0.00834949821641996,0.967030481589018,0.972246395729196
CDK14,0.00793650793650794,0.968660441244836,0.973710082229215
GBP1,0.00732600732600733,0.971070143380233,0.975781534911458
PAK4,-0.00732600732600733,0.971070143380233,0.975781534911458
ABAT,0.00610500610500611,0.975890270735696,0.980448867041684
H6PD,0.00488400488400488,0.98071122458772,0.984761567228323
RFX7,0.00488400488400488,0.98071122458772,0.984761567228323
NR1D1,0.00488400488400488,0.98071122458772,0.984761567228323
RNF43,-0.0045857589496517,0.981888914082565,0.985767110870683
TRIM58,0.00427350427350427,0.983121959825627,0.985942969753391
FGFRL1,0.00427350427350427,0.983121959825627,0.985942969753391
PRMT9,0.00427350427350427,0.983121959825627,0.985942969753391
TBC1D10B,0.00427350427350427,0.983121959825627,0.985942969753391
NPIPB15,-0.00427350427350427,0.983121959825627,0.985942969753391
TUBB1,-0.00427350427350427,0.983121959825627,0.985942969753391
CYP2U1,-0.00366300366300366,0.985532839730153,0.988183546668642
MOV10,-0.00305250305250305,0.987943843640947,0.989891054226873
SLC35E3,0.00305250305250305,0.987943843640947,0.989891054226873
TNFRSF12A,-0.00305250305250305,0.987943843640947,0.989891054226873
ZNF668,0.00305250305250305,0.987943843640947,0.989891054226873
S1PR2,0.00244949096752897,0.990325375216253,0.991596219409743
SMTN,-0.00244349465261649,0.990349057458361,0.991596219409743
ZNF449,-0.00244237523834718,0.990353478547886,0.991596219409743
NT5DC3,-0.00244200244200244,0.990354950894745,0.991596219409743
PDZD7,0.00183262098946237,0.992761720615871,0.993476782301039
MUC6,0.00183262098946237,0.992761720615871,0.993476782301039
ACVR2A,-0.00183150183150183,0.99276614082586,0.993476782301039
MAP3K7CL,0.00122100122100122,0.99517739276666,0.995711572794983
ICA1L,-0.000610500610500611,0.997588686048059,0.997945605077056
IGHV2-5,0,1,1
SPIRE1,0,1,1
